trial_0,trial_1,trial_2,trial_3,trial_4,trial_5,trial_6,trial_7,trial_8,trial_9,trial_10,trial_11,trial_12,trial_13,trial_14,trial_15,trial_16,trial_17,trial_18,trial_19,trial_20,trial_21,trial_22,trial_23,trial_24,trial_25,trial_26,trial_27,trial_28,trial_29
1334,1334,1334,1334,1334,1334,1334,1334,1334,1334,1334,1334,1334,1334,1334,1334,1334,1334,1334,1334,1334,1334,1334,1334,1334,1334,1334,1334,1334,1334
2668,2668,2668,2668,2668,2668,2668,2668,2668,2668,2668,2668,2668,2668,2668,2668,2668,2668,2668,2668,2668,2668,2668,2668,2668,2668,2668,2668,2668,2668
4002,4002,4002,4002,4002,4002,4002,4002,4002,4002,4002,4002,4002,4002,4002,4002,4002,4002,4002,4002,4002,4002,4002,4002,4002,4002,4002,4002,4002,4002
5336,5336,5336,5336,5336,5336,5336,5336,5336,5336,5336,5336,5336,5336,5336,5336,5336,5336,5336,5336,5336,5336,5336,5336,5336,5336,5336,5336,5336,5336
6670,6670,6670,6670,6670,6670,6670,6670,6670,6670,6670,6670,6670,6670,6670,6670,6670,6670,6670,6670,6670,6670,6670,6670,6670,6670,6670,6670,6670,6670
8004,8004,8004,8004,8004,8004,8004,8004,8004,8004,8004,8004,8004,8004,8004,8004,8004,8004,8004,8004,8004,8004,8004,8004,8004,8004,8004,8004,8004,8004
9338,9338,9338,9338,9338,9338,9338,9338,9338,9338,9338,9338,9338,9338,9338,9338,9338,9338,9338,9338,9338,9338,9338,9338,9338,9338,9338,9338,9338,9338
10672,10672,10672,10672,10672,10672,10672,10672,10672,10672,10672,10672,10672,10672,10672,10672,10672,10672,10672,10672,10672,10672,10672,10672,10672,10672,10672,10672,10672,10672
12006,12006,12006,12006,12006,12006,12006,12006,12006,12006,12006,12006,12006,12006,12006,12006,12006,12006,12006,12006,12006,12006,12006,12006,12006,12006,12006,12006,12006,12006
13340,13340,13340,13340,13340,13340,13340,13340,13340,13340,13340,13340,13340,13340,13340,13340,13340,13340,13340,13340,13340,13340,13340,13340,13340,13340,13340,13340,13340,13340
14674,14674,14674,14674,14674,14674,14674,14674,14674,14674,14674,14674,14674,14674,14674,14674,14674,14674,14674,14674,14674,14674,14674,14674,14674,14674,14674,14674,14674,14674
16008,16008,16008,16008,16008,16008,16008,16008,16008,16008,16008,16008,16008,16008,16008,16008,16008,16008,16008,16008,16008,16008,16008,16008,16008,16008,16008,16008,16008,16008
17342,17342,17342,17342,17342,17342,17342,17342,17342,17342,17342,17342,17342,17342,17342,17342,17342,17342,17342,17342,17342,17342,17342,17342,17342,17342,17342,17342,17342,17342
18676,18676,18676,18676,18676,18676,18676,18676,18676,18676,18676,18676,18676,18676,18676,18676,18676,18676,18676,18676,18676,18676,18676,18676,18676,18676,18676,18676,18676,18676
20010,20010,20010,20010,20010,20010,20010,20010,20010,20010,20010,20010,20010,20010,20010,20010,20010,20010,20010,20010,20010,20010,20010,20010,20010,20010,20010,20010,20010,20010
21344,21344,21344,21344,21344,21344,21344,21344,21344,21344,21344,21344,21344,21344,21344,21344,21344,21344,21344,21344,21344,21344,21344,21344,21344,21344,21344,21344,21344,21344
22678,22678,22678,22678,22678,22678,22678,22678,22678,22678,22678,22678,22678,22678,22678,22678,22678,22678,22678,22678,22678,22678,22678,22678,22678,22678,22678,22678,22678,22678
24012,24012,24012,24012,24012,24012,24012,24012,24012,24012,24012,24012,24012,24012,24012,24012,24012,24012,24012,24012,24012,24012,24012,24012,24012,24012,24012,24012,24012,24012
25346,25346,25346,25346,25346,25346,25346,25346,25346,25346,25346,25346,25346,25346,25346,25346,25346,25346,25346,25346,25346,25346,25346,25346,25346,25346,25346,25346,25346,25346
26680,26680,26680,26680,26680,26680,26680,26680,26680,26680,26680,26680,26680,26680,26680,26680,26680,26680,26680,26680,26680,26680,26680,26680,26680,26680,26680,26680,26680,26680
28014,28014,28014,28014,28014,28014,28014,28014,28014,28014,28014,28014,28014,28014,28014,28014,28014,28014,28014,28014,28014,28014,28014,28014,28014,28014,28014,28014,28014,28014
29348,29348,29348,29348,29348,29348,29348,29348,29348,29348,29348,29348,29348,29348,29348,29348,29348,29348,29348,29348,29348,29348,29348,29348,29348,29348,29348,29348,29348,29348
30682,30682,30682,30682,30682,30682,30682,30682,30682,30682,30682,30682,30682,30682,30682,30682,30682,30682,30682,30682,30682,30682,30682,30682,30682,30682,30682,30682,30682,30682
32016,32016,32016,32016,32016,32016,32016,32016,32016,32016,32016,32016,32016,32016,32016,32016,32016,32016,32016,32016,32016,32016,32016,32016,32016,32016,32016,32016,32016,32016
33350,33350,33350,33350,33350,33350,33350,33350,33350,33350,33350,33350,33350,33350,33350,33350,33350,33350,33350,33350,33350,33350,33350,33350,33350,33350,33350,33350,33350,33350
34684,34684,34684,34684,34684,34684,34684,34684,34684,34684,34684,34684,34684,34684,34684,34684,34684,34684,34684,34684,34684,34684,34684,34684,34684,34684,34684,34684,34684,34684
36018,36018,36018,36018,36018,36018,36018,36018,36018,36018,36018,36018,36018,36018,36018,36018,36018,36018,36018,36018,36018,36018,36018,36018,36018,36018,36018,36018,36018,36018
37352,37352,37352,37352,37352,37352,37352,37352,37352,37352,37352,37352,37352,37352,37352,37352,37352,37352,37352,37352,37352,37352,37352,37352,37352,37352,37352,37352,37352,37352
38686,38686,38686,38686,38686,38686,38686,38686,38686,38686,38686,38686,38686,38686,38686,38686,38686,38686,38686,38686,38686,38686,38686,38686,38686,38686,38686,38686,38686,38686
40020,40020,40020,40020,40020,40020,40020,40020,40020,40020,40020,40020,40020,40020,40020,40020,40020,40020,40020,40020,40020,40020,40020,40020,40020,40020,40020,40020,40020,40020
41354,41354,41354,41354,41354,41354,41354,41354,41354,41354,41354,41354,41354,41354,41354,41354,41354,41354,41354,41354,41354,41354,41354,41354,41354,41354,41354,41354,41354,41354
42688,42688,42688,42688,42688,42688,42688,42688,42688,42688,42688,42688,42688,42688,42688,42688,42688,42688,42688,42688,42688,42688,42688,42688,42688,42688,42688,42688,42688,42688
44022,44022,44022,44022,44022,44022,44022,44022,44022,44022,44022,44022,44022,44022,44022,44022,44022,44022,44022,44022,44022,44022,44022,44022,44022,44022,44022,44022,44022,44022
45356,45356,45356,45356,45356,45356,45356,45356,45356,45356,45356,45356,45356,45356,45356,45356,45356,45356,45356,45356,45356,45356,45356,45356,45356,45356,45356,45356,45356,45356
46690,46690,46690,46690,46690,46690,46690,46690,46690,46690,46690,46690,46690,46690,46690,46690,46690,46690,46690,46690,46690,46690,46690,46690,46690,46690,46690,46690,46690,46690
48024,48024,48024,48024,48024,48024,48024,48024,48024,48024,48024,48024,48024,48024,48024,48024,48024,48024,48024,48024,48024,48024,48024,48024,48024,48024,48024,48024,48024,48024
49358,49358,49358,49358,49358,49358,49358,49358,49358,49358,49358,49358,49358,49358,49358,49358,49358,49358,49358,49358,49358,49358,49358,49358,49358,49358,49358,49358,49358,49358
50692,50692,50692,50692,50692,50692,50692,50692,50692,50692,50692,50692,50692,50692,50692,50692,50692,50692,50692,50692,50692,50692,50692,50692,50692,50692,50692,50692,50692,50692
52026,52026,52026,52026,52026,52026,52026,52026,52026,52026,52026,52026,52026,52026,52026,52026,52026,52026,52026,52026,52026,52026,52026,52026,52026,52026,52026,52026,52026,52026
53360,53360,53360,53360,53360,53360,53360,53360,53360,53360,53360,53360,53360,53360,53360,53360,53360,53360,53360,53360,53360,53360,53360,53360,53360,53360,53360,53360,53360,53360
54694,54694,54694,54694,54694,54694,54694,54694,54694,54694,54694,54694,54694,54694,54694,54694,54694,54694,54694,54694,54694,54694,54694,54694,54694,54694,54694,54694,54694,54694
56028,56028,56028,56028,56028,56028,56028,56028,56028,56028,56028,56028,56028,56028,56028,56028,56028,56028,56028,56028,56028,56028,56028,56028,56028,56028,56028,56028,56028,56028
57362,57362,57362,57362,57362,57362,57362,57362,57362,57362,57362,57362,57362,57362,57362,57362,57362,57362,57362,57362,57362,57362,57362,57362,57362,57362,57362,57362,57362,57362
58696,58696,58696,58696,58696,58696,58696,58696,58696,58696,58696,58696,58696,58696,58696,58696,58696,58696,58696,58696,58696,58696,58696,58696,58696,58696,58696,58696,58696,58696
60030,60030,60030,60030,60030,60030,60030,60030,60030,60030,60030,60030,60030,60030,60030,60030,60030,60030,60030,60030,60030,60030,60030,60030,60030,60030,60030,60030,60030,60030
61364,61364,61364,61364,61364,61364,61364,61364,61364,61364,61364,61364,61364,61364,61364,61364,61364,61364,61364,61364,61364,61364,61364,61364,61364,61364,61364,61364,61364,61364
62698,62698,62698,62698,62698,62698,62698,62698,62698,62698,62698,62698,62698,62698,62698,62698,62698,62698,62698,62698,62698,62698,62698,62698,62698,62698,62698,62698,62698,62698
64032,64032,64032,64032,64032,64032,64032,64032,64032,64032,64032,64032,64032,64032,64032,64032,64032,64032,64032,64032,64032,64032,64032,64032,64032,64032,64032,64032,64032,64032
65366,65366,65366,65366,65366,65366,65366,65366,65366,65366,65366,65366,65366,65366,65366,65366,65366,65366,65366,65366,65366,65366,65366,65366,65366,65366,65366,65366,65366,65366
66700,66700,66700,66700,66700,66700,66700,66700,66700,66700,66700,66700,66700,66700,66700,66700,66700,66700,66700,66700,66700,66700,66700,66700,66700,66700,66700,66700,66700,66700
68034,68034,68034,68034,68034,68034,68034,68034,68034,68034,68034,68034,68034,68034,68034,68034,68034,68034,68034,68034,68034,68034,68034,68034,68034,68034,68034,68034,68034,68034
69368,69368,69368,69368,69368,69368,69368,69368,69368,69368,69368,69368,69368,69368,69368,69368,69368,69368,69368,69368,69368,69368,69368,69368,69368,69368,69368,69368,69368,69368
70702,70702,70702,70702,70702,70702,70702,70702,70702,70702,70702,70702,70702,70702,70702,70702,70702,70702,70702,70702,70702,70702,70702,70702,70702,70702,70702,70702,70702,70702
72036,72036,72036,72036,72036,72036,72036,72036,72036,72036,72036,72036,72036,72036,72036,72036,72036,72036,72036,72036,72036,72036,72036,72036,72036,72036,72036,72036,72036,72036
73370,73370,73370,73370,73370,73370,73370,73370,73370,73370,73370,73370,73370,73370,73370,73370,73370,73370,73370,73370,73370,73370,73370,73370,73370,73370,73370,73370,73370,73370
74704,74704,74704,74704,74704,74704,74704,74704,74704,74704,74704,74704,74704,74704,74704,74704,74704,74704,74704,74704,74704,74704,74704,74704,74704,74704,74704,74704,74704,74704
76038,76038,76038,76038,76038,76038,76038,76038,76038,76038,76038,76038,76038,76038,76038,76038,76038,76038,76038,76038,76038,76038,76038,76038,76038,76038,76038,76038,76038,76038
77372,77372,77372,77372,77372,77372,77372,77372,77372,77372,77372,77372,77372,77372,77372,77372,77372,77372,77372,77372,77372,77372,77372,77372,77372,77372,77372,77372,77372,77372
78706,78706,78706,78706,78706,78706,78706,78706,78706,78706,78706,78706,78706,78706,78706,78706,78706,78706,78706,78706,78706,78706,78706,78706,78706,78706,78706,78706,78706,78706
80040,80040,80040,80040,80040,80040,80040,80040,80040,80040,80040,80040,80040,80040,80040,80040,80040,80040,80040,80040,80040,80040,80040,80040,80040,80040,80040,80040,80040,80040
81374,81374,81374,81374,81374,81374,81374,81374,81374,81374,81374,81374,81374,81374,81374,81374,81374,81374,81374,81374,81374,81374,81374,81374,81374,81374,81374,81374,81374,81374
82708,82708,82708,82708,82708,82708,82708,82708,82708,82708,82708,82708,82708,82708,82708,82708,82708,82708,82708,82708,82708,82708,82708,82708,82708,82708,82708,82708,82708,82708
84042,84042,84042,84042,84042,84042,84042,84042,84042,84042,84042,84042,84042,84042,84042,84042,84042,84042,84042,84042,84042,84042,84042,84042,84042,84042,84042,84042,84042,84042
85376,85376,85376,85376,85376,85376,85376,85376,85376,85376,85376,85376,85376,85376,85376,85376,85376,85376,85376,85376,85376,85376,85376,85376,85376,85376,85376,85376,85376,85376
86710,86710,86710,86710,86710,86710,86710,86710,86710,86710,86710,86710,86710,86710,86710,86710,86710,86710,86710,86710,86710,86710,86710,86710,86710,86710,86710,86710,86710,86710
88044,88044,88044,88044,88044,88044,88044,88044,88044,88044,88044,88044,88044,88044,88044,88044,88044,88044,88044,88044,88044,88044,88044,88044,88044,88044,88044,88044,88044,88044
89378,89378,89378,89378,89378,89378,89378,89378,89378,89378,89378,89378,89378,89378,89378,89378,89378,89378,89378,89378,89378,89378,89378,89378,89378,89378,89378,89378,89378,89378
90712,90712,90712,90712,90712,90712,90712,90712,90712,90712,90712,90712,90712,90712,90712,90712,90712,90712,90712,90712,90712,90712,90712,90712,90712,90712,90712,90712,90712,90712
92046,92046,92046,92046,92046,92046,92046,92046,92046,92046,92046,92046,92046,92046,92046,92046,92046,92046,92046,92046,92046,92046,92046,92046,92046,92046,92046,92046,92046,92046
93380,93380,93380,93380,93380,93380,93380,93380,93380,93380,93380,93380,93380,93380,93380,93380,93380,93380,93380,93380,93380,93380,93380,93380,93380,93380,93380,93380,93380,93380
94714,94714,94714,94714,94714,94714,94714,94714,94714,94714,94714,94714,94714,94714,94714,94714,94714,94714,94714,94714,94714,94714,94714,94714,94714,94714,94714,94714,94714,94714
96048,96048,96048,96048,96048,96048,96048,96048,96048,96048,96048,96048,96048,96048,96048,96048,96048,96048,96048,96048,96048,96048,96048,96048,96048,96048,96048,96048,96048,96048
97382,97382,97382,97382,97382,97382,97382,97382,97382,97382,97382,97382,97382,97382,97382,97382,97382,97382,97382,97382,97382,97382,97382,97382,97382,97382,97382,97382,97382,97382
98716,98716,98716,98716,98716,98716,98716,98716,98716,98716,98716,98716,98716,98716,98716,98716,98716,98716,98716,98716,98716,98716,98716,98716,98716,98716,98716,98716,98716,98716
100050,100050,100050,100050,100050,100050,100050,100050,100050,100050,100050,100050,100050,100050,100050,100050,100050,100050,100050,100050,100050,100050,100050,100050,100050,100050,100050,100050,100050,100050
101384,101384,101384,101384,101384,101384,101384,101384,101384,101384,101384,101384,101384,101384,101384,101384,101384,101384,101384,101384,101384,101384,101384,101384,101384,101384,101384,101384,101384,101384
102718,102718,102718,102718,102718,102718,102718,102718,102718,102718,102718,102718,102718,102718,102718,102718,102718,102718,102718,102718,102718,102718,102718,102718,102718,102718,102718,102718,102718,102718
104052,104052,104052,104052,104052,104052,104052,104052,104052,104052,104052,104052,104052,104052,104052,104052,104052,104052,104052,104052,104052,104052,104052,104052,104052,104052,104052,104052,104052,104052
105386,105386,105386,105386,105386,105386,105386,105386,105386,105386,105386,105386,105386,105386,105386,105386,105386,105386,105386,105386,105386,105386,105386,105386,105386,105386,105386,105386,105386,105386
106720,106720,106720,106720,106720,106720,106720,106720,106720,106720,106720,106720,106720,106720,106720,106720,106720,106720,106720,106720,106720,106720,106720,106720,106720,106720,106720,106720,106720,106720
108054,108054,108054,108054,108054,108054,108054,108054,108054,108054,108054,108054,108054,108054,108054,108054,108054,108054,108054,108054,108054,108054,108054,108054,108054,108054,108054,108054,108054,108054
109388,109388,109388,109388,109388,109388,109388,109388,109388,109388,109388,109388,109388,109388,109388,109388,109388,109388,109388,109388,109388,109388,109388,109388,109388,109388,109388,109388,109388,109388
110722,110722,110722,110722,110722,110722,110722,110722,110722,110722,110722,110722,110722,110722,110722,110722,110722,110722,110722,110722,110722,110722,110722,110722,110722,110722,110722,110722,110722,110722
112056,112056,112056,112056,112056,112056,112056,112056,112056,112056,112056,112056,112056,112056,112056,112056,112056,112056,112056,112056,112056,112056,112056,112056,112056,112056,112056,112056,112056,112056
113390,113390,113390,113390,113390,113390,113390,113390,113390,113390,113390,113390,113390,113390,113390,113390,113390,113390,113390,113390,113390,113390,113390,113390,113390,113390,113390,113390,113390,113390
114724,114724,114724,114724,114724,114724,114724,114724,114724,114724,114724,114724,114724,114724,114724,114724,114724,114724,114724,114724,114724,114724,114724,114724,114724,114724,114724,114724,114724,114724
116058,116058,116058,116058,116058,116058,116058,116058,116058,116058,116058,116058,116058,116058,116058,116058,116058,116058,116058,116058,116058,116058,116058,116058,116058,116058,116058,116058,116058,116058
117392,117392,117392,117392,117392,117392,117392,117392,117392,117392,117392,117392,117392,117392,117392,117392,117392,117392,117392,117392,117392,117392,117392,117392,117392,117392,117392,117392,117392,117392
118726,118726,118726,118726,118726,118726,118726,118726,118726,118726,118726,118726,118726,118726,118726,118726,118726,118726,118726,118726,118726,118726,118726,118726,118726,118726,118726,118726,118726,118726
120060,120060,120060,120060,120060,120060,120060,120060,120060,120060,120060,120060,120060,120060,120060,120060,120060,120060,120060,120060,120060,120060,120060,120060,120060,120060,120060,120060,120060,120060
121394,121394,121394,121394,121394,121394,121394,121394,121394,121394,121394,121394,121394,121394,121394,121394,121394,121394,121394,121394,121394,121394,121394,121394,121394,121394,121394,121394,121394,121394
122728,122728,122728,122728,122728,122728,122728,122728,122728,122728,122728,122728,122728,122728,122728,122728,122728,122728,122728,122728,122728,122728,122728,122728,122728,122728,122728,122728,122728,122728
124062,124062,124062,124062,124062,124062,124062,124062,124062,124062,124062,124062,124062,124062,124062,124062,124062,124062,124062,124062,124062,124062,124062,124062,124062,124062,124062,124062,124062,124062
125396,125396,125396,125396,125396,125396,125396,125396,125396,125396,125396,125396,125396,125396,125396,125396,125396,125396,125396,125396,125396,125396,125396,125396,125396,125396,125396,125396,125396,125396
126730,126730,126730,126730,126730,126730,126730,126730,126730,126730,126730,126730,126730,126730,126730,126730,126730,126730,126730,126730,126730,126730,126730,126730,126730,126730,126730,126730,126730,126730
128064,128064,128064,128064,128064,128064,128064,128064,128064,128064,128064,128064,128064,128064,128064,128064,128064,128064,128064,128064,128064,128064,128064,128064,128064,128064,128064,128064,128064,128064
129398,129398,129398,129398,129398,129398,129398,129398,129398,129398,129398,129398,129398,129398,129398,129398,129398,129398,129398,129398,129398,129398,129398,129398,129398,129398,129398,129398,129398,129398
130732,130732,130732,130732,130732,130732,130732,130732,130732,130732,130732,130732,130732,130732,130732,130732,130732,130732,130732,130732,130732,130732,130732,130732,130732,130732,130732,130732,130732,130732
132066,132066,132066,132066,132066,132066,132066,132066,132066,132066,132066,132066,132066,132066,132066,132066,132066,132066,132066,132066,132066,132066,132066,132066,132066,132066,132066,132066,132066,132066
133400,133400,133400,133400,133400,133400,133400,133400,133400,133400,133400,133400,133400,133400,133400,133400,133400,133400,133400,133400,133400,133400,133400,133400,133400,133400,133400,133400,133400,133400
134734,134734,134734,134734,134734,134734,134734,134734,134734,134734,134734,134734,134734,134734,134734,134734,134734,134734,134734,134734,134734,134734,134734,134734,134734,134734,134734,134734,134734,134734
136068,136068,136068,136068,136068,136068,136068,136068,136068,136068,136068,136068,136068,136068,136068,136068,136068,136068,136068,136068,136068,136068,136068,136068,136068,136068,136068,136068,136068,136068
137402,137402,137402,137402,137402,137402,137402,137402,137402,137402,137402,137402,137402,137402,137402,137402,137402,137402,137402,137402,137402,137402,137402,137402,137402,137402,137402,137402,137402,137402
138736,138736,138736,138736,138736,138736,138736,138736,138736,138736,138736,138736,138736,138736,138736,138736,138736,138736,138736,138736,138736,138736,138736,138736,138736,138736,138736,138736,138736,138736
140070,140070,140070,140070,140070,140070,140070,140070,140070,140070,140070,140070,140070,140070,140070,140070,140070,140070,140070,140070,140070,140070,140070,140070,140070,140070,140070,140070,140070,140070
141404,141404,141404,141404,141404,141404,141404,141404,141404,141404,141404,141404,141404,141404,141404,141404,141404,141404,141404,141404,141404,141404,141404,141404,141404,141404,141404,141404,141404,141404
142738,142738,142738,142738,142738,142738,142738,142738,142738,142738,142738,142738,142738,142738,142738,142738,142738,142738,142738,142738,142738,142738,142738,142738,142738,142738,142738,142738,142738,142738
144072,144072,144072,144072,144072,144072,144072,144072,144072,144072,144072,144072,144072,144072,144072,144072,144072,144072,144072,144072,144072,144072,144072,144072,144072,144072,144072,144072,144072,144072
145406,145406,145406,145406,145406,145406,145406,145406,145406,145406,145406,145406,145406,145406,145406,145406,145406,145406,145406,145406,145406,145406,145406,145406,145406,145406,145406,145406,145406,145406
146740,146740,146740,146740,146740,146740,146740,146740,146740,146740,146740,146740,146740,146740,146740,146740,146740,146740,146740,146740,146740,146740,146740,146740,146740,146740,146740,146740,146740,146740
148074,148074,148074,148074,148074,148074,148074,148074,148074,148074,148074,148074,148074,148074,148074,148074,148074,148074,148074,148074,148074,148074,148074,148074,148074,148074,148074,148074,148074,148074
149408,149408,149408,149408,149408,149408,149408,149408,149408,149408,149408,149408,149408,149408,149408,149408,149408,149408,149408,149408,149408,149408,149408,149408,149408,149408,149408,149408,149408,149408
150742,150742,150742,150742,150742,150742,150742,150742,150742,150742,150742,150742,150742,150742,150742,150742,150742,150742,150742,150742,150742,150742,150742,150742,150742,150742,150742,150742,150742,150742
152076,152076,152076,152076,152076,152076,152076,152076,152076,152076,152076,152076,152076,152076,152076,152076,152076,152076,152076,152076,152076,152076,152076,152076,152076,152076,152076,152076,152076,152076
153410,153410,153410,153410,153410,153410,153410,153410,153410,153410,153410,153410,153410,153410,153410,153410,153410,153410,153410,153410,153410,153410,153410,153410,153410,153410,153410,153410,153410,153410
154744,154744,154744,154744,154744,154744,154744,154744,154744,154744,154744,154744,154744,154744,154744,154744,154744,154744,154744,154744,154744,154744,154744,154744,154744,154744,154744,154744,154744,154744
156078,156078,156078,156078,156078,156078,156078,156078,156078,156078,156078,156078,156078,156078,156078,156078,156078,156078,156078,156078,156078,156078,156078,156078,156078,156078,156078,156078,156078,156078
157412,157412,157412,157412,157412,157412,157412,157412,157412,157412,157412,157412,157412,157412,157412,157412,157412,157412,157412,157412,157412,157412,157412,157412,157412,157412,157412,157412,157412,157412
158746,158746,158746,158746,158746,158746,158746,158746,158746,158746,158746,158746,158746,158746,158746,158746,158746,158746,158746,158746,158746,158746,158746,158746,158746,158746,158746,158746,158746,158746
160080,160080,160080,160080,160080,160080,160080,160080,160080,160080,160080,160080,160080,160080,160080,160080,160080,160080,160080,160080,160080,160080,160080,160080,160080,160080,160080,160080,160080,160080
161414,161414,161414,161414,161414,161414,161414,161414,161414,161414,161414,161414,161414,161414,161414,161414,161414,161414,161414,161414,161414,161414,161414,161414,161414,161414,161414,161414,161414,161414
162748,162748,162748,162748,162748,162748,162748,162748,162748,162748,162748,162748,162748,162748,162748,162748,162748,162748,162748,162748,162748,162748,162748,162748,162748,162748,162748,162748,162748,162748
164082,164082,164082,164082,164082,164082,164082,164082,164082,164082,164082,164082,164082,164082,164082,164082,164082,164082,164082,164082,164082,164082,164082,164082,164082,164082,164082,164082,164082,164082
165416,165416,165416,165416,165416,165416,165416,165416,165416,165416,165416,165416,165416,165416,165416,165416,165416,165416,165416,165416,165416,165416,165416,165416,165416,165416,165416,165416,165416,165416
166750,166750,166750,166750,166750,166750,166750,166750,166750,166750,166750,166750,166750,166750,166750,166750,166750,166750,166750,166750,166750,166750,166750,166750,166750,166750,166750,166750,166750,166750
168084,168084,168084,168084,168084,168084,168084,168084,168084,168084,168084,168084,168084,168084,168084,168084,168084,168084,168084,168084,168084,168084,168084,168084,168084,168084,168084,168084,168084,168084
169418,169418,169418,169418,169418,169418,169418,169418,169418,169418,169418,169418,169418,169418,169418,169418,169418,169418,169418,169418,169418,169418,169418,169418,169418,169418,169418,169418,169418,169418
170752,170752,170752,170752,170752,170752,170752,170752,170752,170752,170752,170752,170752,170752,170752,170752,170752,170752,170752,170752,170752,170752,170752,170752,170752,170752,170752,170752,170752,170752
172086,172086,172086,172086,172086,172086,172086,172086,172086,172086,172086,172086,172086,172086,172086,172086,172086,172086,172086,172086,172086,172086,172086,172086,172086,172086,172086,172086,172086,172086
173420,173420,173420,173420,173420,173420,173420,173420,173420,173420,173420,173420,173420,173420,173420,173420,173420,173420,173420,173420,173420,173420,173420,173420,173420,173420,173420,173420,173420,173420
174754,174754,174754,174754,174754,174754,174754,174754,174754,174754,174754,174754,174754,174754,174754,174754,174754,174754,174754,174754,174754,174754,174754,174754,174754,174754,174754,174754,174754,174754
176088,176088,176088,176088,176088,176088,176088,176088,176088,176088,176088,176088,176088,176088,176088,176088,176088,176088,176088,176088,176088,176088,176088,176088,176088,176088,176088,176088,176088,176088
177422,177422,177422,177422,177422,177422,177422,177422,177422,177422,177422,177422,177422,177422,177422,177422,177422,177422,177422,177422,177422,177422,177422,177422,177422,177422,177422,177422,177422,177422
178756,178756,178756,178756,178756,178756,178756,178756,178756,178756,178756,178756,178756,178756,178756,178756,178756,178756,178756,178756,178756,178756,178756,178756,178756,178756,178756,178756,178756,178756
180090,180090,180090,180090,180090,180090,180090,180090,180090,180090,180090,180090,180090,180090,180090,180090,180090,180090,180090,180090,180090,180090,180090,180090,180090,180090,180090,180090,180090,180090
181424,181424,181424,181424,181424,181424,181424,181424,181424,181424,181424,181424,181424,181424,181424,181424,181424,181424,181424,181424,181424,181424,181424,181424,181424,181424,181424,181424,181424,181424
182758,182758,182758,182758,182758,182758,182758,182758,182758,182758,182758,182758,182758,182758,182758,182758,182758,182758,182758,182758,182758,182758,182758,182758,182758,182758,182758,182758,182758,182758
184092,184092,184092,184092,184092,184092,184092,184092,184092,184092,184092,184092,184092,184092,184092,184092,184092,184092,184092,184092,184092,184092,184092,184092,184092,184092,184092,184092,184092,184092
185426,185426,185426,185426,185426,185426,185426,185426,185426,185426,185426,185426,185426,185426,185426,185426,185426,185426,185426,185426,185426,185426,185426,185426,185426,185426,185426,185426,185426,185426
186760,186760,186760,186760,186760,186760,186760,186760,186760,186760,186760,186760,186760,186760,186760,186760,186760,186760,186760,186760,186760,186760,186760,186760,186760,186760,186760,186760,186760,186760
188094,188094,188094,188094,188094,188094,188094,188094,188094,188094,188094,188094,188094,188094,188094,188094,188094,188094,188094,188094,188094,188094,188094,188094,188094,188094,188094,188094,188094,188094
189428,189428,189428,189428,189428,189428,189428,189428,189428,189428,189428,189428,189428,189428,189428,189428,189428,189428,189428,189428,189428,189428,189428,189428,189428,189428,189428,189428,189428,189428
190762,190762,190762,190762,190762,190762,190762,190762,190762,190762,190762,190762,190762,190762,190762,190762,190762,190762,190762,190762,190762,190762,190762,190762,190762,190762,190762,190762,190762,190762
192096,192096,192096,192096,192096,192096,192096,192096,192096,192096,192096,192096,192096,192096,192096,192096,192096,192096,192096,192096,192096,192096,192096,192096,192096,192096,192096,192096,192096,192096
193430,193430,193430,193430,193430,193430,193430,193430,193430,193430,193430,193430,193430,193430,193430,193430,193430,193430,193430,193430,193430,193430,193430,193430,193430,193430,193430,193430,193430,193430
194764,194764,194764,194764,194764,194764,194764,194764,194764,194764,194764,194764,194764,194764,194764,194764,194764,194764,194764,194764,194764,194764,194764,194764,194764,194764,194764,194764,194764,194764
196098,196098,196098,196098,196098,196098,196098,196098,196098,196098,196098,196098,196098,196098,196098,196098,196098,196098,196098,196098,196098,196098,196098,196098,196098,196098,196098,196098,196098,196098
197432,197432,197432,197432,197432,197432,197432,197432,197432,197432,197432,197432,197432,197432,197432,197432,197432,197432,197432,197432,197432,197432,197432,197432,197432,197432,197432,197432,197432,197432
198766,198766,198766,198766,198766,198766,198766,198766,198766,198766,198766,198766,198766,198766,198766,198766,198766,198766,198766,198766,198766,198766,198766,198766,198766,198766,198766,198766,198766,198766
200100,200100,200100,200100,200100,200100,200100,200100,200100,200100,200100,200100,200100,200100,200100,200100,200100,200100,200100,200100,200100,200100,200100,200100,200100,200100,200100,200100,200100,200100
201434,201434,201434,201434,201434,201434,201434,201434,201434,201434,201434,201434,201434,201434,201434,201434,201434,201434,201434,201434,201434,201434,201434,201434,201434,201434,201434,201434,201434,201434
202768,202768,202768,202768,202768,202768,202768,202768,202768,202768,202768,202768,202768,202768,202768,202768,202768,202768,202768,202768,202768,202768,202768,202768,202768,202768,202768,202768,202768,202768
204102,204102,204102,204102,204102,204102,204102,204102,204102,204102,204102,204102,204102,204102,204102,204102,204102,204102,204102,204102,204102,204102,204102,204102,204102,204102,204102,204102,204102,204102
205436,205436,205436,205436,205436,205436,205436,205436,205436,205436,205436,205436,205436,205436,205436,205436,205436,205436,205436,205436,205436,205436,205436,205436,205436,205436,205436,205436,205436,205436
206770,206770,206770,206770,206770,206770,206770,206770,206770,206770,206770,206770,206770,206770,206770,206770,206770,206770,206770,206770,206770,206770,206770,206770,206770,206770,206770,206770,206770,206770
208104,208104,208104,208104,208104,208104,208104,208104,208104,208104,208104,208104,208104,208104,208104,208104,208104,208104,208104,208104,208104,208104,208104,208104,208104,208104,208104,208104,208104,208104
209438,209438,209438,209438,209438,209438,209438,209438,209438,209438,209438,209438,209438,209438,209438,209438,209438,209438,209438,209438,209438,209438,209438,209438,209438,209438,209438,209438,209438,209438
210772,210772,210772,210772,210772,210772,210772,210772,210772,210772,210772,210772,210772,210772,210772,210772,210772,210772,210772,210772,210772,210772,210772,210772,210772,210772,210772,210772,210772,210772
212106,212106,212106,212106,212106,212106,212106,212106,212106,212106,212106,212106,212106,212106,212106,212106,212106,212106,212106,212106,212106,212106,212106,212106,212106,212106,212106,212106,212106,212106
213440,213440,213440,213440,213440,213440,213440,213440,213440,213440,213440,213440,213440,213440,213440,213440,213440,213440,213440,213440,213440,213440,213440,213440,213440,213440,213440,213440,213440,213440
214774,214774,214774,214774,214774,214774,214774,214774,214774,214774,214774,214774,214774,214774,214774,214774,214774,214774,214774,214774,214774,214774,214774,214774,214774,214774,214774,214774,214774,214774
216108,216108,216108,216108,216108,216108,216108,216108,216108,216108,216108,216108,216108,216108,216108,216108,216108,216108,216108,216108,216108,216108,216108,216108,216108,216108,216108,216108,216108,216108
217442,217442,217442,217442,217442,217442,217442,217442,217442,217442,217442,217442,217442,217442,217442,217442,217442,217442,217442,217442,217442,217442,217442,217442,217442,217442,217442,217442,217442,217442
218776,218776,218776,218776,218776,218776,218776,218776,218776,218776,218776,218776,218776,218776,218776,218776,218776,218776,218776,218776,218776,218776,218776,218776,218776,218776,218776,218776,218776,218776
220110,220110,220110,220110,220110,220110,220110,220110,220110,220110,220110,220110,220110,220110,220110,220110,220110,220110,220110,220110,220110,220110,220110,220110,220110,220110,220110,220110,220110,220110
221444,221444,221444,221444,221444,221444,221444,221444,221444,221444,221444,221444,221444,221444,221444,221444,221444,221444,221444,221444,221444,221444,221444,221444,221444,221444,221444,221444,221444,221444
222778,222778,222778,222778,222778,222778,222778,222778,222778,222778,222778,222778,222778,222778,222778,222778,222778,222778,222778,222778,222778,222778,222778,222778,222778,222778,222778,222778,222778,222778
224112,224112,224112,224112,224112,224112,224112,224112,224112,224112,224112,224112,224112,224112,224112,224112,224112,224112,224112,224112,224112,224112,224112,224112,224112,224112,224112,224112,224112,224112
225446,225446,225446,225446,225446,225446,225446,225446,225446,225446,225446,225446,225446,225446,225446,225446,225446,225446,225446,225446,225446,225446,225446,225446,225446,225446,225446,225446,225446,225446
226780,226780,226780,226780,226780,226780,226780,226780,226780,226780,226780,226780,226780,226780,226780,226780,226780,226780,226780,226780,226780,226780,226780,226780,226780,226780,226780,226780,226780,226780
228114,228114,228114,228114,228114,228114,228114,228114,228114,228114,228114,228114,228114,228114,228114,228114,228114,228114,228114,228114,228114,228114,228114,228114,228114,228114,228114,228114,228114,228114
229448,229448,229448,229448,229448,229448,229448,229448,229448,229448,229448,229448,229448,229448,229448,229448,229448,229448,229448,229448,229448,229448,229448,229448,229448,229448,229448,229448,229448,229448
230782,230782,230782,230782,230782,230782,230782,230782,230782,230782,230782,230782,230782,230782,230782,230782,230782,230782,230782,230782,230782,230782,230782,230782,230782,230782,230782,230782,230782,230782
232116,232116,232116,232116,232116,232116,232116,232116,232116,232116,232116,232116,232116,232116,232116,232116,232116,232116,232116,232116,232116,232116,232116,232116,232116,232116,232116,232116,232116,232116
233450,233450,233450,233450,233450,233450,233450,233450,233450,233450,233450,233450,233450,233450,233450,233450,233450,233450,233450,233450,233450,233450,233450,233450,233450,233450,233450,233450,233450,233450
234784,234784,234784,234784,234784,234784,234784,234784,234784,234784,234784,234784,234784,234784,234784,234784,234784,234784,234784,234784,234784,234784,234784,234784,234784,234784,234784,234784,234784,234784
236118,236118,236118,236118,236118,236118,236118,236118,236118,236118,236118,236118,236118,236118,236118,236118,236118,236118,236118,236118,236118,236118,236118,236118,236118,236118,236118,236118,236118,236118
237452,237452,237452,237452,237452,237452,237452,237452,237452,237452,237452,237452,237452,237452,237452,237452,237452,237452,237452,237452,237452,237452,237452,237452,237452,237452,237452,237452,237452,237452
238786,238786,238786,238786,238786,238786,238786,238786,238786,238786,238786,238786,238786,238786,238786,238786,238786,238786,238786,238786,238786,238786,238786,238786,238786,238786,238786,238786,238786,238786
240120,240120,240120,240120,240120,240120,240120,240120,240120,240120,240120,240120,240120,240120,240120,240120,240120,240120,240120,240120,240120,240120,240120,240120,240120,240120,240120,240120,240120,240120
241454,241454,241454,241454,241454,241454,241454,241454,241454,241454,241454,241454,241454,241454,241454,241454,241454,241454,241454,241454,241454,241454,241454,241454,241454,241454,241454,241454,241454,241454
242788,242788,242788,242788,242788,242788,242788,242788,242788,242788,242788,242788,242788,242788,242788,242788,242788,242788,242788,242788,242788,242788,242788,242788,242788,242788,242788,242788,242788,242788
244122,244122,244122,244122,244122,244122,244122,244122,244122,244122,244122,244122,244122,244122,244122,244122,244122,244122,244122,244122,244122,244122,244122,244122,244122,244122,244122,244122,244122,244122
245456,245456,245456,245456,245456,245456,245456,245456,245456,245456,245456,245456,245456,245456,245456,245456,245456,245456,245456,245456,245456,245456,245456,245456,245456,245456,245456,245456,245456,245456
246790,246790,246790,246790,246790,246790,246790,246790,246790,246790,246790,246790,246790,246790,246790,246790,246790,246790,246790,246790,246790,246790,246790,246790,246790,246790,246790,246790,246790,246790
248124,248124,248124,248124,248124,248124,248124,248124,248124,248124,248124,248124,248124,248124,248124,248124,248124,248124,248124,248124,248124,248124,248124,248124,248124,248124,248124,248124,248124,248124
249458,249458,249458,249458,249458,249458,249458,249458,249458,249458,249458,249458,249458,249458,249458,249458,249458,249458,249458,249458,249458,249458,249458,249458,249458,249458,249458,249458,249458,249458
250792,250792,250792,250792,250792,250792,250792,250792,250792,250792,250792,250792,250792,250792,250792,250792,250792,250792,250792,250792,250792,250792,250792,250792,250792,250792,250792,250792,250792,250792
252126,252126,252126,252126,252126,252126,252126,252126,252126,252126,252126,252126,252126,252126,252126,252126,252126,252126,252126,252126,252126,252126,252126,252126,252126,252126,252126,252126,252126,252126
253460,253460,253460,253460,253460,253460,253460,253460,253460,253460,253460,253460,253460,253460,253460,253460,253460,253460,253460,253460,253460,253460,253460,253460,253460,253460,253460,253460,253460,253460
254794,254794,254794,254794,254794,254794,254794,254794,254794,254794,254794,254794,254794,254794,254794,254794,254794,254794,254794,254794,254794,254794,254794,254794,254794,254794,254794,254794,254794,254794
256128,256128,256128,256128,256128,256128,256128,256128,256128,256128,256128,256128,256128,256128,256128,256128,256128,256128,256128,256128,256128,256128,256128,256128,256128,256128,256128,256128,256128,256128
257462,257462,257462,257462,257462,257462,257462,257462,257462,257462,257462,257462,257462,257462,257462,257462,257462,257462,257462,257462,257462,257462,257462,257462,257462,257462,257462,257462,257462,257462
258796,258796,258796,258796,258796,258796,258796,258796,258796,258796,258796,258796,258796,258796,258796,258796,258796,258796,258796,258796,258796,258796,258796,258796,258796,258796,258796,258796,258796,258796
260130,260130,260130,260130,260130,260130,260130,260130,260130,260130,260130,260130,260130,260130,260130,260130,260130,260130,260130,260130,260130,260130,260130,260130,260130,260130,260130,260130,260130,260130
261464,261464,261464,261464,261464,261464,261464,261464,261464,261464,261464,261464,261464,261464,261464,261464,261464,261464,261464,261464,261464,261464,261464,261464,261464,261464,261464,261464,261464,261464
262798,262798,262798,262798,262798,262798,262798,262798,262798,262798,262798,262798,262798,262798,262798,262798,262798,262798,262798,262798,262798,262798,262798,262798,262798,262798,262798,262798,262798,262798
264132,264132,264132,264132,264132,264132,264132,264132,264132,264132,264132,264132,264132,264132,264132,264132,264132,264132,264132,264132,264132,264132,264132,264132,264132,264132,264132,264132,264132,264132
265466,265466,265466,265466,265466,265466,265466,265466,265466,265466,265466,265466,265466,265466,265466,265466,265466,265466,265466,265466,265466,265466,265466,265466,265466,265466,265466,265466,265466,265466
266800,266800,266800,266800,266800,266800,266800,266800,266800,266800,266800,266800,266800,266800,266800,266800,266800,266800,266800,266800,266800,266800,266800,266800,266800,266800,266800,266800,266800,266800
268134,268134,268134,268134,268134,268134,268134,268134,268134,268134,268134,268134,268134,268134,268134,268134,268134,268134,268134,268134,268134,268134,268134,268134,268134,268134,268134,268134,268134,268134
269468,269468,269468,269468,269468,269468,269468,269468,269468,269468,269468,269468,269468,269468,269468,269468,269468,269468,269468,269468,269468,269468,269468,269468,269468,269468,269468,269468,269468,269468
270802,270802,270802,270802,270802,270802,270802,270802,270802,270802,270802,270802,270802,270802,270802,270802,270802,270802,270802,270802,270802,270802,270802,270802,270802,270802,270802,270802,270802,270802
272136,272136,272136,272136,272136,272136,272136,272136,272136,272136,272136,272136,272136,272136,272136,272136,272136,272136,272136,272136,272136,272136,272136,272136,272136,272136,272136,272136,272136,272136
273470,273470,273470,273470,273470,273470,273470,273470,273470,273470,273470,273470,273470,273470,273470,273470,273470,273470,273470,273470,273470,273470,273470,273470,273470,273470,273470,273470,273470,273470
274804,274804,274804,274804,274804,274804,274804,274804,274804,274804,274804,274804,274804,274804,274804,274804,274804,274804,274804,274804,274804,274804,274804,274804,274804,274804,274804,274804,274804,274804
276138,276138,276138,276138,276138,276138,276138,276138,276138,276138,276138,276138,276138,276138,276138,276138,276138,276138,276138,276138,276138,276138,276138,276138,276138,276138,276138,276138,276138,276138
277472,277472,277472,277472,277472,277472,277472,277472,277472,277472,277472,277472,277472,277472,277472,277472,277472,277472,277472,277472,277472,277472,277472,277472,277472,277472,277472,277472,277472,277472
278806,278806,278806,278806,278806,278806,278806,278806,278806,278806,278806,278806,278806,278806,278806,278806,278806,278806,278806,278806,278806,278806,278806,278806,278806,278806,278806,278806,278806,278806
280140,280140,280140,280140,280140,280140,280140,280140,280140,280140,280140,280140,280140,280140,280140,280140,280140,280140,280140,280140,280140,280140,280140,280140,280140,280140,280140,280140,280140,280140
281474,281474,281474,281474,281474,281474,281474,281474,281474,281474,281474,281474,281474,281474,281474,281474,281474,281474,281474,281474,281474,281474,281474,281474,281474,281474,281474,281474,281474,281474
282808,282808,282808,282808,282808,282808,282808,282808,282808,282808,282808,282808,282808,282808,282808,282808,282808,282808,282808,282808,282808,282808,282808,282808,282808,282808,282808,282808,282808,282808
284142,284142,284142,284142,284142,284142,284142,284142,284142,284142,284142,284142,284142,284142,284142,284142,284142,284142,284142,284142,284142,284142,284142,284142,284142,284142,284142,284142,284142,284142
285476,285476,285476,285476,285476,285476,285476,285476,285476,285476,285476,285476,285476,285476,285476,285476,285476,285476,285476,285476,285476,285476,285476,285476,285476,285476,285476,285476,285476,285476
286810,286810,286810,286810,286810,286810,286810,286810,286810,286810,286810,286810,286810,286810,286810,286810,286810,286810,286810,286810,286810,286810,286810,286810,286810,286810,286810,286810,286810,286810
288144,288144,288144,288144,288144,288144,288144,288144,288144,288144,288144,288144,288144,288144,288144,288144,288144,288144,288144,288144,288144,288144,288144,288144,288144,288144,288144,288144,288144,288144
289478,289478,289478,289478,289478,289478,289478,289478,289478,289478,289478,289478,289478,289478,289478,289478,289478,289478,289478,289478,289478,289478,289478,289478,289478,289478,289478,289478,289478,289478
290812,290812,290812,290812,290812,290812,290812,290812,290812,290812,290812,290812,290812,290812,290812,290812,290812,290812,290812,290812,290812,290812,290812,290812,290812,290812,290812,290812,290812,290812
292146,292146,292146,292146,292146,292146,292146,292146,292146,292146,292146,292146,292146,292146,292146,292146,292146,292146,292146,292146,292146,292146,292146,292146,292146,292146,292146,292146,292146,292146
293480,293480,293480,293480,293480,293480,293480,293480,293480,293480,293480,293480,293480,293480,293480,293480,293480,293480,293480,293480,293480,293480,293480,293480,293480,293480,293480,293480,293480,293480
294814,294814,294814,294814,294814,294814,294814,294814,294814,294814,294814,294814,294814,294814,294814,294814,294814,294814,294814,294814,294814,294814,294814,294814,294814,294814,294814,294814,294814,294814
296148,296148,296148,296148,296148,296148,296148,296148,296148,296148,296148,296148,296148,296148,296148,296148,296148,296148,296148,296148,296148,296148,296148,296148,296148,296148,296148,296148,296148,296148
297482,297482,297482,297482,297482,297482,297482,297482,297482,297482,297482,297482,297482,297482,297482,297482,297482,297482,297482,297482,297482,297482,297482,297482,297482,297482,297482,297482,297482,297482
298816,298816,298816,298816,298816,298816,298816,298816,298816,298816,298816,298816,298816,298816,298816,298816,298816,298816,298816,298816,298816,298816,298816,298816,298816,298816,298816,298816,298816,298816
300150,300150,300150,300150,300150,300150,300150,300150,300150,300150,300150,300150,300150,300150,300150,300150,300150,300150,300150,300150,300150,300150,300150,300150,300150,300150,300150,300150,300150,300150
301484,301484,301484,301484,301484,301484,301484,301484,301484,301484,301484,301484,301484,301484,301484,301484,301484,301484,301484,301484,301484,301484,301484,301484,301484,301484,301484,301484,301484,301484
302818,302818,302818,302818,302818,302818,302818,302818,302818,302818,302818,302818,302818,302818,302818,302818,302818,302818,302818,302818,302818,302818,302818,302818,302818,302818,302818,302818,302818,302818
304152,304152,304152,304152,304152,304152,304152,304152,304152,304152,304152,304152,304152,304152,304152,304152,304152,304152,304152,304152,304152,304152,304152,304152,304152,304152,304152,304152,304152,304152
305486,305486,305486,305486,305486,305486,305486,305486,305486,305486,305486,305486,305486,305486,305486,305486,305486,305486,305486,305486,305486,305486,305486,305486,305486,305486,305486,305486,305486,305486
306820,306820,306820,306820,306820,306820,306820,306820,306820,306820,306820,306820,306820,306820,306820,306820,306820,306820,306820,306820,306820,306820,306820,306820,306820,306820,306820,306820,306820,306820
308154,308154,308154,308154,308154,308154,308154,308154,308154,308154,308154,308154,308154,308154,308154,308154,308154,308154,308154,308154,308154,308154,308154,308154,308154,308154,308154,308154,308154,308154
309488,309488,309488,309488,309488,309488,309488,309488,309488,309488,309488,309488,309488,309488,309488,309488,309488,309488,309488,309488,309488,309488,309488,309488,309488,309488,309488,309488,309488,309488
310822,310822,310822,310822,310822,310822,310822,310822,310822,310822,310822,310822,310822,310822,310822,310822,310822,310822,310822,310822,310822,310822,310822,310822,310822,310822,310822,310822,310822,310822
312156,312156,312156,312156,312156,312156,312156,312156,312156,312156,312156,312156,312156,312156,312156,312156,312156,312156,312156,312156,312156,312156,312156,312156,312156,312156,312156,312156,312156,312156
313490,313490,313490,313490,313490,313490,313490,313490,313490,313490,313490,313490,313490,313490,313490,313490,313490,313490,313490,313490,313490,313490,313490,313490,313490,313490,313490,313490,313490,313490
314824,314824,314824,314824,314824,314824,314824,314824,314824,314824,314824,314824,314824,314824,314824,314824,314824,314824,314824,314824,314824,314824,314824,314824,314824,314824,314824,314824,314824,314824
316158,316158,316158,316158,316158,316158,316158,316158,316158,316158,316158,316158,316158,316158,316158,316158,316158,316158,316158,316158,316158,316158,316158,316158,316158,316158,316158,316158,316158,316158
317492,317492,317492,317492,317492,317492,317492,317492,317492,317492,317492,317492,317492,317492,317492,317492,317492,317492,317492,317492,317492,317492,317492,317492,317492,317492,317492,317492,317492,317492
318826,318826,318826,318826,318826,318826,318826,318826,318826,318826,318826,318826,318826,318826,318826,318826,318826,318826,318826,318826,318826,318826,318826,318826,318826,318826,318826,318826,318826,318826
320160,320160,320160,320160,320160,320160,320160,320160,320160,320160,320160,320160,320160,320160,320160,320160,320160,320160,320160,320160,320160,320160,320160,320160,320160,320160,320160,320160,320160,320160
321494,321494,321494,321494,321494,321494,321494,321494,321494,321494,321494,321494,321494,321494,321494,321494,321494,321494,321494,321494,321494,321494,321494,321494,321494,321494,321494,321494,321494,321494
322828,322828,322828,322828,322828,322828,322828,322828,322828,322828,322828,322828,322828,322828,322828,322828,322828,322828,322828,322828,322828,322828,322828,322828,322828,322828,322828,322828,322828,322828
324162,324162,324162,324162,324162,324162,324162,324162,324162,324162,324162,324162,324162,324162,324162,324162,324162,324162,324162,324162,324162,324162,324162,324162,324162,324162,324162,324162,324162,324162
325496,325496,325496,325496,325496,325496,325496,325496,325496,325496,325496,325496,325496,325496,325496,325496,325496,325496,325496,325496,325496,325496,325496,325496,325496,325496,325496,325496,325496,325496
326830,326830,326830,326830,326830,326830,326830,326830,326830,326830,326830,326830,326830,326830,326830,326830,326830,326830,326830,326830,326830,326830,326830,326830,326830,326830,326830,326830,326830,326830
328164,328164,328164,328164,328164,328164,328164,328164,328164,328164,328164,328164,328164,328164,328164,328164,328164,328164,328164,328164,328164,328164,328164,328164,328164,328164,328164,328164,328164,328164
329498,329498,329498,329498,329498,329498,329498,329498,329498,329498,329498,329498,329498,329498,329498,329498,329498,329498,329498,329498,329498,329498,329498,329498,329498,329498,329498,329498,329498,329498
330832,330832,330832,330832,330832,330832,330832,330832,330832,330832,330832,330832,330832,330832,330832,330832,330832,330832,330832,330832,330832,330832,330832,330832,330832,330832,330832,330832,330832,330832
332166,332166,332166,332166,332166,332166,332166,332166,332166,332166,332166,332166,332166,332166,332166,332166,332166,332166,332166,332166,332166,332166,332166,332166,332166,332166,332166,332166,332166,332166
333500,333500,333500,333500,333500,333500,333500,333500,333500,333500,333500,333500,333500,333500,333500,333500,333500,333500,333500,333500,333500,333500,333500,333500,333500,333500,333500,333500,333500,333500
334834,334834,334834,334834,334834,334834,334834,334834,334834,334834,334834,334834,334834,334834,334834,334834,334834,334834,334834,334834,334834,334834,334834,334834,334834,334834,334834,334834,334834,334834
336168,336168,336168,336168,336168,336168,336168,336168,336168,336168,336168,336168,336168,336168,336168,336168,336168,336168,336168,336168,336168,336168,336168,336168,336168,336168,336168,336168,336168,336168
337502,337502,337502,337502,337502,337502,337502,337502,337502,337502,337502,337502,337502,337502,337502,337502,337502,337502,337502,337502,337502,337502,337502,337502,337502,337502,337502,337502,337502,337502
338836,338836,338836,338836,338836,338836,338836,338836,338836,338836,338836,338836,338836,338836,338836,338836,338836,338836,338836,338836,338836,338836,338836,338836,338836,338836,338836,338836,338836,338836
340170,340170,340170,340170,340170,340170,340170,340170,340170,340170,340170,340170,340170,340170,340170,340170,340170,340170,340170,340170,340170,340170,340170,340170,340170,340170,340170,340170,340170,340170
341504,341504,341504,341504,341504,341504,341504,341504,341504,341504,341504,341504,341504,341504,341504,341504,341504,341504,341504,341504,341504,341504,341504,341504,341504,341504,341504,341504,341504,341504
342838,342838,342838,342838,342838,342838,342838,342838,342838,342838,342838,342838,342838,342838,342838,342838,342838,342838,342838,342838,342838,342838,342838,342838,342838,342838,342838,342838,342838,342838
344172,344172,344172,344172,344172,344172,344172,344172,344172,344172,344172,344172,344172,344172,344172,344172,344172,344172,344172,344172,344172,344172,344172,344172,344172,344172,344172,344172,344172,344172
345506,345506,345506,345506,345506,345506,345506,345506,345506,345506,345506,345506,345506,345506,345506,345506,345506,345506,345506,345506,345506,345506,345506,345506,345506,345506,345506,345506,345506,345506
346840,346840,346840,346840,346840,346840,346840,346840,346840,346840,346840,346840,346840,346840,346840,346840,346840,346840,346840,346840,346840,346840,346840,346840,346840,346840,346840,346840,346840,346840
348174,348174,348174,348174,348174,348174,348174,348174,348174,348174,348174,348174,348174,348174,348174,348174,348174,348174,348174,348174,348174,348174,348174,348174,348174,348174,348174,348174,348174,348174
349508,349508,349508,349508,349508,349508,349508,349508,349508,349508,349508,349508,349508,349508,349508,349508,349508,349508,349508,349508,349508,349508,349508,349508,349508,349508,349508,349508,349508,349508
350842,350842,350842,350842,350842,350842,350842,350842,350842,350842,350842,350842,350842,350842,350842,350842,350842,350842,350842,350842,350842,350842,350842,350842,350842,350842,350842,350842,350842,350842
352176,352176,352176,352176,352176,352176,352176,352176,352176,352176,352176,352176,352176,352176,352176,352176,352176,352176,352176,352176,352176,352176,352176,352176,352176,352176,352176,352176,352176,352176
353510,353510,353510,353510,353510,353510,353510,353510,353510,353510,353510,353510,353510,353510,353510,353510,353510,353510,353510,353510,353510,353510,353510,353510,353510,353510,353510,353510,353510,353510
354844,354844,354844,354844,354844,354844,354844,354844,354844,354844,354844,354844,354844,354844,354844,354844,354844,354844,354844,354844,354844,354844,354844,354844,354844,354844,354844,354844,354844,354844
356178,356178,356178,356178,356178,356178,356178,356178,356178,356178,356178,356178,356178,356178,356178,356178,356178,356178,356178,356178,356178,356178,356178,356178,356178,356178,356178,356178,356178,356178
357512,357512,357512,357512,357512,357512,357512,357512,357512,357512,357512,357512,357512,357512,357512,357512,357512,357512,357512,357512,357512,357512,357512,357512,357512,357512,357512,357512,357512,357512
358846,358846,358846,358846,358846,358846,358846,358846,358846,358846,358846,358846,358846,358846,358846,358846,358846,358846,358846,358846,358846,358846,358846,358846,358846,358846,358846,358846,358846,358846
360180,360180,360180,360180,360180,360180,360180,360180,360180,360180,360180,360180,360180,360180,360180,360180,360180,360180,360180,360180,360180,360180,360180,360180,360180,360180,360180,360180,360180,360180
361514,361514,361514,361514,361514,361514,361514,361514,361514,361514,361514,361514,361514,361514,361514,361514,361514,361514,361514,361514,361514,361514,361514,361514,361514,361514,361514,361514,361514,361514
362848,362848,362848,362848,362848,362848,362848,362848,362848,362848,362848,362848,362848,362848,362848,362848,362848,362848,362848,362848,362848,362848,362848,362848,362848,362848,362848,362848,362848,362848
364182,364182,364182,364182,364182,364182,364182,364182,364182,364182,364182,364182,364182,364182,364182,364182,364182,364182,364182,364182,364182,364182,364182,364182,364182,364182,364182,364182,364182,364182
365516,365516,365516,365516,365516,365516,365516,365516,365516,365516,365516,365516,365516,365516,365516,365516,365516,365516,365516,365516,365516,365516,365516,365516,365516,365516,365516,365516,365516,365516
366850,366850,366850,366850,366850,366850,366850,366850,366850,366850,366850,366850,366850,366850,366850,366850,366850,366850,366850,366850,366850,366850,366850,366850,366850,366850,366850,366850,366850,366850
368184,368184,368184,368184,368184,368184,368184,368184,368184,368184,368184,368184,368184,368184,368184,368184,368184,368184,368184,368184,368184,368184,368184,368184,368184,368184,368184,368184,368184,368184
369518,369518,369518,369518,369518,369518,369518,369518,369518,369518,369518,369518,369518,369518,369518,369518,369518,369518,369518,369518,369518,369518,369518,369518,369518,369518,369518,369518,369518,369518
370852,370852,370852,370852,370852,370852,370852,370852,370852,370852,370852,370852,370852,370852,370852,370852,370852,370852,370852,370852,370852,370852,370852,370852,370852,370852,370852,370852,370852,370852
372186,372186,372186,372186,372186,372186,372186,372186,372186,372186,372186,372186,372186,372186,372186,372186,372186,372186,372186,372186,372186,372186,372186,372186,372186,372186,372186,372186,372186,372186
373520,373520,373520,373520,373520,373520,373520,373520,373520,373520,373520,373520,373520,373520,373520,373520,373520,373520,373520,373520,373520,373520,373520,373520,373520,373520,373520,373520,373520,373520
374854,374854,374854,374854,374854,374854,374854,374854,374854,374854,374854,374854,374854,374854,374854,374854,374854,374854,374854,374854,374854,374854,374854,374854,374854,374854,374854,374854,374854,374854
376188,376188,376188,376188,376188,376188,376188,376188,376188,376188,376188,376188,376188,376188,376188,376188,376188,376188,376188,376188,376188,376188,376188,376188,376188,376188,376188,376188,376188,376188
377522,377522,377522,377522,377522,377522,377522,377522,377522,377522,377522,377522,377522,377522,377522,377522,377522,377522,377522,377522,377522,377522,377522,377522,377522,377522,377522,377522,377522,377522
378856,378856,378856,378856,378856,378856,378856,378856,378856,378856,378856,378856,378856,378856,378856,378856,378856,378856,378856,378856,378856,378856,378856,378856,378856,378856,378856,378856,378856,378856
380190,380190,380190,380190,380190,380190,380190,380190,380190,380190,380190,380190,380190,380190,380190,380190,380190,380190,380190,380190,380190,380190,380190,380190,380190,380190,380190,380190,380190,380190
381524,381524,381524,381524,381524,381524,381524,381524,381524,381524,381524,381524,381524,381524,381524,381524,381524,381524,381524,381524,381524,381524,381524,381524,381524,381524,381524,381524,381524,381524
382858,382858,382858,382858,382858,382858,382858,382858,382858,382858,382858,382858,382858,382858,382858,382858,382858,382858,382858,382858,382858,382858,382858,382858,382858,382858,382858,382858,382858,382858
384192,384192,384192,384192,384192,384192,384192,384192,384192,384192,384192,384192,384192,384192,384192,384192,384192,384192,384192,384192,384192,384192,384192,384192,384192,384192,384192,384192,384192,384192
385526,385526,385526,385526,385526,385526,385526,385526,385526,385526,385526,385526,385526,385526,385526,385526,385526,385526,385526,385526,385526,385526,385526,385526,385526,385526,385526,385526,385526,385526
386860,386860,386860,386860,386860,386860,386860,386860,386860,386860,386860,386860,386860,386860,386860,386860,386860,386860,386860,386860,386860,386860,386860,386860,386860,386860,386860,386860,386860,386860
388194,388194,388194,388194,388194,388194,388194,388194,388194,388194,388194,388194,388194,388194,388194,388194,388194,388194,388194,388194,388194,388194,388194,388194,388194,388194,388194,388194,388194,388194
389528,389528,389528,389528,389528,389528,389528,389528,389528,389528,389528,389528,389528,389528,389528,389528,389528,389528,389528,389528,389528,389528,389528,389528,389528,389528,389528,389528,389528,389528
390862,390862,390862,390862,390862,390862,390862,390862,390862,390862,390862,390862,390862,390862,390862,390862,390862,390862,390862,390862,390862,390862,390862,390862,390862,390862,390862,390862,390862,390862
392196,392196,392196,392196,392196,392196,392196,392196,392196,392196,392196,392196,392196,392196,392196,392196,392196,392196,392196,392196,392196,392196,392196,392196,392196,392196,392196,392196,392196,392196
393530,393530,393530,393530,393530,393530,393530,393530,393530,393530,393530,393530,393530,393530,393530,393530,393530,393530,393530,393530,393530,393530,393530,393530,393530,393530,393530,393530,393530,393530
394864,394864,394864,394864,394864,394864,394864,394864,394864,394864,394864,394864,394864,394864,394864,394864,394864,394864,394864,394864,394864,394864,394864,394864,394864,394864,394864,394864,394864,394864
396198,396198,396198,396198,396198,396198,396198,396198,396198,396198,396198,396198,396198,396198,396198,396198,396198,396198,396198,396198,396198,396198,396198,396198,396198,396198,396198,396198,396198,396198
397532,397532,397532,397532,397532,397532,397532,397532,397532,397532,397532,397532,397532,397532,397532,397532,397532,397532,397532,397532,397532,397532,397532,397532,397532,397532,397532,397532,397532,397532
398866,398866,398866,398866,398866,398866,398866,398866,398866,398866,398866,398866,398866,398866,398866,398866,398866,398866,398866,398866,398866,398866,398866,398866,398866,398866,398866,398866,398866,398866
400200,400200,400200,400200,400200,400200,400200,400200,400200,400200,400200,400200,400200,400200,400200,400200,400200,400200,400200,400200,400200,400200,400200,400200,400200,400200,400200,400200,400200,400200
401534,401534,401534,401534,401534,401534,401534,401534,401534,401534,401534,401534,401534,401534,401534,401534,401534,401534,401534,401534,401534,401534,401534,401534,401534,401534,401534,401534,401534,401534
402868,402868,402868,402868,402868,402868,402868,402868,402868,402868,402868,402868,402868,402868,402868,402868,402868,402868,402868,402868,402868,402868,402868,402868,402868,402868,402868,402868,402868,402868
404202,404202,404202,404202,404202,404202,404202,404202,404202,404202,404202,404202,404202,404202,404202,404202,404202,404202,404202,404202,404202,404202,404202,404202,404202,404202,404202,404202,404202,404202
405536,405536,405536,405536,405536,405536,405536,405536,405536,405536,405536,405536,405536,405536,405536,405536,405536,405536,405536,405536,405536,405536,405536,405536,405536,405536,405536,405536,405536,405536
406870,406870,406870,406870,406870,406870,406870,406870,406870,406870,406870,406870,406870,406870,406870,406870,406870,406870,406870,406870,406870,406870,406870,406870,406870,406870,406870,406870,406870,406870
408204,408204,408204,408204,408204,408204,408204,408204,408204,408204,408204,408204,408204,408204,408204,408204,408204,408204,408204,408204,408204,408204,408204,408204,408204,408204,408204,408204,408204,408204
409538,409538,409538,409538,409538,409538,409538,409538,409538,409538,409538,409538,409538,409538,409538,409538,409538,409538,409538,409538,409538,409538,409538,409538,409538,409538,409538,409538,409538,409538
410872,410872,410872,410872,410872,410872,410872,410872,410872,410872,410872,410872,410872,410872,410872,410872,410872,410872,410872,410872,410872,410872,410872,410872,410872,410872,410872,410872,410872,410872
412206,412206,412206,412206,412206,412206,412206,412206,412206,412206,412206,412206,412206,412206,412206,412206,412206,412206,412206,412206,412206,412206,412206,412206,412206,412206,412206,412206,412206,412206
413540,413540,413540,413540,413540,413540,413540,413540,413540,413540,413540,413540,413540,413540,413540,413540,413540,413540,413540,413540,413540,413540,413540,413540,413540,413540,413540,413540,413540,413540
414874,414874,414874,414874,414874,414874,414874,414874,414874,414874,414874,414874,414874,414874,414874,414874,414874,414874,414874,414874,414874,414874,414874,414874,414874,414874,414874,414874,414874,414874
416208,416208,416208,416208,416208,416208,416208,416208,416208,416208,416208,416208,416208,416208,416208,416208,416208,416208,416208,416208,416208,416208,416208,416208,416208,416208,416208,416208,416208,416208
417542,417542,417542,417542,417542,417542,417542,417542,417542,417542,417542,417542,417542,417542,417542,417542,417542,417542,417542,417542,417542,417542,417542,417542,417542,417542,417542,417542,417542,417542
418876,418876,418876,418876,418876,418876,418876,418876,418876,418876,418876,418876,418876,418876,418876,418876,418876,418876,418876,418876,418876,418876,418876,418876,418876,418876,418876,418876,418876,418876
420210,420210,420210,420210,420210,420210,420210,420210,420210,420210,420210,420210,420210,420210,420210,420210,420210,420210,420210,420210,420210,420210,420210,420210,420210,420210,420210,420210,420210,420210
421544,421544,421544,421544,421544,421544,421544,421544,421544,421544,421544,421544,421544,421544,421544,421544,421544,421544,421544,421544,421544,421544,421544,421544,421544,421544,421544,421544,421544,421544
422878,422878,422878,422878,422878,422878,422878,422878,422878,422878,422878,422878,422878,422878,422878,422878,422878,422878,422878,422878,422878,422878,422878,422878,422878,422878,422878,422878,422878,422878
424212,424212,424212,424212,424212,424212,424212,424212,424212,424212,424212,424212,424212,424212,424212,424212,424212,424212,424212,424212,424212,424212,424212,424212,424212,424212,424212,424212,424212,424212
425546,425546,425546,425546,425546,425546,425546,425546,425546,425546,425546,425546,425546,425546,425546,425546,425546,425546,425546,425546,425546,425546,425546,425546,425546,425546,425546,425546,425546,425546
426880,426880,426880,426880,426880,426880,426880,426880,426880,426880,426880,426880,426880,426880,426880,426880,426880,426880,426880,426880,426880,426880,426880,426880,426880,426880,426880,426880,426880,426880
428214,428214,428214,428214,428214,428214,428214,428214,428214,428214,428214,428214,428214,428214,428214,428214,428214,428214,428214,428214,428214,428214,428214,428214,428214,428214,428214,428214,428214,428214
429548,429548,429548,429548,429548,429548,429548,429548,429548,429548,429548,429548,429548,429548,429548,429548,429548,429548,429548,429548,429548,429548,429548,429548,429548,429548,429548,429548,429548,429548
430882,430882,430882,430882,430882,430882,430882,430882,430882,430882,430882,430882,430882,430882,430882,430882,430882,430882,430882,430882,430882,430882,430882,430882,430882,430882,430882,430882,430882,430882
432216,432216,432216,432216,432216,432216,432216,432216,432216,432216,432216,432216,432216,432216,432216,432216,432216,432216,432216,432216,432216,432216,432216,432216,432216,432216,432216,432216,432216,432216
433550,433550,433550,433550,433550,433550,433550,433550,433550,433550,433550,433550,433550,433550,433550,433550,433550,433550,433550,433550,433550,433550,433550,433550,433550,433550,433550,433550,433550,433550
434884,434884,434884,434884,434884,434884,434884,434884,434884,434884,434884,434884,434884,434884,434884,434884,434884,434884,434884,434884,434884,434884,434884,434884,434884,434884,434884,434884,434884,434884
436218,436218,436218,436218,436218,436218,436218,436218,436218,436218,436218,436218,436218,436218,436218,436218,436218,436218,436218,436218,436218,436218,436218,436218,436218,436218,436218,436218,436218,436218
437552,437552,437552,437552,437552,437552,437552,437552,437552,437552,437552,437552,437552,437552,437552,437552,437552,437552,437552,437552,437552,437552,437552,437552,437552,437552,437552,437552,437552,437552
438886,438886,438886,438886,438886,438886,438886,438886,438886,438886,438886,438886,438886,438886,438886,438886,438886,438886,438886,438886,438886,438886,438886,438886,438886,438886,438886,438886,438886,438886
440220,440220,440220,440220,440220,440220,440220,440220,440220,440220,440220,440220,440220,440220,440220,440220,440220,440220,440220,440220,440220,440220,440220,440220,440220,440220,440220,440220,440220,440220
441554,441554,441554,441554,441554,441554,441554,441554,441554,441554,441554,441554,441554,441554,441554,441554,441554,441554,441554,441554,441554,441554,441554,441554,441554,441554,441554,441554,441554,441554
442888,442888,442888,442888,442888,442888,442888,442888,442888,442888,442888,442888,442888,442888,442888,442888,442888,442888,442888,442888,442888,442888,442888,442888,442888,442888,442888,442888,442888,442888
444222,444222,444222,444222,444222,444222,444222,444222,444222,444222,444222,444222,444222,444222,444222,444222,444222,444222,444222,444222,444222,444222,444222,444222,444222,444222,444222,444222,444222,444222
445556,445556,445556,445556,445556,445556,445556,445556,445556,445556,445556,445556,445556,445556,445556,445556,445556,445556,445556,445556,445556,445556,445556,445556,445556,445556,445556,445556,445556,445556
446890,446890,446890,446890,446890,446890,446890,446890,446890,446890,446890,446890,446890,446890,446890,446890,446890,446890,446890,446890,446890,446890,446890,446890,446890,446890,446890,446890,446890,446890
448224,448224,448224,448224,448224,448224,448224,448224,448224,448224,448224,448224,448224,448224,448224,448224,448224,448224,448224,448224,448224,448224,448224,448224,448224,448224,448224,448224,448224,448224
449558,449558,449558,449558,449558,449558,449558,449558,449558,449558,449558,449558,449558,449558,449558,449558,449558,449558,449558,449558,449558,449558,449558,449558,449558,449558,449558,449558,449558,449558
450892,450892,450892,450892,450892,450892,450892,450892,450892,450892,450892,450892,450892,450892,450892,450892,450892,450892,450892,450892,450892,450892,450892,450892,450892,450892,450892,450892,450892,450892
452226,452226,452226,452226,452226,452226,452226,452226,452226,452226,452226,452226,452226,452226,452226,452226,452226,452226,452226,452226,452226,452226,452226,452226,452226,452226,452226,452226,452226,452226
453560,453560,453560,453560,453560,453560,453560,453560,453560,453560,453560,453560,453560,453560,453560,453560,453560,453560,453560,453560,453560,453560,453560,453560,453560,453560,453560,453560,453560,453560
454894,454894,454894,454894,454894,454894,454894,454894,454894,454894,454894,454894,454894,454894,454894,454894,454894,454894,454894,454894,454894,454894,454894,454894,454894,454894,454894,454894,454894,454894
456228,456228,456228,456228,456228,456228,456228,456228,456228,456228,456228,456228,456228,456228,456228,456228,456228,456228,456228,456228,456228,456228,456228,456228,456228,456228,456228,456228,456228,456228
457562,457562,457562,457562,457562,457562,457562,457562,457562,457562,457562,457562,457562,457562,457562,457562,457562,457562,457562,457562,457562,457562,457562,457562,457562,457562,457562,457562,457562,457562
458896,458896,458896,458896,458896,458896,458896,458896,458896,458896,458896,458896,458896,458896,458896,458896,458896,458896,458896,458896,458896,458896,458896,458896,458896,458896,458896,458896,458896,458896
460230,460230,460230,460230,460230,460230,460230,460230,460230,460230,460230,460230,460230,460230,460230,460230,460230,460230,460230,460230,460230,460230,460230,460230,460230,460230,460230,460230,460230,460230
461564,461564,461564,461564,461564,461564,461564,461564,461564,461564,461564,461564,461564,461564,461564,461564,461564,461564,461564,461564,461564,461564,461564,461564,461564,461564,461564,461564,461564,461564
462898,462898,462898,462898,462898,462898,462898,462898,462898,462898,462898,462898,462898,462898,462898,462898,462898,462898,462898,462898,462898,462898,462898,462898,462898,462898,462898,462898,462898,462898
464232,464232,464232,464232,464232,464232,464232,464232,464232,464232,464232,464232,464232,464232,464232,464232,464232,464232,464232,464232,464232,464232,464232,464232,464232,464232,464232,464232,464232,464232
465566,465566,465566,465566,465566,465566,465566,465566,465566,465566,465566,465566,465566,465566,465566,465566,465566,465566,465566,465566,465566,465566,465566,465566,465566,465566,465566,465566,465566,465566
466900,466900,466900,466900,466900,466900,466900,466900,466900,466900,466900,466900,466900,466900,466900,466900,466900,466900,466900,466900,466900,466900,466900,466900,466900,466900,466900,466900,466900,466900
468234,468234,468234,468234,468234,468234,468234,468234,468234,468234,468234,468234,468234,468234,468234,468234,468234,468234,468234,468234,468234,468234,468234,468234,468234,468234,468234,468234,468234,468234
469568,469568,469568,469568,469568,469568,469568,469568,469568,469568,469568,469568,469568,469568,469568,469568,469568,469568,469568,469568,469568,469568,469568,469568,469568,469568,469568,469568,469568,469568
470902,470902,470902,470902,470902,470902,470902,470902,470902,470902,470902,470902,470902,470902,470902,470902,470902,470902,470902,470902,470902,470902,470902,470902,470902,470902,470902,470902,470902,470902
472236,472236,472236,472236,472236,472236,472236,472236,472236,472236,472236,472236,472236,472236,472236,472236,472236,472236,472236,472236,472236,472236,472236,472236,472236,472236,472236,472236,472236,472236
473570,473570,473570,473570,473570,473570,473570,473570,473570,473570,473570,473570,473570,473570,473570,473570,473570,473570,473570,473570,473570,473570,473570,473570,473570,473570,473570,473570,473570,473570
474904,474904,474904,474904,474904,474904,474904,474904,474904,474904,474904,474904,474904,474904,474904,474904,474904,474904,474904,474904,474904,474904,474904,474904,474904,474904,474904,474904,474904,474904
476238,476238,476238,476238,476238,476238,476238,476238,476238,476238,476238,476238,476238,476238,476238,476238,476238,476238,476238,476238,476238,476238,476238,476238,476238,476238,476238,476238,476238,476238
477572,477572,477572,477572,477572,477572,477572,477572,477572,477572,477572,477572,477572,477572,477572,477572,477572,477572,477572,477572,477572,477572,477572,477572,477572,477572,477572,477572,477572,477572
478906,478906,478906,478906,478906,478906,478906,478906,478906,478906,478906,478906,478906,478906,478906,478906,478906,478906,478906,478906,478906,478906,478906,478906,478906,478906,478906,478906,478906,478906
480240,480240,480240,480240,480240,480240,480240,480240,480240,480240,480240,480240,480240,480240,480240,480240,480240,480240,480240,480240,480240,480240,480240,480240,480240,480240,480240,480240,480240,480240
481574,481574,481574,481574,481574,481574,481574,481574,481574,481574,481574,481574,481574,481574,481574,481574,481574,481574,481574,481574,481574,481574,481574,481574,481574,481574,481574,481574,481574,481574
482908,482908,482908,482908,482908,482908,482908,482908,482908,482908,482908,482908,482908,482908,482908,482908,482908,482908,482908,482908,482908,482908,482908,482908,482908,482908,482908,482908,482908,482908
484242,484242,484242,484242,484242,484242,484242,484242,484242,484242,484242,484242,484242,484242,484242,484242,484242,484242,484242,484242,484242,484242,484242,484242,484242,484242,484242,484242,484242,484242
485576,485576,485576,485576,485576,485576,485576,485576,485576,485576,485576,485576,485576,485576,485576,485576,485576,485576,485576,485576,485576,485576,485576,485576,485576,485576,485576,485576,485576,485576
486910,486910,486910,486910,486910,486910,486910,486910,486910,486910,486910,486910,486910,486910,486910,486910,486910,486910,486910,486910,486910,486910,486910,486910,486910,486910,486910,486910,486910,486910
488244,488244,488244,488244,488244,488244,488244,488244,488244,488244,488244,488244,488244,488244,488244,488244,488244,488244,488244,488244,488244,488244,488244,488244,488244,488244,488244,488244,488244,488244
489578,489578,489578,489578,489578,489578,489578,489578,489578,489578,489578,489578,489578,489578,489578,489578,489578,489578,489578,489578,489578,489578,489578,489578,489578,489578,489578,489578,489578,489578
490912,490912,490912,490912,490912,490912,490912,490912,490912,490912,490912,490912,490912,490912,490912,490912,490912,490912,490912,490912,490912,490912,490912,490912,490912,490912,490912,490912,490912,490912
492246,492246,492246,492246,492246,492246,492246,492246,492246,492246,492246,492246,492246,492246,492246,492246,492246,492246,492246,492246,492246,492246,492246,492246,492246,492246,492246,492246,492246,492246
493580,493580,493580,493580,493580,493580,493580,493580,493580,493580,493580,493580,493580,493580,493580,493580,493580,493580,493580,493580,493580,493580,493580,493580,493580,493580,493580,493580,493580,493580
494914,494914,494914,494914,494914,494914,494914,494914,494914,494914,494914,494914,494914,494914,494914,494914,494914,494914,494914,494914,494914,494914,494914,494914,494914,494914,494914,494914,494914,494914
496248,496248,496248,496248,496248,496248,496248,496248,496248,496248,496248,496248,496248,496248,496248,496248,496248,496248,496248,496248,496248,496248,496248,496248,496248,496248,496248,496248,496248,496248
497582,497582,497582,497582,497582,497582,497582,497582,497582,497582,497582,497582,497582,497582,497582,497582,497582,497582,497582,497582,497582,497582,497582,497582,497582,497582,497582,497582,497582,497582
498916,498916,498916,498916,498916,498916,498916,498916,498916,498916,498916,498916,498916,498916,498916,498916,498916,498916,498916,498916,498916,498916,498916,498916,498916,498916,498916,498916,498916,498916
500250,500250,500250,500250,500250,500250,500250,500250,500250,500250,500250,500250,500250,500250,500250,500250,500250,500250,500250,500250,500250,500250,500250,500250,500250,500250,500250,500250,500250,500250
501584,501584,501584,501584,501584,501584,501584,501584,501584,501584,501584,501584,501584,501584,501584,501584,501584,501584,501584,501584,501584,501584,501584,501584,501584,501584,501584,501584,501584,501584
502918,502918,502918,502918,502918,502918,502918,502918,502918,502918,502918,502918,502918,502918,502918,502918,502918,502918,502918,502918,502918,502918,502918,502918,502918,502918,502918,502918,502918,502918
504252,504252,504252,504252,504252,504252,504252,504252,504252,504252,504252,504252,504252,504252,504252,504252,504252,504252,504252,504252,504252,504252,504252,504252,504252,504252,504252,504252,504252,504252
505586,505586,505586,505586,505586,505586,505586,505586,505586,505586,505586,505586,505586,505586,505586,505586,505586,505586,505586,505586,505586,505586,505586,505586,505586,505586,505586,505586,505586,505586
506920,506920,506920,506920,506920,506920,506920,506920,506920,506920,506920,506920,506920,506920,506920,506920,506920,506920,506920,506920,506920,506920,506920,506920,506920,506920,506920,506920,506920,506920
508254,508254,508254,508254,508254,508254,508254,508254,508254,508254,508254,508254,508254,508254,508254,508254,508254,508254,508254,508254,508254,508254,508254,508254,508254,508254,508254,508254,508254,508254
509588,509588,509588,509588,509588,509588,509588,509588,509588,509588,509588,509588,509588,509588,509588,509588,509588,509588,509588,509588,509588,509588,509588,509588,509588,509588,509588,509588,509588,509588
510922,510922,510922,510922,510922,510922,510922,510922,510922,510922,510922,510922,510922,510922,510922,510922,510922,510922,510922,510922,510922,510922,510922,510922,510922,510922,510922,510922,510922,510922
512256,512256,512256,512256,512256,512256,512256,512256,512256,512256,512256,512256,512256,512256,512256,512256,512256,512256,512256,512256,512256,512256,512256,512256,512256,512256,512256,512256,512256,512256
513590,513590,513590,513590,513590,513590,513590,513590,513590,513590,513590,513590,513590,513590,513590,513590,513590,513590,513590,513590,513590,513590,513590,513590,513590,513590,513590,513590,513590,513590
514924,514924,514924,514924,514924,514924,514924,514924,514924,514924,514924,514924,514924,514924,514924,514924,514924,514924,514924,514924,514924,514924,514924,514924,514924,514924,514924,514924,514924,514924
516258,516258,516258,516258,516258,516258,516258,516258,516258,516258,516258,516258,516258,516258,516258,516258,516258,516258,516258,516258,516258,516258,516258,516258,516258,516258,516258,516258,516258,516258
517592,517592,517592,517592,517592,517592,517592,517592,517592,517592,517592,517592,517592,517592,517592,517592,517592,517592,517592,517592,517592,517592,517592,517592,517592,517592,517592,517592,517592,517592
518926,518926,518926,518926,518926,518926,518926,518926,518926,518926,518926,518926,518926,518926,518926,518926,518926,518926,518926,518926,518926,518926,518926,518926,518926,518926,518926,518926,518926,518926
520260,520260,520260,520260,520260,520260,520260,520260,520260,520260,520260,520260,520260,520260,520260,520260,520260,520260,520260,520260,520260,520260,520260,520260,520260,520260,520260,520260,520260,520260
521594,521594,521594,521594,521594,521594,521594,521594,521594,521594,521594,521594,521594,521594,521594,521594,521594,521594,521594,521594,521594,521594,521594,521594,521594,521594,521594,521594,521594,521594
522928,522928,522928,522928,522928,522928,522928,522928,522928,522928,522928,522928,522928,522928,522928,522928,522928,522928,522928,522928,522928,522928,522928,522928,522928,522928,522928,522928,522928,522928
524262,524262,524262,524262,524262,524262,524262,524262,524262,524262,524262,524262,524262,524262,524262,524262,524262,524262,524262,524262,524262,524262,524262,524262,524262,524262,524262,524262,524262,524262
525596,525596,525596,525596,525596,525596,525596,525596,525596,525596,525596,525596,525596,525596,525596,525596,525596,525596,525596,525596,525596,525596,525596,525596,525596,525596,525596,525596,525596,525596
526930,526930,526930,526930,526930,526930,526930,526930,526930,526930,526930,526930,526930,526930,526930,526930,526930,526930,526930,526930,526930,526930,526930,526930,526930,526930,526930,526930,526930,526930
528264,528264,528264,528264,528264,528264,528264,528264,528264,528264,528264,528264,528264,528264,528264,528264,528264,528264,528264,528264,528264,528264,528264,528264,528264,528264,528264,528264,528264,528264
529598,529598,529598,529598,529598,529598,529598,529598,529598,529598,529598,529598,529598,529598,529598,529598,529598,529598,529598,529598,529598,529598,529598,529598,529598,529598,529598,529598,529598,529598
530932,530932,530932,530932,530932,530932,530932,530932,530932,530932,530932,530932,530932,530932,530932,530932,530932,530932,530932,530932,530932,530932,530932,530932,530932,530932,530932,530932,530932,530932
532266,532266,532266,532266,532266,532266,532266,532266,532266,532266,532266,532266,532266,532266,532266,532266,532266,532266,532266,532266,532266,532266,532266,532266,532266,532266,532266,532266,532266,532266
533600,533600,533600,533600,533600,533600,533600,533600,533600,533600,533600,533600,533600,533600,533600,533600,533600,533600,533600,533600,533600,533600,533600,533600,533600,533600,533600,533600,533600,533600
534934,534934,534934,534934,534934,534934,534934,534934,534934,534934,534934,534934,534934,534934,534934,534934,534934,534934,534934,534934,534934,534934,534934,534934,534934,534934,534934,534934,534934,534934
536268,536268,536268,536268,536268,536268,536268,536268,536268,536268,536268,536268,536268,536268,536268,536268,536268,536268,536268,536268,536268,536268,536268,536268,536268,536268,536268,536268,536268,536268
537602,537602,537602,537602,537602,537602,537602,537602,537602,537602,537602,537602,537602,537602,537602,537602,537602,537602,537602,537602,537602,537602,537602,537602,537602,537602,537602,537602,537602,537602
538936,538936,538936,538936,538936,538936,538936,538936,538936,538936,538936,538936,538936,538936,538936,538936,538936,538936,538936,538936,538936,538936,538936,538936,538936,538936,538936,538936,538936,538936
540270,540270,540270,540270,540270,540270,540270,540270,540270,540270,540270,540270,540270,540270,540270,540270,540270,540270,540270,540270,540270,540270,540270,540270,540270,540270,540270,540270,540270,540270
541604,541604,541604,541604,541604,541604,541604,541604,541604,541604,541604,541604,541604,541604,541604,541604,541604,541604,541604,541604,541604,541604,541604,541604,541604,541604,541604,541604,541604,541604
542938,542938,542938,542938,542938,542938,542938,542938,542938,542938,542938,542938,542938,542938,542938,542938,542938,542938,542938,542938,542938,542938,542938,542938,542938,542938,542938,542938,542938,542938
544272,544272,544272,544272,544272,544272,544272,544272,544272,544272,544272,544272,544272,544272,544272,544272,544272,544272,544272,544272,544272,544272,544272,544272,544272,544272,544272,544272,544272,544272
545606,545606,545606,545606,545606,545606,545606,545606,545606,545606,545606,545606,545606,545606,545606,545606,545606,545606,545606,545606,545606,545606,545606,545606,545606,545606,545606,545606,545606,545606
546940,546940,546940,546940,546940,546940,546940,546940,546940,546940,546940,546940,546940,546940,546940,546940,546940,546940,546940,546940,546940,546940,546940,546940,546940,546940,546940,546940,546940,546940
548274,548274,548274,548274,548274,548274,548274,548274,548274,548274,548274,548274,548274,548274,548274,548274,548274,548274,548274,548274,548274,548274,548274,548274,548274,548274,548274,548274,548274,548274
549608,549608,549608,549608,549608,549608,549608,549608,549608,549608,549608,549608,549608,549608,549608,549608,549608,549608,549608,549608,549608,549608,549608,549608,549608,549608,549608,549608,549608,549608
550942,550942,550942,550942,550942,550942,550942,550942,550942,550942,550942,550942,550942,550942,550942,550942,550942,550942,550942,550942,550942,550942,550942,550942,550942,550942,550942,550942,550942,550942
552276,552276,552276,552276,552276,552276,552276,552276,552276,552276,552276,552276,552276,552276,552276,552276,552276,552276,552276,552276,552276,552276,552276,552276,552276,552276,552276,552276,552276,552276
553610,553610,553610,553610,553610,553610,553610,553610,553610,553610,553610,553610,553610,553610,553610,553610,553610,553610,553610,553610,553610,553610,553610,553610,553610,553610,553610,553610,553610,553610
554944,554944,554944,554944,554944,554944,554944,554944,554944,554944,554944,554944,554944,554944,554944,554944,554944,554944,554944,554944,554944,554944,554944,554944,554944,554944,554944,554944,554944,554944
556278,556278,556278,556278,556278,556278,556278,556278,556278,556278,556278,556278,556278,556278,556278,556278,556278,556278,556278,556278,556278,556278,556278,556278,556278,556278,556278,556278,556278,556278
557612,557612,557612,557612,557612,557612,557612,557612,557612,557612,557612,557612,557612,557612,557612,557612,557612,557612,557612,557612,557612,557612,557612,557612,557612,557612,557612,557612,557612,557612
558946,558946,558946,558946,558946,558946,558946,558946,558946,558946,558946,558946,558946,558946,558946,558946,558946,558946,558946,558946,558946,558946,558946,558946,558946,558946,558946,558946,558946,558946
560280,560280,560280,560280,560280,560280,560280,560280,560280,560280,560280,560280,560280,560280,560280,560280,560280,560280,560280,560280,560280,560280,560280,560280,560280,560280,560280,560280,560280,560280
561614,561614,561614,561614,561614,561614,561614,561614,561614,561614,561614,561614,561614,561614,561614,561614,561614,561614,561614,561614,561614,561614,561614,561614,561614,561614,561614,561614,561614,561614
562948,562948,562948,562948,562948,562948,562948,562948,562948,562948,562948,562948,562948,562948,562948,562948,562948,562948,562948,562948,562948,562948,562948,562948,562948,562948,562948,562948,562948,562948
564282,564282,564282,564282,564282,564282,564282,564282,564282,564282,564282,564282,564282,564282,564282,564282,564282,564282,564282,564282,564282,564282,564282,564282,564282,564282,564282,564282,564282,564282
565616,565616,565616,565616,565616,565616,565616,565616,565616,565616,565616,565616,565616,565616,565616,565616,565616,565616,565616,565616,565616,565616,565616,565616,565616,565616,565616,565616,565616,565616
566950,566950,566950,566950,566950,566950,566950,566950,566950,566950,566950,566950,566950,566950,566950,566950,566950,566950,566950,566950,566950,566950,566950,566950,566950,566950,566950,566950,566950,566950
568284,568284,568284,568284,568284,568284,568284,568284,568284,568284,568284,568284,568284,568284,568284,568284,568284,568284,568284,568284,568284,568284,568284,568284,568284,568284,568284,568284,568284,568284
569618,569618,569618,569618,569618,569618,569618,569618,569618,569618,569618,569618,569618,569618,569618,569618,569618,569618,569618,569618,569618,569618,569618,569618,569618,569618,569618,569618,569618,569618
570952,570952,570952,570952,570952,570952,570952,570952,570952,570952,570952,570952,570952,570952,570952,570952,570952,570952,570952,570952,570952,570952,570952,570952,570952,570952,570952,570952,570952,570952
572286,572286,572286,572286,572286,572286,572286,572286,572286,572286,572286,572286,572286,572286,572286,572286,572286,572286,572286,572286,572286,572286,572286,572286,572286,572286,572286,572286,572286,572286
573620,573620,573620,573620,573620,573620,573620,573620,573620,573620,573620,573620,573620,573620,573620,573620,573620,573620,573620,573620,573620,573620,573620,573620,573620,573620,573620,573620,573620,573620
574954,574954,574954,574954,574954,574954,574954,574954,574954,574954,574954,574954,574954,574954,574954,574954,574954,574954,574954,574954,574954,574954,574954,574954,574954,574954,574954,574954,574954,574954
576288,576288,576288,576288,576288,576288,576288,576288,576288,576288,576288,576288,576288,576288,576288,576288,576288,576288,576288,576288,576288,576288,576288,576288,576288,576288,576288,576288,576288,576288
577622,577622,577622,577622,577622,577622,577622,577622,577622,577622,577622,577622,577622,577622,577622,577622,577622,577622,577622,577622,577622,577622,577622,577622,577622,577622,577622,577622,577622,577622
578956,578956,578956,578956,578956,578956,578956,578956,578956,578956,578956,578956,578956,578956,578956,578956,578956,578956,578956,578956,578956,578956,578956,578956,578956,578956,578956,578956,578956,578956
580290,580290,580290,580290,580290,580290,580290,580290,580290,580290,580290,580290,580290,580290,580290,580290,580290,580290,580290,580290,580290,580290,580290,580290,580290,580290,580290,580290,580290,580290
581624,581624,581624,581624,581624,581624,581624,581624,581624,581624,581624,581624,581624,581624,581624,581624,581624,581624,581624,581624,581624,581624,581624,581624,581624,581624,581624,581624,581624,581624
582958,582958,582958,582958,582958,582958,582958,582958,582958,582958,582958,582958,582958,582958,582958,582958,582958,582958,582958,582958,582958,582958,582958,582958,582958,582958,582958,582958,582958,582958
584292,584292,584292,584292,584292,584292,584292,584292,584292,584292,584292,584292,584292,584292,584292,584292,584292,584292,584292,584292,584292,584292,584292,584292,584292,584292,584292,584292,584292,584292
585626,585626,585626,585626,585626,585626,585626,585626,585626,585626,585626,585626,585626,585626,585626,585626,585626,585626,585626,585626,585626,585626,585626,585626,585626,585626,585626,585626,585626,585626
586960,586960,586960,586960,586960,586960,586960,586960,586960,586960,586960,586960,586960,586960,586960,586960,586960,586960,586960,586960,586960,586960,586960,586960,586960,586960,586960,586960,586960,586960
588294,588294,588294,588294,588294,588294,588294,588294,588294,588294,588294,588294,588294,588294,588294,588294,588294,588294,588294,588294,588294,588294,588294,588294,588294,588294,588294,588294,588294,588294
589628,589628,589628,589628,589628,589628,589628,589628,589628,589628,589628,589628,589628,589628,589628,589628,589628,589628,589628,589628,589628,589628,589628,589628,589628,589628,589628,589628,589628,589628
590962,590962,590962,590962,590962,590962,590962,590962,590962,590962,590962,590962,590962,590962,590962,590962,590962,590962,590962,590962,590962,590962,590962,590962,590962,590962,590962,590962,590962,590962
592296,592296,592296,592296,592296,592296,592296,592296,592296,592296,592296,592296,592296,592296,592296,592296,592296,592296,592296,592296,592296,592296,592296,592296,592296,592296,592296,592296,592296,592296
593630,593630,593630,593630,593630,593630,593630,593630,593630,593630,593630,593630,593630,593630,593630,593630,593630,593630,593630,593630,593630,593630,593630,593630,593630,593630,593630,593630,593630,593630
594964,594964,594964,594964,594964,594964,594964,594964,594964,594964,594964,594964,594964,594964,594964,594964,594964,594964,594964,594964,594964,594964,594964,594964,594964,594964,594964,594964,594964,594964
596298,596298,596298,596298,596298,596298,596298,596298,596298,596298,596298,596298,596298,596298,596298,596298,596298,596298,596298,596298,596298,596298,596298,596298,596298,596298,596298,596298,596298,596298
597632,597632,597632,597632,597632,597632,597632,597632,597632,597632,597632,597632,597632,597632,597632,597632,597632,597632,597632,597632,597632,597632,597632,597632,597632,597632,597632,597632,597632,597632
598966,598966,598966,598966,598966,598966,598966,598966,598966,598966,598966,598966,598966,598966,598966,598966,598966,598966,598966,598966,598966,598966,598966,598966,598966,598966,598966,598966,598966,598966
600300,600300,600300,600300,600300,600300,600300,600300,600300,600300,600300,600300,600300,600300,600300,600300,600300,600300,600300,600300,600300,600300,600300,600300,600300,600300,600300,600300,600300,600300
601634,601634,601634,601634,601634,601634,601634,601634,601634,601634,601634,601634,601634,601634,601634,601634,601634,601634,601634,601634,601634,601634,601634,601634,601634,601634,601634,601634,601634,601634
602968,602968,602968,602968,602968,602968,602968,602968,602968,602968,602968,602968,602968,602968,602968,602968,602968,602968,602968,602968,602968,602968,602968,602968,602968,602968,602968,602968,602968,602968
604302,604302,604302,604302,604302,604302,604302,604302,604302,604302,604302,604302,604302,604302,604302,604302,604302,604302,604302,604302,604302,604302,604302,604302,604302,604302,604302,604302,604302,604302
605636,605636,605636,605636,605636,605636,605636,605636,605636,605636,605636,605636,605636,605636,605636,605636,605636,605636,605636,605636,605636,605636,605636,605636,605636,605636,605636,605636,605636,605636
606970,606970,606970,606970,606970,606970,606970,606970,606970,606970,606970,606970,606970,606970,606970,606970,606970,606970,606970,606970,606970,606970,606970,606970,606970,606970,606970,606970,606970,606970
608304,608304,608304,608304,608304,608304,608304,608304,608304,608304,608304,608304,608304,608304,608304,608304,608304,608304,608304,608304,608304,608304,608304,608304,608304,608304,608304,608304,608304,608304
609638,609638,609638,609638,609638,609638,609638,609638,609638,609638,609638,609638,609638,609638,609638,609638,609638,609638,609638,609638,609638,609638,609638,609638,609638,609638,609638,609638,609638,609638
610972,610972,610972,610972,610972,610972,610972,610972,610972,610972,610972,610972,610972,610972,610972,610972,610972,610972,610972,610972,610972,610972,610972,610972,610972,610972,610972,610972,610972,610972
612306,612306,612306,612306,612306,612306,612306,612306,612306,612306,612306,612306,612306,612306,612306,612306,612306,612306,612306,612306,612306,612306,612306,612306,612306,612306,612306,612306,612306,612306
613640,613640,613640,613640,613640,613640,613640,613640,613640,613640,613640,613640,613640,613640,613640,613640,613640,613640,613640,613640,613640,613640,613640,613640,613640,613640,613640,613640,613640,613640
614974,614974,614974,614974,614974,614974,614974,614974,614974,614974,614974,614974,614974,614974,614974,614974,614974,614974,614974,614974,614974,614974,614974,614974,614974,614974,614974,614974,614974,614974
616308,616308,616308,616308,616308,616308,616308,616308,616308,616308,616308,616308,616308,616308,616308,616308,616308,616308,616308,616308,616308,616308,616308,616308,616308,616308,616308,616308,616308,616308
617642,617642,617642,617642,617642,617642,617642,617642,617642,617642,617642,617642,617642,617642,617642,617642,617642,617642,617642,617642,617642,617642,617642,617642,617642,617642,617642,617642,617642,617642
618976,618976,618976,618976,618976,618976,618976,618976,618976,618976,618976,618976,618976,618976,618976,618976,618976,618976,618976,618976,618976,618976,618976,618976,618976,618976,618976,618976,618976,618976
620310,620310,620310,620310,620310,620310,620310,620310,620310,620310,620310,620310,620310,620310,620310,620310,620310,620310,620310,620310,620310,620310,620310,620310,620310,620310,620310,620310,620310,620310
621644,621644,621644,621644,621644,621644,621644,621644,621644,621644,621644,621644,621644,621644,621644,621644,621644,621644,621644,621644,621644,621644,621644,621644,621644,621644,621644,621644,621644,621644
622978,622978,622978,622978,622978,622978,622978,622978,622978,622978,622978,622978,622978,622978,622978,622978,622978,622978,622978,622978,622978,622978,622978,622978,622978,622978,622978,622978,622978,622978
624312,624312,624312,624312,624312,624312,624312,624312,624312,624312,624312,624312,624312,624312,624312,624312,624312,624312,624312,624312,624312,624312,624312,624312,624312,624312,624312,624312,624312,624312
625646,625646,625646,625646,625646,625646,625646,625646,625646,625646,625646,625646,625646,625646,625646,625646,625646,625646,625646,625646,625646,625646,625646,625646,625646,625646,625646,625646,625646,625646
626980,626980,626980,626980,626980,626980,626980,626980,626980,626980,626980,626980,626980,626980,626980,626980,626980,626980,626980,626980,626980,626980,626980,626980,626980,626980,626980,626980,626980,626980
628314,628314,628314,628314,628314,628314,628314,628314,628314,628314,628314,628314,628314,628314,628314,628314,628314,628314,628314,628314,628314,628314,628314,628314,628314,628314,628314,628314,628314,628314
629648,629648,629648,629648,629648,629648,629648,629648,629648,629648,629648,629648,629648,629648,629648,629648,629648,629648,629648,629648,629648,629648,629648,629648,629648,629648,629648,629648,629648,629648
630982,630982,630982,630982,630982,630982,630982,630982,630982,630982,630982,630982,630982,630982,630982,630982,630982,630982,630982,630982,630982,630982,630982,630982,630982,630982,630982,630982,630982,630982
632316,632316,632316,632316,632316,632316,632316,632316,632316,632316,632316,632316,632316,632316,632316,632316,632316,632316,632316,632316,632316,632316,632316,632316,632316,632316,632316,632316,632316,632316
633650,633650,633650,633650,633650,633650,633650,633650,633650,633650,633650,633650,633650,633650,633650,633650,633650,633650,633650,633650,633650,633650,633650,633650,633650,633650,633650,633650,633650,633650
634984,634984,634984,634984,634984,634984,634984,634984,634984,634984,634984,634984,634984,634984,634984,634984,634984,634984,634984,634984,634984,634984,634984,634984,634984,634984,634984,634984,634984,634984
636318,636318,636318,636318,636318,636318,636318,636318,636318,636318,636318,636318,636318,636318,636318,636318,636318,636318,636318,636318,636318,636318,636318,636318,636318,636318,636318,636318,636318,636318
637652,637652,637652,637652,637652,637652,637652,637652,637652,637652,637652,637652,637652,637652,637652,637652,637652,637652,637652,637652,637652,637652,637652,637652,637652,637652,637652,637652,637652,637652
638986,638986,638986,638986,638986,638986,638986,638986,638986,638986,638986,638986,638986,638986,638986,638986,638986,638986,638986,638986,638986,638986,638986,638986,638986,638986,638986,638986,638986,638986
640320,640320,640320,640320,640320,640320,640320,640320,640320,640320,640320,640320,640320,640320,640320,640320,640320,640320,640320,640320,640320,640320,640320,640320,640320,640320,640320,640320,640320,640320
641654,641654,641654,641654,641654,641654,641654,641654,641654,641654,641654,641654,641654,641654,641654,641654,641654,641654,641654,641654,641654,641654,641654,641654,641654,641654,641654,641654,641654,641654
642988,642988,642988,642988,642988,642988,642988,642988,642988,642988,642988,642988,642988,642988,642988,642988,642988,642988,642988,642988,642988,642988,642988,642988,642988,642988,642988,642988,642988,642988
644322,644322,644322,644322,644322,644322,644322,644322,644322,644322,644322,644322,644322,644322,644322,644322,644322,644322,644322,644322,644322,644322,644322,644322,644322,644322,644322,644322,644322,644322
645656,645656,645656,645656,645656,645656,645656,645656,645656,645656,645656,645656,645656,645656,645656,645656,645656,645656,645656,645656,645656,645656,645656,645656,645656,645656,645656,645656,645656,645656
646990,646990,646990,646990,646990,646990,646990,646990,646990,646990,646990,646990,646990,646990,646990,646990,646990,646990,646990,646990,646990,646990,646990,646990,646990,646990,646990,646990,646990,646990
648324,648324,648324,648324,648324,648324,648324,648324,648324,648324,648324,648324,648324,648324,648324,648324,648324,648324,648324,648324,648324,648324,648324,648324,648324,648324,648324,648324,648324,648324
649658,649658,649658,649658,649658,649658,649658,649658,649658,649658,649658,649658,649658,649658,649658,649658,649658,649658,649658,649658,649658,649658,649658,649658,649658,649658,649658,649658,649658,649658
650992,650992,650992,650992,650992,650992,650992,650992,650992,650992,650992,650992,650992,650992,650992,650992,650992,650992,650992,650992,650992,650992,650992,650992,650992,650992,650992,650992,650992,650992
652326,652326,652326,652326,652326,652326,652326,652326,652326,652326,652326,652326,652326,652326,652326,652326,652326,652326,652326,652326,652326,652326,652326,652326,652326,652326,652326,652326,652326,652326
653660,653660,653660,653660,653660,653660,653660,653660,653660,653660,653660,653660,653660,653660,653660,653660,653660,653660,653660,653660,653660,653660,653660,653660,653660,653660,653660,653660,653660,653660
654994,654994,654994,654994,654994,654994,654994,654994,654994,654994,654994,654994,654994,654994,654994,654994,654994,654994,654994,654994,654994,654994,654994,654994,654994,654994,654994,654994,654994,654994
656328,656328,656328,656328,656328,656328,656328,656328,656328,656328,656328,656328,656328,656328,656328,656328,656328,656328,656328,656328,656328,656328,656328,656328,656328,656328,656328,656328,656328,656328
657662,657662,657662,657662,657662,657662,657662,657662,657662,657662,657662,657662,657662,657662,657662,657662,657662,657662,657662,657662,657662,657662,657662,657662,657662,657662,657662,657662,657662,657662
658996,658996,658996,658996,658996,658996,658996,658996,658996,658996,658996,658996,658996,658996,658996,658996,658996,658996,658996,658996,658996,658996,658996,658996,658996,658996,658996,658996,658996,658996
660330,660330,660330,660330,660330,660330,660330,660330,660330,660330,660330,660330,660330,660330,660330,660330,660330,660330,660330,660330,660330,660330,660330,660330,660330,660330,660330,660330,660330,660330
661664,661664,661664,661664,661664,661664,661664,661664,661664,661664,661664,661664,661664,661664,661664,661664,661664,661664,661664,661664,661664,661664,661664,661664,661664,661664,661664,661664,661664,661664
662998,662998,662998,662998,662998,662998,662998,662998,662998,662998,662998,662998,662998,662998,662998,662998,662998,662998,662998,662998,662998,662998,662998,662998,662998,662998,662998,662998,662998,662998
664332,664332,664332,664332,664332,664332,664332,664332,664332,664332,664332,664332,664332,664332,664332,664332,664332,664332,664332,664332,664332,664332,664332,664332,664332,664332,664332,664332,664332,664332
665666,665666,665666,665666,665666,665666,665666,665666,665666,665666,665666,665666,665666,665666,665666,665666,665666,665666,665666,665666,665666,665666,665666,665666,665666,665666,665666,665666,665666,665666
667000,667000,667000,667000,667000,667000,667000,667000,667000,667000,667000,667000,667000,667000,667000,667000,667000,667000,667000,667000,667000,667000,667000,667000,667000,667000,667000,667000,667000,667000
668334,668334,668334,668334,668334,668334,668334,668334,668334,668334,668334,668334,668334,668334,668334,668334,668334,668334,668334,668334,668334,668334,668334,668334,668334,668334,668334,668334,668334,668334
669668,669668,669668,669668,669668,669668,669668,669668,669668,669668,669668,669668,669668,669668,669668,669668,669668,669668,669668,669668,669668,669668,669668,669668,669668,669668,669668,669668,669668,669668
671002,671002,671002,671002,671002,671002,671002,671002,671002,671002,671002,671002,671002,671002,671002,671002,671002,671002,671002,671002,671002,671002,671002,671002,671002,671002,671002,671002,671002,671002
672336,672336,672336,672336,672336,672336,672336,672336,672336,672336,672336,672336,672336,672336,672336,672336,672336,672336,672336,672336,672336,672336,672336,672336,672336,672336,672336,672336,672336,672336
673670,673670,673670,673670,673670,673670,673670,673670,673670,673670,673670,673670,673670,673670,673670,673670,673670,673670,673670,673670,673670,673670,673670,673670,673670,673670,673670,673670,673670,673670
675004,675004,675004,675004,675004,675004,675004,675004,675004,675004,675004,675004,675004,675004,675004,675004,675004,675004,675004,675004,675004,675004,675004,675004,675004,675004,675004,675004,675004,675004
676338,676338,676338,676338,676338,676338,676338,676338,676338,676338,676338,676338,676338,676338,676338,676338,676338,676338,676338,676338,676338,676338,676338,676338,676338,676338,676338,676338,676338,676338
677672,677672,677672,677672,677672,677672,677672,677672,677672,677672,677672,677672,677672,677672,677672,677672,677672,677672,677672,677672,677672,677672,677672,677672,677672,677672,677672,677672,677672,677672
679006,679006,679006,679006,679006,679006,679006,679006,679006,679006,679006,679006,679006,679006,679006,679006,679006,679006,679006,679006,679006,679006,679006,679006,679006,679006,679006,679006,679006,679006
680340,680340,680340,680340,680340,680340,680340,680340,680340,680340,680340,680340,680340,680340,680340,680340,680340,680340,680340,680340,680340,680340,680340,680340,680340,680340,680340,680340,680340,680340
681674,681674,681674,681674,681674,681674,681674,681674,681674,681674,681674,681674,681674,681674,681674,681674,681674,681674,681674,681674,681674,681674,681674,681674,681674,681674,681674,681674,681674,681674
683008,683008,683008,683008,683008,683008,683008,683008,683008,683008,683008,683008,683008,683008,683008,683008,683008,683008,683008,683008,683008,683008,683008,683008,683008,683008,683008,683008,683008,683008
684342,684342,684342,684342,684342,684342,684342,684342,684342,684342,684342,684342,684342,684342,684342,684342,684342,684342,684342,684342,684342,684342,684342,684342,684342,684342,684342,684342,684342,684342
685676,685676,685676,685676,685676,685676,685676,685676,685676,685676,685676,685676,685676,685676,685676,685676,685676,685676,685676,685676,685676,685676,685676,685676,685676,685676,685676,685676,685676,685676
687010,687010,687010,687010,687010,687010,687010,687010,687010,687010,687010,687010,687010,687010,687010,687010,687010,687010,687010,687010,687010,687010,687010,687010,687010,687010,687010,687010,687010,687010
688344,688344,688344,688344,688344,688344,688344,688344,688344,688344,688344,688344,688344,688344,688344,688344,688344,688344,688344,688344,688344,688344,688344,688344,688344,688344,688344,688344,688344,688344
689678,689678,689678,689678,689678,689678,689678,689678,689678,689678,689678,689678,689678,689678,689678,689678,689678,689678,689678,689678,689678,689678,689678,689678,689678,689678,689678,689678,689678,689678
691012,691012,691012,691012,691012,691012,691012,691012,691012,691012,691012,691012,691012,691012,691012,691012,691012,691012,691012,691012,691012,691012,691012,691012,691012,691012,691012,691012,691012,691012
692346,692346,692346,692346,692346,692346,692346,692346,692346,692346,692346,692346,692346,692346,692346,692346,692346,692346,692346,692346,692346,692346,692346,692346,692346,692346,692346,692346,692346,692346
693680,693680,693680,693680,693680,693680,693680,693680,693680,693680,693680,693680,693680,693680,693680,693680,693680,693680,693680,693680,693680,693680,693680,693680,693680,693680,693680,693680,693680,693680
695014,695014,695014,695014,695014,695014,695014,695014,695014,695014,695014,695014,695014,695014,695014,695014,695014,695014,695014,695014,695014,695014,695014,695014,695014,695014,695014,695014,695014,695014
696348,696348,696348,696348,696348,696348,696348,696348,696348,696348,696348,696348,696348,696348,696348,696348,696348,696348,696348,696348,696348,696348,696348,696348,696348,696348,696348,696348,696348,696348
697682,697682,697682,697682,697682,697682,697682,697682,697682,697682,697682,697682,697682,697682,697682,697682,697682,697682,697682,697682,697682,697682,697682,697682,697682,697682,697682,697682,697682,697682
699016,699016,699016,699016,699016,699016,699016,699016,699016,699016,699016,699016,699016,699016,699016,699016,699016,699016,699016,699016,699016,699016,699016,699016,699016,699016,699016,699016,699016,699016
700350,700350,700350,700350,700350,700350,700350,700350,700350,700350,700350,700350,700350,700350,700350,700350,700350,700350,700350,700350,700350,700350,700350,700350,700350,700350,700350,700350,700350,700350
701684,701684,701684,701684,701684,701684,701684,701684,701684,701684,701684,701684,701684,701684,701684,701684,701684,701684,701684,701684,701684,701684,701684,701684,701684,701684,701684,701684,701684,701684
703018,703018,703018,703018,703018,703018,703018,703018,703018,703018,703018,703018,703018,703018,703018,703018,703018,703018,703018,703018,703018,703018,703018,703018,703018,703018,703018,703018,703018,703018
704352,704352,704352,704352,704352,704352,704352,704352,704352,704352,704352,704352,704352,704352,704352,704352,704352,704352,704352,704352,704352,704352,704352,704352,704352,704352,704352,704352,704352,704352
705686,705686,705686,705686,705686,705686,705686,705686,705686,705686,705686,705686,705686,705686,705686,705686,705686,705686,705686,705686,705686,705686,705686,705686,705686,705686,705686,705686,705686,705686
707020,707020,707020,707020,707020,707020,707020,707020,707020,707020,707020,707020,707020,707020,707020,707020,707020,707020,707020,707020,707020,707020,707020,707020,707020,707020,707020,707020,707020,707020
708354,708354,708354,708354,708354,708354,708354,708354,708354,708354,708354,708354,708354,708354,708354,708354,708354,708354,708354,708354,708354,708354,708354,708354,708354,708354,708354,708354,708354,708354
709688,709688,709688,709688,709688,709688,709688,709688,709688,709688,709688,709688,709688,709688,709688,709688,709688,709688,709688,709688,709688,709688,709688,709688,709688,709688,709688,709688,709688,709688
711022,711022,711022,711022,711022,711022,711022,711022,711022,711022,711022,711022,711022,711022,711022,711022,711022,711022,711022,711022,711022,711022,711022,711022,711022,711022,711022,711022,711022,711022
712356,712356,712356,712356,712356,712356,712356,712356,712356,712356,712356,712356,712356,712356,712356,712356,712356,712356,712356,712356,712356,712356,712356,712356,712356,712356,712356,712356,712356,712356
713690,713690,713690,713690,713690,713690,713690,713690,713690,713690,713690,713690,713690,713690,713690,713690,713690,713690,713690,713690,713690,713690,713690,713690,713690,713690,713690,713690,713690,713690
715024,715024,715024,715024,715024,715024,715024,715024,715024,715024,715024,715024,715024,715024,715024,715024,715024,715024,715024,715024,715024,715024,715024,715024,715024,715024,715024,715024,715024,715024
716358,716358,716358,716358,716358,716358,716358,716358,716358,716358,716358,716358,716358,716358,716358,716358,716358,716358,716358,716358,716358,716358,716358,716358,716358,716358,716358,716358,716358,716358
717692,717692,717692,717692,717692,717692,717692,717692,717692,717692,717692,717692,717692,717692,717692,717692,717692,717692,717692,717692,717692,717692,717692,717692,717692,717692,717692,717692,717692,717692
719026,719026,719026,719026,719026,719026,719026,719026,719026,719026,719026,719026,719026,719026,719026,719026,719026,719026,719026,719026,719026,719026,719026,719026,719026,719026,719026,719026,719026,719026
720360,720360,720360,720360,720360,720360,720360,720360,720360,720360,720360,720360,720360,720360,720360,720360,720360,720360,720360,720360,720360,720360,720360,720360,720360,720360,720360,720360,720360,720360
721694,721694,721694,721694,721694,721694,721694,721694,721694,721694,721694,721694,721694,721694,721694,721694,721694,721694,721694,721694,721694,721694,721694,721694,721694,721694,721694,721694,721694,721694
723028,723028,723028,723028,723028,723028,723028,723028,723028,723028,723028,723028,723028,723028,723028,723028,723028,723028,723028,723028,723028,723028,723028,723028,723028,723028,723028,723028,723028,723028
724362,724362,724362,724362,724362,724362,724362,724362,724362,724362,724362,724362,724362,724362,724362,724362,724362,724362,724362,724362,724362,724362,724362,724362,724362,724362,724362,724362,724362,724362
725696,725696,725696,725696,725696,725696,725696,725696,725696,725696,725696,725696,725696,725696,725696,725696,725696,725696,725696,725696,725696,725696,725696,725696,725696,725696,725696,725696,725696,725696
727030,727030,727030,727030,727030,727030,727030,727030,727030,727030,727030,727030,727030,727030,727030,727030,727030,727030,727030,727030,727030,727030,727030,727030,727030,727030,727030,727030,727030,727030
728364,728364,728364,728364,728364,728364,728364,728364,728364,728364,728364,728364,728364,728364,728364,728364,728364,728364,728364,728364,728364,728364,728364,728364,728364,728364,728364,728364,728364,728364
729698,729698,729698,729698,729698,729698,729698,729698,729698,729698,729698,729698,729698,729698,729698,729698,729698,729698,729698,729698,729698,729698,729698,729698,729698,729698,729698,729698,729698,729698
731032,731032,731032,731032,731032,731032,731032,731032,731032,731032,731032,731032,731032,731032,731032,731032,731032,731032,731032,731032,731032,731032,731032,731032,731032,731032,731032,731032,731032,731032
732366,732366,732366,732366,732366,732366,732366,732366,732366,732366,732366,732366,732366,732366,732366,732366,732366,732366,732366,732366,732366,732366,732366,732366,732366,732366,732366,732366,732366,732366
733700,733700,733700,733700,733700,733700,733700,733700,733700,733700,733700,733700,733700,733700,733700,733700,733700,733700,733700,733700,733700,733700,733700,733700,733700,733700,733700,733700,733700,733700
735034,735034,735034,735034,735034,735034,735034,735034,735034,735034,735034,735034,735034,735034,735034,735034,735034,735034,735034,735034,735034,735034,735034,735034,735034,735034,735034,735034,735034,735034
736368,736368,736368,736368,736368,736368,736368,736368,736368,736368,736368,736368,736368,736368,736368,736368,736368,736368,736368,736368,736368,736368,736368,736368,736368,736368,736368,736368,736368,736368
737702,737702,737702,737702,737702,737702,737702,737702,737702,737702,737702,737702,737702,737702,737702,737702,737702,737702,737702,737702,737702,737702,737702,737702,737702,737702,737702,737702,737702,737702
739036,739036,739036,739036,739036,739036,739036,739036,739036,739036,739036,739036,739036,739036,739036,739036,739036,739036,739036,739036,739036,739036,739036,739036,739036,739036,739036,739036,739036,739036
740370,740370,740370,740370,740370,740370,740370,740370,740370,740370,740370,740370,740370,740370,740370,740370,740370,740370,740370,740370,740370,740370,740370,740370,740370,740370,740370,740370,740370,740370
741704,741704,741704,741704,741704,741704,741704,741704,741704,741704,741704,741704,741704,741704,741704,741704,741704,741704,741704,741704,741704,741704,741704,741704,741704,741704,741704,741704,741704,741704
743038,743038,743038,743038,743038,743038,743038,743038,743038,743038,743038,743038,743038,743038,743038,743038,743038,743038,743038,743038,743038,743038,743038,743038,743038,743038,743038,743038,743038,743038
744372,744372,744372,744372,744372,744372,744372,744372,744372,744372,744372,744372,744372,744372,744372,744372,744372,744372,744372,744372,744372,744372,744372,744372,744372,744372,744372,744372,744372,744372
745706,745706,745706,745706,745706,745706,745706,745706,745706,745706,745706,745706,745706,745706,745706,745706,745706,745706,745706,745706,745706,745706,745706,745706,745706,745706,745706,745706,745706,745706
747040,747040,747040,747040,747040,747040,747040,747040,747040,747040,747040,747040,747040,747040,747040,747040,747040,747040,747040,747040,747040,747040,747040,747040,747040,747040,747040,747040,747040,747040
748374,748374,748374,748374,748374,748374,748374,748374,748374,748374,748374,748374,748374,748374,748374,748374,748374,748374,748374,748374,748374,748374,748374,748374,748374,748374,748374,748374,748374,748374
749708,749708,749708,749708,749708,749708,749708,749708,749708,749708,749708,749708,749708,749708,749708,749708,749708,749708,749708,749708,749708,749708,749708,749708,749708,749708,749708,749708,749708,749708
751042,751042,751042,751042,751042,751042,751042,751042,751042,751042,751042,751042,751042,751042,751042,751042,751042,751042,751042,751042,751042,751042,751042,751042,751042,751042,751042,751042,751042,751042
752376,752376,752376,752376,752376,752376,752376,752376,752376,752376,752376,752376,752376,752376,752376,752376,752376,752376,752376,752376,752376,752376,752376,752376,752376,752376,752376,752376,752376,752376
753710,753710,753710,753710,753710,753710,753710,753710,753710,753710,753710,753710,753710,753710,753710,753710,753710,753710,753710,753710,753710,753710,753710,753710,753710,753710,753710,753710,753710,753710
755044,755044,755044,755044,755044,755044,755044,755044,755044,755044,755044,755044,755044,755044,755044,755044,755044,755044,755044,755044,755044,755044,755044,755044,755044,755044,755044,755044,755044,755044
756378,756378,756378,756378,756378,756378,756378,756378,756378,756378,756378,756378,756378,756378,756378,756378,756378,756378,756378,756378,756378,756378,756378,756378,756378,756378,756378,756378,756378,756378
757712,757712,757712,757712,757712,757712,757712,757712,757712,757712,757712,757712,757712,757712,757712,757712,757712,757712,757712,757712,757712,757712,757712,757712,757712,757712,757712,757712,757712,757712
759046,759046,759046,759046,759046,759046,759046,759046,759046,759046,759046,759046,759046,759046,759046,759046,759046,759046,759046,759046,759046,759046,759046,759046,759046,759046,759046,759046,759046,759046
760380,760380,760380,760380,760380,760380,760380,760380,760380,760380,760380,760380,760380,760380,760380,760380,760380,760380,760380,760380,760380,760380,760380,760380,760380,760380,760380,760380,760380,760380
761714,761714,761714,761714,761714,761714,761714,761714,761714,761714,761714,761714,761714,761714,761714,761714,761714,761714,761714,761714,761714,761714,761714,761714,761714,761714,761714,761714,761714,761714
763048,763048,763048,763048,763048,763048,763048,763048,763048,763048,763048,763048,763048,763048,763048,763048,763048,763048,763048,763048,763048,763048,763048,763048,763048,763048,763048,763048,763048,763048
764382,764382,764382,764382,764382,764382,764382,764382,764382,764382,764382,764382,764382,764382,764382,764382,764382,764382,764382,764382,764382,764382,764382,764382,764382,764382,764382,764382,764382,764382
765716,765716,765716,765716,765716,765716,765716,765716,765716,765716,765716,765716,765716,765716,765716,765716,765716,765716,765716,765716,765716,765716,765716,765716,765716,765716,765716,765716,765716,765716
767050,767050,767050,767050,767050,767050,767050,767050,767050,767050,767050,767050,767050,767050,767050,767050,767050,767050,767050,767050,767050,767050,767050,767050,767050,767050,767050,767050,767050,767050
768384,768384,768384,768384,768384,768384,768384,768384,768384,768384,768384,768384,768384,768384,768384,768384,768384,768384,768384,768384,768384,768384,768384,768384,768384,768384,768384,768384,768384,768384
769718,769718,769718,769718,769718,769718,769718,769718,769718,769718,769718,769718,769718,769718,769718,769718,769718,769718,769718,769718,769718,769718,769718,769718,769718,769718,769718,769718,769718,769718
771052,771052,771052,771052,771052,771052,771052,771052,771052,771052,771052,771052,771052,771052,771052,771052,771052,771052,771052,771052,771052,771052,771052,771052,771052,771052,771052,771052,771052,771052
772386,772386,772386,772386,772386,772386,772386,772386,772386,772386,772386,772386,772386,772386,772386,772386,772386,772386,772386,772386,772386,772386,772386,772386,772386,772386,772386,772386,772386,772386
773720,773720,773720,773720,773720,773720,773720,773720,773720,773720,773720,773720,773720,773720,773720,773720,773720,773720,773720,773720,773720,773720,773720,773720,773720,773720,773720,773720,773720,773720
775054,775054,775054,775054,775054,775054,775054,775054,775054,775054,775054,775054,775054,775054,775054,775054,775054,775054,775054,775054,775054,775054,775054,775054,775054,775054,775054,775054,775054,775054
776388,776388,776388,776388,776388,776388,776388,776388,776388,776388,776388,776388,776388,776388,776388,776388,776388,776388,776388,776388,776388,776388,776388,776388,776388,776388,776388,776388,776388,776388
777722,777722,777722,777722,777722,777722,777722,777722,777722,777722,777722,777722,777722,777722,777722,777722,777722,777722,777722,777722,777722,777722,777722,777722,777722,777722,777722,777722,777722,777722
779056,779056,779056,779056,779056,779056,779056,779056,779056,779056,779056,779056,779056,779056,779056,779056,779056,779056,779056,779056,779056,779056,779056,779056,779056,779056,779056,779056,779056,779056
780390,780390,780390,780390,780390,780390,780390,780390,780390,780390,780390,780390,780390,780390,780390,780390,780390,780390,780390,780390,780390,780390,780390,780390,780390,780390,780390,780390,780390,780390
781724,781724,781724,781724,781724,781724,781724,781724,781724,781724,781724,781724,781724,781724,781724,781724,781724,781724,781724,781724,781724,781724,781724,781724,781724,781724,781724,781724,781724,781724
783058,783058,783058,783058,783058,783058,783058,783058,783058,783058,783058,783058,783058,783058,783058,783058,783058,783058,783058,783058,783058,783058,783058,783058,783058,783058,783058,783058,783058,783058
784392,784392,784392,784392,784392,784392,784392,784392,784392,784392,784392,784392,784392,784392,784392,784392,784392,784392,784392,784392,784392,784392,784392,784392,784392,784392,784392,784392,784392,784392
785726,785726,785726,785726,785726,785726,785726,785726,785726,785726,785726,785726,785726,785726,785726,785726,785726,785726,785726,785726,785726,785726,785726,785726,785726,785726,785726,785726,785726,785726
787060,787060,787060,787060,787060,787060,787060,787060,787060,787060,787060,787060,787060,787060,787060,787060,787060,787060,787060,787060,787060,787060,787060,787060,787060,787060,787060,787060,787060,787060
788394,788394,788394,788394,788394,788394,788394,788394,788394,788394,788394,788394,788394,788394,788394,788394,788394,788394,788394,788394,788394,788394,788394,788394,788394,788394,788394,788394,788394,788394
789728,789728,789728,789728,789728,789728,789728,789728,789728,789728,789728,789728,789728,789728,789728,789728,789728,789728,789728,789728,789728,789728,789728,789728,789728,789728,789728,789728,789728,789728
791062,791062,791062,791062,791062,791062,791062,791062,791062,791062,791062,791062,791062,791062,791062,791062,791062,791062,791062,791062,791062,791062,791062,791062,791062,791062,791062,791062,791062,791062
792396,792396,792396,792396,792396,792396,792396,792396,792396,792396,792396,792396,792396,792396,792396,792396,792396,792396,792396,792396,792396,792396,792396,792396,792396,792396,792396,792396,792396,792396
793730,793730,793730,793730,793730,793730,793730,793730,793730,793730,793730,793730,793730,793730,793730,793730,793730,793730,793730,793730,793730,793730,793730,793730,793730,793730,793730,793730,793730,793730
795064,795064,795064,795064,795064,795064,795064,795064,795064,795064,795064,795064,795064,795064,795064,795064,795064,795064,795064,795064,795064,795064,795064,795064,795064,795064,795064,795064,795064,795064
796398,796398,796398,796398,796398,796398,796398,796398,796398,796398,796398,796398,796398,796398,796398,796398,796398,796398,796398,796398,796398,796398,796398,796398,796398,796398,796398,796398,796398,796398
797732,797732,797732,797732,797732,797732,797732,797732,797732,797732,797732,797732,797732,797732,797732,797732,797732,797732,797732,797732,797732,797732,797732,797732,797732,797732,797732,797732,797732,797732
799066,799066,799066,799066,799066,799066,799066,799066,799066,799066,799066,799066,799066,799066,799066,799066,799066,799066,799066,799066,799066,799066,799066,799066,799066,799066,799066,799066,799066,799066
800400,800400,800400,800400,800400,800400,800400,800400,800400,800400,800400,800400,800400,800400,800400,800400,800400,800400,800400,800400,800400,800400,800400,800400,800400,800400,800400,800400,800400,800400
801734,801734,801734,801734,801734,801734,801734,801734,801734,801734,801734,801734,801734,801734,801734,801734,801734,801734,801734,801734,801734,801734,801734,801734,801734,801734,801734,801734,801734,801734
803068,803068,803068,803068,803068,803068,803068,803068,803068,803068,803068,803068,803068,803068,803068,803068,803068,803068,803068,803068,803068,803068,803068,803068,803068,803068,803068,803068,803068,803068
804402,804402,804402,804402,804402,804402,804402,804402,804402,804402,804402,804402,804402,804402,804402,804402,804402,804402,804402,804402,804402,804402,804402,804402,804402,804402,804402,804402,804402,804402
805736,805736,805736,805736,805736,805736,805736,805736,805736,805736,805736,805736,805736,805736,805736,805736,805736,805736,805736,805736,805736,805736,805736,805736,805736,805736,805736,805736,805736,805736
807070,807070,807070,807070,807070,807070,807070,807070,807070,807070,807070,807070,807070,807070,807070,807070,807070,807070,807070,807070,807070,807070,807070,807070,807070,807070,807070,807070,807070,807070
808404,808404,808404,808404,808404,808404,808404,808404,808404,808404,808404,808404,808404,808404,808404,808404,808404,808404,808404,808404,808404,808404,808404,808404,808404,808404,808404,808404,808404,808404
809738,809738,809738,809738,809738,809738,809738,809738,809738,809738,809738,809738,809738,809738,809738,809738,809738,809738,809738,809738,809738,809738,809738,809738,809738,809738,809738,809738,809738,809738
811072,811072,811072,811072,811072,811072,811072,811072,811072,811072,811072,811072,811072,811072,811072,811072,811072,811072,811072,811072,811072,811072,811072,811072,811072,811072,811072,811072,811072,811072
812406,812406,812406,812406,812406,812406,812406,812406,812406,812406,812406,812406,812406,812406,812406,812406,812406,812406,812406,812406,812406,812406,812406,812406,812406,812406,812406,812406,812406,812406
813740,813740,813740,813740,813740,813740,813740,813740,813740,813740,813740,813740,813740,813740,813740,813740,813740,813740,813740,813740,813740,813740,813740,813740,813740,813740,813740,813740,813740,813740
815074,815074,815074,815074,815074,815074,815074,815074,815074,815074,815074,815074,815074,815074,815074,815074,815074,815074,815074,815074,815074,815074,815074,815074,815074,815074,815074,815074,815074,815074
816408,816408,816408,816408,816408,816408,816408,816408,816408,816408,816408,816408,816408,816408,816408,816408,816408,816408,816408,816408,816408,816408,816408,816408,816408,816408,816408,816408,816408,816408
817742,817742,817742,817742,817742,817742,817742,817742,817742,817742,817742,817742,817742,817742,817742,817742,817742,817742,817742,817742,817742,817742,817742,817742,817742,817742,817742,817742,817742,817742
819076,819076,819076,819076,819076,819076,819076,819076,819076,819076,819076,819076,819076,819076,819076,819076,819076,819076,819076,819076,819076,819076,819076,819076,819076,819076,819076,819076,819076,819076
820410,820410,820410,820410,820410,820410,820410,820410,820410,820410,820410,820410,820410,820410,820410,820410,820410,820410,820410,820410,820410,820410,820410,820410,820410,820410,820410,820410,820410,820410
821744,821744,821744,821744,821744,821744,821744,821744,821744,821744,821744,821744,821744,821744,821744,821744,821744,821744,821744,821744,821744,821744,821744,821744,821744,821744,821744,821744,821744,821744
823078,823078,823078,823078,823078,823078,823078,823078,823078,823078,823078,823078,823078,823078,823078,823078,823078,823078,823078,823078,823078,823078,823078,823078,823078,823078,823078,823078,823078,823078
824412,824412,824412,824412,824412,824412,824412,824412,824412,824412,824412,824412,824412,824412,824412,824412,824412,824412,824412,824412,824412,824412,824412,824412,824412,824412,824412,824412,824412,824412
825746,825746,825746,825746,825746,825746,825746,825746,825746,825746,825746,825746,825746,825746,825746,825746,825746,825746,825746,825746,825746,825746,825746,825746,825746,825746,825746,825746,825746,825746
827080,827080,827080,827080,827080,827080,827080,827080,827080,827080,827080,827080,827080,827080,827080,827080,827080,827080,827080,827080,827080,827080,827080,827080,827080,827080,827080,827080,827080,827080
828414,828414,828414,828414,828414,828414,828414,828414,828414,828414,828414,828414,828414,828414,828414,828414,828414,828414,828414,828414,828414,828414,828414,828414,828414,828414,828414,828414,828414,828414
829748,829748,829748,829748,829748,829748,829748,829748,829748,829748,829748,829748,829748,829748,829748,829748,829748,829748,829748,829748,829748,829748,829748,829748,829748,829748,829748,829748,829748,829748
831082,831082,831082,831082,831082,831082,831082,831082,831082,831082,831082,831082,831082,831082,831082,831082,831082,831082,831082,831082,831082,831082,831082,831082,831082,831082,831082,831082,831082,831082
832416,832416,832416,832416,832416,832416,832416,832416,832416,832416,832416,832416,832416,832416,832416,832416,832416,832416,832416,832416,832416,832416,832416,832416,832416,832416,832416,832416,832416,832416
833750,833750,833750,833750,833750,833750,833750,833750,833750,833750,833750,833750,833750,833750,833750,833750,833750,833750,833750,833750,833750,833750,833750,833750,833750,833750,833750,833750,833750,833750
835084,835084,835084,835084,835084,835084,835084,835084,835084,835084,835084,835084,835084,835084,835084,835084,835084,835084,835084,835084,835084,835084,835084,835084,835084,835084,835084,835084,835084,835084
836418,836418,836418,836418,836418,836418,836418,836418,836418,836418,836418,836418,836418,836418,836418,836418,836418,836418,836418,836418,836418,836418,836418,836418,836418,836418,836418,836418,836418,836418
837752,837752,837752,837752,837752,837752,837752,837752,837752,837752,837752,837752,837752,837752,837752,837752,837752,837752,837752,837752,837752,837752,837752,837752,837752,837752,837752,837752,837752,837752
839086,839086,839086,839086,839086,839086,839086,839086,839086,839086,839086,839086,839086,839086,839086,839086,839086,839086,839086,839086,839086,839086,839086,839086,839086,839086,839086,839086,839086,839086
840420,840420,840420,840420,840420,840420,840420,840420,840420,840420,840420,840420,840420,840420,840420,840420,840420,840420,840420,840420,840420,840420,840420,840420,840420,840420,840420,840420,840420,840420
841754,841754,841754,841754,841754,841754,841754,841754,841754,841754,841754,841754,841754,841754,841754,841754,841754,841754,841754,841754,841754,841754,841754,841754,841754,841754,841754,841754,841754,841754
843088,843088,843088,843088,843088,843088,843088,843088,843088,843088,843088,843088,843088,843088,843088,843088,843088,843088,843088,843088,843088,843088,843088,843088,843088,843088,843088,843088,843088,843088
844422,844422,844422,844422,844422,844422,844422,844422,844422,844422,844422,844422,844422,844422,844422,844422,844422,844422,844422,844422,844422,844422,844422,844422,844422,844422,844422,844422,844422,844422
845756,845756,845756,845756,845756,845756,845756,845756,845756,845756,845756,845756,845756,845756,845756,845756,845756,845756,845756,845756,845756,845756,845756,845756,845756,845756,845756,845756,845756,845756
847090,847090,847090,847090,847090,847090,847090,847090,847090,847090,847090,847090,847090,847090,847090,847090,847090,847090,847090,847090,847090,847090,847090,847090,847090,847090,847090,847090,847090,847090
848424,848424,848424,848424,848424,848424,848424,848424,848424,848424,848424,848424,848424,848424,848424,848424,848424,848424,848424,848424,848424,848424,848424,848424,848424,848424,848424,848424,848424,848424
849758,849758,849758,849758,849758,849758,849758,849758,849758,849758,849758,849758,849758,849758,849758,849758,849758,849758,849758,849758,849758,849758,849758,849758,849758,849758,849758,849758,849758,849758
851092,851092,851092,851092,851092,851092,851092,851092,851092,851092,851092,851092,851092,851092,851092,851092,851092,851092,851092,851092,851092,851092,851092,851092,851092,851092,851092,851092,851092,851092
852426,852426,852426,852426,852426,852426,852426,852426,852426,852426,852426,852426,852426,852426,852426,852426,852426,852426,852426,852426,852426,852426,852426,852426,852426,852426,852426,852426,852426,852426
853760,853760,853760,853760,853760,853760,853760,853760,853760,853760,853760,853760,853760,853760,853760,853760,853760,853760,853760,853760,853760,853760,853760,853760,853760,853760,853760,853760,853760,853760
855094,855094,855094,855094,855094,855094,855094,855094,855094,855094,855094,855094,855094,855094,855094,855094,855094,855094,855094,855094,855094,855094,855094,855094,855094,855094,855094,855094,855094,855094
856428,856428,856428,856428,856428,856428,856428,856428,856428,856428,856428,856428,856428,856428,856428,856428,856428,856428,856428,856428,856428,856428,856428,856428,856428,856428,856428,856428,856428,856428
857762,857762,857762,857762,857762,857762,857762,857762,857762,857762,857762,857762,857762,857762,857762,857762,857762,857762,857762,857762,857762,857762,857762,857762,857762,857762,857762,857762,857762,857762
859096,859096,859096,859096,859096,859096,859096,859096,859096,859096,859096,859096,859096,859096,859096,859096,859096,859096,859096,859096,859096,859096,859096,859096,859096,859096,859096,859096,859096,859096
860430,860430,860430,860430,860430,860430,860430,860430,860430,860430,860430,860430,860430,860430,860430,860430,860430,860430,860430,860430,860430,860430,860430,860430,860430,860430,860430,860430,860430,860430
861764,861764,861764,861764,861764,861764,861764,861764,861764,861764,861764,861764,861764,861764,861764,861764,861764,861764,861764,861764,861764,861764,861764,861764,861764,861764,861764,861764,861764,861764
863098,863098,863098,863098,863098,863098,863098,863098,863098,863098,863098,863098,863098,863098,863098,863098,863098,863098,863098,863098,863098,863098,863098,863098,863098,863098,863098,863098,863098,863098
864432,864432,864432,864432,864432,864432,864432,864432,864432,864432,864432,864432,864432,864432,864432,864432,864432,864432,864432,864432,864432,864432,864432,864432,864432,864432,864432,864432,864432,864432
865766,865766,865766,865766,865766,865766,865766,865766,865766,865766,865766,865766,865766,865766,865766,865766,865766,865766,865766,865766,865766,865766,865766,865766,865766,865766,865766,865766,865766,865766
867100,867100,867100,867100,867100,867100,867100,867100,867100,867100,867100,867100,867100,867100,867100,867100,867100,867100,867100,867100,867100,867100,867100,867100,867100,867100,867100,867100,867100,867100
868434,868434,868434,868434,868434,868434,868434,868434,868434,868434,868434,868434,868434,868434,868434,868434,868434,868434,868434,868434,868434,868434,868434,868434,868434,868434,868434,868434,868434,868434
869768,869768,869768,869768,869768,869768,869768,869768,869768,869768,869768,869768,869768,869768,869768,869768,869768,869768,869768,869768,869768,869768,869768,869768,869768,869768,869768,869768,869768,869768
871102,871102,871102,871102,871102,871102,871102,871102,871102,871102,871102,871102,871102,871102,871102,871102,871102,871102,871102,871102,871102,871102,871102,871102,871102,871102,871102,871102,871102,871102
872436,872436,872436,872436,872436,872436,872436,872436,872436,872436,872436,872436,872436,872436,872436,872436,872436,872436,872436,872436,872436,872436,872436,872436,872436,872436,872436,872436,872436,872436
873770,873770,873770,873770,873770,873770,873770,873770,873770,873770,873770,873770,873770,873770,873770,873770,873770,873770,873770,873770,873770,873770,873770,873770,873770,873770,873770,873770,873770,873770
875104,875104,875104,875104,875104,875104,875104,875104,875104,875104,875104,875104,875104,875104,875104,875104,875104,875104,875104,875104,875104,875104,875104,875104,875104,875104,875104,875104,875104,875104
876438,876438,876438,876438,876438,876438,876438,876438,876438,876438,876438,876438,876438,876438,876438,876438,876438,876438,876438,876438,876438,876438,876438,876438,876438,876438,876438,876438,876438,876438
877772,877772,877772,877772,877772,877772,877772,877772,877772,877772,877772,877772,877772,877772,877772,877772,877772,877772,877772,877772,877772,877772,877772,877772,877772,877772,877772,877772,877772,877772
879106,879106,879106,879106,879106,879106,879106,879106,879106,879106,879106,879106,879106,879106,879106,879106,879106,879106,879106,879106,879106,879106,879106,879106,879106,879106,879106,879106,879106,879106
880440,880440,880440,880440,880440,880440,880440,880440,880440,880440,880440,880440,880440,880440,880440,880440,880440,880440,880440,880440,880440,880440,880440,880440,880440,880440,880440,880440,880440,880440
881774,881774,881774,881774,881774,881774,881774,881774,881774,881774,881774,881774,881774,881774,881774,881774,881774,881774,881774,881774,881774,881774,881774,881774,881774,881774,881774,881774,881774,881774
883108,883108,883108,883108,883108,883108,883108,883108,883108,883108,883108,883108,883108,883108,883108,883108,883108,883108,883108,883108,883108,883108,883108,883108,883108,883108,883108,883108,883108,883108
884442,884442,884442,884442,884442,884442,884442,884442,884442,884442,884442,884442,884442,884442,884442,884442,884442,884442,884442,884442,884442,884442,884442,884442,884442,884442,884442,884442,884442,884442
885776,885776,885776,885776,885776,885776,885776,885776,885776,885776,885776,885776,885776,885776,885776,885776,885776,885776,885776,885776,885776,885776,885776,885776,885776,885776,885776,885776,885776,885776
887110,887110,887110,887110,887110,887110,887110,887110,887110,887110,887110,887110,887110,887110,887110,887110,887110,887110,887110,887110,887110,887110,887110,887110,887110,887110,887110,887110,887110,887110
888444,888444,888444,888444,888444,888444,888444,888444,888444,888444,888444,888444,888444,888444,888444,888444,888444,888444,888444,888444,888444,888444,888444,888444,888444,888444,888444,888444,888444,888444
889778,889778,889778,889778,889778,889778,889778,889778,889778,889778,889778,889778,889778,889778,889778,889778,889778,889778,889778,889778,889778,889778,889778,889778,889778,889778,889778,889778,889778,889778
891112,891112,891112,891112,891112,891112,891112,891112,891112,891112,891112,891112,891112,891112,891112,891112,891112,891112,891112,891112,891112,891112,891112,891112,891112,891112,891112,891112,891112,891112
892446,892446,892446,892446,892446,892446,892446,892446,892446,892446,892446,892446,892446,892446,892446,892446,892446,892446,892446,892446,892446,892446,892446,892446,892446,892446,892446,892446,892446,892446
893780,893780,893780,893780,893780,893780,893780,893780,893780,893780,893780,893780,893780,893780,893780,893780,893780,893780,893780,893780,893780,893780,893780,893780,893780,893780,893780,893780,893780,893780
895114,895114,895114,895114,895114,895114,895114,895114,895114,895114,895114,895114,895114,895114,895114,895114,895114,895114,895114,895114,895114,895114,895114,895114,895114,895114,895114,895114,895114,895114
896448,896448,896448,896448,896448,896448,896448,896448,896448,896448,896448,896448,896448,896448,896448,896448,896448,896448,896448,896448,896448,896448,896448,896448,896448,896448,896448,896448,896448,896448
897782,897782,897782,897782,897782,897782,897782,897782,897782,897782,897782,897782,897782,897782,897782,897782,897782,897782,897782,897782,897782,897782,897782,897782,897782,897782,897782,897782,897782,897782
899116,899116,899116,899116,899116,899116,899116,899116,899116,899116,899116,899116,899116,899116,899116,899116,899116,899116,899116,899116,899116,899116,899116,899116,899116,899116,899116,899116,899116,899116
900450,900450,900450,900450,900450,900450,900450,900450,900450,900450,900450,900450,900450,900450,900450,900450,900450,900450,900450,900450,900450,900450,900450,900450,900450,900450,900450,900450,900450,900450
901784,901784,901784,901784,901784,901784,901784,901784,901784,901784,901784,901784,901784,901784,901784,901784,901784,901784,901784,901784,901784,901784,901784,901784,901784,901784,901784,901784,901784,901784
903118,903118,903118,903118,903118,903118,903118,903118,903118,903118,903118,903118,903118,903118,903118,903118,903118,903118,903118,903118,903118,903118,903118,903118,903118,903118,903118,903118,903118,903118
904452,904452,904452,904452,904452,904452,904452,904452,904452,904452,904452,904452,904452,904452,904452,904452,904452,904452,904452,904452,904452,904452,904452,904452,904452,904452,904452,904452,904452,904452
905786,905786,905786,905786,905786,905786,905786,905786,905786,905786,905786,905786,905786,905786,905786,905786,905786,905786,905786,905786,905786,905786,905786,905786,905786,905786,905786,905786,905786,905786
907120,907120,907120,907120,907120,907120,907120,907120,907120,907120,907120,907120,907120,907120,907120,907120,907120,907120,907120,907120,907120,907120,907120,907120,907120,907120,907120,907120,907120,907120
908454,908454,908454,908454,908454,908454,908454,908454,908454,908454,908454,908454,908454,908454,908454,908454,908454,908454,908454,908454,908454,908454,908454,908454,908454,908454,908454,908454,908454,908454
909788,909788,909788,909788,909788,909788,909788,909788,909788,909788,909788,909788,909788,909788,909788,909788,909788,909788,909788,909788,909788,909788,909788,909788,909788,909788,909788,909788,909788,909788
911122,911122,911122,911122,911122,911122,911122,911122,911122,911122,911122,911122,911122,911122,911122,911122,911122,911122,911122,911122,911122,911122,911122,911122,911122,911122,911122,911122,911122,911122
912456,912456,912456,912456,912456,912456,912456,912456,912456,912456,912456,912456,912456,912456,912456,912456,912456,912456,912456,912456,912456,912456,912456,912456,912456,912456,912456,912456,912456,912456
913790,913790,913790,913790,913790,913790,913790,913790,913790,913790,913790,913790,913790,913790,913790,913790,913790,913790,913790,913790,913790,913790,913790,913790,913790,913790,913790,913790,913790,913790
915124,915124,915124,915124,915124,915124,915124,915124,915124,915124,915124,915124,915124,915124,915124,915124,915124,915124,915124,915124,915124,915124,915124,915124,915124,915124,915124,915124,915124,915124
916458,916458,916458,916458,916458,916458,916458,916458,916458,916458,916458,916458,916458,916458,916458,916458,916458,916458,916458,916458,916458,916458,916458,916458,916458,916458,916458,916458,916458,916458
917792,917792,917792,917792,917792,917792,917792,917792,917792,917792,917792,917792,917792,917792,917792,917792,917792,917792,917792,917792,917792,917792,917792,917792,917792,917792,917792,917792,917792,917792
919126,919126,919126,919126,919126,919126,919126,919126,919126,919126,919126,919126,919126,919126,919126,919126,919126,919126,919126,919126,919126,919126,919126,919126,919126,919126,919126,919126,919126,919126
920460,920460,920460,920460,920460,920460,920460,920460,920460,920460,920460,920460,920460,920460,920460,920460,920460,920460,920460,920460,920460,920460,920460,920460,920460,920460,920460,920460,920460,920460
921794,921794,921794,921794,921794,921794,921794,921794,921794,921794,921794,921794,921794,921794,921794,921794,921794,921794,921794,921794,921794,921794,921794,921794,921794,921794,921794,921794,921794,921794
923128,923128,923128,923128,923128,923128,923128,923128,923128,923128,923128,923128,923128,923128,923128,923128,923128,923128,923128,923128,923128,923128,923128,923128,923128,923128,923128,923128,923128,923128
924462,924462,924462,924462,924462,924462,924462,924462,924462,924462,924462,924462,924462,924462,924462,924462,924462,924462,924462,924462,924462,924462,924462,924462,924462,924462,924462,924462,924462,924462
925796,925796,925796,925796,925796,925796,925796,925796,925796,925796,925796,925796,925796,925796,925796,925796,925796,925796,925796,925796,925796,925796,925796,925796,925796,925796,925796,925796,925796,925796
927130,927130,927130,927130,927130,927130,927130,927130,927130,927130,927130,927130,927130,927130,927130,927130,927130,927130,927130,927130,927130,927130,927130,927130,927130,927130,927130,927130,927130,927130
928464,928464,928464,928464,928464,928464,928464,928464,928464,928464,928464,928464,928464,928464,928464,928464,928464,928464,928464,928464,928464,928464,928464,928464,928464,928464,928464,928464,928464,928464
929798,929798,929798,929798,929798,929798,929798,929798,929798,929798,929798,929798,929798,929798,929798,929798,929798,929798,929798,929798,929798,929798,929798,929798,929798,929798,929798,929798,929798,929798
931132,931132,931132,931132,931132,931132,931132,931132,931132,931132,931132,931132,931132,931132,931132,931132,931132,931132,931132,931132,931132,931132,931132,931132,931132,931132,931132,931132,931132,931132
932466,932466,932466,932466,932466,932466,932466,932466,932466,932466,932466,932466,932466,932466,932466,932466,932466,932466,932466,932466,932466,932466,932466,932466,932466,932466,932466,932466,932466,932466
933800,933800,933800,933800,933800,933800,933800,933800,933800,933800,933800,933800,933800,933800,933800,933800,933800,933800,933800,933800,933800,933800,933800,933800,933800,933800,933800,933800,933800,933800
935134,935134,935134,935134,935134,935134,935134,935134,935134,935134,935134,935134,935134,935134,935134,935134,935134,935134,935134,935134,935134,935134,935134,935134,935134,935134,935134,935134,935134,935134
936468,936468,936468,936468,936468,936468,936468,936468,936468,936468,936468,936468,936468,936468,936468,936468,936468,936468,936468,936468,936468,936468,936468,936468,936468,936468,936468,936468,936468,936468
937802,937802,937802,937802,937802,937802,937802,937802,937802,937802,937802,937802,937802,937802,937802,937802,937802,937802,937802,937802,937802,937802,937802,937802,937802,937802,937802,937802,937802,937802
939136,939136,939136,939136,939136,939136,939136,939136,939136,939136,939136,939136,939136,939136,939136,939136,939136,939136,939136,939136,939136,939136,939136,939136,939136,939136,939136,939136,939136,939136
940470,940470,940470,940470,940470,940470,940470,940470,940470,940470,940470,940470,940470,940470,940470,940470,940470,940470,940470,940470,940470,940470,940470,940470,940470,940470,940470,940470,940470,940470
941804,941804,941804,941804,941804,941804,941804,941804,941804,941804,941804,941804,941804,941804,941804,941804,941804,941804,941804,941804,941804,941804,941804,941804,941804,941804,941804,941804,941804,941804
943138,943138,943138,943138,943138,943138,943138,943138,943138,943138,943138,943138,943138,943138,943138,943138,943138,943138,943138,943138,943138,943138,943138,943138,943138,943138,943138,943138,943138,943138
944472,944472,944472,944472,944472,944472,944472,944472,944472,944472,944472,944472,944472,944472,944472,944472,944472,944472,944472,944472,944472,944472,944472,944472,944472,944472,944472,944472,944472,944472
945806,945806,945806,945806,945806,945806,945806,945806,945806,945806,945806,945806,945806,945806,945806,945806,945806,945806,945806,945806,945806,945806,945806,945806,945806,945806,945806,945806,945806,945806
947140,947140,947140,947140,947140,947140,947140,947140,947140,947140,947140,947140,947140,947140,947140,947140,947140,947140,947140,947140,947140,947140,947140,947140,947140,947140,947140,947140,947140,947140
948474,948474,948474,948474,948474,948474,948474,948474,948474,948474,948474,948474,948474,948474,948474,948474,948474,948474,948474,948474,948474,948474,948474,948474,948474,948474,948474,948474,948474,948474
949808,949808,949808,949808,949808,949808,949808,949808,949808,949808,949808,949808,949808,949808,949808,949808,949808,949808,949808,949808,949808,949808,949808,949808,949808,949808,949808,949808,949808,949808
951142,951142,951142,951142,951142,951142,951142,951142,951142,951142,951142,951142,951142,951142,951142,951142,951142,951142,951142,951142,951142,951142,951142,951142,951142,951142,951142,951142,951142,951142
952476,952476,952476,952476,952476,952476,952476,952476,952476,952476,952476,952476,952476,952476,952476,952476,952476,952476,952476,952476,952476,952476,952476,952476,952476,952476,952476,952476,952476,952476
953810,953810,953810,953810,953810,953810,953810,953810,953810,953810,953810,953810,953810,953810,953810,953810,953810,953810,953810,953810,953810,953810,953810,953810,953810,953810,953810,953810,953810,953810
955144,955144,955144,955144,955144,955144,955144,955144,955144,955144,955144,955144,955144,955144,955144,955144,955144,955144,955144,955144,955144,955144,955144,955144,955144,955144,955144,955144,955144,955144
956478,956478,956478,956478,956478,956478,956478,956478,956478,956478,956478,956478,956478,956478,956478,956478,956478,956478,956478,956478,956478,956478,956478,956478,956478,956478,956478,956478,956478,956478
957812,957812,957812,957812,957812,957812,957812,957812,957812,957812,957812,957812,957812,957812,957812,957812,957812,957812,957812,957812,957812,957812,957812,957812,957812,957812,957812,957812,957812,957812
959146,959146,959146,959146,959146,959146,959146,959146,959146,959146,959146,959146,959146,959146,959146,959146,959146,959146,959146,959146,959146,959146,959146,959146,959146,959146,959146,959146,959146,959146
960480,960480,960480,960480,960480,960480,960480,960480,960480,960480,960480,960480,960480,960480,960480,960480,960480,960480,960480,960480,960480,960480,960480,960480,960480,960480,960480,960480,960480,960480
961814,961814,961814,961814,961814,961814,961814,961814,961814,961814,961814,961814,961814,961814,961814,961814,961814,961814,961814,961814,961814,961814,961814,961814,961814,961814,961814,961814,961814,961814
963148,963148,963148,963148,963148,963148,963148,963148,963148,963148,963148,963148,963148,963148,963148,963148,963148,963148,963148,963148,963148,963148,963148,963148,963148,963148,963148,963148,963148,963148
964482,964482,964482,964482,964482,964482,964482,964482,964482,964482,964482,964482,964482,964482,964482,964482,964482,964482,964482,964482,964482,964482,964482,964482,964482,964482,964482,964482,964482,964482
965816,965816,965816,965816,965816,965816,965816,965816,965816,965816,965816,965816,965816,965816,965816,965816,965816,965816,965816,965816,965816,965816,965816,965816,965816,965816,965816,965816,965816,965816
967150,967150,967150,967150,967150,967150,967150,967150,967150,967150,967150,967150,967150,967150,967150,967150,967150,967150,967150,967150,967150,967150,967150,967150,967150,967150,967150,967150,967150,967150
968484,968484,968484,968484,968484,968484,968484,968484,968484,968484,968484,968484,968484,968484,968484,968484,968484,968484,968484,968484,968484,968484,968484,968484,968484,968484,968484,968484,968484,968484
969818,969818,969818,969818,969818,969818,969818,969818,969818,969818,969818,969818,969818,969818,969818,969818,969818,969818,969818,969818,969818,969818,969818,969818,969818,969818,969818,969818,969818,969818
971152,971152,971152,971152,971152,971152,971152,971152,971152,971152,971152,971152,971152,971152,971152,971152,971152,971152,971152,971152,971152,971152,971152,971152,971152,971152,971152,971152,971152,971152
972486,972486,972486,972486,972486,972486,972486,972486,972486,972486,972486,972486,972486,972486,972486,972486,972486,972486,972486,972486,972486,972486,972486,972486,972486,972486,972486,972486,972486,972486
973820,973820,973820,973820,973820,973820,973820,973820,973820,973820,973820,973820,973820,973820,973820,973820,973820,973820,973820,973820,973820,973820,973820,973820,973820,973820,973820,973820,973820,973820
975154,975154,975154,975154,975154,975154,975154,975154,975154,975154,975154,975154,975154,975154,975154,975154,975154,975154,975154,975154,975154,975154,975154,975154,975154,975154,975154,975154,975154,975154
976488,976488,976488,976488,976488,976488,976488,976488,976488,976488,976488,976488,976488,976488,976488,976488,976488,976488,976488,976488,976488,976488,976488,976488,976488,976488,976488,976488,976488,976488
977822,977822,977822,977822,977822,977822,977822,977822,977822,977822,977822,977822,977822,977822,977822,977822,977822,977822,977822,977822,977822,977822,977822,977822,977822,977822,977822,977822,977822,977822
979156,979156,979156,979156,979156,979156,979156,979156,979156,979156,979156,979156,979156,979156,979156,979156,979156,979156,979156,979156,979156,979156,979156,979156,979156,979156,979156,979156,979156,979156
980490,980490,980490,980490,980490,980490,980490,980490,980490,980490,980490,980490,980490,980490,980490,980490,980490,980490,980490,980490,980490,980490,980490,980490,980490,980490,980490,980490,980490,980490
981824,981824,981824,981824,981824,981824,981824,981824,981824,981824,981824,981824,981824,981824,981824,981824,981824,981824,981824,981824,981824,981824,981824,981824,981824,981824,981824,981824,981824,981824
983158,983158,983158,983158,983158,983158,983158,983158,983158,983158,983158,983158,983158,983158,983158,983158,983158,983158,983158,983158,983158,983158,983158,983158,983158,983158,983158,983158,983158,983158
984492,984492,984492,984492,984492,984492,984492,984492,984492,984492,984492,984492,984492,984492,984492,984492,984492,984492,984492,984492,984492,984492,984492,984492,984492,984492,984492,984492,984492,984492
985826,985826,985826,985826,985826,985826,985826,985826,985826,985826,985826,985826,985826,985826,985826,985826,985826,985826,985826,985826,985826,985826,985826,985826,985826,985826,985826,985826,985826,985826
987160,987160,987160,987160,987160,987160,987160,987160,987160,987160,987160,987160,987160,987160,987160,987160,987160,987160,987160,987160,987160,987160,987160,987160,987160,987160,987160,987160,987160,987160
988494,988494,988494,988494,988494,988494,988494,988494,988494,988494,988494,988494,988494,988494,988494,988494,988494,988494,988494,988494,988494,988494,988494,988494,988494,988494,988494,988494,988494,988494
989828,989828,989828,989828,989828,989828,989828,989828,989828,989828,989828,989828,989828,989828,989828,989828,989828,989828,989828,989828,989828,989828,989828,989828,989828,989828,989828,989828,989828,989828
991162,991162,991162,991162,991162,991162,991162,991162,991162,991162,991162,991162,991162,991162,991162,991162,991162,991162,991162,991162,991162,991162,991162,991162,991162,991162,991162,991162,991162,991162
992496,992496,992496,992496,992496,992496,992496,992496,992496,992496,992496,992496,992496,992496,992496,992496,992496,992496,992496,992496,992496,992496,992496,992496,992496,992496,992496,992496,992496,992496
993830,993830,993830,993830,993830,993830,993830,993830,993830,993830,993830,993830,993830,993830,993830,993830,993830,993830,993830,993830,993830,993830,993830,993830,993830,993830,993830,993830,993830,993830
995164,995164,995164,995164,995164,995164,995164,995164,995164,995164,995164,995164,995164,995164,995164,995164,995164,995164,995164,995164,995164,995164,995164,995164,995164,995164,995164,995164,995164,995164
996498,996498,996498,996498,996498,996498,996498,996498,996498,996498,996498,996498,996498,996498,996498,996498,996498,996498,996498,996498,996498,996498,996498,996498,996498,996498,996498,996498,996498,996498
997832,997832,997832,997832,997832,997832,997832,997832,997832,997832,997832,997832,997832,997832,997832,997832,997832,997832,997832,997832,997832,997832,997832,997832,997832,997832,997832,997832,997832,997832
999166,999166,999166,999166,999166,999166,999166,999166,999166,999166,999166,999166,999166,999166,999166,999166,999166,999166,999166,999166,999166,999166,999166,999166,999166,999166,999166,999166,999166,999166
1000500,1000500,1000500,1000500,1000500,1000500,1000500,1000500,1000500,1000500,1000500,1000500,1000500,1000500,1000500,1000500,1000500,1000500,1000500,1000500,1000500,1000500,1000500,1000500,1000500,1000500,1000500,1000500,1000500,1000500
1001834,1001834,1001834,1001834,1001834,1001834,1001834,1001834,1001834,1001834,1001834,1001834,1001834,1001834,1001834,1001834,1001834,1001834,1001834,1001834,1001834,1001834,1001834,1001834,1001834,1001834,1001834,1001834,1001834,1001834
1003168,1003168,1003168,1003168,1003168,1003168,1003168,1003168,1003168,1003168,1003168,1003168,1003168,1003168,1003168,1003168,1003168,1003168,1003168,1003168,1003168,1003168,1003168,1003168,1003168,1003168,1003168,1003168,1003168,1003168
1004502,1004502,1004502,1004502,1004502,1004502,1004502,1004502,1004502,1004502,1004502,1004502,1004502,1004502,1004502,1004502,1004502,1004502,1004502,1004502,1004502,1004502,1004502,1004502,1004502,1004502,1004502,1004502,1004502,1004502
1005836,1005836,1005836,1005836,1005836,1005836,1005836,1005836,1005836,1005836,1005836,1005836,1005836,1005836,1005836,1005836,1005836,1005836,1005836,1005836,1005836,1005836,1005836,1005836,1005836,1005836,1005836,1005836,1005836,1005836
1007170,1007170,1007170,1007170,1007170,1007170,1007170,1007170,1007170,1007170,1007170,1007170,1007170,1007170,1007170,1007170,1007170,1007170,1007170,1007170,1007170,1007170,1007170,1007170,1007170,1007170,1007170,1007170,1007170,1007170
1008504,1008504,1008504,1008504,1008504,1008504,1008504,1008504,1008504,1008504,1008504,1008504,1008504,1008504,1008504,1008504,1008504,1008504,1008504,1008504,1008504,1008504,1008504,1008504,1008504,1008504,1008504,1008504,1008504,1008504
1009838,1009838,1009838,1009838,1009838,1009838,1009838,1009838,1009838,1009838,1009838,1009838,1009838,1009838,1009838,1009838,1009838,1009838,1009838,1009838,1009838,1009838,1009838,1009838,1009838,1009838,1009838,1009838,1009838,1009838
1011172,1011172,1011172,1011172,1011172,1011172,1011172,1011172,1011172,1011172,1011172,1011172,1011172,1011172,1011172,1011172,1011172,1011172,1011172,1011172,1011172,1011172,1011172,1011172,1011172,1011172,1011172,1011172,1011172,1011172
1012506,1012506,1012506,1012506,1012506,1012506,1012506,1012506,1012506,1012506,1012506,1012506,1012506,1012506,1012506,1012506,1012506,1012506,1012506,1012506,1012506,1012506,1012506,1012506,1012506,1012506,1012506,1012506,1012506,1012506
1013840,1013840,1013840,1013840,1013840,1013840,1013840,1013840,1013840,1013840,1013840,1013840,1013840,1013840,1013840,1013840,1013840,1013840,1013840,1013840,1013840,1013840,1013840,1013840,1013840,1013840,1013840,1013840,1013840,1013840
1015174,1015174,1015174,1015174,1015174,1015174,1015174,1015174,1015174,1015174,1015174,1015174,1015174,1015174,1015174,1015174,1015174,1015174,1015174,1015174,1015174,1015174,1015174,1015174,1015174,1015174,1015174,1015174,1015174,1015174
1016508,1016508,1016508,1016508,1016508,1016508,1016508,1016508,1016508,1016508,1016508,1016508,1016508,1016508,1016508,1016508,1016508,1016508,1016508,1016508,1016508,1016508,1016508,1016508,1016508,1016508,1016508,1016508,1016508,1016508
1017842,1017842,1017842,1017842,1017842,1017842,1017842,1017842,1017842,1017842,1017842,1017842,1017842,1017842,1017842,1017842,1017842,1017842,1017842,1017842,1017842,1017842,1017842,1017842,1017842,1017842,1017842,1017842,1017842,1017842
1019176,1019176,1019176,1019176,1019176,1019176,1019176,1019176,1019176,1019176,1019176,1019176,1019176,1019176,1019176,1019176,1019176,1019176,1019176,1019176,1019176,1019176,1019176,1019176,1019176,1019176,1019176,1019176,1019176,1019176
1020510,1020510,1020510,1020510,1020510,1020510,1020510,1020510,1020510,1020510,1020510,1020510,1020510,1020510,1020510,1020510,1020510,1020510,1020510,1020510,1020510,1020510,1020510,1020510,1020510,1020510,1020510,1020510,1020510,1020510
1021844,1021844,1021844,1021844,1021844,1021844,1021844,1021844,1021844,1021844,1021844,1021844,1021844,1021844,1021844,1021844,1021844,1021844,1021844,1021844,1021844,1021844,1021844,1021844,1021844,1021844,1021844,1021844,1021844,1021844
1023178,1023178,1023178,1023178,1023178,1023178,1023178,1023178,1023178,1023178,1023178,1023178,1023178,1023178,1023178,1023178,1023178,1023178,1023178,1023178,1023178,1023178,1023178,1023178,1023178,1023178,1023178,1023178,1023178,1023178
1024512,1024512,1024512,1024512,1024512,1024512,1024512,1024512,1024512,1024512,1024512,1024512,1024512,1024512,1024512,1024512,1024512,1024512,1024512,1024512,1024512,1024512,1024512,1024512,1024512,1024512,1024512,1024512,1024512,1024512
1025846,1025846,1025846,1025846,1025846,1025846,1025846,1025846,1025846,1025846,1025846,1025846,1025846,1025846,1025846,1025846,1025846,1025846,1025846,1025846,1025846,1025846,1025846,1025846,1025846,1025846,1025846,1025846,1025846,1025846
1027180,1027180,1027180,1027180,1027180,1027180,1027180,1027180,1027180,1027180,1027180,1027180,1027180,1027180,1027180,1027180,1027180,1027180,1027180,1027180,1027180,1027180,1027180,1027180,1027180,1027180,1027180,1027180,1027180,1027180
1028514,1028514,1028514,1028514,1028514,1028514,1028514,1028514,1028514,1028514,1028514,1028514,1028514,1028514,1028514,1028514,1028514,1028514,1028514,1028514,1028514,1028514,1028514,1028514,1028514,1028514,1028514,1028514,1028514,1028514
1029848,1029848,1029848,1029848,1029848,1029848,1029848,1029848,1029848,1029848,1029848,1029848,1029848,1029848,1029848,1029848,1029848,1029848,1029848,1029848,1029848,1029848,1029848,1029848,1029848,1029848,1029848,1029848,1029848,1029848
1031182,1031182,1031182,1031182,1031182,1031182,1031182,1031182,1031182,1031182,1031182,1031182,1031182,1031182,1031182,1031182,1031182,1031182,1031182,1031182,1031182,1031182,1031182,1031182,1031182,1031182,1031182,1031182,1031182,1031182
1032516,1032516,1032516,1032516,1032516,1032516,1032516,1032516,1032516,1032516,1032516,1032516,1032516,1032516,1032516,1032516,1032516,1032516,1032516,1032516,1032516,1032516,1032516,1032516,1032516,1032516,1032516,1032516,1032516,1032516
1033850,1033850,1033850,1033850,1033850,1033850,1033850,1033850,1033850,1033850,1033850,1033850,1033850,1033850,1033850,1033850,1033850,1033850,1033850,1033850,1033850,1033850,1033850,1033850,1033850,1033850,1033850,1033850,1033850,1033850
1035184,1035184,1035184,1035184,1035184,1035184,1035184,1035184,1035184,1035184,1035184,1035184,1035184,1035184,1035184,1035184,1035184,1035184,1035184,1035184,1035184,1035184,1035184,1035184,1035184,1035184,1035184,1035184,1035184,1035184
1036518,1036518,1036518,1036518,1036518,1036518,1036518,1036518,1036518,1036518,1036518,1036518,1036518,1036518,1036518,1036518,1036518,1036518,1036518,1036518,1036518,1036518,1036518,1036518,1036518,1036518,1036518,1036518,1036518,1036518
1037852,1037852,1037852,1037852,1037852,1037852,1037852,1037852,1037852,1037852,1037852,1037852,1037852,1037852,1037852,1037852,1037852,1037852,1037852,1037852,1037852,1037852,1037852,1037852,1037852,1037852,1037852,1037852,1037852,1037852
1039186,1039186,1039186,1039186,1039186,1039186,1039186,1039186,1039186,1039186,1039186,1039186,1039186,1039186,1039186,1039186,1039186,1039186,1039186,1039186,1039186,1039186,1039186,1039186,1039186,1039186,1039186,1039186,1039186,1039186
1040520,1040520,1040520,1040520,1040520,1040520,1040520,1040520,1040520,1040520,1040520,1040520,1040520,1040520,1040520,1040520,1040520,1040520,1040520,1040520,1040520,1040520,1040520,1040520,1040520,1040520,1040520,1040520,1040520,1040520
1041854,1041854,1041854,1041854,1041854,1041854,1041854,1041854,1041854,1041854,1041854,1041854,1041854,1041854,1041854,1041854,1041854,1041854,1041854,1041854,1041854,1041854,1041854,1041854,1041854,1041854,1041854,1041854,1041854,1041854
1043188,1043188,1043188,1043188,1043188,1043188,1043188,1043188,1043188,1043188,1043188,1043188,1043188,1043188,1043188,1043188,1043188,1043188,1043188,1043188,1043188,1043188,1043188,1043188,1043188,1043188,1043188,1043188,1043188,1043188
1044522,1044522,1044522,1044522,1044522,1044522,1044522,1044522,1044522,1044522,1044522,1044522,1044522,1044522,1044522,1044522,1044522,1044522,1044522,1044522,1044522,1044522,1044522,1044522,1044522,1044522,1044522,1044522,1044522,1044522
1045856,1045856,1045856,1045856,1045856,1045856,1045856,1045856,1045856,1045856,1045856,1045856,1045856,1045856,1045856,1045856,1045856,1045856,1045856,1045856,1045856,1045856,1045856,1045856,1045856,1045856,1045856,1045856,1045856,1045856
1047190,1047190,1047190,1047190,1047190,1047190,1047190,1047190,1047190,1047190,1047190,1047190,1047190,1047190,1047190,1047190,1047190,1047190,1047190,1047190,1047190,1047190,1047190,1047190,1047190,1047190,1047190,1047190,1047190,1047190
1048524,1048524,1048524,1048524,1048524,1048524,1048524,1048524,1048524,1048524,1048524,1048524,1048524,1048524,1048524,1048524,1048524,1048524,1048524,1048524,1048524,1048524,1048524,1048524,1048524,1048524,1048524,1048524,1048524,1048524
1049858,1049858,1049858,1049858,1049858,1049858,1049858,1049858,1049858,1049858,1049858,1049858,1049858,1049858,1049858,1049858,1049858,1049858,1049858,1049858,1049858,1049858,1049858,1049858,1049858,1049858,1049858,1049858,1049858,1049858
1051192,1051192,1051192,1051192,1051192,1051192,1051192,1051192,1051192,1051192,1051192,1051192,1051192,1051192,1051192,1051192,1051192,1051192,1051192,1051192,1051192,1051192,1051192,1051192,1051192,1051192,1051192,1051192,1051192,1051192
1052526,1052526,1052526,1052526,1052526,1052526,1052526,1052526,1052526,1052526,1052526,1052526,1052526,1052526,1052526,1052526,1052526,1052526,1052526,1052526,1052526,1052526,1052526,1052526,1052526,1052526,1052526,1052526,1052526,1052526
1053860,1053860,1053860,1053860,1053860,1053860,1053860,1053860,1053860,1053860,1053860,1053860,1053860,1053860,1053860,1053860,1053860,1053860,1053860,1053860,1053860,1053860,1053860,1053860,1053860,1053860,1053860,1053860,1053860,1053860
1055194,1055194,1055194,1055194,1055194,1055194,1055194,1055194,1055194,1055194,1055194,1055194,1055194,1055194,1055194,1055194,1055194,1055194,1055194,1055194,1055194,1055194,1055194,1055194,1055194,1055194,1055194,1055194,1055194,1055194
1056528,1056528,1056528,1056528,1056528,1056528,1056528,1056528,1056528,1056528,1056528,1056528,1056528,1056528,1056528,1056528,1056528,1056528,1056528,1056528,1056528,1056528,1056528,1056528,1056528,1056528,1056528,1056528,1056528,1056528
1057862,1057862,1057862,1057862,1057862,1057862,1057862,1057862,1057862,1057862,1057862,1057862,1057862,1057862,1057862,1057862,1057862,1057862,1057862,1057862,1057862,1057862,1057862,1057862,1057862,1057862,1057862,1057862,1057862,1057862
1059196,1059196,1059196,1059196,1059196,1059196,1059196,1059196,1059196,1059196,1059196,1059196,1059196,1059196,1059196,1059196,1059196,1059196,1059196,1059196,1059196,1059196,1059196,1059196,1059196,1059196,1059196,1059196,1059196,1059196
1060530,1060530,1060530,1060530,1060530,1060530,1060530,1060530,1060530,1060530,1060530,1060530,1060530,1060530,1060530,1060530,1060530,1060530,1060530,1060530,1060530,1060530,1060530,1060530,1060530,1060530,1060530,1060530,1060530,1060530
1061864,1061864,1061864,1061864,1061864,1061864,1061864,1061864,1061864,1061864,1061864,1061864,1061864,1061864,1061864,1061864,1061864,1061864,1061864,1061864,1061864,1061864,1061864,1061864,1061864,1061864,1061864,1061864,1061864,1061864
1063198,1063198,1063198,1063198,1063198,1063198,1063198,1063198,1063198,1063198,1063198,1063198,1063198,1063198,1063198,1063198,1063198,1063198,1063198,1063198,1063198,1063198,1063198,1063198,1063198,1063198,1063198,1063198,1063198,1063198
1064532,1064532,1064532,1064532,1064532,1064532,1064532,1064532,1064532,1064532,1064532,1064532,1064532,1064532,1064532,1064532,1064532,1064532,1064532,1064532,1064532,1064532,1064532,1064532,1064532,1064532,1064532,1064532,1064532,1064532
1065866,1065866,1065866,1065866,1065866,1065866,1065866,1065866,1065866,1065866,1065866,1065866,1065866,1065866,1065866,1065866,1065866,1065866,1065866,1065866,1065866,1065866,1065866,1065866,1065866,1065866,1065866,1065866,1065866,1065866
1067200,1067200,1067200,1067200,1067200,1067200,1067200,1067200,1067200,1067200,1067200,1067200,1067200,1067200,1067200,1067200,1067200,1067200,1067200,1067200,1067200,1067200,1067200,1067200,1067200,1067200,1067200,1067200,1067200,1067200
1068534,1068534,1068534,1068534,1068534,1068534,1068534,1068534,1068534,1068534,1068534,1068534,1068534,1068534,1068534,1068534,1068534,1068534,1068534,1068534,1068534,1068534,1068534,1068534,1068534,1068534,1068534,1068534,1068534,1068534
1069868,1069868,1069868,1069868,1069868,1069868,1069868,1069868,1069868,1069868,1069868,1069868,1069868,1069868,1069868,1069868,1069868,1069868,1069868,1069868,1069868,1069868,1069868,1069868,1069868,1069868,1069868,1069868,1069868,1069868
1071202,1071202,1071202,1071202,1071202,1071202,1071202,1071202,1071202,1071202,1071202,1071202,1071202,1071202,1071202,1071202,1071202,1071202,1071202,1071202,1071202,1071202,1071202,1071202,1071202,1071202,1071202,1071202,1071202,1071202
1072536,1072536,1072536,1072536,1072536,1072536,1072536,1072536,1072536,1072536,1072536,1072536,1072536,1072536,1072536,1072536,1072536,1072536,1072536,1072536,1072536,1072536,1072536,1072536,1072536,1072536,1072536,1072536,1072536,1072536
1073870,1073870,1073870,1073870,1073870,1073870,1073870,1073870,1073870,1073870,1073870,1073870,1073870,1073870,1073870,1073870,1073870,1073870,1073870,1073870,1073870,1073870,1073870,1073870,1073870,1073870,1073870,1073870,1073870,1073870
1075204,1075204,1075204,1075204,1075204,1075204,1075204,1075204,1075204,1075204,1075204,1075204,1075204,1075204,1075204,1075204,1075204,1075204,1075204,1075204,1075204,1075204,1075204,1075204,1075204,1075204,1075204,1075204,1075204,1075204
1076538,1076538,1076538,1076538,1076538,1076538,1076538,1076538,1076538,1076538,1076538,1076538,1076538,1076538,1076538,1076538,1076538,1076538,1076538,1076538,1076538,1076538,1076538,1076538,1076538,1076538,1076538,1076538,1076538,1076538
1077872,1077872,1077872,1077872,1077872,1077872,1077872,1077872,1077872,1077872,1077872,1077872,1077872,1077872,1077872,1077872,1077872,1077872,1077872,1077872,1077872,1077872,1077872,1077872,1077872,1077872,1077872,1077872,1077872,1077872
1079206,1079206,1079206,1079206,1079206,1079206,1079206,1079206,1079206,1079206,1079206,1079206,1079206,1079206,1079206,1079206,1079206,1079206,1079206,1079206,1079206,1079206,1079206,1079206,1079206,1079206,1079206,1079206,1079206,1079206
1080540,1080540,1080540,1080540,1080540,1080540,1080540,1080540,1080540,1080540,1080540,1080540,1080540,1080540,1080540,1080540,1080540,1080540,1080540,1080540,1080540,1080540,1080540,1080540,1080540,1080540,1080540,1080540,1080540,1080540
1081874,1081874,1081874,1081874,1081874,1081874,1081874,1081874,1081874,1081874,1081874,1081874,1081874,1081874,1081874,1081874,1081874,1081874,1081874,1081874,1081874,1081874,1081874,1081874,1081874,1081874,1081874,1081874,1081874,1081874
1083208,1083208,1083208,1083208,1083208,1083208,1083208,1083208,1083208,1083208,1083208,1083208,1083208,1083208,1083208,1083208,1083208,1083208,1083208,1083208,1083208,1083208,1083208,1083208,1083208,1083208,1083208,1083208,1083208,1083208
1084542,1084542,1084542,1084542,1084542,1084542,1084542,1084542,1084542,1084542,1084542,1084542,1084542,1084542,1084542,1084542,1084542,1084542,1084542,1084542,1084542,1084542,1084542,1084542,1084542,1084542,1084542,1084542,1084542,1084542
1085876,1085876,1085876,1085876,1085876,1085876,1085876,1085876,1085876,1085876,1085876,1085876,1085876,1085876,1085876,1085876,1085876,1085876,1085876,1085876,1085876,1085876,1085876,1085876,1085876,1085876,1085876,1085876,1085876,1085876
1087210,1087210,1087210,1087210,1087210,1087210,1087210,1087210,1087210,1087210,1087210,1087210,1087210,1087210,1087210,1087210,1087210,1087210,1087210,1087210,1087210,1087210,1087210,1087210,1087210,1087210,1087210,1087210,1087210,1087210
1088544,1088544,1088544,1088544,1088544,1088544,1088544,1088544,1088544,1088544,1088544,1088544,1088544,1088544,1088544,1088544,1088544,1088544,1088544,1088544,1088544,1088544,1088544,1088544,1088544,1088544,1088544,1088544,1088544,1088544
1089878,1089878,1089878,1089878,1089878,1089878,1089878,1089878,1089878,1089878,1089878,1089878,1089878,1089878,1089878,1089878,1089878,1089878,1089878,1089878,1089878,1089878,1089878,1089878,1089878,1089878,1089878,1089878,1089878,1089878
1091212,1091212,1091212,1091212,1091212,1091212,1091212,1091212,1091212,1091212,1091212,1091212,1091212,1091212,1091212,1091212,1091212,1091212,1091212,1091212,1091212,1091212,1091212,1091212,1091212,1091212,1091212,1091212,1091212,1091212
1092546,1092546,1092546,1092546,1092546,1092546,1092546,1092546,1092546,1092546,1092546,1092546,1092546,1092546,1092546,1092546,1092546,1092546,1092546,1092546,1092546,1092546,1092546,1092546,1092546,1092546,1092546,1092546,1092546,1092546
1093880,1093880,1093880,1093880,1093880,1093880,1093880,1093880,1093880,1093880,1093880,1093880,1093880,1093880,1093880,1093880,1093880,1093880,1093880,1093880,1093880,1093880,1093880,1093880,1093880,1093880,1093880,1093880,1093880,1093880
1095214,1095214,1095214,1095214,1095214,1095214,1095214,1095214,1095214,1095214,1095214,1095214,1095214,1095214,1095214,1095214,1095214,1095214,1095214,1095214,1095214,1095214,1095214,1095214,1095214,1095214,1095214,1095214,1095214,1095214
1096548,1096548,1096548,1096548,1096548,1096548,1096548,1096548,1096548,1096548,1096548,1096548,1096548,1096548,1096548,1096548,1096548,1096548,1096548,1096548,1096548,1096548,1096548,1096548,1096548,1096548,1096548,1096548,1096548,1096548
1097882,1097882,1097882,1097882,1097882,1097882,1097882,1097882,1097882,1097882,1097882,1097882,1097882,1097882,1097882,1097882,1097882,1097882,1097882,1097882,1097882,1097882,1097882,1097882,1097882,1097882,1097882,1097882,1097882,1097882
1099216,1099216,1099216,1099216,1099216,1099216,1099216,1099216,1099216,1099216,1099216,1099216,1099216,1099216,1099216,1099216,1099216,1099216,1099216,1099216,1099216,1099216,1099216,1099216,1099216,1099216,1099216,1099216,1099216,1099216
1100550,1100550,1100550,1100550,1100550,1100550,1100550,1100550,1100550,1100550,1100550,1100550,1100550,1100550,1100550,1100550,1100550,1100550,1100550,1100550,1100550,1100550,1100550,1100550,1100550,1100550,1100550,1100550,1100550,1100550
1101884,1101884,1101884,1101884,1101884,1101884,1101884,1101884,1101884,1101884,1101884,1101884,1101884,1101884,1101884,1101884,1101884,1101884,1101884,1101884,1101884,1101884,1101884,1101884,1101884,1101884,1101884,1101884,1101884,1101884
1103218,1103218,1103218,1103218,1103218,1103218,1103218,1103218,1103218,1103218,1103218,1103218,1103218,1103218,1103218,1103218,1103218,1103218,1103218,1103218,1103218,1103218,1103218,1103218,1103218,1103218,1103218,1103218,1103218,1103218
1104552,1104552,1104552,1104552,1104552,1104552,1104552,1104552,1104552,1104552,1104552,1104552,1104552,1104552,1104552,1104552,1104552,1104552,1104552,1104552,1104552,1104552,1104552,1104552,1104552,1104552,1104552,1104552,1104552,1104552
1105886,1105886,1105886,1105886,1105886,1105886,1105886,1105886,1105886,1105886,1105886,1105886,1105886,1105886,1105886,1105886,1105886,1105886,1105886,1105886,1105886,1105886,1105886,1105886,1105886,1105886,1105886,1105886,1105886,1105886
1107220,1107220,1107220,1107220,1107220,1107220,1107220,1107220,1107220,1107220,1107220,1107220,1107220,1107220,1107220,1107220,1107220,1107220,1107220,1107220,1107220,1107220,1107220,1107220,1107220,1107220,1107220,1107220,1107220,1107220
1108554,1108554,1108554,1108554,1108554,1108554,1108554,1108554,1108554,1108554,1108554,1108554,1108554,1108554,1108554,1108554,1108554,1108554,1108554,1108554,1108554,1108554,1108554,1108554,1108554,1108554,1108554,1108554,1108554,1108554
1109888,1109888,1109888,1109888,1109888,1109888,1109888,1109888,1109888,1109888,1109888,1109888,1109888,1109888,1109888,1109888,1109888,1109888,1109888,1109888,1109888,1109888,1109888,1109888,1109888,1109888,1109888,1109888,1109888,1109888
1111222,1111222,1111222,1111222,1111222,1111222,1111222,1111222,1111222,1111222,1111222,1111222,1111222,1111222,1111222,1111222,1111222,1111222,1111222,1111222,1111222,1111222,1111222,1111222,1111222,1111222,1111222,1111222,1111222,1111222
1112556,1112556,1112556,1112556,1112556,1112556,1112556,1112556,1112556,1112556,1112556,1112556,1112556,1112556,1112556,1112556,1112556,1112556,1112556,1112556,1112556,1112556,1112556,1112556,1112556,1112556,1112556,1112556,1112556,1112556
1113890,1113890,1113890,1113890,1113890,1113890,1113890,1113890,1113890,1113890,1113890,1113890,1113890,1113890,1113890,1113890,1113890,1113890,1113890,1113890,1113890,1113890,1113890,1113890,1113890,1113890,1113890,1113890,1113890,1113890
1115224,1115224,1115224,1115224,1115224,1115224,1115224,1115224,1115224,1115224,1115224,1115224,1115224,1115224,1115224,1115224,1115224,1115224,1115224,1115224,1115224,1115224,1115224,1115224,1115224,1115224,1115224,1115224,1115224,1115224
1116558,1116558,1116558,1116558,1116558,1116558,1116558,1116558,1116558,1116558,1116558,1116558,1116558,1116558,1116558,1116558,1116558,1116558,1116558,1116558,1116558,1116558,1116558,1116558,1116558,1116558,1116558,1116558,1116558,1116558
1117892,1117892,1117892,1117892,1117892,1117892,1117892,1117892,1117892,1117892,1117892,1117892,1117892,1117892,1117892,1117892,1117892,1117892,1117892,1117892,1117892,1117892,1117892,1117892,1117892,1117892,1117892,1117892,1117892,1117892
1119226,1119226,1119226,1119226,1119226,1119226,1119226,1119226,1119226,1119226,1119226,1119226,1119226,1119226,1119226,1119226,1119226,1119226,1119226,1119226,1119226,1119226,1119226,1119226,1119226,1119226,1119226,1119226,1119226,1119226
1120560,1120560,1120560,1120560,1120560,1120560,1120560,1120560,1120560,1120560,1120560,1120560,1120560,1120560,1120560,1120560,1120560,1120560,1120560,1120560,1120560,1120560,1120560,1120560,1120560,1120560,1120560,1120560,1120560,1120560
1121894,1121894,1121894,1121894,1121894,1121894,1121894,1121894,1121894,1121894,1121894,1121894,1121894,1121894,1121894,1121894,1121894,1121894,1121894,1121894,1121894,1121894,1121894,1121894,1121894,1121894,1121894,1121894,1121894,1121894
1123228,1123228,1123228,1123228,1123228,1123228,1123228,1123228,1123228,1123228,1123228,1123228,1123228,1123228,1123228,1123228,1123228,1123228,1123228,1123228,1123228,1123228,1123228,1123228,1123228,1123228,1123228,1123228,1123228,1123228
1124562,1124562,1124562,1124562,1124562,1124562,1124562,1124562,1124562,1124562,1124562,1124562,1124562,1124562,1124562,1124562,1124562,1124562,1124562,1124562,1124562,1124562,1124562,1124562,1124562,1124562,1124562,1124562,1124562,1124562
1125896,1125896,1125896,1125896,1125896,1125896,1125896,1125896,1125896,1125896,1125896,1125896,1125896,1125896,1125896,1125896,1125896,1125896,1125896,1125896,1125896,1125896,1125896,1125896,1125896,1125896,1125896,1125896,1125896,1125896
1127230,1127230,1127230,1127230,1127230,1127230,1127230,1127230,1127230,1127230,1127230,1127230,1127230,1127230,1127230,1127230,1127230,1127230,1127230,1127230,1127230,1127230,1127230,1127230,1127230,1127230,1127230,1127230,1127230,1127230
1128564,1128564,1128564,1128564,1128564,1128564,1128564,1128564,1128564,1128564,1128564,1128564,1128564,1128564,1128564,1128564,1128564,1128564,1128564,1128564,1128564,1128564,1128564,1128564,1128564,1128564,1128564,1128564,1128564,1128564
1129898,1129898,1129898,1129898,1129898,1129898,1129898,1129898,1129898,1129898,1129898,1129898,1129898,1129898,1129898,1129898,1129898,1129898,1129898,1129898,1129898,1129898,1129898,1129898,1129898,1129898,1129898,1129898,1129898,1129898
1131232,1131232,1131232,1131232,1131232,1131232,1131232,1131232,1131232,1131232,1131232,1131232,1131232,1131232,1131232,1131232,1131232,1131232,1131232,1131232,1131232,1131232,1131232,1131232,1131232,1131232,1131232,1131232,1131232,1131232
1132566,1132566,1132566,1132566,1132566,1132566,1132566,1132566,1132566,1132566,1132566,1132566,1132566,1132566,1132566,1132566,1132566,1132566,1132566,1132566,1132566,1132566,1132566,1132566,1132566,1132566,1132566,1132566,1132566,1132566
1133900,1133900,1133900,1133900,1133900,1133900,1133900,1133900,1133900,1133900,1133900,1133900,1133900,1133900,1133900,1133900,1133900,1133900,1133900,1133900,1133900,1133900,1133900,1133900,1133900,1133900,1133900,1133900,1133900,1133900
1135234,1135234,1135234,1135234,1135234,1135234,1135234,1135234,1135234,1135234,1135234,1135234,1135234,1135234,1135234,1135234,1135234,1135234,1135234,1135234,1135234,1135234,1135234,1135234,1135234,1135234,1135234,1135234,1135234,1135234
1136568,1136568,1136568,1136568,1136568,1136568,1136568,1136568,1136568,1136568,1136568,1136568,1136568,1136568,1136568,1136568,1136568,1136568,1136568,1136568,1136568,1136568,1136568,1136568,1136568,1136568,1136568,1136568,1136568,1136568
1137902,1137902,1137902,1137902,1137902,1137902,1137902,1137902,1137902,1137902,1137902,1137902,1137902,1137902,1137902,1137902,1137902,1137902,1137902,1137902,1137902,1137902,1137902,1137902,1137902,1137902,1137902,1137902,1137902,1137902
1139236,1139236,1139236,1139236,1139236,1139236,1139236,1139236,1139236,1139236,1139236,1139236,1139236,1139236,1139236,1139236,1139236,1139236,1139236,1139236,1139236,1139236,1139236,1139236,1139236,1139236,1139236,1139236,1139236,1139236
1140570,1140570,1140570,1140570,1140570,1140570,1140570,1140570,1140570,1140570,1140570,1140570,1140570,1140570,1140570,1140570,1140570,1140570,1140570,1140570,1140570,1140570,1140570,1140570,1140570,1140570,1140570,1140570,1140570,1140570
1141904,1141904,1141904,1141904,1141904,1141904,1141904,1141904,1141904,1141904,1141904,1141904,1141904,1141904,1141904,1141904,1141904,1141904,1141904,1141904,1141904,1141904,1141904,1141904,1141904,1141904,1141904,1141904,1141904,1141904
1143238,1143238,1143238,1143238,1143238,1143238,1143238,1143238,1143238,1143238,1143238,1143238,1143238,1143238,1143238,1143238,1143238,1143238,1143238,1143238,1143238,1143238,1143238,1143238,1143238,1143238,1143238,1143238,1143238,1143238
1144572,1144572,1144572,1144572,1144572,1144572,1144572,1144572,1144572,1144572,1144572,1144572,1144572,1144572,1144572,1144572,1144572,1144572,1144572,1144572,1144572,1144572,1144572,1144572,1144572,1144572,1144572,1144572,1144572,1144572
1145906,1145906,1145906,1145906,1145906,1145906,1145906,1145906,1145906,1145906,1145906,1145906,1145906,1145906,1145906,1145906,1145906,1145906,1145906,1145906,1145906,1145906,1145906,1145906,1145906,1145906,1145906,1145906,1145906,1145906
1147240,1147240,1147240,1147240,1147240,1147240,1147240,1147240,1147240,1147240,1147240,1147240,1147240,1147240,1147240,1147240,1147240,1147240,1147240,1147240,1147240,1147240,1147240,1147240,1147240,1147240,1147240,1147240,1147240,1147240
1148574,1148574,1148574,1148574,1148574,1148574,1148574,1148574,1148574,1148574,1148574,1148574,1148574,1148574,1148574,1148574,1148574,1148574,1148574,1148574,1148574,1148574,1148574,1148574,1148574,1148574,1148574,1148574,1148574,1148574
1149908,1149908,1149908,1149908,1149908,1149908,1149908,1149908,1149908,1149908,1149908,1149908,1149908,1149908,1149908,1149908,1149908,1149908,1149908,1149908,1149908,1149908,1149908,1149908,1149908,1149908,1149908,1149908,1149908,1149908
1151242,1151242,1151242,1151242,1151242,1151242,1151242,1151242,1151242,1151242,1151242,1151242,1151242,1151242,1151242,1151242,1151242,1151242,1151242,1151242,1151242,1151242,1151242,1151242,1151242,1151242,1151242,1151242,1151242,1151242
1152576,1152576,1152576,1152576,1152576,1152576,1152576,1152576,1152576,1152576,1152576,1152576,1152576,1152576,1152576,1152576,1152576,1152576,1152576,1152576,1152576,1152576,1152576,1152576,1152576,1152576,1152576,1152576,1152576,1152576
1153910,1153910,1153910,1153910,1153910,1153910,1153910,1153910,1153910,1153910,1153910,1153910,1153910,1153910,1153910,1153910,1153910,1153910,1153910,1153910,1153910,1153910,1153910,1153910,1153910,1153910,1153910,1153910,1153910,1153910
1155244,1155244,1155244,1155244,1155244,1155244,1155244,1155244,1155244,1155244,1155244,1155244,1155244,1155244,1155244,1155244,1155244,1155244,1155244,1155244,1155244,1155244,1155244,1155244,1155244,1155244,1155244,1155244,1155244,1155244
1156578,1156578,1156578,1156578,1156578,1156578,1156578,1156578,1156578,1156578,1156578,1156578,1156578,1156578,1156578,1156578,1156578,1156578,1156578,1156578,1156578,1156578,1156578,1156578,1156578,1156578,1156578,1156578,1156578,1156578
1157912,1157912,1157912,1157912,1157912,1157912,1157912,1157912,1157912,1157912,1157912,1157912,1157912,1157912,1157912,1157912,1157912,1157912,1157912,1157912,1157912,1157912,1157912,1157912,1157912,1157912,1157912,1157912,1157912,1157912
1159246,1159246,1159246,1159246,1159246,1159246,1159246,1159246,1159246,1159246,1159246,1159246,1159246,1159246,1159246,1159246,1159246,1159246,1159246,1159246,1159246,1159246,1159246,1159246,1159246,1159246,1159246,1159246,1159246,1159246
1160580,1160580,1160580,1160580,1160580,1160580,1160580,1160580,1160580,1160580,1160580,1160580,1160580,1160580,1160580,1160580,1160580,1160580,1160580,1160580,1160580,1160580,1160580,1160580,1160580,1160580,1160580,1160580,1160580,1160580
1161914,1161914,1161914,1161914,1161914,1161914,1161914,1161914,1161914,1161914,1161914,1161914,1161914,1161914,1161914,1161914,1161914,1161914,1161914,1161914,1161914,1161914,1161914,1161914,1161914,1161914,1161914,1161914,1161914,1161914
1163248,1163248,1163248,1163248,1163248,1163248,1163248,1163248,1163248,1163248,1163248,1163248,1163248,1163248,1163248,1163248,1163248,1163248,1163248,1163248,1163248,1163248,1163248,1163248,1163248,1163248,1163248,1163248,1163248,1163248
1164582,1164582,1164582,1164582,1164582,1164582,1164582,1164582,1164582,1164582,1164582,1164582,1164582,1164582,1164582,1164582,1164582,1164582,1164582,1164582,1164582,1164582,1164582,1164582,1164582,1164582,1164582,1164582,1164582,1164582
1165916,1165916,1165916,1165916,1165916,1165916,1165916,1165916,1165916,1165916,1165916,1165916,1165916,1165916,1165916,1165916,1165916,1165916,1165916,1165916,1165916,1165916,1165916,1165916,1165916,1165916,1165916,1165916,1165916,1165916
1167250,1167250,1167250,1167250,1167250,1167250,1167250,1167250,1167250,1167250,1167250,1167250,1167250,1167250,1167250,1167250,1167250,1167250,1167250,1167250,1167250,1167250,1167250,1167250,1167250,1167250,1167250,1167250,1167250,1167250
1168584,1168584,1168584,1168584,1168584,1168584,1168584,1168584,1168584,1168584,1168584,1168584,1168584,1168584,1168584,1168584,1168584,1168584,1168584,1168584,1168584,1168584,1168584,1168584,1168584,1168584,1168584,1168584,1168584,1168584
1169918,1169918,1169918,1169918,1169918,1169918,1169918,1169918,1169918,1169918,1169918,1169918,1169918,1169918,1169918,1169918,1169918,1169918,1169918,1169918,1169918,1169918,1169918,1169918,1169918,1169918,1169918,1169918,1169918,1169918
1171252,1171252,1171252,1171252,1171252,1171252,1171252,1171252,1171252,1171252,1171252,1171252,1171252,1171252,1171252,1171252,1171252,1171252,1171252,1171252,1171252,1171252,1171252,1171252,1171252,1171252,1171252,1171252,1171252,1171252
1172586,1172586,1172586,1172586,1172586,1172586,1172586,1172586,1172586,1172586,1172586,1172586,1172586,1172586,1172586,1172586,1172586,1172586,1172586,1172586,1172586,1172586,1172586,1172586,1172586,1172586,1172586,1172586,1172586,1172586
1173920,1173920,1173920,1173920,1173920,1173920,1173920,1173920,1173920,1173920,1173920,1173920,1173920,1173920,1173920,1173920,1173920,1173920,1173920,1173920,1173920,1173920,1173920,1173920,1173920,1173920,1173920,1173920,1173920,1173920
1175254,1175254,1175254,1175254,1175254,1175254,1175254,1175254,1175254,1175254,1175254,1175254,1175254,1175254,1175254,1175254,1175254,1175254,1175254,1175254,1175254,1175254,1175254,1175254,1175254,1175254,1175254,1175254,1175254,1175254
1176588,1176588,1176588,1176588,1176588,1176588,1176588,1176588,1176588,1176588,1176588,1176588,1176588,1176588,1176588,1176588,1176588,1176588,1176588,1176588,1176588,1176588,1176588,1176588,1176588,1176588,1176588,1176588,1176588,1176588
1177922,1177922,1177922,1177922,1177922,1177922,1177922,1177922,1177922,1177922,1177922,1177922,1177922,1177922,1177922,1177922,1177922,1177922,1177922,1177922,1177922,1177922,1177922,1177922,1177922,1177922,1177922,1177922,1177922,1177922
1179256,1179256,1179256,1179256,1179256,1179256,1179256,1179256,1179256,1179256,1179256,1179256,1179256,1179256,1179256,1179256,1179256,1179256,1179256,1179256,1179256,1179256,1179256,1179256,1179256,1179256,1179256,1179256,1179256,1179256
1180590,1180590,1180590,1180590,1180590,1180590,1180590,1180590,1180590,1180590,1180590,1180590,1180590,1180590,1180590,1180590,1180590,1180590,1180590,1180590,1180590,1180590,1180590,1180590,1180590,1180590,1180590,1180590,1180590,1180590
1181924,1181924,1181924,1181924,1181924,1181924,1181924,1181924,1181924,1181924,1181924,1181924,1181924,1181924,1181924,1181924,1181924,1181924,1181924,1181924,1181924,1181924,1181924,1181924,1181924,1181924,1181924,1181924,1181924,1181924
1183258,1183258,1183258,1183258,1183258,1183258,1183258,1183258,1183258,1183258,1183258,1183258,1183258,1183258,1183258,1183258,1183258,1183258,1183258,1183258,1183258,1183258,1183258,1183258,1183258,1183258,1183258,1183258,1183258,1183258
1184592,1184592,1184592,1184592,1184592,1184592,1184592,1184592,1184592,1184592,1184592,1184592,1184592,1184592,1184592,1184592,1184592,1184592,1184592,1184592,1184592,1184592,1184592,1184592,1184592,1184592,1184592,1184592,1184592,1184592
1185926,1185926,1185926,1185926,1185926,1185926,1185926,1185926,1185926,1185926,1185926,1185926,1185926,1185926,1185926,1185926,1185926,1185926,1185926,1185926,1185926,1185926,1185926,1185926,1185926,1185926,1185926,1185926,1185926,1185926
1187260,1187260,1187260,1187260,1187260,1187260,1187260,1187260,1187260,1187260,1187260,1187260,1187260,1187260,1187260,1187260,1187260,1187260,1187260,1187260,1187260,1187260,1187260,1187260,1187260,1187260,1187260,1187260,1187260,1187260
1188594,1188594,1188594,1188594,1188594,1188594,1188594,1188594,1188594,1188594,1188594,1188594,1188594,1188594,1188594,1188594,1188594,1188594,1188594,1188594,1188594,1188594,1188594,1188594,1188594,1188594,1188594,1188594,1188594,1188594
1189928,1189928,1189928,1189928,1189928,1189928,1189928,1189928,1189928,1189928,1189928,1189928,1189928,1189928,1189928,1189928,1189928,1189928,1189928,1189928,1189928,1189928,1189928,1189928,1189928,1189928,1189928,1189928,1189928,1189928
1191262,1191262,1191262,1191262,1191262,1191262,1191262,1191262,1191262,1191262,1191262,1191262,1191262,1191262,1191262,1191262,1191262,1191262,1191262,1191262,1191262,1191262,1191262,1191262,1191262,1191262,1191262,1191262,1191262,1191262
1192596,1192596,1192596,1192596,1192596,1192596,1192596,1192596,1192596,1192596,1192596,1192596,1192596,1192596,1192596,1192596,1192596,1192596,1192596,1192596,1192596,1192596,1192596,1192596,1192596,1192596,1192596,1192596,1192596,1192596
1193930,1193930,1193930,1193930,1193930,1193930,1193930,1193930,1193930,1193930,1193930,1193930,1193930,1193930,1193930,1193930,1193930,1193930,1193930,1193930,1193930,1193930,1193930,1193930,1193930,1193930,1193930,1193930,1193930,1193930
1195264,1195264,1195264,1195264,1195264,1195264,1195264,1195264,1195264,1195264,1195264,1195264,1195264,1195264,1195264,1195264,1195264,1195264,1195264,1195264,1195264,1195264,1195264,1195264,1195264,1195264,1195264,1195264,1195264,1195264
1196598,1196598,1196598,1196598,1196598,1196598,1196598,1196598,1196598,1196598,1196598,1196598,1196598,1196598,1196598,1196598,1196598,1196598,1196598,1196598,1196598,1196598,1196598,1196598,1196598,1196598,1196598,1196598,1196598,1196598
1197932,1197932,1197932,1197932,1197932,1197932,1197932,1197932,1197932,1197932,1197932,1197932,1197932,1197932,1197932,1197932,1197932,1197932,1197932,1197932,1197932,1197932,1197932,1197932,1197932,1197932,1197932,1197932,1197932,1197932
1199266,1199266,1199266,1199266,1199266,1199266,1199266,1199266,1199266,1199266,1199266,1199266,1199266,1199266,1199266,1199266,1199266,1199266,1199266,1199266,1199266,1199266,1199266,1199266,1199266,1199266,1199266,1199266,1199266,1199266
1200600,1200600,1200600,1200600,1200600,1200600,1200600,1200600,1200600,1200600,1200600,1200600,1200600,1200600,1200600,1200600,1200600,1200600,1200600,1200600,1200600,1200600,1200600,1200600,1200600,1200600,1200600,1200600,1200600,1200600
1201934,1201934,1201934,1201934,1201934,1201934,1201934,1201934,1201934,1201934,1201934,1201934,1201934,1201934,1201934,1201934,1201934,1201934,1201934,1201934,1201934,1201934,1201934,1201934,1201934,1201934,1201934,1201934,1201934,1201934
1203268,1203268,1203268,1203268,1203268,1203268,1203268,1203268,1203268,1203268,1203268,1203268,1203268,1203268,1203268,1203268,1203268,1203268,1203268,1203268,1203268,1203268,1203268,1203268,1203268,1203268,1203268,1203268,1203268,1203268
1204602,1204602,1204602,1204602,1204602,1204602,1204602,1204602,1204602,1204602,1204602,1204602,1204602,1204602,1204602,1204602,1204602,1204602,1204602,1204602,1204602,1204602,1204602,1204602,1204602,1204602,1204602,1204602,1204602,1204602
1205936,1205936,1205936,1205936,1205936,1205936,1205936,1205936,1205936,1205936,1205936,1205936,1205936,1205936,1205936,1205936,1205936,1205936,1205936,1205936,1205936,1205936,1205936,1205936,1205936,1205936,1205936,1205936,1205936,1205936
1207270,1207270,1207270,1207270,1207270,1207270,1207270,1207270,1207270,1207270,1207270,1207270,1207270,1207270,1207270,1207270,1207270,1207270,1207270,1207270,1207270,1207270,1207270,1207270,1207270,1207270,1207270,1207270,1207270,1207270
1208604,1208604,1208604,1208604,1208604,1208604,1208604,1208604,1208604,1208604,1208604,1208604,1208604,1208604,1208604,1208604,1208604,1208604,1208604,1208604,1208604,1208604,1208604,1208604,1208604,1208604,1208604,1208604,1208604,1208604
1209938,1209938,1209938,1209938,1209938,1209938,1209938,1209938,1209938,1209938,1209938,1209938,1209938,1209938,1209938,1209938,1209938,1209938,1209938,1209938,1209938,1209938,1209938,1209938,1209938,1209938,1209938,1209938,1209938,1209938
1211272,1211272,1211272,1211272,1211272,1211272,1211272,1211272,1211272,1211272,1211272,1211272,1211272,1211272,1211272,1211272,1211272,1211272,1211272,1211272,1211272,1211272,1211272,1211272,1211272,1211272,1211272,1211272,1211272,1211272
1212606,1212606,1212606,1212606,1212606,1212606,1212606,1212606,1212606,1212606,1212606,1212606,1212606,1212606,1212606,1212606,1212606,1212606,1212606,1212606,1212606,1212606,1212606,1212606,1212606,1212606,1212606,1212606,1212606,1212606
1213940,1213940,1213940,1213940,1213940,1213940,1213940,1213940,1213940,1213940,1213940,1213940,1213940,1213940,1213940,1213940,1213940,1213940,1213940,1213940,1213940,1213940,1213940,1213940,1213940,1213940,1213940,1213940,1213940,1213940
1215274,1215274,1215274,1215274,1215274,1215274,1215274,1215274,1215274,1215274,1215274,1215274,1215274,1215274,1215274,1215274,1215274,1215274,1215274,1215274,1215274,1215274,1215274,1215274,1215274,1215274,1215274,1215274,1215274,1215274
1216608,1216608,1216608,1216608,1216608,1216608,1216608,1216608,1216608,1216608,1216608,1216608,1216608,1216608,1216608,1216608,1216608,1216608,1216608,1216608,1216608,1216608,1216608,1216608,1216608,1216608,1216608,1216608,1216608,1216608
1217942,1217942,1217942,1217942,1217942,1217942,1217942,1217942,1217942,1217942,1217942,1217942,1217942,1217942,1217942,1217942,1217942,1217942,1217942,1217942,1217942,1217942,1217942,1217942,1217942,1217942,1217942,1217942,1217942,1217942
1219276,1219276,1219276,1219276,1219276,1219276,1219276,1219276,1219276,1219276,1219276,1219276,1219276,1219276,1219276,1219276,1219276,1219276,1219276,1219276,1219276,1219276,1219276,1219276,1219276,1219276,1219276,1219276,1219276,1219276
1220610,1220610,1220610,1220610,1220610,1220610,1220610,1220610,1220610,1220610,1220610,1220610,1220610,1220610,1220610,1220610,1220610,1220610,1220610,1220610,1220610,1220610,1220610,1220610,1220610,1220610,1220610,1220610,1220610,1220610
1221944,1221944,1221944,1221944,1221944,1221944,1221944,1221944,1221944,1221944,1221944,1221944,1221944,1221944,1221944,1221944,1221944,1221944,1221944,1221944,1221944,1221944,1221944,1221944,1221944,1221944,1221944,1221944,1221944,1221944
1223278,1223278,1223278,1223278,1223278,1223278,1223278,1223278,1223278,1223278,1223278,1223278,1223278,1223278,1223278,1223278,1223278,1223278,1223278,1223278,1223278,1223278,1223278,1223278,1223278,1223278,1223278,1223278,1223278,1223278
1224612,1224612,1224612,1224612,1224612,1224612,1224612,1224612,1224612,1224612,1224612,1224612,1224612,1224612,1224612,1224612,1224612,1224612,1224612,1224612,1224612,1224612,1224612,1224612,1224612,1224612,1224612,1224612,1224612,1224612
1225946,1225946,1225946,1225946,1225946,1225946,1225946,1225946,1225946,1225946,1225946,1225946,1225946,1225946,1225946,1225946,1225946,1225946,1225946,1225946,1225946,1225946,1225946,1225946,1225946,1225946,1225946,1225946,1225946,1225946
1227280,1227280,1227280,1227280,1227280,1227280,1227280,1227280,1227280,1227280,1227280,1227280,1227280,1227280,1227280,1227280,1227280,1227280,1227280,1227280,1227280,1227280,1227280,1227280,1227280,1227280,1227280,1227280,1227280,1227280
1228614,1228614,1228614,1228614,1228614,1228614,1228614,1228614,1228614,1228614,1228614,1228614,1228614,1228614,1228614,1228614,1228614,1228614,1228614,1228614,1228614,1228614,1228614,1228614,1228614,1228614,1228614,1228614,1228614,1228614
1229948,1229948,1229948,1229948,1229948,1229948,1229948,1229948,1229948,1229948,1229948,1229948,1229948,1229948,1229948,1229948,1229948,1229948,1229948,1229948,1229948,1229948,1229948,1229948,1229948,1229948,1229948,1229948,1229948,1229948
1231282,1231282,1231282,1231282,1231282,1231282,1231282,1231282,1231282,1231282,1231282,1231282,1231282,1231282,1231282,1231282,1231282,1231282,1231282,1231282,1231282,1231282,1231282,1231282,1231282,1231282,1231282,1231282,1231282,1231282
1232616,1232616,1232616,1232616,1232616,1232616,1232616,1232616,1232616,1232616,1232616,1232616,1232616,1232616,1232616,1232616,1232616,1232616,1232616,1232616,1232616,1232616,1232616,1232616,1232616,1232616,1232616,1232616,1232616,1232616
1233950,1233950,1233950,1233950,1233950,1233950,1233950,1233950,1233950,1233950,1233950,1233950,1233950,1233950,1233950,1233950,1233950,1233950,1233950,1233950,1233950,1233950,1233950,1233950,1233950,1233950,1233950,1233950,1233950,1233950
1235284,1235284,1235284,1235284,1235284,1235284,1235284,1235284,1235284,1235284,1235284,1235284,1235284,1235284,1235284,1235284,1235284,1235284,1235284,1235284,1235284,1235284,1235284,1235284,1235284,1235284,1235284,1235284,1235284,1235284
1236618,1236618,1236618,1236618,1236618,1236618,1236618,1236618,1236618,1236618,1236618,1236618,1236618,1236618,1236618,1236618,1236618,1236618,1236618,1236618,1236618,1236618,1236618,1236618,1236618,1236618,1236618,1236618,1236618,1236618
1237952,1237952,1237952,1237952,1237952,1237952,1237952,1237952,1237952,1237952,1237952,1237952,1237952,1237952,1237952,1237952,1237952,1237952,1237952,1237952,1237952,1237952,1237952,1237952,1237952,1237952,1237952,1237952,1237952,1237952
1239286,1239286,1239286,1239286,1239286,1239286,1239286,1239286,1239286,1239286,1239286,1239286,1239286,1239286,1239286,1239286,1239286,1239286,1239286,1239286,1239286,1239286,1239286,1239286,1239286,1239286,1239286,1239286,1239286,1239286
1240620,1240620,1240620,1240620,1240620,1240620,1240620,1240620,1240620,1240620,1240620,1240620,1240620,1240620,1240620,1240620,1240620,1240620,1240620,1240620,1240620,1240620,1240620,1240620,1240620,1240620,1240620,1240620,1240620,1240620
1241954,1241954,1241954,1241954,1241954,1241954,1241954,1241954,1241954,1241954,1241954,1241954,1241954,1241954,1241954,1241954,1241954,1241954,1241954,1241954,1241954,1241954,1241954,1241954,1241954,1241954,1241954,1241954,1241954,1241954
1243288,1243288,1243288,1243288,1243288,1243288,1243288,1243288,1243288,1243288,1243288,1243288,1243288,1243288,1243288,1243288,1243288,1243288,1243288,1243288,1243288,1243288,1243288,1243288,1243288,1243288,1243288,1243288,1243288,1243288
1244622,1244622,1244622,1244622,1244622,1244622,1244622,1244622,1244622,1244622,1244622,1244622,1244622,1244622,1244622,1244622,1244622,1244622,1244622,1244622,1244622,1244622,1244622,1244622,1244622,1244622,1244622,1244622,1244622,1244622
1245956,1245956,1245956,1245956,1245956,1245956,1245956,1245956,1245956,1245956,1245956,1245956,1245956,1245956,1245956,1245956,1245956,1245956,1245956,1245956,1245956,1245956,1245956,1245956,1245956,1245956,1245956,1245956,1245956,1245956
1247290,1247290,1247290,1247290,1247290,1247290,1247290,1247290,1247290,1247290,1247290,1247290,1247290,1247290,1247290,1247290,1247290,1247290,1247290,1247290,1247290,1247290,1247290,1247290,1247290,1247290,1247290,1247290,1247290,1247290
1248624,1248624,1248624,1248624,1248624,1248624,1248624,1248624,1248624,1248624,1248624,1248624,1248624,1248624,1248624,1248624,1248624,1248624,1248624,1248624,1248624,1248624,1248624,1248624,1248624,1248624,1248624,1248624,1248624,1248624
1249958,1249958,1249958,1249958,1249958,1249958,1249958,1249958,1249958,1249958,1249958,1249958,1249958,1249958,1249958,1249958,1249958,1249958,1249958,1249958,1249958,1249958,1249958,1249958,1249958,1249958,1249958,1249958,1249958,1249958
1251292,1251292,1251292,1251292,1251292,1251292,1251292,1251292,1251292,1251292,1251292,1251292,1251292,1251292,1251292,1251292,1251292,1251292,1251292,1251292,1251292,1251292,1251292,1251292,1251292,1251292,1251292,1251292,1251292,1251292
1252626,1252626,1252626,1252626,1252626,1252626,1252626,1252626,1252626,1252626,1252626,1252626,1252626,1252626,1252626,1252626,1252626,1252626,1252626,1252626,1252626,1252626,1252626,1252626,1252626,1252626,1252626,1252626,1252626,1252626
1253960,1253960,1253960,1253960,1253960,1253960,1253960,1253960,1253960,1253960,1253960,1253960,1253960,1253960,1253960,1253960,1253960,1253960,1253960,1253960,1253960,1253960,1253960,1253960,1253960,1253960,1253960,1253960,1253960,1253960
1255294,1255294,1255294,1255294,1255294,1255294,1255294,1255294,1255294,1255294,1255294,1255294,1255294,1255294,1255294,1255294,1255294,1255294,1255294,1255294,1255294,1255294,1255294,1255294,1255294,1255294,1255294,1255294,1255294,1255294
1256628,1256628,1256628,1256628,1256628,1256628,1256628,1256628,1256628,1256628,1256628,1256628,1256628,1256628,1256628,1256628,1256628,1256628,1256628,1256628,1256628,1256628,1256628,1256628,1256628,1256628,1256628,1256628,1256628,1256628
1257962,1257962,1257962,1257962,1257962,1257962,1257962,1257962,1257962,1257962,1257962,1257962,1257962,1257962,1257962,1257962,1257962,1257962,1257962,1257962,1257962,1257962,1257962,1257962,1257962,1257962,1257962,1257962,1257962,1257962
1259296,1259296,1259296,1259296,1259296,1259296,1259296,1259296,1259296,1259296,1259296,1259296,1259296,1259296,1259296,1259296,1259296,1259296,1259296,1259296,1259296,1259296,1259296,1259296,1259296,1259296,1259296,1259296,1259296,1259296
1260630,1260630,1260630,1260630,1260630,1260630,1260630,1260630,1260630,1260630,1260630,1260630,1260630,1260630,1260630,1260630,1260630,1260630,1260630,1260630,1260630,1260630,1260630,1260630,1260630,1260630,1260630,1260630,1260630,1260630
1261964,1261964,1261964,1261964,1261964,1261964,1261964,1261964,1261964,1261964,1261964,1261964,1261964,1261964,1261964,1261964,1261964,1261964,1261964,1261964,1261964,1261964,1261964,1261964,1261964,1261964,1261964,1261964,1261964,1261964
1263298,1263298,1263298,1263298,1263298,1263298,1263298,1263298,1263298,1263298,1263298,1263298,1263298,1263298,1263298,1263298,1263298,1263298,1263298,1263298,1263298,1263298,1263298,1263298,1263298,1263298,1263298,1263298,1263298,1263298
1264632,1264632,1264632,1264632,1264632,1264632,1264632,1264632,1264632,1264632,1264632,1264632,1264632,1264632,1264632,1264632,1264632,1264632,1264632,1264632,1264632,1264632,1264632,1264632,1264632,1264632,1264632,1264632,1264632,1264632
1265966,1265966,1265966,1265966,1265966,1265966,1265966,1265966,1265966,1265966,1265966,1265966,1265966,1265966,1265966,1265966,1265966,1265966,1265966,1265966,1265966,1265966,1265966,1265966,1265966,1265966,1265966,1265966,1265966,1265966
1267300,1267300,1267300,1267300,1267300,1267300,1267300,1267300,1267300,1267300,1267300,1267300,1267300,1267300,1267300,1267300,1267300,1267300,1267300,1267300,1267300,1267300,1267300,1267300,1267300,1267300,1267300,1267300,1267300,1267300
1268634,1268634,1268634,1268634,1268634,1268634,1268634,1268634,1268634,1268634,1268634,1268634,1268634,1268634,1268634,1268634,1268634,1268634,1268634,1268634,1268634,1268634,1268634,1268634,1268634,1268634,1268634,1268634,1268634,1268634
1269968,1269968,1269968,1269968,1269968,1269968,1269968,1269968,1269968,1269968,1269968,1269968,1269968,1269968,1269968,1269968,1269968,1269968,1269968,1269968,1269968,1269968,1269968,1269968,1269968,1269968,1269968,1269968,1269968,1269968
1271302,1271302,1271302,1271302,1271302,1271302,1271302,1271302,1271302,1271302,1271302,1271302,1271302,1271302,1271302,1271302,1271302,1271302,1271302,1271302,1271302,1271302,1271302,1271302,1271302,1271302,1271302,1271302,1271302,1271302
1272636,1272636,1272636,1272636,1272636,1272636,1272636,1272636,1272636,1272636,1272636,1272636,1272636,1272636,1272636,1272636,1272636,1272636,1272636,1272636,1272636,1272636,1272636,1272636,1272636,1272636,1272636,1272636,1272636,1272636
1273970,1273970,1273970,1273970,1273970,1273970,1273970,1273970,1273970,1273970,1273970,1273970,1273970,1273970,1273970,1273970,1273970,1273970,1273970,1273970,1273970,1273970,1273970,1273970,1273970,1273970,1273970,1273970,1273970,1273970
1275304,1275304,1275304,1275304,1275304,1275304,1275304,1275304,1275304,1275304,1275304,1275304,1275304,1275304,1275304,1275304,1275304,1275304,1275304,1275304,1275304,1275304,1275304,1275304,1275304,1275304,1275304,1275304,1275304,1275304
1276638,1276638,1276638,1276638,1276638,1276638,1276638,1276638,1276638,1276638,1276638,1276638,1276638,1276638,1276638,1276638,1276638,1276638,1276638,1276638,1276638,1276638,1276638,1276638,1276638,1276638,1276638,1276638,1276638,1276638
1277972,1277972,1277972,1277972,1277972,1277972,1277972,1277972,1277972,1277972,1277972,1277972,1277972,1277972,1277972,1277972,1277972,1277972,1277972,1277972,1277972,1277972,1277972,1277972,1277972,1277972,1277972,1277972,1277972,1277972
1279306,1279306,1279306,1279306,1279306,1279306,1279306,1279306,1279306,1279306,1279306,1279306,1279306,1279306,1279306,1279306,1279306,1279306,1279306,1279306,1279306,1279306,1279306,1279306,1279306,1279306,1279306,1279306,1279306,1279306
1280640,1280640,1280640,1280640,1280640,1280640,1280640,1280640,1280640,1280640,1280640,1280640,1280640,1280640,1280640,1280640,1280640,1280640,1280640,1280640,1280640,1280640,1280640,1280640,1280640,1280640,1280640,1280640,1280640,1280640
1281974,1281974,1281974,1281974,1281974,1281974,1281974,1281974,1281974,1281974,1281974,1281974,1281974,1281974,1281974,1281974,1281974,1281974,1281974,1281974,1281974,1281974,1281974,1281974,1281974,1281974,1281974,1281974,1281974,1281974
1283308,1283308,1283308,1283308,1283308,1283308,1283308,1283308,1283308,1283308,1283308,1283308,1283308,1283308,1283308,1283308,1283308,1283308,1283308,1283308,1283308,1283308,1283308,1283308,1283308,1283308,1283308,1283308,1283308,1283308
1284642,1284642,1284642,1284642,1284642,1284642,1284642,1284642,1284642,1284642,1284642,1284642,1284642,1284642,1284642,1284642,1284642,1284642,1284642,1284642,1284642,1284642,1284642,1284642,1284642,1284642,1284642,1284642,1284642,1284642
1285976,1285976,1285976,1285976,1285976,1285976,1285976,1285976,1285976,1285976,1285976,1285976,1285976,1285976,1285976,1285976,1285976,1285976,1285976,1285976,1285976,1285976,1285976,1285976,1285976,1285976,1285976,1285976,1285976,1285976
1287310,1287310,1287310,1287310,1287310,1287310,1287310,1287310,1287310,1287310,1287310,1287310,1287310,1287310,1287310,1287310,1287310,1287310,1287310,1287310,1287310,1287310,1287310,1287310,1287310,1287310,1287310,1287310,1287310,1287310
1288644,1288644,1288644,1288644,1288644,1288644,1288644,1288644,1288644,1288644,1288644,1288644,1288644,1288644,1288644,1288644,1288644,1288644,1288644,1288644,1288644,1288644,1288644,1288644,1288644,1288644,1288644,1288644,1288644,1288644
1289978,1289978,1289978,1289978,1289978,1289978,1289978,1289978,1289978,1289978,1289978,1289978,1289978,1289978,1289978,1289978,1289978,1289978,1289978,1289978,1289978,1289978,1289978,1289978,1289978,1289978,1289978,1289978,1289978,1289978
1291312,1291312,1291312,1291312,1291312,1291312,1291312,1291312,1291312,1291312,1291312,1291312,1291312,1291312,1291312,1291312,1291312,1291312,1291312,1291312,1291312,1291312,1291312,1291312,1291312,1291312,1291312,1291312,1291312,1291312
1292646,1292646,1292646,1292646,1292646,1292646,1292646,1292646,1292646,1292646,1292646,1292646,1292646,1292646,1292646,1292646,1292646,1292646,1292646,1292646,1292646,1292646,1292646,1292646,1292646,1292646,1292646,1292646,1292646,1292646
1293980,1293980,1293980,1293980,1293980,1293980,1293980,1293980,1293980,1293980,1293980,1293980,1293980,1293980,1293980,1293980,1293980,1293980,1293980,1293980,1293980,1293980,1293980,1293980,1293980,1293980,1293980,1293980,1293980,1293980
1295314,1295314,1295314,1295314,1295314,1295314,1295314,1295314,1295314,1295314,1295314,1295314,1295314,1295314,1295314,1295314,1295314,1295314,1295314,1295314,1295314,1295314,1295314,1295314,1295314,1295314,1295314,1295314,1295314,1295314
1296648,1296648,1296648,1296648,1296648,1296648,1296648,1296648,1296648,1296648,1296648,1296648,1296648,1296648,1296648,1296648,1296648,1296648,1296648,1296648,1296648,1296648,1296648,1296648,1296648,1296648,1296648,1296648,1296648,1296648
1297982,1297982,1297982,1297982,1297982,1297982,1297982,1297982,1297982,1297982,1297982,1297982,1297982,1297982,1297982,1297982,1297982,1297982,1297982,1297982,1297982,1297982,1297982,1297982,1297982,1297982,1297982,1297982,1297982,1297982
1299316,1299316,1299316,1299316,1299316,1299316,1299316,1299316,1299316,1299316,1299316,1299316,1299316,1299316,1299316,1299316,1299316,1299316,1299316,1299316,1299316,1299316,1299316,1299316,1299316,1299316,1299316,1299316,1299316,1299316
1300650,1300650,1300650,1300650,1300650,1300650,1300650,1300650,1300650,1300650,1300650,1300650,1300650,1300650,1300650,1300650,1300650,1300650,1300650,1300650,1300650,1300650,1300650,1300650,1300650,1300650,1300650,1300650,1300650,1300650
1301984,1301984,1301984,1301984,1301984,1301984,1301984,1301984,1301984,1301984,1301984,1301984,1301984,1301984,1301984,1301984,1301984,1301984,1301984,1301984,1301984,1301984,1301984,1301984,1301984,1301984,1301984,1301984,1301984,1301984
1303318,1303318,1303318,1303318,1303318,1303318,1303318,1303318,1303318,1303318,1303318,1303318,1303318,1303318,1303318,1303318,1303318,1303318,1303318,1303318,1303318,1303318,1303318,1303318,1303318,1303318,1303318,1303318,1303318,1303318
1304652,1304652,1304652,1304652,1304652,1304652,1304652,1304652,1304652,1304652,1304652,1304652,1304652,1304652,1304652,1304652,1304652,1304652,1304652,1304652,1304652,1304652,1304652,1304652,1304652,1304652,1304652,1304652,1304652,1304652
1305986,1305986,1305986,1305986,1305986,1305986,1305986,1305986,1305986,1305986,1305986,1305986,1305986,1305986,1305986,1305986,1305986,1305986,1305986,1305986,1305986,1305986,1305986,1305986,1305986,1305986,1305986,1305986,1305986,1305986
1307320,1307320,1307320,1307320,1307320,1307320,1307320,1307320,1307320,1307320,1307320,1307320,1307320,1307320,1307320,1307320,1307320,1307320,1307320,1307320,1307320,1307320,1307320,1307320,1307320,1307320,1307320,1307320,1307320,1307320
1308654,1308654,1308654,1308654,1308654,1308654,1308654,1308654,1308654,1308654,1308654,1308654,1308654,1308654,1308654,1308654,1308654,1308654,1308654,1308654,1308654,1308654,1308654,1308654,1308654,1308654,1308654,1308654,1308654,1308654
1309988,1309988,1309988,1309988,1309988,1309988,1309988,1309988,1309988,1309988,1309988,1309988,1309988,1309988,1309988,1309988,1309988,1309988,1309988,1309988,1309988,1309988,1309988,1309988,1309988,1309988,1309988,1309988,1309988,1309988
1311322,1311322,1311322,1311322,1311322,1311322,1311322,1311322,1311322,1311322,1311322,1311322,1311322,1311322,1311322,1311322,1311322,1311322,1311322,1311322,1311322,1311322,1311322,1311322,1311322,1311322,1311322,1311322,1311322,1311322
1312656,1312656,1312656,1312656,1312656,1312656,1312656,1312656,1312656,1312656,1312656,1312656,1312656,1312656,1312656,1312656,1312656,1312656,1312656,1312656,1312656,1312656,1312656,1312656,1312656,1312656,1312656,1312656,1312656,1312656
1313990,1313990,1313990,1313990,1313990,1313990,1313990,1313990,1313990,1313990,1313990,1313990,1313990,1313990,1313990,1313990,1313990,1313990,1313990,1313990,1313990,1313990,1313990,1313990,1313990,1313990,1313990,1313990,1313990,1313990
1315324,1315324,1315324,1315324,1315324,1315324,1315324,1315324,1315324,1315324,1315324,1315324,1315324,1315324,1315324,1315324,1315324,1315324,1315324,1315324,1315324,1315324,1315324,1315324,1315324,1315324,1315324,1315324,1315324,1315324
1316658,1316658,1316658,1316658,1316658,1316658,1316658,1316658,1316658,1316658,1316658,1316658,1316658,1316658,1316658,1316658,1316658,1316658,1316658,1316658,1316658,1316658,1316658,1316658,1316658,1316658,1316658,1316658,1316658,1316658
1317992,1317992,1317992,1317992,1317992,1317992,1317992,1317992,1317992,1317992,1317992,1317992,1317992,1317992,1317992,1317992,1317992,1317992,1317992,1317992,1317992,1317992,1317992,1317992,1317992,1317992,1317992,1317992,1317992,1317992
1319326,1319326,1319326,1319326,1319326,1319326,1319326,1319326,1319326,1319326,1319326,1319326,1319326,1319326,1319326,1319326,1319326,1319326,1319326,1319326,1319326,1319326,1319326,1319326,1319326,1319326,1319326,1319326,1319326,1319326
1320660,1320660,1320660,1320660,1320660,1320660,1320660,1320660,1320660,1320660,1320660,1320660,1320660,1320660,1320660,1320660,1320660,1320660,1320660,1320660,1320660,1320660,1320660,1320660,1320660,1320660,1320660,1320660,1320660,1320660
1321994,1321994,1321994,1321994,1321994,1321994,1321994,1321994,1321994,1321994,1321994,1321994,1321994,1321994,1321994,1321994,1321994,1321994,1321994,1321994,1321994,1321994,1321994,1321994,1321994,1321994,1321994,1321994,1321994,1321994
1323328,1323328,1323328,1323328,1323328,1323328,1323328,1323328,1323328,1323328,1323328,1323328,1323328,1323328,1323328,1323328,1323328,1323328,1323328,1323328,1323328,1323328,1323328,1323328,1323328,1323328,1323328,1323328,1323328,1323328
1324662,1324662,1324662,1324662,1324662,1324662,1324662,1324662,1324662,1324662,1324662,1324662,1324662,1324662,1324662,1324662,1324662,1324662,1324662,1324662,1324662,1324662,1324662,1324662,1324662,1324662,1324662,1324662,1324662,1324662
1325996,1325996,1325996,1325996,1325996,1325996,1325996,1325996,1325996,1325996,1325996,1325996,1325996,1325996,1325996,1325996,1325996,1325996,1325996,1325996,1325996,1325996,1325996,1325996,1325996,1325996,1325996,1325996,1325996,1325996
1327330,1327330,1327330,1327330,1327330,1327330,1327330,1327330,1327330,1327330,1327330,1327330,1327330,1327330,1327330,1327330,1327330,1327330,1327330,1327330,1327330,1327330,1327330,1327330,1327330,1327330,1327330,1327330,1327330,1327330
1328664,1328664,1328664,1328664,1328664,1328664,1328664,1328664,1328664,1328664,1328664,1328664,1328664,1328664,1328664,1328664,1328664,1328664,1328664,1328664,1328664,1328664,1328664,1328664,1328664,1328664,1328664,1328664,1328664,1328664
1329998,1329998,1329998,1329998,1329998,1329998,1329998,1329998,1329998,1329998,1329998,1329998,1329998,1329998,1329998,1329998,1329998,1329998,1329998,1329998,1329998,1329998,1329998,1329998,1329998,1329998,1329998,1329998,1329998,1329998
1331332,1331332,1331332,1331332,1331332,1331332,1331332,1331332,1331332,1331332,1331332,1331332,1331332,1331332,1331332,1331332,1331332,1331332,1331332,1331332,1331332,1331332,1331332,1331332,1331332,1331332,1331332,1331332,1331332,1331332
1332666,1332666,1332666,1332666,1332666,1332666,1332666,1332666,1332666,1332666,1332666,1332666,1332666,1332666,1332666,1332666,1332666,1332666,1332666,1332666,1332666,1332666,1332666,1332666,1332666,1332666,1332666,1332666,1332666,1332666
1334000,1334000,1334000,1334000,1334000,1334000,1334000,1334000,1334000,1334000,1334000,1334000,1334000,1334000,1334000,1334000,1334000,1334000,1334000,1334000,1334000,1334000,1334000,1334000,1334000,1334000,1334000,1334000,1334000,1334000
