trial_0,trial_1,trial_2,trial_3,trial_4,trial_5,trial_6,trial_7,trial_8,trial_9,trial_10,trial_11,trial_12,trial_13,trial_14,trial_15,trial_16,trial_17,trial_18,trial_19,trial_20,trial_21,trial_22,trial_23,trial_24,trial_25,trial_26,trial_27,trial_28,trial_29
500,500,500,500,500,500,500,500,500,500,500,500,500,500,500,500,500,500,500,500,500,500,500,500,500,500,500,500,500,500
1000,1000,1000,1000,1000,1000,1000,1000,1000,1000,1000,1000,1000,1000,1000,1000,1000,1000,1000,1000,1000,1000,1000,1000,1000,1000,1000,1000,1000,1000
1500,1500,1500,1500,1500,1500,1500,1500,1500,1500,1500,1500,1500,1500,1500,1500,1500,1500,1500,1500,1500,1500,1500,1500,1500,1500,1500,1500,1500,1500
2000,2000,2000,2000,2000,2000,2000,2000,2000,2000,2000,2000,2000,2000,2000,2000,2000,2000,2000,2000,2000,2000,2000,2000,2000,2000,2000,2000,2000,2000
2500,2500,2500,2500,2500,2500,2500,2500,2500,2500,2500,2500,2500,2500,2500,2500,2500,2500,2500,2500,2500,2500,2500,2500,2500,2500,2500,2500,2500,2500
3000,3000,3000,3000,3000,3000,3000,3000,3000,3000,3000,3000,3000,3000,3000,3000,3000,3000,3000,3000,3000,3000,3000,3000,3000,3000,3000,3000,3000,3000
3500,3500,3500,3500,3500,3500,3500,3500,3500,3500,3500,3500,3500,3500,3500,3500,3500,3500,3500,3500,3500,3500,3500,3500,3500,3500,3500,3500,3500,3500
4000,4000,4000,4000,4000,4000,4000,4000,4000,4000,4000,4000,4000,4000,4000,4000,4000,4000,4000,4000,4000,4000,4000,4000,4000,4000,4000,4000,4000,4000
4500,4500,4500,4500,4500,4500,4500,4500,4500,4500,4500,4500,4500,4500,4500,4500,4500,4500,4500,4500,4500,4500,4500,4500,4500,4500,4500,4500,4500,4500
5000,5000,5000,5000,5000,5000,5000,5000,5000,5000,5000,5000,5000,5000,5000,5000,5000,5000,5000,5000,5000,5000,5000,5000,5000,5000,5000,5000,5000,5000
5500,5500,5500,5500,5500,5500,5500,5500,5500,5500,5500,5500,5500,5500,5500,5500,5500,5500,5500,5500,5500,5500,5500,5500,5500,5500,5500,5500,5500,5500
6000,6000,6000,6000,6000,6000,6000,6000,6000,6000,6000,6000,6000,6000,6000,6000,6000,6000,6000,6000,6000,6000,6000,6000,6000,6000,6000,6000,6000,6000
6500,6500,6500,6500,6500,6500,6500,6500,6500,6500,6500,6500,6500,6500,6500,6500,6500,6500,6500,6500,6500,6500,6500,6500,6500,6500,6500,6500,6500,6500
7000,7000,7000,7000,7000,7000,7000,7000,7000,7000,7000,7000,7000,7000,7000,7000,7000,7000,7000,7000,7000,7000,7000,7000,7000,7000,7000,7000,7000,7000
7500,7500,7500,7500,7500,7500,7500,7500,7500,7500,7500,7500,7500,7500,7500,7500,7500,7500,7500,7500,7500,7500,7500,7500,7500,7500,7500,7500,7500,7500
8000,8000,8000,8000,8000,8000,8000,8000,8000,8000,8000,8000,8000,8000,8000,8000,8000,8000,8000,8000,8000,8000,8000,8000,8000,8000,8000,8000,8000,8000
8500,8500,8500,8500,8500,8500,8500,8500,8500,8500,8500,8500,8500,8500,8500,8500,8500,8500,8500,8500,8500,8500,8500,8500,8500,8500,8500,8500,8500,8500
9000,9000,9000,9000,9000,9000,9000,9000,9000,9000,9000,9000,9000,9000,9000,9000,9000,9000,9000,9000,9000,9000,9000,9000,9000,9000,9000,9000,9000,9000
9500,9500,9500,9500,9500,9500,9500,9500,9500,9500,9500,9500,9500,9500,9500,9500,9500,9500,9500,9500,9500,9500,9500,9500,9500,9500,9500,9500,9500,9500
10000,10000,10000,10000,10000,10000,10000,10000,10000,10000,10000,10000,10000,10000,10000,10000,10000,10000,10000,10000,10000,10000,10000,10000,10000,10000,10000,10000,10000,10000
10500,10500,10500,10500,10500,10500,10500,10500,10500,10500,10500,10500,10500,10500,10500,10500,10500,10500,10500,10500,10500,10500,10500,10500,10500,10500,10500,10500,10500,10500
11000,11000,11000,11000,11000,11000,11000,11000,11000,11000,11000,11000,11000,11000,11000,11000,11000,11000,11000,11000,11000,11000,11000,11000,11000,11000,11000,11000,11000,11000
11500,11500,11500,11500,11500,11500,11500,11500,11500,11500,11500,11500,11500,11500,11500,11500,11500,11500,11500,11500,11500,11500,11500,11500,11500,11500,11500,11500,11500,11500
12000,12000,12000,12000,12000,12000,12000,12000,12000,12000,12000,12000,12000,12000,12000,12000,12000,12000,12000,12000,12000,12000,12000,12000,12000,12000,12000,12000,12000,12000
12500,12500,12500,12500,12500,12500,12500,12500,12500,12500,12500,12500,12500,12500,12500,12500,12500,12500,12500,12500,12500,12500,12500,12500,12500,12500,12500,12500,12500,12500
13000,13000,13000,13000,13000,13000,13000,13000,13000,13000,13000,13000,13000,13000,13000,13000,13000,13000,13000,13000,13000,13000,13000,13000,13000,13000,13000,13000,13000,13000
13500,13500,13500,13500,13500,13500,13500,13500,13500,13500,13500,13500,13500,13500,13500,13500,13500,13500,13500,13500,13500,13500,13500,13500,13500,13500,13500,13500,13500,13500
14000,14000,14000,14000,14000,14000,14000,14000,14000,14000,14000,14000,14000,14000,14000,14000,14000,14000,14000,14000,14000,14000,14000,14000,14000,14000,14000,14000,14000,14000
14500,14500,14500,14500,14500,14500,14500,14500,14500,14500,14500,14500,14500,14500,14500,14500,14500,14500,14500,14500,14500,14500,14500,14500,14500,14500,14500,14500,14500,14500
15000,15000,15000,15000,15000,15000,15000,15000,15000,15000,15000,15000,15000,15000,15000,15000,15000,15000,15000,15000,15000,15000,15000,15000,15000,15000,15000,15000,15000,15000
15500,15500,15500,15500,15500,15500,15500,15500,15500,15500,15500,15500,15500,15500,15500,15500,15500,15500,15500,15500,15500,15500,15500,15500,15500,15500,15500,15500,15500,15500
16000,16000,16000,16000,16000,16000,16000,16000,16000,16000,16000,16000,16000,16000,16000,16000,16000,16000,16000,16000,16000,16000,16000,16000,16000,16000,16000,16000,16000,16000
16500,16500,16500,16500,16500,16500,16500,16500,16500,16500,16500,16500,16500,16500,16500,16500,16500,16500,16500,16500,16500,16500,16500,16500,16500,16500,16500,16500,16500,16500
17000,17000,17000,17000,17000,17000,17000,17000,17000,17000,17000,17000,17000,17000,17000,17000,17000,17000,17000,17000,17000,17000,17000,17000,17000,17000,17000,17000,17000,17000
17500,17500,17500,17500,17500,17500,17500,17500,17500,17500,17500,17500,17500,17500,17500,17500,17500,17500,17500,17500,17500,17500,17500,17500,17500,17500,17500,17500,17500,17500
18000,18000,18000,18000,18000,18000,18000,18000,18000,18000,18000,18000,18000,18000,18000,18000,18000,18000,18000,18000,18000,18000,18000,18000,18000,18000,18000,18000,18000,18000
18500,18500,18500,18500,18500,18500,18500,18500,18500,18500,18500,18500,18500,18500,18500,18500,18500,18500,18500,18500,18500,18500,18500,18500,18500,18500,18500,18500,18500,18500
19000,19000,19000,19000,19000,19000,19000,19000,19000,19000,19000,19000,19000,19000,19000,19000,19000,19000,19000,19000,19000,19000,19000,19000,19000,19000,19000,19000,19000,19000
19500,19500,19500,19500,19500,19500,19500,19500,19500,19500,19500,19500,19500,19500,19500,19500,19500,19500,19500,19500,19500,19500,19500,19500,19500,19500,19500,19500,19500,19500
20000,20000,20000,20000,20000,20000,20000,20000,20000,20000,20000,20000,20000,20000,20000,20000,20000,20000,20000,20000,20000,20000,20000,20000,20000,20000,20000,20000,20000,20000
20500,20500,20500,20500,20500,20500,20500,20500,20500,20500,20500,20500,20500,20500,20500,20500,20500,20500,20500,20500,20500,20500,20500,20500,20500,20500,20500,20500,20500,20500
21000,21000,21000,21000,21000,21000,21000,21000,21000,21000,21000,21000,21000,21000,21000,21000,21000,21000,21000,21000,21000,21000,21000,21000,21000,21000,21000,21000,21000,21000
21500,21500,21500,21500,21500,21500,21500,21500,21500,21500,21500,21500,21500,21500,21500,21500,21500,21500,21500,21500,21500,21500,21500,21500,21500,21500,21500,21500,21500,21500
22000,22000,22000,22000,22000,22000,22000,22000,22000,22000,22000,22000,22000,22000,22000,22000,22000,22000,22000,22000,22000,22000,22000,22000,22000,22000,22000,22000,22000,22000
22500,22500,22500,22500,22500,22500,22500,22500,22500,22500,22500,22500,22500,22500,22500,22500,22500,22500,22500,22500,22500,22500,22500,22500,22500,22500,22500,22500,22500,22500
23000,23000,23000,23000,23000,23000,23000,23000,23000,23000,23000,23000,23000,23000,23000,23000,23000,23000,23000,23000,23000,23000,23000,23000,23000,23000,23000,23000,23000,23000
23500,23500,23500,23500,23500,23500,23500,23500,23500,23500,23500,23500,23500,23500,23500,23500,23500,23500,23500,23500,23500,23500,23500,23500,23500,23500,23500,23500,23500,23500
24000,24000,24000,24000,24000,24000,24000,24000,24000,24000,24000,24000,24000,24000,24000,24000,24000,24000,24000,24000,24000,24000,24000,24000,24000,24000,24000,24000,24000,24000
24500,24500,24500,24500,24500,24500,24500,24500,24500,24500,24500,24500,24500,24500,24500,24500,24500,24500,24500,24500,24500,24500,24500,24500,24500,24500,24500,24500,24500,24500
25000,25000,25000,25000,25000,25000,25000,25000,25000,25000,25000,25000,25000,25000,25000,25000,25000,25000,25000,25000,25000,25000,25000,25000,25000,25000,25000,25000,25000,25000
25500,25500,25500,25500,25500,25500,25500,25500,25500,25500,25500,25500,25500,25500,25500,25500,25500,25500,25500,25500,25500,25500,25500,25500,25500,25500,25500,25500,25500,25500
26000,26000,26000,26000,26000,26000,26000,26000,26000,26000,26000,26000,26000,26000,26000,26000,26000,26000,26000,26000,26000,26000,26000,26000,26000,26000,26000,26000,26000,26000
26500,26500,26500,26500,26500,26500,26500,26500,26500,26500,26500,26500,26500,26500,26500,26500,26500,26500,26500,26500,26500,26500,26500,26500,26500,26500,26500,26500,26500,26500
27000,27000,27000,27000,27000,27000,27000,27000,27000,27000,27000,27000,27000,27000,27000,27000,27000,27000,27000,27000,27000,27000,27000,27000,27000,27000,27000,27000,27000,27000
27500,27500,27500,27500,27500,27500,27500,27500,27500,27500,27500,27500,27500,27500,27500,27500,27500,27500,27500,27500,27500,27500,27500,27500,27500,27500,27500,27500,27500,27500
28000,28000,28000,28000,28000,28000,28000,28000,28000,28000,28000,28000,28000,28000,28000,28000,28000,28000,28000,28000,28000,28000,28000,28000,28000,28000,28000,28000,28000,28000
28500,28500,28500,28500,28500,28500,28500,28500,28500,28500,28500,28500,28500,28500,28500,28500,28500,28500,28500,28500,28500,28500,28500,28500,28500,28500,28500,28500,28500,28500
29000,29000,29000,29000,29000,29000,29000,29000,29000,29000,29000,29000,29000,29000,29000,29000,29000,29000,29000,29000,29000,29000,29000,29000,29000,29000,29000,29000,29000,29000
29500,29500,29500,29500,29500,29500,29500,29500,29500,29500,29500,29500,29500,29500,29500,29500,29500,29500,29500,29500,29500,29500,29500,29500,29500,29500,29500,29500,29500,29500
30000,30000,30000,30000,30000,30000,30000,30000,30000,30000,30000,30000,30000,30000,30000,30000,30000,30000,30000,30000,30000,30000,30000,30000,30000,30000,30000,30000,30000,30000
30500,30500,30500,30500,30500,30500,30500,30500,30500,30500,30500,30500,30500,30500,30500,30500,30500,30500,30500,30500,30500,30500,30500,30500,30500,30500,30500,30500,30500,30500
31000,31000,31000,31000,31000,31000,31000,31000,31000,31000,31000,31000,31000,31000,31000,31000,31000,31000,31000,31000,31000,31000,31000,31000,31000,31000,31000,31000,31000,31000
31500,31500,31500,31500,31500,31500,31500,31500,31500,31500,31500,31500,31500,31500,31500,31500,31500,31500,31500,31500,31500,31500,31500,31500,31500,31500,31500,31500,31500,31500
32000,32000,32000,32000,32000,32000,32000,32000,32000,32000,32000,32000,32000,32000,32000,32000,32000,32000,32000,32000,32000,32000,32000,32000,32000,32000,32000,32000,32000,32000
32500,32500,32500,32500,32500,32500,32500,32500,32500,32500,32500,32500,32500,32500,32500,32500,32500,32500,32500,32500,32500,32500,32500,32500,32500,32500,32500,32500,32500,32500
33000,33000,33000,33000,33000,33000,33000,33000,33000,33000,33000,33000,33000,33000,33000,33000,33000,33000,33000,33000,33000,33000,33000,33000,33000,33000,33000,33000,33000,33000
33500,33500,33500,33500,33500,33500,33500,33500,33500,33500,33500,33500,33500,33500,33500,33500,33500,33500,33500,33500,33500,33500,33500,33500,33500,33500,33500,33500,33500,33500
34000,34000,34000,34000,34000,34000,34000,34000,34000,34000,34000,34000,34000,34000,34000,34000,34000,34000,34000,34000,34000,34000,34000,34000,34000,34000,34000,34000,34000,34000
34500,34500,34500,34500,34500,34500,34500,34500,34500,34500,34500,34500,34500,34500,34500,34500,34500,34500,34500,34500,34500,34500,34500,34500,34500,34500,34500,34500,34500,34500
35000,35000,35000,35000,35000,35000,35000,35000,35000,35000,35000,35000,35000,35000,35000,35000,35000,35000,35000,35000,35000,35000,35000,35000,35000,35000,35000,35000,35000,35000
35500,35500,35500,35500,35500,35500,35500,35500,35500,35500,35500,35500,35500,35500,35500,35500,35500,35500,35500,35500,35500,35500,35500,35500,35500,35500,35500,35500,35500,35500
36000,36000,36000,36000,36000,36000,36000,36000,36000,36000,36000,36000,36000,36000,36000,36000,36000,36000,36000,36000,36000,36000,36000,36000,36000,36000,36000,36000,36000,36000
36500,36500,36500,36500,36500,36500,36500,36500,36500,36500,36500,36500,36500,36500,36500,36500,36500,36500,36500,36500,36500,36500,36500,36500,36500,36500,36500,36500,36500,36500
37000,37000,37000,37000,37000,37000,37000,37000,37000,37000,37000,37000,37000,37000,37000,37000,37000,37000,37000,37000,37000,37000,37000,37000,37000,37000,37000,37000,37000,37000
37500,37500,37500,37500,37500,37500,37500,37500,37500,37500,37500,37500,37500,37500,37500,37500,37500,37500,37500,37500,37500,37500,37500,37500,37500,37500,37500,37500,37500,37500
38000,38000,38000,38000,38000,38000,38000,38000,38000,38000,38000,38000,38000,38000,38000,38000,38000,38000,38000,38000,38000,38000,38000,38000,38000,38000,38000,38000,38000,38000
38500,38500,38500,38500,38500,38500,38500,38500,38500,38500,38500,38500,38500,38500,38500,38500,38500,38500,38500,38500,38500,38500,38500,38500,38500,38500,38500,38500,38500,38500
39000,39000,39000,39000,39000,39000,39000,39000,39000,39000,39000,39000,39000,39000,39000,39000,39000,39000,39000,39000,39000,39000,39000,39000,39000,39000,39000,39000,39000,39000
39500,39500,39500,39500,39500,39500,39500,39500,39500,39500,39500,39500,39500,39500,39500,39500,39500,39500,39500,39500,39500,39500,39500,39500,39500,39500,39500,39500,39500,39500
40000,40000,40000,40000,40000,40000,40000,40000,40000,40000,40000,40000,40000,40000,40000,40000,40000,40000,40000,40000,40000,40000,40000,40000,40000,40000,40000,40000,40000,40000
40500,40500,40500,40500,40500,40500,40500,40500,40500,40500,40500,40500,40500,40500,40500,40500,40500,40500,40500,40500,40500,40500,40500,40500,40500,40500,40500,40500,40500,40500
41000,41000,41000,41000,41000,41000,41000,41000,41000,41000,41000,41000,41000,41000,41000,41000,41000,41000,41000,41000,41000,41000,41000,41000,41000,41000,41000,41000,41000,41000
41500,41500,41500,41500,41500,41500,41500,41500,41500,41500,41500,41500,41500,41500,41500,41500,41500,41500,41500,41500,41500,41500,41500,41500,41500,41500,41500,41500,41500,41500
42000,42000,42000,42000,42000,42000,42000,42000,42000,42000,42000,42000,42000,42000,42000,42000,42000,42000,42000,42000,42000,42000,42000,42000,42000,42000,42000,42000,42000,42000
42500,42500,42500,42500,42500,42500,42500,42500,42500,42500,42500,42500,42500,42500,42500,42500,42500,42500,42500,42500,42500,42500,42500,42500,42500,42500,42500,42500,42500,42500
43000,43000,43000,43000,43000,43000,43000,43000,43000,43000,43000,43000,43000,43000,43000,43000,43000,43000,43000,43000,43000,43000,43000,43000,43000,43000,43000,43000,43000,43000
43500,43500,43500,43500,43500,43500,43500,43500,43500,43500,43500,43500,43500,43500,43500,43500,43500,43500,43500,43500,43500,43500,43500,43500,43500,43500,43500,43500,43500,43500
44000,44000,44000,44000,44000,44000,44000,44000,44000,44000,44000,44000,44000,44000,44000,44000,44000,44000,44000,44000,44000,44000,44000,44000,44000,44000,44000,44000,44000,44000
44500,44500,44500,44500,44500,44500,44500,44500,44500,44500,44500,44500,44500,44500,44500,44500,44500,44500,44500,44500,44500,44500,44500,44500,44500,44500,44500,44500,44500,44500
45000,45000,45000,45000,45000,45000,45000,45000,45000,45000,45000,45000,45000,45000,45000,45000,45000,45000,45000,45000,45000,45000,45000,45000,45000,45000,45000,45000,45000,45000
45500,45500,45500,45500,45500,45500,45500,45500,45500,45500,45500,45500,45500,45500,45500,45500,45500,45500,45500,45500,45500,45500,45500,45500,45500,45500,45500,45500,45500,45500
46000,46000,46000,46000,46000,46000,46000,46000,46000,46000,46000,46000,46000,46000,46000,46000,46000,46000,46000,46000,46000,46000,46000,46000,46000,46000,46000,46000,46000,46000
46500,46500,46500,46500,46500,46500,46500,46500,46500,46500,46500,46500,46500,46500,46500,46500,46500,46500,46500,46500,46500,46500,46500,46500,46500,46500,46500,46500,46500,46500
47000,47000,47000,47000,47000,47000,47000,47000,47000,47000,47000,47000,47000,47000,47000,47000,47000,47000,47000,47000,47000,47000,47000,47000,47000,47000,47000,47000,47000,47000
47500,47500,47500,47500,47500,47500,47500,47500,47500,47500,47500,47500,47500,47500,47500,47500,47500,47500,47500,47500,47500,47500,47500,47500,47500,47500,47500,47500,47500,47500
48000,48000,48000,48000,48000,48000,48000,48000,48000,48000,48000,48000,48000,48000,48000,48000,48000,48000,48000,48000,48000,48000,48000,48000,48000,48000,48000,48000,48000,48000
48500,48500,48500,48500,48500,48500,48500,48500,48500,48500,48500,48500,48500,48500,48500,48500,48500,48500,48500,48500,48500,48500,48500,48500,48500,48500,48500,48500,48500,48500
49000,49000,49000,49000,49000,49000,49000,49000,49000,49000,49000,49000,49000,49000,49000,49000,49000,49000,49000,49000,49000,49000,49000,49000,49000,49000,49000,49000,49000,49000
49500,49500,49500,49500,49500,49500,49500,49500,49500,49500,49500,49500,49500,49500,49500,49500,49500,49500,49500,49500,49500,49500,49500,49500,49500,49500,49500,49500,49500,49500
50000,50000,50000,50000,50000,50000,50000,50000,50000,50000,50000,50000,50000,50000,50000,50000,50000,50000,50000,50000,50000,50000,50000,50000,50000,50000,50000,50000,50000,50000
50500,50500,50500,50500,50500,50500,50500,50500,50500,50500,50500,50500,50500,50500,50500,50500,50500,50500,50500,50500,50500,50500,50500,50500,50500,50500,50500,50500,50500,50500
51000,51000,51000,51000,51000,51000,51000,51000,51000,51000,51000,51000,51000,51000,51000,51000,51000,51000,51000,51000,51000,51000,51000,51000,51000,51000,51000,51000,51000,51000
51500,51500,51500,51500,51500,51500,51500,51500,51500,51500,51500,51500,51500,51500,51500,51500,51500,51500,51500,51500,51500,51500,51500,51500,51500,51500,51500,51500,51500,51500
52000,52000,52000,52000,52000,52000,52000,52000,52000,52000,52000,52000,52000,52000,52000,52000,52000,52000,52000,52000,52000,52000,52000,52000,52000,52000,52000,52000,52000,52000
52500,52500,52500,52500,52500,52500,52500,52500,52500,52500,52500,52500,52500,52500,52500,52500,52500,52500,52500,52500,52500,52500,52500,52500,52500,52500,52500,52500,52500,52500
53000,53000,53000,53000,53000,53000,53000,53000,53000,53000,53000,53000,53000,53000,53000,53000,53000,53000,53000,53000,53000,53000,53000,53000,53000,53000,53000,53000,53000,53000
53500,53500,53500,53500,53500,53500,53500,53500,53500,53500,53500,53500,53500,53500,53500,53500,53500,53500,53500,53500,53500,53500,53500,53500,53500,53500,53500,53500,53500,53500
54000,54000,54000,54000,54000,54000,54000,54000,54000,54000,54000,54000,54000,54000,54000,54000,54000,54000,54000,54000,54000,54000,54000,54000,54000,54000,54000,54000,54000,54000
54500,54500,54500,54500,54500,54500,54500,54500,54500,54500,54500,54500,54500,54500,54500,54500,54500,54500,54500,54500,54500,54500,54500,54500,54500,54500,54500,54500,54500,54500
55000,55000,55000,55000,55000,55000,55000,55000,55000,55000,55000,55000,55000,55000,55000,55000,55000,55000,55000,55000,55000,55000,55000,55000,55000,55000,55000,55000,55000,55000
55500,55500,55500,55500,55500,55500,55500,55500,55500,55500,55500,55500,55500,55500,55500,55500,55500,55500,55500,55500,55500,55500,55500,55500,55500,55500,55500,55500,55500,55500
56000,56000,56000,56000,56000,56000,56000,56000,56000,56000,56000,56000,56000,56000,56000,56000,56000,56000,56000,56000,56000,56000,56000,56000,56000,56000,56000,56000,56000,56000
56500,56500,56500,56500,56500,56500,56500,56500,56500,56500,56500,56500,56500,56500,56500,56500,56500,56500,56500,56500,56500,56500,56500,56500,56500,56500,56500,56500,56500,56500
57000,57000,57000,57000,57000,57000,57000,57000,57000,57000,57000,57000,57000,57000,57000,57000,57000,57000,57000,57000,57000,57000,57000,57000,57000,57000,57000,57000,57000,57000
57500,57500,57500,57500,57500,57500,57500,57500,57500,57500,57500,57500,57500,57500,57500,57500,57500,57500,57500,57500,57500,57500,57500,57500,57500,57500,57500,57500,57500,57500
58000,58000,58000,58000,58000,58000,58000,58000,58000,58000,58000,58000,58000,58000,58000,58000,58000,58000,58000,58000,58000,58000,58000,58000,58000,58000,58000,58000,58000,58000
58500,58500,58500,58500,58500,58500,58500,58500,58500,58500,58500,58500,58500,58500,58500,58500,58500,58500,58500,58500,58500,58500,58500,58500,58500,58500,58500,58500,58500,58500
59000,59000,59000,59000,59000,59000,59000,59000,59000,59000,59000,59000,59000,59000,59000,59000,59000,59000,59000,59000,59000,59000,59000,59000,59000,59000,59000,59000,59000,59000
59500,59500,59500,59500,59500,59500,59500,59500,59500,59500,59500,59500,59500,59500,59500,59500,59500,59500,59500,59500,59500,59500,59500,59500,59500,59500,59500,59500,59500,59500
60000,60000,60000,60000,60000,60000,60000,60000,60000,60000,60000,60000,60000,60000,60000,60000,60000,60000,60000,60000,60000,60000,60000,60000,60000,60000,60000,60000,60000,60000
60500,60500,60500,60500,60500,60500,60500,60500,60500,60500,60500,60500,60500,60500,60500,60500,60500,60500,60500,60500,60500,60500,60500,60500,60500,60500,60500,60500,60500,60500
61000,61000,61000,61000,61000,61000,61000,61000,61000,61000,61000,61000,61000,61000,61000,61000,61000,61000,61000,61000,61000,61000,61000,61000,61000,61000,61000,61000,61000,61000
61500,61500,61500,61500,61500,61500,61500,61500,61500,61500,61500,61500,61500,61500,61500,61500,61500,61500,61500,61500,61500,61500,61500,61500,61500,61500,61500,61500,61500,61500
62000,62000,62000,62000,62000,62000,62000,62000,62000,62000,62000,62000,62000,62000,62000,62000,62000,62000,62000,62000,62000,62000,62000,62000,62000,62000,62000,62000,62000,62000
62500,62500,62500,62500,62500,62500,62500,62500,62500,62500,62500,62500,62500,62500,62500,62500,62500,62500,62500,62500,62500,62500,62500,62500,62500,62500,62500,62500,62500,62500
63000,63000,63000,63000,63000,63000,63000,63000,63000,63000,63000,63000,63000,63000,63000,63000,63000,63000,63000,63000,63000,63000,63000,63000,63000,63000,63000,63000,63000,63000
63500,63500,63500,63500,63500,63500,63500,63500,63500,63500,63500,63500,63500,63500,63500,63500,63500,63500,63500,63500,63500,63500,63500,63500,63500,63500,63500,63500,63500,63500
64000,64000,64000,64000,64000,64000,64000,64000,64000,64000,64000,64000,64000,64000,64000,64000,64000,64000,64000,64000,64000,64000,64000,64000,64000,64000,64000,64000,64000,64000
64500,64500,64500,64500,64500,64500,64500,64500,64500,64500,64500,64500,64500,64500,64500,64500,64500,64500,64500,64500,64500,64500,64500,64500,64500,64500,64500,64500,64500,64500
65000,65000,65000,65000,65000,65000,65000,65000,65000,65000,65000,65000,65000,65000,65000,65000,65000,65000,65000,65000,65000,65000,65000,65000,65000,65000,65000,65000,65000,65000
65500,65500,65500,65500,65500,65500,65500,65500,65500,65500,65500,65500,65500,65500,65500,65500,65500,65500,65500,65500,65500,65500,65500,65500,65500,65500,65500,65500,65500,65500
66000,66000,66000,66000,66000,66000,66000,66000,66000,66000,66000,66000,66000,66000,66000,66000,66000,66000,66000,66000,66000,66000,66000,66000,66000,66000,66000,66000,66000,66000
66500,66500,66500,66500,66500,66500,66500,66500,66500,66500,66500,66500,66500,66500,66500,66500,66500,66500,66500,66500,66500,66500,66500,66500,66500,66500,66500,66500,66500,66500
67000,67000,67000,67000,67000,67000,67000,67000,67000,67000,67000,67000,67000,67000,67000,67000,67000,67000,67000,67000,67000,67000,67000,67000,67000,67000,67000,67000,67000,67000
67500,67500,67500,67500,67500,67500,67500,67500,67500,67500,67500,67500,67500,67500,67500,67500,67500,67500,67500,67500,67500,67500,67500,67500,67500,67500,67500,67500,67500,67500
68000,68000,68000,68000,68000,68000,68000,68000,68000,68000,68000,68000,68000,68000,68000,68000,68000,68000,68000,68000,68000,68000,68000,68000,68000,68000,68000,68000,68000,68000
68500,68500,68500,68500,68500,68500,68500,68500,68500,68500,68500,68500,68500,68500,68500,68500,68500,68500,68500,68500,68500,68500,68500,68500,68500,68500,68500,68500,68500,68500
69000,69000,69000,69000,69000,69000,69000,69000,69000,69000,69000,69000,69000,69000,69000,69000,69000,69000,69000,69000,69000,69000,69000,69000,69000,69000,69000,69000,69000,69000
69500,69500,69500,69500,69500,69500,69500,69500,69500,69500,69500,69500,69500,69500,69500,69500,69500,69500,69500,69500,69500,69500,69500,69500,69500,69500,69500,69500,69500,69500
70000,70000,70000,70000,70000,70000,70000,70000,70000,70000,70000,70000,70000,70000,70000,70000,70000,70000,70000,70000,70000,70000,70000,70000,70000,70000,70000,70000,70000,70000
70500,70500,70500,70500,70500,70500,70500,70500,70500,70500,70500,70500,70500,70500,70500,70500,70500,70500,70500,70500,70500,70500,70500,70500,70500,70500,70500,70500,70500,70500
71000,71000,71000,71000,71000,71000,71000,71000,71000,71000,71000,71000,71000,71000,71000,71000,71000,71000,71000,71000,71000,71000,71000,71000,71000,71000,71000,71000,71000,71000
71500,71500,71500,71500,71500,71500,71500,71500,71500,71500,71500,71500,71500,71500,71500,71500,71500,71500,71500,71500,71500,71500,71500,71500,71500,71500,71500,71500,71500,71500
72000,72000,72000,72000,72000,72000,72000,72000,72000,72000,72000,72000,72000,72000,72000,72000,72000,72000,72000,72000,72000,72000,72000,72000,72000,72000,72000,72000,72000,72000
72500,72500,72500,72500,72500,72500,72500,72500,72500,72500,72500,72500,72500,72500,72500,72500,72500,72500,72500,72500,72500,72500,72500,72500,72500,72500,72500,72500,72500,72500
73000,73000,73000,73000,73000,73000,73000,73000,73000,73000,73000,73000,73000,73000,73000,73000,73000,73000,73000,73000,73000,73000,73000,73000,73000,73000,73000,73000,73000,73000
73500,73500,73500,73500,73500,73500,73500,73500,73500,73500,73500,73500,73500,73500,73500,73500,73500,73500,73500,73500,73500,73500,73500,73500,73500,73500,73500,73500,73500,73500
74000,74000,74000,74000,74000,74000,74000,74000,74000,74000,74000,74000,74000,74000,74000,74000,74000,74000,74000,74000,74000,74000,74000,74000,74000,74000,74000,74000,74000,74000
74500,74500,74500,74500,74500,74500,74500,74500,74500,74500,74500,74500,74500,74500,74500,74500,74500,74500,74500,74500,74500,74500,74500,74500,74500,74500,74500,74500,74500,74500
75000,75000,75000,75000,75000,75000,75000,75000,75000,75000,75000,75000,75000,75000,75000,75000,75000,75000,75000,75000,75000,75000,75000,75000,75000,75000,75000,75000,75000,75000
75500,75500,75500,75500,75500,75500,75500,75500,75500,75500,75500,75500,75500,75500,75500,75500,75500,75500,75500,75500,75500,75500,75500,75500,75500,75500,75500,75500,75500,75500
76000,76000,76000,76000,76000,76000,76000,76000,76000,76000,76000,76000,76000,76000,76000,76000,76000,76000,76000,76000,76000,76000,76000,76000,76000,76000,76000,76000,76000,76000
76500,76500,76500,76500,76500,76500,76500,76500,76500,76500,76500,76500,76500,76500,76500,76500,76500,76500,76500,76500,76500,76500,76500,76500,76500,76500,76500,76500,76500,76500
77000,77000,77000,77000,77000,77000,77000,77000,77000,77000,77000,77000,77000,77000,77000,77000,77000,77000,77000,77000,77000,77000,77000,77000,77000,77000,77000,77000,77000,77000
77500,77500,77500,77500,77500,77500,77500,77500,77500,77500,77500,77500,77500,77500,77500,77500,77500,77500,77500,77500,77500,77500,77500,77500,77500,77500,77500,77500,77500,77500
78000,78000,78000,78000,78000,78000,78000,78000,78000,78000,78000,78000,78000,78000,78000,78000,78000,78000,78000,78000,78000,78000,78000,78000,78000,78000,78000,78000,78000,78000
78500,78500,78500,78500,78500,78500,78500,78500,78500,78500,78500,78500,78500,78500,78500,78500,78500,78500,78500,78500,78500,78500,78500,78500,78500,78500,78500,78500,78500,78500
79000,79000,79000,79000,79000,79000,79000,79000,79000,79000,79000,79000,79000,79000,79000,79000,79000,79000,79000,79000,79000,79000,79000,79000,79000,79000,79000,79000,79000,79000
79500,79500,79500,79500,79500,79500,79500,79500,79500,79500,79500,79500,79500,79500,79500,79500,79500,79500,79500,79500,79500,79500,79500,79500,79500,79500,79500,79500,79500,79500
80000,80000,80000,80000,80000,80000,80000,80000,80000,80000,80000,80000,80000,80000,80000,80000,80000,80000,80000,80000,80000,80000,80000,80000,80000,80000,80000,80000,80000,80000
80500,80500,80500,80500,80500,80500,80500,80500,80500,80500,80500,80500,80500,80500,80500,80500,80500,80500,80500,80500,80500,80500,80500,80500,80500,80500,80500,80500,80500,80500
81000,81000,81000,81000,81000,81000,81000,81000,81000,81000,81000,81000,81000,81000,81000,81000,81000,81000,81000,81000,81000,81000,81000,81000,81000,81000,81000,81000,81000,81000
81500,81500,81500,81500,81500,81500,81500,81500,81500,81500,81500,81500,81500,81500,81500,81500,81500,81500,81500,81500,81500,81500,81500,81500,81500,81500,81500,81500,81500,81500
82000,82000,82000,82000,82000,82000,82000,82000,82000,82000,82000,82000,82000,82000,82000,82000,82000,82000,82000,82000,82000,82000,82000,82000,82000,82000,82000,82000,82000,82000
82500,82500,82500,82500,82500,82500,82500,82500,82500,82500,82500,82500,82500,82500,82500,82500,82500,82500,82500,82500,82500,82500,82500,82500,82500,82500,82500,82500,82500,82500
83000,83000,83000,83000,83000,83000,83000,83000,83000,83000,83000,83000,83000,83000,83000,83000,83000,83000,83000,83000,83000,83000,83000,83000,83000,83000,83000,83000,83000,83000
83500,83500,83500,83500,83500,83500,83500,83500,83500,83500,83500,83500,83500,83500,83500,83500,83500,83500,83500,83500,83500,83500,83500,83500,83500,83500,83500,83500,83500,83500
84000,84000,84000,84000,84000,84000,84000,84000,84000,84000,84000,84000,84000,84000,84000,84000,84000,84000,84000,84000,84000,84000,84000,84000,84000,84000,84000,84000,84000,84000
84500,84500,84500,84500,84500,84500,84500,84500,84500,84500,84500,84500,84500,84500,84500,84500,84500,84500,84500,84500,84500,84500,84500,84500,84500,84500,84500,84500,84500,84500
85000,85000,85000,85000,85000,85000,85000,85000,85000,85000,85000,85000,85000,85000,85000,85000,85000,85000,85000,85000,85000,85000,85000,85000,85000,85000,85000,85000,85000,85000
85500,85500,85500,85500,85500,85500,85500,85500,85500,85500,85500,85500,85500,85500,85500,85500,85500,85500,85500,85500,85500,85500,85500,85500,85500,85500,85500,85500,85500,85500
86000,86000,86000,86000,86000,86000,86000,86000,86000,86000,86000,86000,86000,86000,86000,86000,86000,86000,86000,86000,86000,86000,86000,86000,86000,86000,86000,86000,86000,86000
86500,86500,86500,86500,86500,86500,86500,86500,86500,86500,86500,86500,86500,86500,86500,86500,86500,86500,86500,86500,86500,86500,86500,86500,86500,86500,86500,86500,86500,86500
87000,87000,87000,87000,87000,87000,87000,87000,87000,87000,87000,87000,87000,87000,87000,87000,87000,87000,87000,87000,87000,87000,87000,87000,87000,87000,87000,87000,87000,87000
87500,87500,87500,87500,87500,87500,87500,87500,87500,87500,87500,87500,87500,87500,87500,87500,87500,87500,87500,87500,87500,87500,87500,87500,87500,87500,87500,87500,87500,87500
88000,88000,88000,88000,88000,88000,88000,88000,88000,88000,88000,88000,88000,88000,88000,88000,88000,88000,88000,88000,88000,88000,88000,88000,88000,88000,88000,88000,88000,88000
88500,88500,88500,88500,88500,88500,88500,88500,88500,88500,88500,88500,88500,88500,88500,88500,88500,88500,88500,88500,88500,88500,88500,88500,88500,88500,88500,88500,88500,88500
89000,89000,89000,89000,89000,89000,89000,89000,89000,89000,89000,89000,89000,89000,89000,89000,89000,89000,89000,89000,89000,89000,89000,89000,89000,89000,89000,89000,89000,89000
89500,89500,89500,89500,89500,89500,89500,89500,89500,89500,89500,89500,89500,89500,89500,89500,89500,89500,89500,89500,89500,89500,89500,89500,89500,89500,89500,89500,89500,89500
90000,90000,90000,90000,90000,90000,90000,90000,90000,90000,90000,90000,90000,90000,90000,90000,90000,90000,90000,90000,90000,90000,90000,90000,90000,90000,90000,90000,90000,90000
90500,90500,90500,90500,90500,90500,90500,90500,90500,90500,90500,90500,90500,90500,90500,90500,90500,90500,90500,90500,90500,90500,90500,90500,90500,90500,90500,90500,90500,90500
91000,91000,91000,91000,91000,91000,91000,91000,91000,91000,91000,91000,91000,91000,91000,91000,91000,91000,91000,91000,91000,91000,91000,91000,91000,91000,91000,91000,91000,91000
91500,91500,91500,91500,91500,91500,91500,91500,91500,91500,91500,91500,91500,91500,91500,91500,91500,91500,91500,91500,91500,91500,91500,91500,91500,91500,91500,91500,91500,91500
92000,92000,92000,92000,92000,92000,92000,92000,92000,92000,92000,92000,92000,92000,92000,92000,92000,92000,92000,92000,92000,92000,92000,92000,92000,92000,92000,92000,92000,92000
92500,92500,92500,92500,92500,92500,92500,92500,92500,92500,92500,92500,92500,92500,92500,92500,92500,92500,92500,92500,92500,92500,92500,92500,92500,92500,92500,92500,92500,92500
93000,93000,93000,93000,93000,93000,93000,93000,93000,93000,93000,93000,93000,93000,93000,93000,93000,93000,93000,93000,93000,93000,93000,93000,93000,93000,93000,93000,93000,93000
93500,93500,93500,93500,93500,93500,93500,93500,93500,93500,93500,93500,93500,93500,93500,93500,93500,93500,93500,93500,93500,93500,93500,93500,93500,93500,93500,93500,93500,93500
94000,94000,94000,94000,94000,94000,94000,94000,94000,94000,94000,94000,94000,94000,94000,94000,94000,94000,94000,94000,94000,94000,94000,94000,94000,94000,94000,94000,94000,94000
94500,94500,94500,94500,94500,94500,94500,94500,94500,94500,94500,94500,94500,94500,94500,94500,94500,94500,94500,94500,94500,94500,94500,94500,94500,94500,94500,94500,94500,94500
95000,95000,95000,95000,95000,95000,95000,95000,95000,95000,95000,95000,95000,95000,95000,95000,95000,95000,95000,95000,95000,95000,95000,95000,95000,95000,95000,95000,95000,95000
95500,95500,95500,95500,95500,95500,95500,95500,95500,95500,95500,95500,95500,95500,95500,95500,95500,95500,95500,95500,95500,95500,95500,95500,95500,95500,95500,95500,95500,95500
96000,96000,96000,96000,96000,96000,96000,96000,96000,96000,96000,96000,96000,96000,96000,96000,96000,96000,96000,96000,96000,96000,96000,96000,96000,96000,96000,96000,96000,96000
96500,96500,96500,96500,96500,96500,96500,96500,96500,96500,96500,96500,96500,96500,96500,96500,96500,96500,96500,96500,96500,96500,96500,96500,96500,96500,96500,96500,96500,96500
97000,97000,97000,97000,97000,97000,97000,97000,97000,97000,97000,97000,97000,97000,97000,97000,97000,97000,97000,97000,97000,97000,97000,97000,97000,97000,97000,97000,97000,97000
97500,97500,97500,97500,97500,97500,97500,97500,97500,97500,97500,97500,97500,97500,97500,97500,97500,97500,97500,97500,97500,97500,97500,97500,97500,97500,97500,97500,97500,97500
98000,98000,98000,98000,98000,98000,98000,98000,98000,98000,98000,98000,98000,98000,98000,98000,98000,98000,98000,98000,98000,98000,98000,98000,98000,98000,98000,98000,98000,98000
98500,98500,98500,98500,98500,98500,98500,98500,98500,98500,98500,98500,98500,98500,98500,98500,98500,98500,98500,98500,98500,98500,98500,98500,98500,98500,98500,98500,98500,98500
99000,99000,99000,99000,99000,99000,99000,99000,99000,99000,99000,99000,99000,99000,99000,99000,99000,99000,99000,99000,99000,99000,99000,99000,99000,99000,99000,99000,99000,99000
99500,99500,99500,99500,99500,99500,99500,99500,99500,99500,99500,99500,99500,99500,99500,99500,99500,99500,99500,99500,99500,99500,99500,99500,99500,99500,99500,99500,99500,99500
100000,100000,100000,100000,100000,100000,100000,100000,100000,100000,100000,100000,100000,100000,100000,100000,100000,100000,100000,100000,100000,100000,100000,100000,100000,100000,100000,100000,100000,100000
100500,100500,100500,100500,100500,100500,100500,100500,100500,100500,100500,100500,100500,100500,100500,100500,100500,100500,100500,100500,100500,100500,100500,100500,100500,100500,100500,100500,100500,100500
101000,101000,101000,101000,101000,101000,101000,101000,101000,101000,101000,101000,101000,101000,101000,101000,101000,101000,101000,101000,101000,101000,101000,101000,101000,101000,101000,101000,101000,101000
101500,101500,101500,101500,101500,101500,101500,101500,101500,101500,101500,101500,101500,101500,101500,101500,101500,101500,101500,101500,101500,101500,101500,101500,101500,101500,101500,101500,101500,101500
102000,102000,102000,102000,102000,102000,102000,102000,102000,102000,102000,102000,102000,102000,102000,102000,102000,102000,102000,102000,102000,102000,102000,102000,102000,102000,102000,102000,102000,102000
102500,102500,102500,102500,102500,102500,102500,102500,102500,102500,102500,102500,102500,102500,102500,102500,102500,102500,102500,102500,102500,102500,102500,102500,102500,102500,102500,102500,102500,102500
103000,103000,103000,103000,103000,103000,103000,103000,103000,103000,103000,103000,103000,103000,103000,103000,103000,103000,103000,103000,103000,103000,103000,103000,103000,103000,103000,103000,103000,103000
103500,103500,103500,103500,103500,103500,103500,103500,103500,103500,103500,103500,103500,103500,103500,103500,103500,103500,103500,103500,103500,103500,103500,103500,103500,103500,103500,103500,103500,103500
104000,104000,104000,104000,104000,104000,104000,104000,104000,104000,104000,104000,104000,104000,104000,104000,104000,104000,104000,104000,104000,104000,104000,104000,104000,104000,104000,104000,104000,104000
104500,104500,104500,104500,104500,104500,104500,104500,104500,104500,104500,104500,104500,104500,104500,104500,104500,104500,104500,104500,104500,104500,104500,104500,104500,104500,104500,104500,104500,104500
105000,105000,105000,105000,105000,105000,105000,105000,105000,105000,105000,105000,105000,105000,105000,105000,105000,105000,105000,105000,105000,105000,105000,105000,105000,105000,105000,105000,105000,105000
105500,105500,105500,105500,105500,105500,105500,105500,105500,105500,105500,105500,105500,105500,105500,105500,105500,105500,105500,105500,105500,105500,105500,105500,105500,105500,105500,105500,105500,105500
106000,106000,106000,106000,106000,106000,106000,106000,106000,106000,106000,106000,106000,106000,106000,106000,106000,106000,106000,106000,106000,106000,106000,106000,106000,106000,106000,106000,106000,106000
106500,106500,106500,106500,106500,106500,106500,106500,106500,106500,106500,106500,106500,106500,106500,106500,106500,106500,106500,106500,106500,106500,106500,106500,106500,106500,106500,106500,106500,106500
107000,107000,107000,107000,107000,107000,107000,107000,107000,107000,107000,107000,107000,107000,107000,107000,107000,107000,107000,107000,107000,107000,107000,107000,107000,107000,107000,107000,107000,107000
107500,107500,107500,107500,107500,107500,107500,107500,107500,107500,107500,107500,107500,107500,107500,107500,107500,107500,107500,107500,107500,107500,107500,107500,107500,107500,107500,107500,107500,107500
108000,108000,108000,108000,108000,108000,108000,108000,108000,108000,108000,108000,108000,108000,108000,108000,108000,108000,108000,108000,108000,108000,108000,108000,108000,108000,108000,108000,108000,108000
108500,108500,108500,108500,108500,108500,108500,108500,108500,108500,108500,108500,108500,108500,108500,108500,108500,108500,108500,108500,108500,108500,108500,108500,108500,108500,108500,108500,108500,108500
109000,109000,109000,109000,109000,109000,109000,109000,109000,109000,109000,109000,109000,109000,109000,109000,109000,109000,109000,109000,109000,109000,109000,109000,109000,109000,109000,109000,109000,109000
109500,109500,109500,109500,109500,109500,109500,109500,109500,109500,109500,109500,109500,109500,109500,109500,109500,109500,109500,109500,109500,109500,109500,109500,109500,109500,109500,109500,109500,109500
110000,110000,110000,110000,110000,110000,110000,110000,110000,110000,110000,110000,110000,110000,110000,110000,110000,110000,110000,110000,110000,110000,110000,110000,110000,110000,110000,110000,110000,110000
110500,110500,110500,110500,110500,110500,110500,110500,110500,110500,110500,110500,110500,110500,110500,110500,110500,110500,110500,110500,110500,110500,110500,110500,110500,110500,110500,110500,110500,110500
111000,111000,111000,111000,111000,111000,111000,111000,111000,111000,111000,111000,111000,111000,111000,111000,111000,111000,111000,111000,111000,111000,111000,111000,111000,111000,111000,111000,111000,111000
111500,111500,111500,111500,111500,111500,111500,111500,111500,111500,111500,111500,111500,111500,111500,111500,111500,111500,111500,111500,111500,111500,111500,111500,111500,111500,111500,111500,111500,111500
112000,112000,112000,112000,112000,112000,112000,112000,112000,112000,112000,112000,112000,112000,112000,112000,112000,112000,112000,112000,112000,112000,112000,112000,112000,112000,112000,112000,112000,112000
112500,112500,112500,112500,112500,112500,112500,112500,112500,112500,112500,112500,112500,112500,112500,112500,112500,112500,112500,112500,112500,112500,112500,112500,112500,112500,112500,112500,112500,112500
113000,113000,113000,113000,113000,113000,113000,113000,113000,113000,113000,113000,113000,113000,113000,113000,113000,113000,113000,113000,113000,113000,113000,113000,113000,113000,113000,113000,113000,113000
113500,113500,113500,113500,113500,113500,113500,113500,113500,113500,113500,113500,113500,113500,113500,113500,113500,113500,113500,113500,113500,113500,113500,113500,113500,113500,113500,113500,113500,113500
114000,114000,114000,114000,114000,114000,114000,114000,114000,114000,114000,114000,114000,114000,114000,114000,114000,114000,114000,114000,114000,114000,114000,114000,114000,114000,114000,114000,114000,114000
114500,114500,114500,114500,114500,114500,114500,114500,114500,114500,114500,114500,114500,114500,114500,114500,114500,114500,114500,114500,114500,114500,114500,114500,114500,114500,114500,114500,114500,114500
115000,115000,115000,115000,115000,115000,115000,115000,115000,115000,115000,115000,115000,115000,115000,115000,115000,115000,115000,115000,115000,115000,115000,115000,115000,115000,115000,115000,115000,115000
115500,115500,115500,115500,115500,115500,115500,115500,115500,115500,115500,115500,115500,115500,115500,115500,115500,115500,115500,115500,115500,115500,115500,115500,115500,115500,115500,115500,115500,115500
116000,116000,116000,116000,116000,116000,116000,116000,116000,116000,116000,116000,116000,116000,116000,116000,116000,116000,116000,116000,116000,116000,116000,116000,116000,116000,116000,116000,116000,116000
116500,116500,116500,116500,116500,116500,116500,116500,116500,116500,116500,116500,116500,116500,116500,116500,116500,116500,116500,116500,116500,116500,116500,116500,116500,116500,116500,116500,116500,116500
117000,117000,117000,117000,117000,117000,117000,117000,117000,117000,117000,117000,117000,117000,117000,117000,117000,117000,117000,117000,117000,117000,117000,117000,117000,117000,117000,117000,117000,117000
117500,117500,117500,117500,117500,117500,117500,117500,117500,117500,117500,117500,117500,117500,117500,117500,117500,117500,117500,117500,117500,117500,117500,117500,117500,117500,117500,117500,117500,117500
118000,118000,118000,118000,118000,118000,118000,118000,118000,118000,118000,118000,118000,118000,118000,118000,118000,118000,118000,118000,118000,118000,118000,118000,118000,118000,118000,118000,118000,118000
118500,118500,118500,118500,118500,118500,118500,118500,118500,118500,118500,118500,118500,118500,118500,118500,118500,118500,118500,118500,118500,118500,118500,118500,118500,118500,118500,118500,118500,118500
119000,119000,119000,119000,119000,119000,119000,119000,119000,119000,119000,119000,119000,119000,119000,119000,119000,119000,119000,119000,119000,119000,119000,119000,119000,119000,119000,119000,119000,119000
119500,119500,119500,119500,119500,119500,119500,119500,119500,119500,119500,119500,119500,119500,119500,119500,119500,119500,119500,119500,119500,119500,119500,119500,119500,119500,119500,119500,119500,119500
120000,120000,120000,120000,120000,120000,120000,120000,120000,120000,120000,120000,120000,120000,120000,120000,120000,120000,120000,120000,120000,120000,120000,120000,120000,120000,120000,120000,120000,120000
120500,120500,120500,120500,120500,120500,120500,120500,120500,120500,120500,120500,120500,120500,120500,120500,120500,120500,120500,120500,120500,120500,120500,120500,120500,120500,120500,120500,120500,120500
121000,121000,121000,121000,121000,121000,121000,121000,121000,121000,121000,121000,121000,121000,121000,121000,121000,121000,121000,121000,121000,121000,121000,121000,121000,121000,121000,121000,121000,121000
121500,121500,121500,121500,121500,121500,121500,121500,121500,121500,121500,121500,121500,121500,121500,121500,121500,121500,121500,121500,121500,121500,121500,121500,121500,121500,121500,121500,121500,121500
122000,122000,122000,122000,122000,122000,122000,122000,122000,122000,122000,122000,122000,122000,122000,122000,122000,122000,122000,122000,122000,122000,122000,122000,122000,122000,122000,122000,122000,122000
122500,122500,122500,122500,122500,122500,122500,122500,122500,122500,122500,122500,122500,122500,122500,122500,122500,122500,122500,122500,122500,122500,122500,122500,122500,122500,122500,122500,122500,122500
123000,123000,123000,123000,123000,123000,123000,123000,123000,123000,123000,123000,123000,123000,123000,123000,123000,123000,123000,123000,123000,123000,123000,123000,123000,123000,123000,123000,123000,123000
123500,123500,123500,123500,123500,123500,123500,123500,123500,123500,123500,123500,123500,123500,123500,123500,123500,123500,123500,123500,123500,123500,123500,123500,123500,123500,123500,123500,123500,123500
124000,124000,124000,124000,124000,124000,124000,124000,124000,124000,124000,124000,124000,124000,124000,124000,124000,124000,124000,124000,124000,124000,124000,124000,124000,124000,124000,124000,124000,124000
124500,124500,124500,124500,124500,124500,124500,124500,124500,124500,124500,124500,124500,124500,124500,124500,124500,124500,124500,124500,124500,124500,124500,124500,124500,124500,124500,124500,124500,124500
125000,125000,125000,125000,125000,125000,125000,125000,125000,125000,125000,125000,125000,125000,125000,125000,125000,125000,125000,125000,125000,125000,125000,125000,125000,125000,125000,125000,125000,125000
125500,125500,125500,125500,125500,125500,125500,125500,125500,125500,125500,125500,125500,125500,125500,125500,125500,125500,125500,125500,125500,125500,125500,125500,125500,125500,125500,125500,125500,125500
126000,126000,126000,126000,126000,126000,126000,126000,126000,126000,126000,126000,126000,126000,126000,126000,126000,126000,126000,126000,126000,126000,126000,126000,126000,126000,126000,126000,126000,126000
126500,126500,126500,126500,126500,126500,126500,126500,126500,126500,126500,126500,126500,126500,126500,126500,126500,126500,126500,126500,126500,126500,126500,126500,126500,126500,126500,126500,126500,126500
127000,127000,127000,127000,127000,127000,127000,127000,127000,127000,127000,127000,127000,127000,127000,127000,127000,127000,127000,127000,127000,127000,127000,127000,127000,127000,127000,127000,127000,127000
127500,127500,127500,127500,127500,127500,127500,127500,127500,127500,127500,127500,127500,127500,127500,127500,127500,127500,127500,127500,127500,127500,127500,127500,127500,127500,127500,127500,127500,127500
128000,128000,128000,128000,128000,128000,128000,128000,128000,128000,128000,128000,128000,128000,128000,128000,128000,128000,128000,128000,128000,128000,128000,128000,128000,128000,128000,128000,128000,128000
128500,128500,128500,128500,128500,128500,128500,128500,128500,128500,128500,128500,128500,128500,128500,128500,128500,128500,128500,128500,128500,128500,128500,128500,128500,128500,128500,128500,128500,128500
129000,129000,129000,129000,129000,129000,129000,129000,129000,129000,129000,129000,129000,129000,129000,129000,129000,129000,129000,129000,129000,129000,129000,129000,129000,129000,129000,129000,129000,129000
129500,129500,129500,129500,129500,129500,129500,129500,129500,129500,129500,129500,129500,129500,129500,129500,129500,129500,129500,129500,129500,129500,129500,129500,129500,129500,129500,129500,129500,129500
130000,130000,130000,130000,130000,130000,130000,130000,130000,130000,130000,130000,130000,130000,130000,130000,130000,130000,130000,130000,130000,130000,130000,130000,130000,130000,130000,130000,130000,130000
130500,130500,130500,130500,130500,130500,130500,130500,130500,130500,130500,130500,130500,130500,130500,130500,130500,130500,130500,130500,130500,130500,130500,130500,130500,130500,130500,130500,130500,130500
131000,131000,131000,131000,131000,131000,131000,131000,131000,131000,131000,131000,131000,131000,131000,131000,131000,131000,131000,131000,131000,131000,131000,131000,131000,131000,131000,131000,131000,131000
131500,131500,131500,131500,131500,131500,131500,131500,131500,131500,131500,131500,131500,131500,131500,131500,131500,131500,131500,131500,131500,131500,131500,131500,131500,131500,131500,131500,131500,131500
132000,132000,132000,132000,132000,132000,132000,132000,132000,132000,132000,132000,132000,132000,132000,132000,132000,132000,132000,132000,132000,132000,132000,132000,132000,132000,132000,132000,132000,132000
132500,132500,132500,132500,132500,132500,132500,132500,132500,132500,132500,132500,132500,132500,132500,132500,132500,132500,132500,132500,132500,132500,132500,132500,132500,132500,132500,132500,132500,132500
133000,133000,133000,133000,133000,133000,133000,133000,133000,133000,133000,133000,133000,133000,133000,133000,133000,133000,133000,133000,133000,133000,133000,133000,133000,133000,133000,133000,133000,133000
133500,133500,133500,133500,133500,133500,133500,133500,133500,133500,133500,133500,133500,133500,133500,133500,133500,133500,133500,133500,133500,133500,133500,133500,133500,133500,133500,133500,133500,133500
134000,134000,134000,134000,134000,134000,134000,134000,134000,134000,134000,134000,134000,134000,134000,134000,134000,134000,134000,134000,134000,134000,134000,134000,134000,134000,134000,134000,134000,134000
134500,134500,134500,134500,134500,134500,134500,134500,134500,134500,134500,134500,134500,134500,134500,134500,134500,134500,134500,134500,134500,134500,134500,134500,134500,134500,134500,134500,134500,134500
135000,135000,135000,135000,135000,135000,135000,135000,135000,135000,135000,135000,135000,135000,135000,135000,135000,135000,135000,135000,135000,135000,135000,135000,135000,135000,135000,135000,135000,135000
135500,135500,135500,135500,135500,135500,135500,135500,135500,135500,135500,135500,135500,135500,135500,135500,135500,135500,135500,135500,135500,135500,135500,135500,135500,135500,135500,135500,135500,135500
136000,136000,136000,136000,136000,136000,136000,136000,136000,136000,136000,136000,136000,136000,136000,136000,136000,136000,136000,136000,136000,136000,136000,136000,136000,136000,136000,136000,136000,136000
136500,136500,136500,136500,136500,136500,136500,136500,136500,136500,136500,136500,136500,136500,136500,136500,136500,136500,136500,136500,136500,136500,136500,136500,136500,136500,136500,136500,136500,136500
137000,137000,137000,137000,137000,137000,137000,137000,137000,137000,137000,137000,137000,137000,137000,137000,137000,137000,137000,137000,137000,137000,137000,137000,137000,137000,137000,137000,137000,137000
137500,137500,137500,137500,137500,137500,137500,137500,137500,137500,137500,137500,137500,137500,137500,137500,137500,137500,137500,137500,137500,137500,137500,137500,137500,137500,137500,137500,137500,137500
138000,138000,138000,138000,138000,138000,138000,138000,138000,138000,138000,138000,138000,138000,138000,138000,138000,138000,138000,138000,138000,138000,138000,138000,138000,138000,138000,138000,138000,138000
138500,138500,138500,138500,138500,138500,138500,138500,138500,138500,138500,138500,138500,138500,138500,138500,138500,138500,138500,138500,138500,138500,138500,138500,138500,138500,138500,138500,138500,138500
139000,139000,139000,139000,139000,139000,139000,139000,139000,139000,139000,139000,139000,139000,139000,139000,139000,139000,139000,139000,139000,139000,139000,139000,139000,139000,139000,139000,139000,139000
139500,139500,139500,139500,139500,139500,139500,139500,139500,139500,139500,139500,139500,139500,139500,139500,139500,139500,139500,139500,139500,139500,139500,139500,139500,139500,139500,139500,139500,139500
140000,140000,140000,140000,140000,140000,140000,140000,140000,140000,140000,140000,140000,140000,140000,140000,140000,140000,140000,140000,140000,140000,140000,140000,140000,140000,140000,140000,140000,140000
140500,140500,140500,140500,140500,140500,140500,140500,140500,140500,140500,140500,140500,140500,140500,140500,140500,140500,140500,140500,140500,140500,140500,140500,140500,140500,140500,140500,140500,140500
141000,141000,141000,141000,141000,141000,141000,141000,141000,141000,141000,141000,141000,141000,141000,141000,141000,141000,141000,141000,141000,141000,141000,141000,141000,141000,141000,141000,141000,141000
141500,141500,141500,141500,141500,141500,141500,141500,141500,141500,141500,141500,141500,141500,141500,141500,141500,141500,141500,141500,141500,141500,141500,141500,141500,141500,141500,141500,141500,141500
142000,142000,142000,142000,142000,142000,142000,142000,142000,142000,142000,142000,142000,142000,142000,142000,142000,142000,142000,142000,142000,142000,142000,142000,142000,142000,142000,142000,142000,142000
142500,142500,142500,142500,142500,142500,142500,142500,142500,142500,142500,142500,142500,142500,142500,142500,142500,142500,142500,142500,142500,142500,142500,142500,142500,142500,142500,142500,142500,142500
143000,143000,143000,143000,143000,143000,143000,143000,143000,143000,143000,143000,143000,143000,143000,143000,143000,143000,143000,143000,143000,143000,143000,143000,143000,143000,143000,143000,143000,143000
143500,143500,143500,143500,143500,143500,143500,143500,143500,143500,143500,143500,143500,143500,143500,143500,143500,143500,143500,143500,143500,143500,143500,143500,143500,143500,143500,143500,143500,143500
144000,144000,144000,144000,144000,144000,144000,144000,144000,144000,144000,144000,144000,144000,144000,144000,144000,144000,144000,144000,144000,144000,144000,144000,144000,144000,144000,144000,144000,144000
144500,144500,144500,144500,144500,144500,144500,144500,144500,144500,144500,144500,144500,144500,144500,144500,144500,144500,144500,144500,144500,144500,144500,144500,144500,144500,144500,144500,144500,144500
145000,145000,145000,145000,145000,145000,145000,145000,145000,145000,145000,145000,145000,145000,145000,145000,145000,145000,145000,145000,145000,145000,145000,145000,145000,145000,145000,145000,145000,145000
145500,145500,145500,145500,145500,145500,145500,145500,145500,145500,145500,145500,145500,145500,145500,145500,145500,145500,145500,145500,145500,145500,145500,145500,145500,145500,145500,145500,145500,145500
146000,146000,146000,146000,146000,146000,146000,146000,146000,146000,146000,146000,146000,146000,146000,146000,146000,146000,146000,146000,146000,146000,146000,146000,146000,146000,146000,146000,146000,146000
146500,146500,146500,146500,146500,146500,146500,146500,146500,146500,146500,146500,146500,146500,146500,146500,146500,146500,146500,146500,146500,146500,146500,146500,146500,146500,146500,146500,146500,146500
147000,147000,147000,147000,147000,147000,147000,147000,147000,147000,147000,147000,147000,147000,147000,147000,147000,147000,147000,147000,147000,147000,147000,147000,147000,147000,147000,147000,147000,147000
147500,147500,147500,147500,147500,147500,147500,147500,147500,147500,147500,147500,147500,147500,147500,147500,147500,147500,147500,147500,147500,147500,147500,147500,147500,147500,147500,147500,147500,147500
148000,148000,148000,148000,148000,148000,148000,148000,148000,148000,148000,148000,148000,148000,148000,148000,148000,148000,148000,148000,148000,148000,148000,148000,148000,148000,148000,148000,148000,148000
148500,148500,148500,148500,148500,148500,148500,148500,148500,148500,148500,148500,148500,148500,148500,148500,148500,148500,148500,148500,148500,148500,148500,148500,148500,148500,148500,148500,148500,148500
149000,149000,149000,149000,149000,149000,149000,149000,149000,149000,149000,149000,149000,149000,149000,149000,149000,149000,149000,149000,149000,149000,149000,149000,149000,149000,149000,149000,149000,149000
149500,149500,149500,149500,149500,149500,149500,149500,149500,149500,149500,149500,149500,149500,149500,149500,149500,149500,149500,149500,149500,149500,149500,149500,149500,149500,149500,149500,149500,149500
150000,150000,150000,150000,150000,150000,150000,150000,150000,150000,150000,150000,150000,150000,150000,150000,150000,150000,150000,150000,150000,150000,150000,150000,150000,150000,150000,150000,150000,150000
150500,150500,150500,150500,150500,150500,150500,150500,150500,150500,150500,150500,150500,150500,150500,150500,150500,150500,150500,150500,150500,150500,150500,150500,150500,150500,150500,150500,150500,150500
151000,151000,151000,151000,151000,151000,151000,151000,151000,151000,151000,151000,151000,151000,151000,151000,151000,151000,151000,151000,151000,151000,151000,151000,151000,151000,151000,151000,151000,151000
151500,151500,151500,151500,151500,151500,151500,151500,151500,151500,151500,151500,151500,151500,151500,151500,151500,151500,151500,151500,151500,151500,151500,151500,151500,151500,151500,151500,151500,151500
152000,152000,152000,152000,152000,152000,152000,152000,152000,152000,152000,152000,152000,152000,152000,152000,152000,152000,152000,152000,152000,152000,152000,152000,152000,152000,152000,152000,152000,152000
152500,152500,152500,152500,152500,152500,152500,152500,152500,152500,152500,152500,152500,152500,152500,152500,152500,152500,152500,152500,152500,152500,152500,152500,152500,152500,152500,152500,152500,152500
153000,153000,153000,153000,153000,153000,153000,153000,153000,153000,153000,153000,153000,153000,153000,153000,153000,153000,153000,153000,153000,153000,153000,153000,153000,153000,153000,153000,153000,153000
153500,153500,153500,153500,153500,153500,153500,153500,153500,153500,153500,153500,153500,153500,153500,153500,153500,153500,153500,153500,153500,153500,153500,153500,153500,153500,153500,153500,153500,153500
154000,154000,154000,154000,154000,154000,154000,154000,154000,154000,154000,154000,154000,154000,154000,154000,154000,154000,154000,154000,154000,154000,154000,154000,154000,154000,154000,154000,154000,154000
154500,154500,154500,154500,154500,154500,154500,154500,154500,154500,154500,154500,154500,154500,154500,154500,154500,154500,154500,154500,154500,154500,154500,154500,154500,154500,154500,154500,154500,154500
155000,155000,155000,155000,155000,155000,155000,155000,155000,155000,155000,155000,155000,155000,155000,155000,155000,155000,155000,155000,155000,155000,155000,155000,155000,155000,155000,155000,155000,155000
155500,155500,155500,155500,155500,155500,155500,155500,155500,155500,155500,155500,155500,155500,155500,155500,155500,155500,155500,155500,155500,155500,155500,155500,155500,155500,155500,155500,155500,155500
156000,156000,156000,156000,156000,156000,156000,156000,156000,156000,156000,156000,156000,156000,156000,156000,156000,156000,156000,156000,156000,156000,156000,156000,156000,156000,156000,156000,156000,156000
156500,156500,156500,156500,156500,156500,156500,156500,156500,156500,156500,156500,156500,156500,156500,156500,156500,156500,156500,156500,156500,156500,156500,156500,156500,156500,156500,156500,156500,156500
157000,157000,157000,157000,157000,157000,157000,157000,157000,157000,157000,157000,157000,157000,157000,157000,157000,157000,157000,157000,157000,157000,157000,157000,157000,157000,157000,157000,157000,157000
157500,157500,157500,157500,157500,157500,157500,157500,157500,157500,157500,157500,157500,157500,157500,157500,157500,157500,157500,157500,157500,157500,157500,157500,157500,157500,157500,157500,157500,157500
158000,158000,158000,158000,158000,158000,158000,158000,158000,158000,158000,158000,158000,158000,158000,158000,158000,158000,158000,158000,158000,158000,158000,158000,158000,158000,158000,158000,158000,158000
158500,158500,158500,158500,158500,158500,158500,158500,158500,158500,158500,158500,158500,158500,158500,158500,158500,158500,158500,158500,158500,158500,158500,158500,158500,158500,158500,158500,158500,158500
159000,159000,159000,159000,159000,159000,159000,159000,159000,159000,159000,159000,159000,159000,159000,159000,159000,159000,159000,159000,159000,159000,159000,159000,159000,159000,159000,159000,159000,159000
159500,159500,159500,159500,159500,159500,159500,159500,159500,159500,159500,159500,159500,159500,159500,159500,159500,159500,159500,159500,159500,159500,159500,159500,159500,159500,159500,159500,159500,159500
160000,160000,160000,160000,160000,160000,160000,160000,160000,160000,160000,160000,160000,160000,160000,160000,160000,160000,160000,160000,160000,160000,160000,160000,160000,160000,160000,160000,160000,160000
160500,160500,160500,160500,160500,160500,160500,160500,160500,160500,160500,160500,160500,160500,160500,160500,160500,160500,160500,160500,160500,160500,160500,160500,160500,160500,160500,160500,160500,160500
161000,161000,161000,161000,161000,161000,161000,161000,161000,161000,161000,161000,161000,161000,161000,161000,161000,161000,161000,161000,161000,161000,161000,161000,161000,161000,161000,161000,161000,161000
161500,161500,161500,161500,161500,161500,161500,161500,161500,161500,161500,161500,161500,161500,161500,161500,161500,161500,161500,161500,161500,161500,161500,161500,161500,161500,161500,161500,161500,161500
162000,162000,162000,162000,162000,162000,162000,162000,162000,162000,162000,162000,162000,162000,162000,162000,162000,162000,162000,162000,162000,162000,162000,162000,162000,162000,162000,162000,162000,162000
162500,162500,162500,162500,162500,162500,162500,162500,162500,162500,162500,162500,162500,162500,162500,162500,162500,162500,162500,162500,162500,162500,162500,162500,162500,162500,162500,162500,162500,162500
163000,163000,163000,163000,163000,163000,163000,163000,163000,163000,163000,163000,163000,163000,163000,163000,163000,163000,163000,163000,163000,163000,163000,163000,163000,163000,163000,163000,163000,163000
163500,163500,163500,163500,163500,163500,163500,163500,163500,163500,163500,163500,163500,163500,163500,163500,163500,163500,163500,163500,163500,163500,163500,163500,163500,163500,163500,163500,163500,163500
164000,164000,164000,164000,164000,164000,164000,164000,164000,164000,164000,164000,164000,164000,164000,164000,164000,164000,164000,164000,164000,164000,164000,164000,164000,164000,164000,164000,164000,164000
164500,164500,164500,164500,164500,164500,164500,164500,164500,164500,164500,164500,164500,164500,164500,164500,164500,164500,164500,164500,164500,164500,164500,164500,164500,164500,164500,164500,164500,164500
165000,165000,165000,165000,165000,165000,165000,165000,165000,165000,165000,165000,165000,165000,165000,165000,165000,165000,165000,165000,165000,165000,165000,165000,165000,165000,165000,165000,165000,165000
165500,165500,165500,165500,165500,165500,165500,165500,165500,165500,165500,165500,165500,165500,165500,165500,165500,165500,165500,165500,165500,165500,165500,165500,165500,165500,165500,165500,165500,165500
166000,166000,166000,166000,166000,166000,166000,166000,166000,166000,166000,166000,166000,166000,166000,166000,166000,166000,166000,166000,166000,166000,166000,166000,166000,166000,166000,166000,166000,166000
166500,166500,166500,166500,166500,166500,166500,166500,166500,166500,166500,166500,166500,166500,166500,166500,166500,166500,166500,166500,166500,166500,166500,166500,166500,166500,166500,166500,166500,166500
167000,167000,167000,167000,167000,167000,167000,167000,167000,167000,167000,167000,167000,167000,167000,167000,167000,167000,167000,167000,167000,167000,167000,167000,167000,167000,167000,167000,167000,167000
167500,167500,167500,167500,167500,167500,167500,167500,167500,167500,167500,167500,167500,167500,167500,167500,167500,167500,167500,167500,167500,167500,167500,167500,167500,167500,167500,167500,167500,167500
168000,168000,168000,168000,168000,168000,168000,168000,168000,168000,168000,168000,168000,168000,168000,168000,168000,168000,168000,168000,168000,168000,168000,168000,168000,168000,168000,168000,168000,168000
168500,168500,168500,168500,168500,168500,168500,168500,168500,168500,168500,168500,168500,168500,168500,168500,168500,168500,168500,168500,168500,168500,168500,168500,168500,168500,168500,168500,168500,168500
169000,169000,169000,169000,169000,169000,169000,169000,169000,169000,169000,169000,169000,169000,169000,169000,169000,169000,169000,169000,169000,169000,169000,169000,169000,169000,169000,169000,169000,169000
169500,169500,169500,169500,169500,169500,169500,169500,169500,169500,169500,169500,169500,169500,169500,169500,169500,169500,169500,169500,169500,169500,169500,169500,169500,169500,169500,169500,169500,169500
170000,170000,170000,170000,170000,170000,170000,170000,170000,170000,170000,170000,170000,170000,170000,170000,170000,170000,170000,170000,170000,170000,170000,170000,170000,170000,170000,170000,170000,170000
170500,170500,170500,170500,170500,170500,170500,170500,170500,170500,170500,170500,170500,170500,170500,170500,170500,170500,170500,170500,170500,170500,170500,170500,170500,170500,170500,170500,170500,170500
171000,171000,171000,171000,171000,171000,171000,171000,171000,171000,171000,171000,171000,171000,171000,171000,171000,171000,171000,171000,171000,171000,171000,171000,171000,171000,171000,171000,171000,171000
171500,171500,171500,171500,171500,171500,171500,171500,171500,171500,171500,171500,171500,171500,171500,171500,171500,171500,171500,171500,171500,171500,171500,171500,171500,171500,171500,171500,171500,171500
172000,172000,172000,172000,172000,172000,172000,172000,172000,172000,172000,172000,172000,172000,172000,172000,172000,172000,172000,172000,172000,172000,172000,172000,172000,172000,172000,172000,172000,172000
172500,172500,172500,172500,172500,172500,172500,172500,172500,172500,172500,172500,172500,172500,172500,172500,172500,172500,172500,172500,172500,172500,172500,172500,172500,172500,172500,172500,172500,172500
173000,173000,173000,173000,173000,173000,173000,173000,173000,173000,173000,173000,173000,173000,173000,173000,173000,173000,173000,173000,173000,173000,173000,173000,173000,173000,173000,173000,173000,173000
173500,173500,173500,173500,173500,173500,173500,173500,173500,173500,173500,173500,173500,173500,173500,173500,173500,173500,173500,173500,173500,173500,173500,173500,173500,173500,173500,173500,173500,173500
174000,174000,174000,174000,174000,174000,174000,174000,174000,174000,174000,174000,174000,174000,174000,174000,174000,174000,174000,174000,174000,174000,174000,174000,174000,174000,174000,174000,174000,174000
174500,174500,174500,174500,174500,174500,174500,174500,174500,174500,174500,174500,174500,174500,174500,174500,174500,174500,174500,174500,174500,174500,174500,174500,174500,174500,174500,174500,174500,174500
175000,175000,175000,175000,175000,175000,175000,175000,175000,175000,175000,175000,175000,175000,175000,175000,175000,175000,175000,175000,175000,175000,175000,175000,175000,175000,175000,175000,175000,175000
175500,175500,175500,175500,175500,175500,175500,175500,175500,175500,175500,175500,175500,175500,175500,175500,175500,175500,175500,175500,175500,175500,175500,175500,175500,175500,175500,175500,175500,175500
176000,176000,176000,176000,176000,176000,176000,176000,176000,176000,176000,176000,176000,176000,176000,176000,176000,176000,176000,176000,176000,176000,176000,176000,176000,176000,176000,176000,176000,176000
176500,176500,176500,176500,176500,176500,176500,176500,176500,176500,176500,176500,176500,176500,176500,176500,176500,176500,176500,176500,176500,176500,176500,176500,176500,176500,176500,176500,176500,176500
177000,177000,177000,177000,177000,177000,177000,177000,177000,177000,177000,177000,177000,177000,177000,177000,177000,177000,177000,177000,177000,177000,177000,177000,177000,177000,177000,177000,177000,177000
177500,177500,177500,177500,177500,177500,177500,177500,177500,177500,177500,177500,177500,177500,177500,177500,177500,177500,177500,177500,177500,177500,177500,177500,177500,177500,177500,177500,177500,177500
178000,178000,178000,178000,178000,178000,178000,178000,178000,178000,178000,178000,178000,178000,178000,178000,178000,178000,178000,178000,178000,178000,178000,178000,178000,178000,178000,178000,178000,178000
178500,178500,178500,178500,178500,178500,178500,178500,178500,178500,178500,178500,178500,178500,178500,178500,178500,178500,178500,178500,178500,178500,178500,178500,178500,178500,178500,178500,178500,178500
179000,179000,179000,179000,179000,179000,179000,179000,179000,179000,179000,179000,179000,179000,179000,179000,179000,179000,179000,179000,179000,179000,179000,179000,179000,179000,179000,179000,179000,179000
179500,179500,179500,179500,179500,179500,179500,179500,179500,179500,179500,179500,179500,179500,179500,179500,179500,179500,179500,179500,179500,179500,179500,179500,179500,179500,179500,179500,179500,179500
180000,180000,180000,180000,180000,180000,180000,180000,180000,180000,180000,180000,180000,180000,180000,180000,180000,180000,180000,180000,180000,180000,180000,180000,180000,180000,180000,180000,180000,180000
180500,180500,180500,180500,180500,180500,180500,180500,180500,180500,180500,180500,180500,180500,180500,180500,180500,180500,180500,180500,180500,180500,180500,180500,180500,180500,180500,180500,180500,180500
181000,181000,181000,181000,181000,181000,181000,181000,181000,181000,181000,181000,181000,181000,181000,181000,181000,181000,181000,181000,181000,181000,181000,181000,181000,181000,181000,181000,181000,181000
181500,181500,181500,181500,181500,181500,181500,181500,181500,181500,181500,181500,181500,181500,181500,181500,181500,181500,181500,181500,181500,181500,181500,181500,181500,181500,181500,181500,181500,181500
182000,182000,182000,182000,182000,182000,182000,182000,182000,182000,182000,182000,182000,182000,182000,182000,182000,182000,182000,182000,182000,182000,182000,182000,182000,182000,182000,182000,182000,182000
182500,182500,182500,182500,182500,182500,182500,182500,182500,182500,182500,182500,182500,182500,182500,182500,182500,182500,182500,182500,182500,182500,182500,182500,182500,182500,182500,182500,182500,182500
183000,183000,183000,183000,183000,183000,183000,183000,183000,183000,183000,183000,183000,183000,183000,183000,183000,183000,183000,183000,183000,183000,183000,183000,183000,183000,183000,183000,183000,183000
183500,183500,183500,183500,183500,183500,183500,183500,183500,183500,183500,183500,183500,183500,183500,183500,183500,183500,183500,183500,183500,183500,183500,183500,183500,183500,183500,183500,183500,183500
184000,184000,184000,184000,184000,184000,184000,184000,184000,184000,184000,184000,184000,184000,184000,184000,184000,184000,184000,184000,184000,184000,184000,184000,184000,184000,184000,184000,184000,184000
184500,184500,184500,184500,184500,184500,184500,184500,184500,184500,184500,184500,184500,184500,184500,184500,184500,184500,184500,184500,184500,184500,184500,184500,184500,184500,184500,184500,184500,184500
185000,185000,185000,185000,185000,185000,185000,185000,185000,185000,185000,185000,185000,185000,185000,185000,185000,185000,185000,185000,185000,185000,185000,185000,185000,185000,185000,185000,185000,185000
185500,185500,185500,185500,185500,185500,185500,185500,185500,185500,185500,185500,185500,185500,185500,185500,185500,185500,185500,185500,185500,185500,185500,185500,185500,185500,185500,185500,185500,185500
186000,186000,186000,186000,186000,186000,186000,186000,186000,186000,186000,186000,186000,186000,186000,186000,186000,186000,186000,186000,186000,186000,186000,186000,186000,186000,186000,186000,186000,186000
186500,186500,186500,186500,186500,186500,186500,186500,186500,186500,186500,186500,186500,186500,186500,186500,186500,186500,186500,186500,186500,186500,186500,186500,186500,186500,186500,186500,186500,186500
187000,187000,187000,187000,187000,187000,187000,187000,187000,187000,187000,187000,187000,187000,187000,187000,187000,187000,187000,187000,187000,187000,187000,187000,187000,187000,187000,187000,187000,187000
187500,187500,187500,187500,187500,187500,187500,187500,187500,187500,187500,187500,187500,187500,187500,187500,187500,187500,187500,187500,187500,187500,187500,187500,187500,187500,187500,187500,187500,187500
188000,188000,188000,188000,188000,188000,188000,188000,188000,188000,188000,188000,188000,188000,188000,188000,188000,188000,188000,188000,188000,188000,188000,188000,188000,188000,188000,188000,188000,188000
188500,188500,188500,188500,188500,188500,188500,188500,188500,188500,188500,188500,188500,188500,188500,188500,188500,188500,188500,188500,188500,188500,188500,188500,188500,188500,188500,188500,188500,188500
189000,189000,189000,189000,189000,189000,189000,189000,189000,189000,189000,189000,189000,189000,189000,189000,189000,189000,189000,189000,189000,189000,189000,189000,189000,189000,189000,189000,189000,189000
189500,189500,189500,189500,189500,189500,189500,189500,189500,189500,189500,189500,189500,189500,189500,189500,189500,189500,189500,189500,189500,189500,189500,189500,189500,189500,189500,189500,189500,189500
190000,190000,190000,190000,190000,190000,190000,190000,190000,190000,190000,190000,190000,190000,190000,190000,190000,190000,190000,190000,190000,190000,190000,190000,190000,190000,190000,190000,190000,190000
190500,190500,190500,190500,190500,190500,190500,190500,190500,190500,190500,190500,190500,190500,190500,190500,190500,190500,190500,190500,190500,190500,190500,190500,190500,190500,190500,190500,190500,190500
191000,191000,191000,191000,191000,191000,191000,191000,191000,191000,191000,191000,191000,191000,191000,191000,191000,191000,191000,191000,191000,191000,191000,191000,191000,191000,191000,191000,191000,191000
191500,191500,191500,191500,191500,191500,191500,191500,191500,191500,191500,191500,191500,191500,191500,191500,191500,191500,191500,191500,191500,191500,191500,191500,191500,191500,191500,191500,191500,191500
192000,192000,192000,192000,192000,192000,192000,192000,192000,192000,192000,192000,192000,192000,192000,192000,192000,192000,192000,192000,192000,192000,192000,192000,192000,192000,192000,192000,192000,192000
192500,192500,192500,192500,192500,192500,192500,192500,192500,192500,192500,192500,192500,192500,192500,192500,192500,192500,192500,192500,192500,192500,192500,192500,192500,192500,192500,192500,192500,192500
193000,193000,193000,193000,193000,193000,193000,193000,193000,193000,193000,193000,193000,193000,193000,193000,193000,193000,193000,193000,193000,193000,193000,193000,193000,193000,193000,193000,193000,193000
193500,193500,193500,193500,193500,193500,193500,193500,193500,193500,193500,193500,193500,193500,193500,193500,193500,193500,193500,193500,193500,193500,193500,193500,193500,193500,193500,193500,193500,193500
194000,194000,194000,194000,194000,194000,194000,194000,194000,194000,194000,194000,194000,194000,194000,194000,194000,194000,194000,194000,194000,194000,194000,194000,194000,194000,194000,194000,194000,194000
194500,194500,194500,194500,194500,194500,194500,194500,194500,194500,194500,194500,194500,194500,194500,194500,194500,194500,194500,194500,194500,194500,194500,194500,194500,194500,194500,194500,194500,194500
195000,195000,195000,195000,195000,195000,195000,195000,195000,195000,195000,195000,195000,195000,195000,195000,195000,195000,195000,195000,195000,195000,195000,195000,195000,195000,195000,195000,195000,195000
195500,195500,195500,195500,195500,195500,195500,195500,195500,195500,195500,195500,195500,195500,195500,195500,195500,195500,195500,195500,195500,195500,195500,195500,195500,195500,195500,195500,195500,195500
196000,196000,196000,196000,196000,196000,196000,196000,196000,196000,196000,196000,196000,196000,196000,196000,196000,196000,196000,196000,196000,196000,196000,196000,196000,196000,196000,196000,196000,196000
196500,196500,196500,196500,196500,196500,196500,196500,196500,196500,196500,196500,196500,196500,196500,196500,196500,196500,196500,196500,196500,196500,196500,196500,196500,196500,196500,196500,196500,196500
197000,197000,197000,197000,197000,197000,197000,197000,197000,197000,197000,197000,197000,197000,197000,197000,197000,197000,197000,197000,197000,197000,197000,197000,197000,197000,197000,197000,197000,197000
197500,197500,197500,197500,197500,197500,197500,197500,197500,197500,197500,197500,197500,197500,197500,197500,197500,197500,197500,197500,197500,197500,197500,197500,197500,197500,197500,197500,197500,197500
198000,198000,198000,198000,198000,198000,198000,198000,198000,198000,198000,198000,198000,198000,198000,198000,198000,198000,198000,198000,198000,198000,198000,198000,198000,198000,198000,198000,198000,198000
198500,198500,198500,198500,198500,198500,198500,198500,198500,198500,198500,198500,198500,198500,198500,198500,198500,198500,198500,198500,198500,198500,198500,198500,198500,198500,198500,198500,198500,198500
199000,199000,199000,199000,199000,199000,199000,199000,199000,199000,199000,199000,199000,199000,199000,199000,199000,199000,199000,199000,199000,199000,199000,199000,199000,199000,199000,199000,199000,199000
199500,199500,199500,199500,199500,199500,199500,199500,199500,199500,199500,199500,199500,199500,199500,199500,199500,199500,199500,199500,199500,199500,199500,199500,199500,199500,199500,199500,199500,199500
200000,200000,200000,200000,200000,200000,200000,200000,200000,200000,200000,200000,200000,200000,200000,200000,200000,200000,200000,200000,200000,200000,200000,200000,200000,200000,200000,200000,200000,200000
200500,200500,200500,200500,200500,200500,200500,200500,200500,200500,200500,200500,200500,200500,200500,200500,200500,200500,200500,200500,200500,200500,200500,200500,200500,200500,200500,200500,200500,200500
201000,201000,201000,201000,201000,201000,201000,201000,201000,201000,201000,201000,201000,201000,201000,201000,201000,201000,201000,201000,201000,201000,201000,201000,201000,201000,201000,201000,201000,201000
201500,201500,201500,201500,201500,201500,201500,201500,201500,201500,201500,201500,201500,201500,201500,201500,201500,201500,201500,201500,201500,201500,201500,201500,201500,201500,201500,201500,201500,201500
202000,202000,202000,202000,202000,202000,202000,202000,202000,202000,202000,202000,202000,202000,202000,202000,202000,202000,202000,202000,202000,202000,202000,202000,202000,202000,202000,202000,202000,202000
202500,202500,202500,202500,202500,202500,202500,202500,202500,202500,202500,202500,202500,202500,202500,202500,202500,202500,202500,202500,202500,202500,202500,202500,202500,202500,202500,202500,202500,202500
203000,203000,203000,203000,203000,203000,203000,203000,203000,203000,203000,203000,203000,203000,203000,203000,203000,203000,203000,203000,203000,203000,203000,203000,203000,203000,203000,203000,203000,203000
203500,203500,203500,203500,203500,203500,203500,203500,203500,203500,203500,203500,203500,203500,203500,203500,203500,203500,203500,203500,203500,203500,203500,203500,203500,203500,203500,203500,203500,203500
204000,204000,204000,204000,204000,204000,204000,204000,204000,204000,204000,204000,204000,204000,204000,204000,204000,204000,204000,204000,204000,204000,204000,204000,204000,204000,204000,204000,204000,204000
204500,204500,204500,204500,204500,204500,204500,204500,204500,204500,204500,204500,204500,204500,204500,204500,204500,204500,204500,204500,204500,204500,204500,204500,204500,204500,204500,204500,204500,204500
205000,205000,205000,205000,205000,205000,205000,205000,205000,205000,205000,205000,205000,205000,205000,205000,205000,205000,205000,205000,205000,205000,205000,205000,205000,205000,205000,205000,205000,205000
205500,205500,205500,205500,205500,205500,205500,205500,205500,205500,205500,205500,205500,205500,205500,205500,205500,205500,205500,205500,205500,205500,205500,205500,205500,205500,205500,205500,205500,205500
206000,206000,206000,206000,206000,206000,206000,206000,206000,206000,206000,206000,206000,206000,206000,206000,206000,206000,206000,206000,206000,206000,206000,206000,206000,206000,206000,206000,206000,206000
206500,206500,206500,206500,206500,206500,206500,206500,206500,206500,206500,206500,206500,206500,206500,206500,206500,206500,206500,206500,206500,206500,206500,206500,206500,206500,206500,206500,206500,206500
207000,207000,207000,207000,207000,207000,207000,207000,207000,207000,207000,207000,207000,207000,207000,207000,207000,207000,207000,207000,207000,207000,207000,207000,207000,207000,207000,207000,207000,207000
207500,207500,207500,207500,207500,207500,207500,207500,207500,207500,207500,207500,207500,207500,207500,207500,207500,207500,207500,207500,207500,207500,207500,207500,207500,207500,207500,207500,207500,207500
208000,208000,208000,208000,208000,208000,208000,208000,208000,208000,208000,208000,208000,208000,208000,208000,208000,208000,208000,208000,208000,208000,208000,208000,208000,208000,208000,208000,208000,208000
208500,208500,208500,208500,208500,208500,208500,208500,208500,208500,208500,208500,208500,208500,208500,208500,208500,208500,208500,208500,208500,208500,208500,208500,208500,208500,208500,208500,208500,208500
209000,209000,209000,209000,209000,209000,209000,209000,209000,209000,209000,209000,209000,209000,209000,209000,209000,209000,209000,209000,209000,209000,209000,209000,209000,209000,209000,209000,209000,209000
209500,209500,209500,209500,209500,209500,209500,209500,209500,209500,209500,209500,209500,209500,209500,209500,209500,209500,209500,209500,209500,209500,209500,209500,209500,209500,209500,209500,209500,209500
210000,210000,210000,210000,210000,210000,210000,210000,210000,210000,210000,210000,210000,210000,210000,210000,210000,210000,210000,210000,210000,210000,210000,210000,210000,210000,210000,210000,210000,210000
210500,210500,210500,210500,210500,210500,210500,210500,210500,210500,210500,210500,210500,210500,210500,210500,210500,210500,210500,210500,210500,210500,210500,210500,210500,210500,210500,210500,210500,210500
211000,211000,211000,211000,211000,211000,211000,211000,211000,211000,211000,211000,211000,211000,211000,211000,211000,211000,211000,211000,211000,211000,211000,211000,211000,211000,211000,211000,211000,211000
211500,211500,211500,211500,211500,211500,211500,211500,211500,211500,211500,211500,211500,211500,211500,211500,211500,211500,211500,211500,211500,211500,211500,211500,211500,211500,211500,211500,211500,211500
212000,212000,212000,212000,212000,212000,212000,212000,212000,212000,212000,212000,212000,212000,212000,212000,212000,212000,212000,212000,212000,212000,212000,212000,212000,212000,212000,212000,212000,212000
212500,212500,212500,212500,212500,212500,212500,212500,212500,212500,212500,212500,212500,212500,212500,212500,212500,212500,212500,212500,212500,212500,212500,212500,212500,212500,212500,212500,212500,212500
213000,213000,213000,213000,213000,213000,213000,213000,213000,213000,213000,213000,213000,213000,213000,213000,213000,213000,213000,213000,213000,213000,213000,213000,213000,213000,213000,213000,213000,213000
213500,213500,213500,213500,213500,213500,213500,213500,213500,213500,213500,213500,213500,213500,213500,213500,213500,213500,213500,213500,213500,213500,213500,213500,213500,213500,213500,213500,213500,213500
214000,214000,214000,214000,214000,214000,214000,214000,214000,214000,214000,214000,214000,214000,214000,214000,214000,214000,214000,214000,214000,214000,214000,214000,214000,214000,214000,214000,214000,214000
214500,214500,214500,214500,214500,214500,214500,214500,214500,214500,214500,214500,214500,214500,214500,214500,214500,214500,214500,214500,214500,214500,214500,214500,214500,214500,214500,214500,214500,214500
215000,215000,215000,215000,215000,215000,215000,215000,215000,215000,215000,215000,215000,215000,215000,215000,215000,215000,215000,215000,215000,215000,215000,215000,215000,215000,215000,215000,215000,215000
215500,215500,215500,215500,215500,215500,215500,215500,215500,215500,215500,215500,215500,215500,215500,215500,215500,215500,215500,215500,215500,215500,215500,215500,215500,215500,215500,215500,215500,215500
216000,216000,216000,216000,216000,216000,216000,216000,216000,216000,216000,216000,216000,216000,216000,216000,216000,216000,216000,216000,216000,216000,216000,216000,216000,216000,216000,216000,216000,216000
216500,216500,216500,216500,216500,216500,216500,216500,216500,216500,216500,216500,216500,216500,216500,216500,216500,216500,216500,216500,216500,216500,216500,216500,216500,216500,216500,216500,216500,216500
217000,217000,217000,217000,217000,217000,217000,217000,217000,217000,217000,217000,217000,217000,217000,217000,217000,217000,217000,217000,217000,217000,217000,217000,217000,217000,217000,217000,217000,217000
217500,217500,217500,217500,217500,217500,217500,217500,217500,217500,217500,217500,217500,217500,217500,217500,217500,217500,217500,217500,217500,217500,217500,217500,217500,217500,217500,217500,217500,217500
218000,218000,218000,218000,218000,218000,218000,218000,218000,218000,218000,218000,218000,218000,218000,218000,218000,218000,218000,218000,218000,218000,218000,218000,218000,218000,218000,218000,218000,218000
218500,218500,218500,218500,218500,218500,218500,218500,218500,218500,218500,218500,218500,218500,218500,218500,218500,218500,218500,218500,218500,218500,218500,218500,218500,218500,218500,218500,218500,218500
219000,219000,219000,219000,219000,219000,219000,219000,219000,219000,219000,219000,219000,219000,219000,219000,219000,219000,219000,219000,219000,219000,219000,219000,219000,219000,219000,219000,219000,219000
219500,219500,219500,219500,219500,219500,219500,219500,219500,219500,219500,219500,219500,219500,219500,219500,219500,219500,219500,219500,219500,219500,219500,219500,219500,219500,219500,219500,219500,219500
220000,220000,220000,220000,220000,220000,220000,220000,220000,220000,220000,220000,220000,220000,220000,220000,220000,220000,220000,220000,220000,220000,220000,220000,220000,220000,220000,220000,220000,220000
220500,220500,220500,220500,220500,220500,220500,220500,220500,220500,220500,220500,220500,220500,220500,220500,220500,220500,220500,220500,220500,220500,220500,220500,220500,220500,220500,220500,220500,220500
221000,221000,221000,221000,221000,221000,221000,221000,221000,221000,221000,221000,221000,221000,221000,221000,221000,221000,221000,221000,221000,221000,221000,221000,221000,221000,221000,221000,221000,221000
221500,221500,221500,221500,221500,221500,221500,221500,221500,221500,221500,221500,221500,221500,221500,221500,221500,221500,221500,221500,221500,221500,221500,221500,221500,221500,221500,221500,221500,221500
222000,222000,222000,222000,222000,222000,222000,222000,222000,222000,222000,222000,222000,222000,222000,222000,222000,222000,222000,222000,222000,222000,222000,222000,222000,222000,222000,222000,222000,222000
222500,222500,222500,222500,222500,222500,222500,222500,222500,222500,222500,222500,222500,222500,222500,222500,222500,222500,222500,222500,222500,222500,222500,222500,222500,222500,222500,222500,222500,222500
223000,223000,223000,223000,223000,223000,223000,223000,223000,223000,223000,223000,223000,223000,223000,223000,223000,223000,223000,223000,223000,223000,223000,223000,223000,223000,223000,223000,223000,223000
223500,223500,223500,223500,223500,223500,223500,223500,223500,223500,223500,223500,223500,223500,223500,223500,223500,223500,223500,223500,223500,223500,223500,223500,223500,223500,223500,223500,223500,223500
224000,224000,224000,224000,224000,224000,224000,224000,224000,224000,224000,224000,224000,224000,224000,224000,224000,224000,224000,224000,224000,224000,224000,224000,224000,224000,224000,224000,224000,224000
224500,224500,224500,224500,224500,224500,224500,224500,224500,224500,224500,224500,224500,224500,224500,224500,224500,224500,224500,224500,224500,224500,224500,224500,224500,224500,224500,224500,224500,224500
225000,225000,225000,225000,225000,225000,225000,225000,225000,225000,225000,225000,225000,225000,225000,225000,225000,225000,225000,225000,225000,225000,225000,225000,225000,225000,225000,225000,225000,225000
225500,225500,225500,225500,225500,225500,225500,225500,225500,225500,225500,225500,225500,225500,225500,225500,225500,225500,225500,225500,225500,225500,225500,225500,225500,225500,225500,225500,225500,225500
226000,226000,226000,226000,226000,226000,226000,226000,226000,226000,226000,226000,226000,226000,226000,226000,226000,226000,226000,226000,226000,226000,226000,226000,226000,226000,226000,226000,226000,226000
226500,226500,226500,226500,226500,226500,226500,226500,226500,226500,226500,226500,226500,226500,226500,226500,226500,226500,226500,226500,226500,226500,226500,226500,226500,226500,226500,226500,226500,226500
227000,227000,227000,227000,227000,227000,227000,227000,227000,227000,227000,227000,227000,227000,227000,227000,227000,227000,227000,227000,227000,227000,227000,227000,227000,227000,227000,227000,227000,227000
227500,227500,227500,227500,227500,227500,227500,227500,227500,227500,227500,227500,227500,227500,227500,227500,227500,227500,227500,227500,227500,227500,227500,227500,227500,227500,227500,227500,227500,227500
228000,228000,228000,228000,228000,228000,228000,228000,228000,228000,228000,228000,228000,228000,228000,228000,228000,228000,228000,228000,228000,228000,228000,228000,228000,228000,228000,228000,228000,228000
228500,228500,228500,228500,228500,228500,228500,228500,228500,228500,228500,228500,228500,228500,228500,228500,228500,228500,228500,228500,228500,228500,228500,228500,228500,228500,228500,228500,228500,228500
229000,229000,229000,229000,229000,229000,229000,229000,229000,229000,229000,229000,229000,229000,229000,229000,229000,229000,229000,229000,229000,229000,229000,229000,229000,229000,229000,229000,229000,229000
229500,229500,229500,229500,229500,229500,229500,229500,229500,229500,229500,229500,229500,229500,229500,229500,229500,229500,229500,229500,229500,229500,229500,229500,229500,229500,229500,229500,229500,229500
230000,230000,230000,230000,230000,230000,230000,230000,230000,230000,230000,230000,230000,230000,230000,230000,230000,230000,230000,230000,230000,230000,230000,230000,230000,230000,230000,230000,230000,230000
230500,230500,230500,230500,230500,230500,230500,230500,230500,230500,230500,230500,230500,230500,230500,230500,230500,230500,230500,230500,230500,230500,230500,230500,230500,230500,230500,230500,230500,230500
231000,231000,231000,231000,231000,231000,231000,231000,231000,231000,231000,231000,231000,231000,231000,231000,231000,231000,231000,231000,231000,231000,231000,231000,231000,231000,231000,231000,231000,231000
231500,231500,231500,231500,231500,231500,231500,231500,231500,231500,231500,231500,231500,231500,231500,231500,231500,231500,231500,231500,231500,231500,231500,231500,231500,231500,231500,231500,231500,231500
232000,232000,232000,232000,232000,232000,232000,232000,232000,232000,232000,232000,232000,232000,232000,232000,232000,232000,232000,232000,232000,232000,232000,232000,232000,232000,232000,232000,232000,232000
232500,232500,232500,232500,232500,232500,232500,232500,232500,232500,232500,232500,232500,232500,232500,232500,232500,232500,232500,232500,232500,232500,232500,232500,232500,232500,232500,232500,232500,232500
233000,233000,233000,233000,233000,233000,233000,233000,233000,233000,233000,233000,233000,233000,233000,233000,233000,233000,233000,233000,233000,233000,233000,233000,233000,233000,233000,233000,233000,233000
233500,233500,233500,233500,233500,233500,233500,233500,233500,233500,233500,233500,233500,233500,233500,233500,233500,233500,233500,233500,233500,233500,233500,233500,233500,233500,233500,233500,233500,233500
234000,234000,234000,234000,234000,234000,234000,234000,234000,234000,234000,234000,234000,234000,234000,234000,234000,234000,234000,234000,234000,234000,234000,234000,234000,234000,234000,234000,234000,234000
234500,234500,234500,234500,234500,234500,234500,234500,234500,234500,234500,234500,234500,234500,234500,234500,234500,234500,234500,234500,234500,234500,234500,234500,234500,234500,234500,234500,234500,234500
235000,235000,235000,235000,235000,235000,235000,235000,235000,235000,235000,235000,235000,235000,235000,235000,235000,235000,235000,235000,235000,235000,235000,235000,235000,235000,235000,235000,235000,235000
235500,235500,235500,235500,235500,235500,235500,235500,235500,235500,235500,235500,235500,235500,235500,235500,235500,235500,235500,235500,235500,235500,235500,235500,235500,235500,235500,235500,235500,235500
236000,236000,236000,236000,236000,236000,236000,236000,236000,236000,236000,236000,236000,236000,236000,236000,236000,236000,236000,236000,236000,236000,236000,236000,236000,236000,236000,236000,236000,236000
236500,236500,236500,236500,236500,236500,236500,236500,236500,236500,236500,236500,236500,236500,236500,236500,236500,236500,236500,236500,236500,236500,236500,236500,236500,236500,236500,236500,236500,236500
237000,237000,237000,237000,237000,237000,237000,237000,237000,237000,237000,237000,237000,237000,237000,237000,237000,237000,237000,237000,237000,237000,237000,237000,237000,237000,237000,237000,237000,237000
237500,237500,237500,237500,237500,237500,237500,237500,237500,237500,237500,237500,237500,237500,237500,237500,237500,237500,237500,237500,237500,237500,237500,237500,237500,237500,237500,237500,237500,237500
238000,238000,238000,238000,238000,238000,238000,238000,238000,238000,238000,238000,238000,238000,238000,238000,238000,238000,238000,238000,238000,238000,238000,238000,238000,238000,238000,238000,238000,238000
238500,238500,238500,238500,238500,238500,238500,238500,238500,238500,238500,238500,238500,238500,238500,238500,238500,238500,238500,238500,238500,238500,238500,238500,238500,238500,238500,238500,238500,238500
239000,239000,239000,239000,239000,239000,239000,239000,239000,239000,239000,239000,239000,239000,239000,239000,239000,239000,239000,239000,239000,239000,239000,239000,239000,239000,239000,239000,239000,239000
239500,239500,239500,239500,239500,239500,239500,239500,239500,239500,239500,239500,239500,239500,239500,239500,239500,239500,239500,239500,239500,239500,239500,239500,239500,239500,239500,239500,239500,239500
240000,240000,240000,240000,240000,240000,240000,240000,240000,240000,240000,240000,240000,240000,240000,240000,240000,240000,240000,240000,240000,240000,240000,240000,240000,240000,240000,240000,240000,240000
240500,240500,240500,240500,240500,240500,240500,240500,240500,240500,240500,240500,240500,240500,240500,240500,240500,240500,240500,240500,240500,240500,240500,240500,240500,240500,240500,240500,240500,240500
241000,241000,241000,241000,241000,241000,241000,241000,241000,241000,241000,241000,241000,241000,241000,241000,241000,241000,241000,241000,241000,241000,241000,241000,241000,241000,241000,241000,241000,241000
241500,241500,241500,241500,241500,241500,241500,241500,241500,241500,241500,241500,241500,241500,241500,241500,241500,241500,241500,241500,241500,241500,241500,241500,241500,241500,241500,241500,241500,241500
242000,242000,242000,242000,242000,242000,242000,242000,242000,242000,242000,242000,242000,242000,242000,242000,242000,242000,242000,242000,242000,242000,242000,242000,242000,242000,242000,242000,242000,242000
242500,242500,242500,242500,242500,242500,242500,242500,242500,242500,242500,242500,242500,242500,242500,242500,242500,242500,242500,242500,242500,242500,242500,242500,242500,242500,242500,242500,242500,242500
243000,243000,243000,243000,243000,243000,243000,243000,243000,243000,243000,243000,243000,243000,243000,243000,243000,243000,243000,243000,243000,243000,243000,243000,243000,243000,243000,243000,243000,243000
243500,243500,243500,243500,243500,243500,243500,243500,243500,243500,243500,243500,243500,243500,243500,243500,243500,243500,243500,243500,243500,243500,243500,243500,243500,243500,243500,243500,243500,243500
244000,244000,244000,244000,244000,244000,244000,244000,244000,244000,244000,244000,244000,244000,244000,244000,244000,244000,244000,244000,244000,244000,244000,244000,244000,244000,244000,244000,244000,244000
244500,244500,244500,244500,244500,244500,244500,244500,244500,244500,244500,244500,244500,244500,244500,244500,244500,244500,244500,244500,244500,244500,244500,244500,244500,244500,244500,244500,244500,244500
245000,245000,245000,245000,245000,245000,245000,245000,245000,245000,245000,245000,245000,245000,245000,245000,245000,245000,245000,245000,245000,245000,245000,245000,245000,245000,245000,245000,245000,245000
245500,245500,245500,245500,245500,245500,245500,245500,245500,245500,245500,245500,245500,245500,245500,245500,245500,245500,245500,245500,245500,245500,245500,245500,245500,245500,245500,245500,245500,245500
246000,246000,246000,246000,246000,246000,246000,246000,246000,246000,246000,246000,246000,246000,246000,246000,246000,246000,246000,246000,246000,246000,246000,246000,246000,246000,246000,246000,246000,246000
246500,246500,246500,246500,246500,246500,246500,246500,246500,246500,246500,246500,246500,246500,246500,246500,246500,246500,246500,246500,246500,246500,246500,246500,246500,246500,246500,246500,246500,246500
247000,247000,247000,247000,247000,247000,247000,247000,247000,247000,247000,247000,247000,247000,247000,247000,247000,247000,247000,247000,247000,247000,247000,247000,247000,247000,247000,247000,247000,247000
247500,247500,247500,247500,247500,247500,247500,247500,247500,247500,247500,247500,247500,247500,247500,247500,247500,247500,247500,247500,247500,247500,247500,247500,247500,247500,247500,247500,247500,247500
248000,248000,248000,248000,248000,248000,248000,248000,248000,248000,248000,248000,248000,248000,248000,248000,248000,248000,248000,248000,248000,248000,248000,248000,248000,248000,248000,248000,248000,248000
248500,248500,248500,248500,248500,248500,248500,248500,248500,248500,248500,248500,248500,248500,248500,248500,248500,248500,248500,248500,248500,248500,248500,248500,248500,248500,248500,248500,248500,248500
249000,249000,249000,249000,249000,249000,249000,249000,249000,249000,249000,249000,249000,249000,249000,249000,249000,249000,249000,249000,249000,249000,249000,249000,249000,249000,249000,249000,249000,249000
249500,249500,249500,249500,249500,249500,249500,249500,249500,249500,249500,249500,249500,249500,249500,249500,249500,249500,249500,249500,249500,249500,249500,249500,249500,249500,249500,249500,249500,249500
250000,250000,250000,250000,250000,250000,250000,250000,250000,250000,250000,250000,250000,250000,250000,250000,250000,250000,250000,250000,250000,250000,250000,250000,250000,250000,250000,250000,250000,250000
250500,250500,250500,250500,250500,250500,250500,250500,250500,250500,250500,250500,250500,250500,250500,250500,250500,250500,250500,250500,250500,250500,250500,250500,250500,250500,250500,250500,250500,250500
251000,251000,251000,251000,251000,251000,251000,251000,251000,251000,251000,251000,251000,251000,251000,251000,251000,251000,251000,251000,251000,251000,251000,251000,251000,251000,251000,251000,251000,251000
251500,251500,251500,251500,251500,251500,251500,251500,251500,251500,251500,251500,251500,251500,251500,251500,251500,251500,251500,251500,251500,251500,251500,251500,251500,251500,251500,251500,251500,251500
252000,252000,252000,252000,252000,252000,252000,252000,252000,252000,252000,252000,252000,252000,252000,252000,252000,252000,252000,252000,252000,252000,252000,252000,252000,252000,252000,252000,252000,252000
252500,252500,252500,252500,252500,252500,252500,252500,252500,252500,252500,252500,252500,252500,252500,252500,252500,252500,252500,252500,252500,252500,252500,252500,252500,252500,252500,252500,252500,252500
253000,253000,253000,253000,253000,253000,253000,253000,253000,253000,253000,253000,253000,253000,253000,253000,253000,253000,253000,253000,253000,253000,253000,253000,253000,253000,253000,253000,253000,253000
253500,253500,253500,253500,253500,253500,253500,253500,253500,253500,253500,253500,253500,253500,253500,253500,253500,253500,253500,253500,253500,253500,253500,253500,253500,253500,253500,253500,253500,253500
254000,254000,254000,254000,254000,254000,254000,254000,254000,254000,254000,254000,254000,254000,254000,254000,254000,254000,254000,254000,254000,254000,254000,254000,254000,254000,254000,254000,254000,254000
254500,254500,254500,254500,254500,254500,254500,254500,254500,254500,254500,254500,254500,254500,254500,254500,254500,254500,254500,254500,254500,254500,254500,254500,254500,254500,254500,254500,254500,254500
255000,255000,255000,255000,255000,255000,255000,255000,255000,255000,255000,255000,255000,255000,255000,255000,255000,255000,255000,255000,255000,255000,255000,255000,255000,255000,255000,255000,255000,255000
255500,255500,255500,255500,255500,255500,255500,255500,255500,255500,255500,255500,255500,255500,255500,255500,255500,255500,255500,255500,255500,255500,255500,255500,255500,255500,255500,255500,255500,255500
256000,256000,256000,256000,256000,256000,256000,256000,256000,256000,256000,256000,256000,256000,256000,256000,256000,256000,256000,256000,256000,256000,256000,256000,256000,256000,256000,256000,256000,256000
256500,256500,256500,256500,256500,256500,256500,256500,256500,256500,256500,256500,256500,256500,256500,256500,256500,256500,256500,256500,256500,256500,256500,256500,256500,256500,256500,256500,256500,256500
257000,257000,257000,257000,257000,257000,257000,257000,257000,257000,257000,257000,257000,257000,257000,257000,257000,257000,257000,257000,257000,257000,257000,257000,257000,257000,257000,257000,257000,257000
257500,257500,257500,257500,257500,257500,257500,257500,257500,257500,257500,257500,257500,257500,257500,257500,257500,257500,257500,257500,257500,257500,257500,257500,257500,257500,257500,257500,257500,257500
258000,258000,258000,258000,258000,258000,258000,258000,258000,258000,258000,258000,258000,258000,258000,258000,258000,258000,258000,258000,258000,258000,258000,258000,258000,258000,258000,258000,258000,258000
258500,258500,258500,258500,258500,258500,258500,258500,258500,258500,258500,258500,258500,258500,258500,258500,258500,258500,258500,258500,258500,258500,258500,258500,258500,258500,258500,258500,258500,258500
259000,259000,259000,259000,259000,259000,259000,259000,259000,259000,259000,259000,259000,259000,259000,259000,259000,259000,259000,259000,259000,259000,259000,259000,259000,259000,259000,259000,259000,259000
259500,259500,259500,259500,259500,259500,259500,259500,259500,259500,259500,259500,259500,259500,259500,259500,259500,259500,259500,259500,259500,259500,259500,259500,259500,259500,259500,259500,259500,259500
260000,260000,260000,260000,260000,260000,260000,260000,260000,260000,260000,260000,260000,260000,260000,260000,260000,260000,260000,260000,260000,260000,260000,260000,260000,260000,260000,260000,260000,260000
260500,260500,260500,260500,260500,260500,260500,260500,260500,260500,260500,260500,260500,260500,260500,260500,260500,260500,260500,260500,260500,260500,260500,260500,260500,260500,260500,260500,260500,260500
261000,261000,261000,261000,261000,261000,261000,261000,261000,261000,261000,261000,261000,261000,261000,261000,261000,261000,261000,261000,261000,261000,261000,261000,261000,261000,261000,261000,261000,261000
261500,261500,261500,261500,261500,261500,261500,261500,261500,261500,261500,261500,261500,261500,261500,261500,261500,261500,261500,261500,261500,261500,261500,261500,261500,261500,261500,261500,261500,261500
262000,262000,262000,262000,262000,262000,262000,262000,262000,262000,262000,262000,262000,262000,262000,262000,262000,262000,262000,262000,262000,262000,262000,262000,262000,262000,262000,262000,262000,262000
262500,262500,262500,262500,262500,262500,262500,262500,262500,262500,262500,262500,262500,262500,262500,262500,262500,262500,262500,262500,262500,262500,262500,262500,262500,262500,262500,262500,262500,262500
263000,263000,263000,263000,263000,263000,263000,263000,263000,263000,263000,263000,263000,263000,263000,263000,263000,263000,263000,263000,263000,263000,263000,263000,263000,263000,263000,263000,263000,263000
263500,263500,263500,263500,263500,263500,263500,263500,263500,263500,263500,263500,263500,263500,263500,263500,263500,263500,263500,263500,263500,263500,263500,263500,263500,263500,263500,263500,263500,263500
264000,264000,264000,264000,264000,264000,264000,264000,264000,264000,264000,264000,264000,264000,264000,264000,264000,264000,264000,264000,264000,264000,264000,264000,264000,264000,264000,264000,264000,264000
264500,264500,264500,264500,264500,264500,264500,264500,264500,264500,264500,264500,264500,264500,264500,264500,264500,264500,264500,264500,264500,264500,264500,264500,264500,264500,264500,264500,264500,264500
265000,265000,265000,265000,265000,265000,265000,265000,265000,265000,265000,265000,265000,265000,265000,265000,265000,265000,265000,265000,265000,265000,265000,265000,265000,265000,265000,265000,265000,265000
265500,265500,265500,265500,265500,265500,265500,265500,265500,265500,265500,265500,265500,265500,265500,265500,265500,265500,265500,265500,265500,265500,265500,265500,265500,265500,265500,265500,265500,265500
266000,266000,266000,266000,266000,266000,266000,266000,266000,266000,266000,266000,266000,266000,266000,266000,266000,266000,266000,266000,266000,266000,266000,266000,266000,266000,266000,266000,266000,266000
266500,266500,266500,266500,266500,266500,266500,266500,266500,266500,266500,266500,266500,266500,266500,266500,266500,266500,266500,266500,266500,266500,266500,266500,266500,266500,266500,266500,266500,266500
267000,267000,267000,267000,267000,267000,267000,267000,267000,267000,267000,267000,267000,267000,267000,267000,267000,267000,267000,267000,267000,267000,267000,267000,267000,267000,267000,267000,267000,267000
267500,267500,267500,267500,267500,267500,267500,267500,267500,267500,267500,267500,267500,267500,267500,267500,267500,267500,267500,267500,267500,267500,267500,267500,267500,267500,267500,267500,267500,267500
268000,268000,268000,268000,268000,268000,268000,268000,268000,268000,268000,268000,268000,268000,268000,268000,268000,268000,268000,268000,268000,268000,268000,268000,268000,268000,268000,268000,268000,268000
268500,268500,268500,268500,268500,268500,268500,268500,268500,268500,268500,268500,268500,268500,268500,268500,268500,268500,268500,268500,268500,268500,268500,268500,268500,268500,268500,268500,268500,268500
269000,269000,269000,269000,269000,269000,269000,269000,269000,269000,269000,269000,269000,269000,269000,269000,269000,269000,269000,269000,269000,269000,269000,269000,269000,269000,269000,269000,269000,269000
269500,269500,269500,269500,269500,269500,269500,269500,269500,269500,269500,269500,269500,269500,269500,269500,269500,269500,269500,269500,269500,269500,269500,269500,269500,269500,269500,269500,269500,269500
270000,270000,270000,270000,270000,270000,270000,270000,270000,270000,270000,270000,270000,270000,270000,270000,270000,270000,270000,270000,270000,270000,270000,270000,270000,270000,270000,270000,270000,270000
270500,270500,270500,270500,270500,270500,270500,270500,270500,270500,270500,270500,270500,270500,270500,270500,270500,270500,270500,270500,270500,270500,270500,270500,270500,270500,270500,270500,270500,270500
271000,271000,271000,271000,271000,271000,271000,271000,271000,271000,271000,271000,271000,271000,271000,271000,271000,271000,271000,271000,271000,271000,271000,271000,271000,271000,271000,271000,271000,271000
271500,271500,271500,271500,271500,271500,271500,271500,271500,271500,271500,271500,271500,271500,271500,271500,271500,271500,271500,271500,271500,271500,271500,271500,271500,271500,271500,271500,271500,271500
272000,272000,272000,272000,272000,272000,272000,272000,272000,272000,272000,272000,272000,272000,272000,272000,272000,272000,272000,272000,272000,272000,272000,272000,272000,272000,272000,272000,272000,272000
272500,272500,272500,272500,272500,272500,272500,272500,272500,272500,272500,272500,272500,272500,272500,272500,272500,272500,272500,272500,272500,272500,272500,272500,272500,272500,272500,272500,272500,272500
273000,273000,273000,273000,273000,273000,273000,273000,273000,273000,273000,273000,273000,273000,273000,273000,273000,273000,273000,273000,273000,273000,273000,273000,273000,273000,273000,273000,273000,273000
273500,273500,273500,273500,273500,273500,273500,273500,273500,273500,273500,273500,273500,273500,273500,273500,273500,273500,273500,273500,273500,273500,273500,273500,273500,273500,273500,273500,273500,273500
274000,274000,274000,274000,274000,274000,274000,274000,274000,274000,274000,274000,274000,274000,274000,274000,274000,274000,274000,274000,274000,274000,274000,274000,274000,274000,274000,274000,274000,274000
274500,274500,274500,274500,274500,274500,274500,274500,274500,274500,274500,274500,274500,274500,274500,274500,274500,274500,274500,274500,274500,274500,274500,274500,274500,274500,274500,274500,274500,274500
275000,275000,275000,275000,275000,275000,275000,275000,275000,275000,275000,275000,275000,275000,275000,275000,275000,275000,275000,275000,275000,275000,275000,275000,275000,275000,275000,275000,275000,275000
275500,275500,275500,275500,275500,275500,275500,275500,275500,275500,275500,275500,275500,275500,275500,275500,275500,275500,275500,275500,275500,275500,275500,275500,275500,275500,275500,275500,275500,275500
276000,276000,276000,276000,276000,276000,276000,276000,276000,276000,276000,276000,276000,276000,276000,276000,276000,276000,276000,276000,276000,276000,276000,276000,276000,276000,276000,276000,276000,276000
276500,276500,276500,276500,276500,276500,276500,276500,276500,276500,276500,276500,276500,276500,276500,276500,276500,276500,276500,276500,276500,276500,276500,276500,276500,276500,276500,276500,276500,276500
277000,277000,277000,277000,277000,277000,277000,277000,277000,277000,277000,277000,277000,277000,277000,277000,277000,277000,277000,277000,277000,277000,277000,277000,277000,277000,277000,277000,277000,277000
277500,277500,277500,277500,277500,277500,277500,277500,277500,277500,277500,277500,277500,277500,277500,277500,277500,277500,277500,277500,277500,277500,277500,277500,277500,277500,277500,277500,277500,277500
278000,278000,278000,278000,278000,278000,278000,278000,278000,278000,278000,278000,278000,278000,278000,278000,278000,278000,278000,278000,278000,278000,278000,278000,278000,278000,278000,278000,278000,278000
278500,278500,278500,278500,278500,278500,278500,278500,278500,278500,278500,278500,278500,278500,278500,278500,278500,278500,278500,278500,278500,278500,278500,278500,278500,278500,278500,278500,278500,278500
279000,279000,279000,279000,279000,279000,279000,279000,279000,279000,279000,279000,279000,279000,279000,279000,279000,279000,279000,279000,279000,279000,279000,279000,279000,279000,279000,279000,279000,279000
279500,279500,279500,279500,279500,279500,279500,279500,279500,279500,279500,279500,279500,279500,279500,279500,279500,279500,279500,279500,279500,279500,279500,279500,279500,279500,279500,279500,279500,279500
280000,280000,280000,280000,280000,280000,280000,280000,280000,280000,280000,280000,280000,280000,280000,280000,280000,280000,280000,280000,280000,280000,280000,280000,280000,280000,280000,280000,280000,280000
280500,280500,280500,280500,280500,280500,280500,280500,280500,280500,280500,280500,280500,280500,280500,280500,280500,280500,280500,280500,280500,280500,280500,280500,280500,280500,280500,280500,280500,280500
281000,281000,281000,281000,281000,281000,281000,281000,281000,281000,281000,281000,281000,281000,281000,281000,281000,281000,281000,281000,281000,281000,281000,281000,281000,281000,281000,281000,281000,281000
281500,281500,281500,281500,281500,281500,281500,281500,281500,281500,281500,281500,281500,281500,281500,281500,281500,281500,281500,281500,281500,281500,281500,281500,281500,281500,281500,281500,281500,281500
282000,282000,282000,282000,282000,282000,282000,282000,282000,282000,282000,282000,282000,282000,282000,282000,282000,282000,282000,282000,282000,282000,282000,282000,282000,282000,282000,282000,282000,282000
282500,282500,282500,282500,282500,282500,282500,282500,282500,282500,282500,282500,282500,282500,282500,282500,282500,282500,282500,282500,282500,282500,282500,282500,282500,282500,282500,282500,282500,282500
283000,283000,283000,283000,283000,283000,283000,283000,283000,283000,283000,283000,283000,283000,283000,283000,283000,283000,283000,283000,283000,283000,283000,283000,283000,283000,283000,283000,283000,283000
283500,283500,283500,283500,283500,283500,283500,283500,283500,283500,283500,283500,283500,283500,283500,283500,283500,283500,283500,283500,283500,283500,283500,283500,283500,283500,283500,283500,283500,283500
284000,284000,284000,284000,284000,284000,284000,284000,284000,284000,284000,284000,284000,284000,284000,284000,284000,284000,284000,284000,284000,284000,284000,284000,284000,284000,284000,284000,284000,284000
284500,284500,284500,284500,284500,284500,284500,284500,284500,284500,284500,284500,284500,284500,284500,284500,284500,284500,284500,284500,284500,284500,284500,284500,284500,284500,284500,284500,284500,284500
285000,285000,285000,285000,285000,285000,285000,285000,285000,285000,285000,285000,285000,285000,285000,285000,285000,285000,285000,285000,285000,285000,285000,285000,285000,285000,285000,285000,285000,285000
285500,285500,285500,285500,285500,285500,285500,285500,285500,285500,285500,285500,285500,285500,285500,285500,285500,285500,285500,285500,285500,285500,285500,285500,285500,285500,285500,285500,285500,285500
286000,286000,286000,286000,286000,286000,286000,286000,286000,286000,286000,286000,286000,286000,286000,286000,286000,286000,286000,286000,286000,286000,286000,286000,286000,286000,286000,286000,286000,286000
286500,286500,286500,286500,286500,286500,286500,286500,286500,286500,286500,286500,286500,286500,286500,286500,286500,286500,286500,286500,286500,286500,286500,286500,286500,286500,286500,286500,286500,286500
287000,287000,287000,287000,287000,287000,287000,287000,287000,287000,287000,287000,287000,287000,287000,287000,287000,287000,287000,287000,287000,287000,287000,287000,287000,287000,287000,287000,287000,287000
287500,287500,287500,287500,287500,287500,287500,287500,287500,287500,287500,287500,287500,287500,287500,287500,287500,287500,287500,287500,287500,287500,287500,287500,287500,287500,287500,287500,287500,287500
288000,288000,288000,288000,288000,288000,288000,288000,288000,288000,288000,288000,288000,288000,288000,288000,288000,288000,288000,288000,288000,288000,288000,288000,288000,288000,288000,288000,288000,288000
288500,288500,288500,288500,288500,288500,288500,288500,288500,288500,288500,288500,288500,288500,288500,288500,288500,288500,288500,288500,288500,288500,288500,288500,288500,288500,288500,288500,288500,288500
289000,289000,289000,289000,289000,289000,289000,289000,289000,289000,289000,289000,289000,289000,289000,289000,289000,289000,289000,289000,289000,289000,289000,289000,289000,289000,289000,289000,289000,289000
289500,289500,289500,289500,289500,289500,289500,289500,289500,289500,289500,289500,289500,289500,289500,289500,289500,289500,289500,289500,289500,289500,289500,289500,289500,289500,289500,289500,289500,289500
290000,290000,290000,290000,290000,290000,290000,290000,290000,290000,290000,290000,290000,290000,290000,290000,290000,290000,290000,290000,290000,290000,290000,290000,290000,290000,290000,290000,290000,290000
290500,290500,290500,290500,290500,290500,290500,290500,290500,290500,290500,290500,290500,290500,290500,290500,290500,290500,290500,290500,290500,290500,290500,290500,290500,290500,290500,290500,290500,290500
291000,291000,291000,291000,291000,291000,291000,291000,291000,291000,291000,291000,291000,291000,291000,291000,291000,291000,291000,291000,291000,291000,291000,291000,291000,291000,291000,291000,291000,291000
291500,291500,291500,291500,291500,291500,291500,291500,291500,291500,291500,291500,291500,291500,291500,291500,291500,291500,291500,291500,291500,291500,291500,291500,291500,291500,291500,291500,291500,291500
292000,292000,292000,292000,292000,292000,292000,292000,292000,292000,292000,292000,292000,292000,292000,292000,292000,292000,292000,292000,292000,292000,292000,292000,292000,292000,292000,292000,292000,292000
292500,292500,292500,292500,292500,292500,292500,292500,292500,292500,292500,292500,292500,292500,292500,292500,292500,292500,292500,292500,292500,292500,292500,292500,292500,292500,292500,292500,292500,292500
293000,293000,293000,293000,293000,293000,293000,293000,293000,293000,293000,293000,293000,293000,293000,293000,293000,293000,293000,293000,293000,293000,293000,293000,293000,293000,293000,293000,293000,293000
293500,293500,293500,293500,293500,293500,293500,293500,293500,293500,293500,293500,293500,293500,293500,293500,293500,293500,293500,293500,293500,293500,293500,293500,293500,293500,293500,293500,293500,293500
294000,294000,294000,294000,294000,294000,294000,294000,294000,294000,294000,294000,294000,294000,294000,294000,294000,294000,294000,294000,294000,294000,294000,294000,294000,294000,294000,294000,294000,294000
294500,294500,294500,294500,294500,294500,294500,294500,294500,294500,294500,294500,294500,294500,294500,294500,294500,294500,294500,294500,294500,294500,294500,294500,294500,294500,294500,294500,294500,294500
295000,295000,295000,295000,295000,295000,295000,295000,295000,295000,295000,295000,295000,295000,295000,295000,295000,295000,295000,295000,295000,295000,295000,295000,295000,295000,295000,295000,295000,295000
295500,295500,295500,295500,295500,295500,295500,295500,295500,295500,295500,295500,295500,295500,295500,295500,295500,295500,295500,295500,295500,295500,295500,295500,295500,295500,295500,295500,295500,295500
296000,296000,296000,296000,296000,296000,296000,296000,296000,296000,296000,296000,296000,296000,296000,296000,296000,296000,296000,296000,296000,296000,296000,296000,296000,296000,296000,296000,296000,296000
296500,296500,296500,296500,296500,296500,296500,296500,296500,296500,296500,296500,296500,296500,296500,296500,296500,296500,296500,296500,296500,296500,296500,296500,296500,296500,296500,296500,296500,296500
297000,297000,297000,297000,297000,297000,297000,297000,297000,297000,297000,297000,297000,297000,297000,297000,297000,297000,297000,297000,297000,297000,297000,297000,297000,297000,297000,297000,297000,297000
297500,297500,297500,297500,297500,297500,297500,297500,297500,297500,297500,297500,297500,297500,297500,297500,297500,297500,297500,297500,297500,297500,297500,297500,297500,297500,297500,297500,297500,297500
298000,298000,298000,298000,298000,298000,298000,298000,298000,298000,298000,298000,298000,298000,298000,298000,298000,298000,298000,298000,298000,298000,298000,298000,298000,298000,298000,298000,298000,298000
298500,298500,298500,298500,298500,298500,298500,298500,298500,298500,298500,298500,298500,298500,298500,298500,298500,298500,298500,298500,298500,298500,298500,298500,298500,298500,298500,298500,298500,298500
299000,299000,299000,299000,299000,299000,299000,299000,299000,299000,299000,299000,299000,299000,299000,299000,299000,299000,299000,299000,299000,299000,299000,299000,299000,299000,299000,299000,299000,299000
299500,299500,299500,299500,299500,299500,299500,299500,299500,299500,299500,299500,299500,299500,299500,299500,299500,299500,299500,299500,299500,299500,299500,299500,299500,299500,299500,299500,299500,299500
300000,300000,300000,300000,300000,300000,300000,300000,300000,300000,300000,300000,300000,300000,300000,300000,300000,300000,300000,300000,300000,300000,300000,300000,300000,300000,300000,300000,300000,300000
300500,300500,300500,300500,300500,300500,300500,300500,300500,300500,300500,300500,300500,300500,300500,300500,300500,300500,300500,300500,300500,300500,300500,300500,300500,300500,300500,300500,300500,300500
301000,301000,301000,301000,301000,301000,301000,301000,301000,301000,301000,301000,301000,301000,301000,301000,301000,301000,301000,301000,301000,301000,301000,301000,301000,301000,301000,301000,301000,301000
301500,301500,301500,301500,301500,301500,301500,301500,301500,301500,301500,301500,301500,301500,301500,301500,301500,301500,301500,301500,301500,301500,301500,301500,301500,301500,301500,301500,301500,301500
302000,302000,302000,302000,302000,302000,302000,302000,302000,302000,302000,302000,302000,302000,302000,302000,302000,302000,302000,302000,302000,302000,302000,302000,302000,302000,302000,302000,302000,302000
302500,302500,302500,302500,302500,302500,302500,302500,302500,302500,302500,302500,302500,302500,302500,302500,302500,302500,302500,302500,302500,302500,302500,302500,302500,302500,302500,302500,302500,302500
303000,303000,303000,303000,303000,303000,303000,303000,303000,303000,303000,303000,303000,303000,303000,303000,303000,303000,303000,303000,303000,303000,303000,303000,303000,303000,303000,303000,303000,303000
303500,303500,303500,303500,303500,303500,303500,303500,303500,303500,303500,303500,303500,303500,303500,303500,303500,303500,303500,303500,303500,303500,303500,303500,303500,303500,303500,303500,303500,303500
304000,304000,304000,304000,304000,304000,304000,304000,304000,304000,304000,304000,304000,304000,304000,304000,304000,304000,304000,304000,304000,304000,304000,304000,304000,304000,304000,304000,304000,304000
304500,304500,304500,304500,304500,304500,304500,304500,304500,304500,304500,304500,304500,304500,304500,304500,304500,304500,304500,304500,304500,304500,304500,304500,304500,304500,304500,304500,304500,304500
305000,305000,305000,305000,305000,305000,305000,305000,305000,305000,305000,305000,305000,305000,305000,305000,305000,305000,305000,305000,305000,305000,305000,305000,305000,305000,305000,305000,305000,305000
305500,305500,305500,305500,305500,305500,305500,305500,305500,305500,305500,305500,305500,305500,305500,305500,305500,305500,305500,305500,305500,305500,305500,305500,305500,305500,305500,305500,305500,305500
306000,306000,306000,306000,306000,306000,306000,306000,306000,306000,306000,306000,306000,306000,306000,306000,306000,306000,306000,306000,306000,306000,306000,306000,306000,306000,306000,306000,306000,306000
306500,306500,306500,306500,306500,306500,306500,306500,306500,306500,306500,306500,306500,306500,306500,306500,306500,306500,306500,306500,306500,306500,306500,306500,306500,306500,306500,306500,306500,306500
307000,307000,307000,307000,307000,307000,307000,307000,307000,307000,307000,307000,307000,307000,307000,307000,307000,307000,307000,307000,307000,307000,307000,307000,307000,307000,307000,307000,307000,307000
307500,307500,307500,307500,307500,307500,307500,307500,307500,307500,307500,307500,307500,307500,307500,307500,307500,307500,307500,307500,307500,307500,307500,307500,307500,307500,307500,307500,307500,307500
308000,308000,308000,308000,308000,308000,308000,308000,308000,308000,308000,308000,308000,308000,308000,308000,308000,308000,308000,308000,308000,308000,308000,308000,308000,308000,308000,308000,308000,308000
308500,308500,308500,308500,308500,308500,308500,308500,308500,308500,308500,308500,308500,308500,308500,308500,308500,308500,308500,308500,308500,308500,308500,308500,308500,308500,308500,308500,308500,308500
309000,309000,309000,309000,309000,309000,309000,309000,309000,309000,309000,309000,309000,309000,309000,309000,309000,309000,309000,309000,309000,309000,309000,309000,309000,309000,309000,309000,309000,309000
309500,309500,309500,309500,309500,309500,309500,309500,309500,309500,309500,309500,309500,309500,309500,309500,309500,309500,309500,309500,309500,309500,309500,309500,309500,309500,309500,309500,309500,309500
310000,310000,310000,310000,310000,310000,310000,310000,310000,310000,310000,310000,310000,310000,310000,310000,310000,310000,310000,310000,310000,310000,310000,310000,310000,310000,310000,310000,310000,310000
310500,310500,310500,310500,310500,310500,310500,310500,310500,310500,310500,310500,310500,310500,310500,310500,310500,310500,310500,310500,310500,310500,310500,310500,310500,310500,310500,310500,310500,310500
311000,311000,311000,311000,311000,311000,311000,311000,311000,311000,311000,311000,311000,311000,311000,311000,311000,311000,311000,311000,311000,311000,311000,311000,311000,311000,311000,311000,311000,311000
311500,311500,311500,311500,311500,311500,311500,311500,311500,311500,311500,311500,311500,311500,311500,311500,311500,311500,311500,311500,311500,311500,311500,311500,311500,311500,311500,311500,311500,311500
312000,312000,312000,312000,312000,312000,312000,312000,312000,312000,312000,312000,312000,312000,312000,312000,312000,312000,312000,312000,312000,312000,312000,312000,312000,312000,312000,312000,312000,312000
312500,312500,312500,312500,312500,312500,312500,312500,312500,312500,312500,312500,312500,312500,312500,312500,312500,312500,312500,312500,312500,312500,312500,312500,312500,312500,312500,312500,312500,312500
313000,313000,313000,313000,313000,313000,313000,313000,313000,313000,313000,313000,313000,313000,313000,313000,313000,313000,313000,313000,313000,313000,313000,313000,313000,313000,313000,313000,313000,313000
313500,313500,313500,313500,313500,313500,313500,313500,313500,313500,313500,313500,313500,313500,313500,313500,313500,313500,313500,313500,313500,313500,313500,313500,313500,313500,313500,313500,313500,313500
314000,314000,314000,314000,314000,314000,314000,314000,314000,314000,314000,314000,314000,314000,314000,314000,314000,314000,314000,314000,314000,314000,314000,314000,314000,314000,314000,314000,314000,314000
314500,314500,314500,314500,314500,314500,314500,314500,314500,314500,314500,314500,314500,314500,314500,314500,314500,314500,314500,314500,314500,314500,314500,314500,314500,314500,314500,314500,314500,314500
315000,315000,315000,315000,315000,315000,315000,315000,315000,315000,315000,315000,315000,315000,315000,315000,315000,315000,315000,315000,315000,315000,315000,315000,315000,315000,315000,315000,315000,315000
315500,315500,315500,315500,315500,315500,315500,315500,315500,315500,315500,315500,315500,315500,315500,315500,315500,315500,315500,315500,315500,315500,315500,315500,315500,315500,315500,315500,315500,315500
316000,316000,316000,316000,316000,316000,316000,316000,316000,316000,316000,316000,316000,316000,316000,316000,316000,316000,316000,316000,316000,316000,316000,316000,316000,316000,316000,316000,316000,316000
316500,316500,316500,316500,316500,316500,316500,316500,316500,316500,316500,316500,316500,316500,316500,316500,316500,316500,316500,316500,316500,316500,316500,316500,316500,316500,316500,316500,316500,316500
317000,317000,317000,317000,317000,317000,317000,317000,317000,317000,317000,317000,317000,317000,317000,317000,317000,317000,317000,317000,317000,317000,317000,317000,317000,317000,317000,317000,317000,317000
317500,317500,317500,317500,317500,317500,317500,317500,317500,317500,317500,317500,317500,317500,317500,317500,317500,317500,317500,317500,317500,317500,317500,317500,317500,317500,317500,317500,317500,317500
318000,318000,318000,318000,318000,318000,318000,318000,318000,318000,318000,318000,318000,318000,318000,318000,318000,318000,318000,318000,318000,318000,318000,318000,318000,318000,318000,318000,318000,318000
318500,318500,318500,318500,318500,318500,318500,318500,318500,318500,318500,318500,318500,318500,318500,318500,318500,318500,318500,318500,318500,318500,318500,318500,318500,318500,318500,318500,318500,318500
319000,319000,319000,319000,319000,319000,319000,319000,319000,319000,319000,319000,319000,319000,319000,319000,319000,319000,319000,319000,319000,319000,319000,319000,319000,319000,319000,319000,319000,319000
319500,319500,319500,319500,319500,319500,319500,319500,319500,319500,319500,319500,319500,319500,319500,319500,319500,319500,319500,319500,319500,319500,319500,319500,319500,319500,319500,319500,319500,319500
320000,320000,320000,320000,320000,320000,320000,320000,320000,320000,320000,320000,320000,320000,320000,320000,320000,320000,320000,320000,320000,320000,320000,320000,320000,320000,320000,320000,320000,320000
320500,320500,320500,320500,320500,320500,320500,320500,320500,320500,320500,320500,320500,320500,320500,320500,320500,320500,320500,320500,320500,320500,320500,320500,320500,320500,320500,320500,320500,320500
321000,321000,321000,321000,321000,321000,321000,321000,321000,321000,321000,321000,321000,321000,321000,321000,321000,321000,321000,321000,321000,321000,321000,321000,321000,321000,321000,321000,321000,321000
321500,321500,321500,321500,321500,321500,321500,321500,321500,321500,321500,321500,321500,321500,321500,321500,321500,321500,321500,321500,321500,321500,321500,321500,321500,321500,321500,321500,321500,321500
322000,322000,322000,322000,322000,322000,322000,322000,322000,322000,322000,322000,322000,322000,322000,322000,322000,322000,322000,322000,322000,322000,322000,322000,322000,322000,322000,322000,322000,322000
322500,322500,322500,322500,322500,322500,322500,322500,322500,322500,322500,322500,322500,322500,322500,322500,322500,322500,322500,322500,322500,322500,322500,322500,322500,322500,322500,322500,322500,322500
323000,323000,323000,323000,323000,323000,323000,323000,323000,323000,323000,323000,323000,323000,323000,323000,323000,323000,323000,323000,323000,323000,323000,323000,323000,323000,323000,323000,323000,323000
323500,323500,323500,323500,323500,323500,323500,323500,323500,323500,323500,323500,323500,323500,323500,323500,323500,323500,323500,323500,323500,323500,323500,323500,323500,323500,323500,323500,323500,323500
324000,324000,324000,324000,324000,324000,324000,324000,324000,324000,324000,324000,324000,324000,324000,324000,324000,324000,324000,324000,324000,324000,324000,324000,324000,324000,324000,324000,324000,324000
324500,324500,324500,324500,324500,324500,324500,324500,324500,324500,324500,324500,324500,324500,324500,324500,324500,324500,324500,324500,324500,324500,324500,324500,324500,324500,324500,324500,324500,324500
325000,325000,325000,325000,325000,325000,325000,325000,325000,325000,325000,325000,325000,325000,325000,325000,325000,325000,325000,325000,325000,325000,325000,325000,325000,325000,325000,325000,325000,325000
325500,325500,325500,325500,325500,325500,325500,325500,325500,325500,325500,325500,325500,325500,325500,325500,325500,325500,325500,325500,325500,325500,325500,325500,325500,325500,325500,325500,325500,325500
326000,326000,326000,326000,326000,326000,326000,326000,326000,326000,326000,326000,326000,326000,326000,326000,326000,326000,326000,326000,326000,326000,326000,326000,326000,326000,326000,326000,326000,326000
326500,326500,326500,326500,326500,326500,326500,326500,326500,326500,326500,326500,326500,326500,326500,326500,326500,326500,326500,326500,326500,326500,326500,326500,326500,326500,326500,326500,326500,326500
327000,327000,327000,327000,327000,327000,327000,327000,327000,327000,327000,327000,327000,327000,327000,327000,327000,327000,327000,327000,327000,327000,327000,327000,327000,327000,327000,327000,327000,327000
327500,327500,327500,327500,327500,327500,327500,327500,327500,327500,327500,327500,327500,327500,327500,327500,327500,327500,327500,327500,327500,327500,327500,327500,327500,327500,327500,327500,327500,327500
328000,328000,328000,328000,328000,328000,328000,328000,328000,328000,328000,328000,328000,328000,328000,328000,328000,328000,328000,328000,328000,328000,328000,328000,328000,328000,328000,328000,328000,328000
328500,328500,328500,328500,328500,328500,328500,328500,328500,328500,328500,328500,328500,328500,328500,328500,328500,328500,328500,328500,328500,328500,328500,328500,328500,328500,328500,328500,328500,328500
329000,329000,329000,329000,329000,329000,329000,329000,329000,329000,329000,329000,329000,329000,329000,329000,329000,329000,329000,329000,329000,329000,329000,329000,329000,329000,329000,329000,329000,329000
329500,329500,329500,329500,329500,329500,329500,329500,329500,329500,329500,329500,329500,329500,329500,329500,329500,329500,329500,329500,329500,329500,329500,329500,329500,329500,329500,329500,329500,329500
330000,330000,330000,330000,330000,330000,330000,330000,330000,330000,330000,330000,330000,330000,330000,330000,330000,330000,330000,330000,330000,330000,330000,330000,330000,330000,330000,330000,330000,330000
330500,330500,330500,330500,330500,330500,330500,330500,330500,330500,330500,330500,330500,330500,330500,330500,330500,330500,330500,330500,330500,330500,330500,330500,330500,330500,330500,330500,330500,330500
331000,331000,331000,331000,331000,331000,331000,331000,331000,331000,331000,331000,331000,331000,331000,331000,331000,331000,331000,331000,331000,331000,331000,331000,331000,331000,331000,331000,331000,331000
331500,331500,331500,331500,331500,331500,331500,331500,331500,331500,331500,331500,331500,331500,331500,331500,331500,331500,331500,331500,331500,331500,331500,331500,331500,331500,331500,331500,331500,331500
332000,332000,332000,332000,332000,332000,332000,332000,332000,332000,332000,332000,332000,332000,332000,332000,332000,332000,332000,332000,332000,332000,332000,332000,332000,332000,332000,332000,332000,332000
332500,332500,332500,332500,332500,332500,332500,332500,332500,332500,332500,332500,332500,332500,332500,332500,332500,332500,332500,332500,332500,332500,332500,332500,332500,332500,332500,332500,332500,332500
333000,333000,333000,333000,333000,333000,333000,333000,333000,333000,333000,333000,333000,333000,333000,333000,333000,333000,333000,333000,333000,333000,333000,333000,333000,333000,333000,333000,333000,333000
333500,333500,333500,333500,333500,333500,333500,333500,333500,333500,333500,333500,333500,333500,333500,333500,333500,333500,333500,333500,333500,333500,333500,333500,333500,333500,333500,333500,333500,333500
334000,334000,334000,334000,334000,334000,334000,334000,334000,334000,334000,334000,334000,334000,334000,334000,334000,334000,334000,334000,334000,334000,334000,334000,334000,334000,334000,334000,334000,334000
334500,334500,334500,334500,334500,334500,334500,334500,334500,334500,334500,334500,334500,334500,334500,334500,334500,334500,334500,334500,334500,334500,334500,334500,334500,334500,334500,334500,334500,334500
335000,335000,335000,335000,335000,335000,335000,335000,335000,335000,335000,335000,335000,335000,335000,335000,335000,335000,335000,335000,335000,335000,335000,335000,335000,335000,335000,335000,335000,335000
335500,335500,335500,335500,335500,335500,335500,335500,335500,335500,335500,335500,335500,335500,335500,335500,335500,335500,335500,335500,335500,335500,335500,335500,335500,335500,335500,335500,335500,335500
336000,336000,336000,336000,336000,336000,336000,336000,336000,336000,336000,336000,336000,336000,336000,336000,336000,336000,336000,336000,336000,336000,336000,336000,336000,336000,336000,336000,336000,336000
336500,336500,336500,336500,336500,336500,336500,336500,336500,336500,336500,336500,336500,336500,336500,336500,336500,336500,336500,336500,336500,336500,336500,336500,336500,336500,336500,336500,336500,336500
337000,337000,337000,337000,337000,337000,337000,337000,337000,337000,337000,337000,337000,337000,337000,337000,337000,337000,337000,337000,337000,337000,337000,337000,337000,337000,337000,337000,337000,337000
337500,337500,337500,337500,337500,337500,337500,337500,337500,337500,337500,337500,337500,337500,337500,337500,337500,337500,337500,337500,337500,337500,337500,337500,337500,337500,337500,337500,337500,337500
338000,338000,338000,338000,338000,338000,338000,338000,338000,338000,338000,338000,338000,338000,338000,338000,338000,338000,338000,338000,338000,338000,338000,338000,338000,338000,338000,338000,338000,338000
338500,338500,338500,338500,338500,338500,338500,338500,338500,338500,338500,338500,338500,338500,338500,338500,338500,338500,338500,338500,338500,338500,338500,338500,338500,338500,338500,338500,338500,338500
339000,339000,339000,339000,339000,339000,339000,339000,339000,339000,339000,339000,339000,339000,339000,339000,339000,339000,339000,339000,339000,339000,339000,339000,339000,339000,339000,339000,339000,339000
339500,339500,339500,339500,339500,339500,339500,339500,339500,339500,339500,339500,339500,339500,339500,339500,339500,339500,339500,339500,339500,339500,339500,339500,339500,339500,339500,339500,339500,339500
340000,340000,340000,340000,340000,340000,340000,340000,340000,340000,340000,340000,340000,340000,340000,340000,340000,340000,340000,340000,340000,340000,340000,340000,340000,340000,340000,340000,340000,340000
340500,340500,340500,340500,340500,340500,340500,340500,340500,340500,340500,340500,340500,340500,340500,340500,340500,340500,340500,340500,340500,340500,340500,340500,340500,340500,340500,340500,340500,340500
341000,341000,341000,341000,341000,341000,341000,341000,341000,341000,341000,341000,341000,341000,341000,341000,341000,341000,341000,341000,341000,341000,341000,341000,341000,341000,341000,341000,341000,341000
341500,341500,341500,341500,341500,341500,341500,341500,341500,341500,341500,341500,341500,341500,341500,341500,341500,341500,341500,341500,341500,341500,341500,341500,341500,341500,341500,341500,341500,341500
342000,342000,342000,342000,342000,342000,342000,342000,342000,342000,342000,342000,342000,342000,342000,342000,342000,342000,342000,342000,342000,342000,342000,342000,342000,342000,342000,342000,342000,342000
342500,342500,342500,342500,342500,342500,342500,342500,342500,342500,342500,342500,342500,342500,342500,342500,342500,342500,342500,342500,342500,342500,342500,342500,342500,342500,342500,342500,342500,342500
343000,343000,343000,343000,343000,343000,343000,343000,343000,343000,343000,343000,343000,343000,343000,343000,343000,343000,343000,343000,343000,343000,343000,343000,343000,343000,343000,343000,343000,343000
343500,343500,343500,343500,343500,343500,343500,343500,343500,343500,343500,343500,343500,343500,343500,343500,343500,343500,343500,343500,343500,343500,343500,343500,343500,343500,343500,343500,343500,343500
344000,344000,344000,344000,344000,344000,344000,344000,344000,344000,344000,344000,344000,344000,344000,344000,344000,344000,344000,344000,344000,344000,344000,344000,344000,344000,344000,344000,344000,344000
344500,344500,344500,344500,344500,344500,344500,344500,344500,344500,344500,344500,344500,344500,344500,344500,344500,344500,344500,344500,344500,344500,344500,344500,344500,344500,344500,344500,344500,344500
345000,345000,345000,345000,345000,345000,345000,345000,345000,345000,345000,345000,345000,345000,345000,345000,345000,345000,345000,345000,345000,345000,345000,345000,345000,345000,345000,345000,345000,345000
345500,345500,345500,345500,345500,345500,345500,345500,345500,345500,345500,345500,345500,345500,345500,345500,345500,345500,345500,345500,345500,345500,345500,345500,345500,345500,345500,345500,345500,345500
346000,346000,346000,346000,346000,346000,346000,346000,346000,346000,346000,346000,346000,346000,346000,346000,346000,346000,346000,346000,346000,346000,346000,346000,346000,346000,346000,346000,346000,346000
346500,346500,346500,346500,346500,346500,346500,346500,346500,346500,346500,346500,346500,346500,346500,346500,346500,346500,346500,346500,346500,346500,346500,346500,346500,346500,346500,346500,346500,346500
347000,347000,347000,347000,347000,347000,347000,347000,347000,347000,347000,347000,347000,347000,347000,347000,347000,347000,347000,347000,347000,347000,347000,347000,347000,347000,347000,347000,347000,347000
347500,347500,347500,347500,347500,347500,347500,347500,347500,347500,347500,347500,347500,347500,347500,347500,347500,347500,347500,347500,347500,347500,347500,347500,347500,347500,347500,347500,347500,347500
348000,348000,348000,348000,348000,348000,348000,348000,348000,348000,348000,348000,348000,348000,348000,348000,348000,348000,348000,348000,348000,348000,348000,348000,348000,348000,348000,348000,348000,348000
348500,348500,348500,348500,348500,348500,348500,348500,348500,348500,348500,348500,348500,348500,348500,348500,348500,348500,348500,348500,348500,348500,348500,348500,348500,348500,348500,348500,348500,348500
349000,349000,349000,349000,349000,349000,349000,349000,349000,349000,349000,349000,349000,349000,349000,349000,349000,349000,349000,349000,349000,349000,349000,349000,349000,349000,349000,349000,349000,349000
349500,349500,349500,349500,349500,349500,349500,349500,349500,349500,349500,349500,349500,349500,349500,349500,349500,349500,349500,349500,349500,349500,349500,349500,349500,349500,349500,349500,349500,349500
350000,350000,350000,350000,350000,350000,350000,350000,350000,350000,350000,350000,350000,350000,350000,350000,350000,350000,350000,350000,350000,350000,350000,350000,350000,350000,350000,350000,350000,350000
350500,350500,350500,350500,350500,350500,350500,350500,350500,350500,350500,350500,350500,350500,350500,350500,350500,350500,350500,350500,350500,350500,350500,350500,350500,350500,350500,350500,350500,350500
351000,351000,351000,351000,351000,351000,351000,351000,351000,351000,351000,351000,351000,351000,351000,351000,351000,351000,351000,351000,351000,351000,351000,351000,351000,351000,351000,351000,351000,351000
351500,351500,351500,351500,351500,351500,351500,351500,351500,351500,351500,351500,351500,351500,351500,351500,351500,351500,351500,351500,351500,351500,351500,351500,351500,351500,351500,351500,351500,351500
352000,352000,352000,352000,352000,352000,352000,352000,352000,352000,352000,352000,352000,352000,352000,352000,352000,352000,352000,352000,352000,352000,352000,352000,352000,352000,352000,352000,352000,352000
352500,352500,352500,352500,352500,352500,352500,352500,352500,352500,352500,352500,352500,352500,352500,352500,352500,352500,352500,352500,352500,352500,352500,352500,352500,352500,352500,352500,352500,352500
353000,353000,353000,353000,353000,353000,353000,353000,353000,353000,353000,353000,353000,353000,353000,353000,353000,353000,353000,353000,353000,353000,353000,353000,353000,353000,353000,353000,353000,353000
353500,353500,353500,353500,353500,353500,353500,353500,353500,353500,353500,353500,353500,353500,353500,353500,353500,353500,353500,353500,353500,353500,353500,353500,353500,353500,353500,353500,353500,353500
354000,354000,354000,354000,354000,354000,354000,354000,354000,354000,354000,354000,354000,354000,354000,354000,354000,354000,354000,354000,354000,354000,354000,354000,354000,354000,354000,354000,354000,354000
354500,354500,354500,354500,354500,354500,354500,354500,354500,354500,354500,354500,354500,354500,354500,354500,354500,354500,354500,354500,354500,354500,354500,354500,354500,354500,354500,354500,354500,354500
355000,355000,355000,355000,355000,355000,355000,355000,355000,355000,355000,355000,355000,355000,355000,355000,355000,355000,355000,355000,355000,355000,355000,355000,355000,355000,355000,355000,355000,355000
355500,355500,355500,355500,355500,355500,355500,355500,355500,355500,355500,355500,355500,355500,355500,355500,355500,355500,355500,355500,355500,355500,355500,355500,355500,355500,355500,355500,355500,355500
356000,356000,356000,356000,356000,356000,356000,356000,356000,356000,356000,356000,356000,356000,356000,356000,356000,356000,356000,356000,356000,356000,356000,356000,356000,356000,356000,356000,356000,356000
356500,356500,356500,356500,356500,356500,356500,356500,356500,356500,356500,356500,356500,356500,356500,356500,356500,356500,356500,356500,356500,356500,356500,356500,356500,356500,356500,356500,356500,356500
357000,357000,357000,357000,357000,357000,357000,357000,357000,357000,357000,357000,357000,357000,357000,357000,357000,357000,357000,357000,357000,357000,357000,357000,357000,357000,357000,357000,357000,357000
357500,357500,357500,357500,357500,357500,357500,357500,357500,357500,357500,357500,357500,357500,357500,357500,357500,357500,357500,357500,357500,357500,357500,357500,357500,357500,357500,357500,357500,357500
358000,358000,358000,358000,358000,358000,358000,358000,358000,358000,358000,358000,358000,358000,358000,358000,358000,358000,358000,358000,358000,358000,358000,358000,358000,358000,358000,358000,358000,358000
358500,358500,358500,358500,358500,358500,358500,358500,358500,358500,358500,358500,358500,358500,358500,358500,358500,358500,358500,358500,358500,358500,358500,358500,358500,358500,358500,358500,358500,358500
359000,359000,359000,359000,359000,359000,359000,359000,359000,359000,359000,359000,359000,359000,359000,359000,359000,359000,359000,359000,359000,359000,359000,359000,359000,359000,359000,359000,359000,359000
359500,359500,359500,359500,359500,359500,359500,359500,359500,359500,359500,359500,359500,359500,359500,359500,359500,359500,359500,359500,359500,359500,359500,359500,359500,359500,359500,359500,359500,359500
360000,360000,360000,360000,360000,360000,360000,360000,360000,360000,360000,360000,360000,360000,360000,360000,360000,360000,360000,360000,360000,360000,360000,360000,360000,360000,360000,360000,360000,360000
360500,360500,360500,360500,360500,360500,360500,360500,360500,360500,360500,360500,360500,360500,360500,360500,360500,360500,360500,360500,360500,360500,360500,360500,360500,360500,360500,360500,360500,360500
361000,361000,361000,361000,361000,361000,361000,361000,361000,361000,361000,361000,361000,361000,361000,361000,361000,361000,361000,361000,361000,361000,361000,361000,361000,361000,361000,361000,361000,361000
361500,361500,361500,361500,361500,361500,361500,361500,361500,361500,361500,361500,361500,361500,361500,361500,361500,361500,361500,361500,361500,361500,361500,361500,361500,361500,361500,361500,361500,361500
362000,362000,362000,362000,362000,362000,362000,362000,362000,362000,362000,362000,362000,362000,362000,362000,362000,362000,362000,362000,362000,362000,362000,362000,362000,362000,362000,362000,362000,362000
362500,362500,362500,362500,362500,362500,362500,362500,362500,362500,362500,362500,362500,362500,362500,362500,362500,362500,362500,362500,362500,362500,362500,362500,362500,362500,362500,362500,362500,362500
363000,363000,363000,363000,363000,363000,363000,363000,363000,363000,363000,363000,363000,363000,363000,363000,363000,363000,363000,363000,363000,363000,363000,363000,363000,363000,363000,363000,363000,363000
363500,363500,363500,363500,363500,363500,363500,363500,363500,363500,363500,363500,363500,363500,363500,363500,363500,363500,363500,363500,363500,363500,363500,363500,363500,363500,363500,363500,363500,363500
364000,364000,364000,364000,364000,364000,364000,364000,364000,364000,364000,364000,364000,364000,364000,364000,364000,364000,364000,364000,364000,364000,364000,364000,364000,364000,364000,364000,364000,364000
364500,364500,364500,364500,364500,364500,364500,364500,364500,364500,364500,364500,364500,364500,364500,364500,364500,364500,364500,364500,364500,364500,364500,364500,364500,364500,364500,364500,364500,364500
365000,365000,365000,365000,365000,365000,365000,365000,365000,365000,365000,365000,365000,365000,365000,365000,365000,365000,365000,365000,365000,365000,365000,365000,365000,365000,365000,365000,365000,365000
365500,365500,365500,365500,365500,365500,365500,365500,365500,365500,365500,365500,365500,365500,365500,365500,365500,365500,365500,365500,365500,365500,365500,365500,365500,365500,365500,365500,365500,365500
366000,366000,366000,366000,366000,366000,366000,366000,366000,366000,366000,366000,366000,366000,366000,366000,366000,366000,366000,366000,366000,366000,366000,366000,366000,366000,366000,366000,366000,366000
366500,366500,366500,366500,366500,366500,366500,366500,366500,366500,366500,366500,366500,366500,366500,366500,366500,366500,366500,366500,366500,366500,366500,366500,366500,366500,366500,366500,366500,366500
367000,367000,367000,367000,367000,367000,367000,367000,367000,367000,367000,367000,367000,367000,367000,367000,367000,367000,367000,367000,367000,367000,367000,367000,367000,367000,367000,367000,367000,367000
367500,367500,367500,367500,367500,367500,367500,367500,367500,367500,367500,367500,367500,367500,367500,367500,367500,367500,367500,367500,367500,367500,367500,367500,367500,367500,367500,367500,367500,367500
368000,368000,368000,368000,368000,368000,368000,368000,368000,368000,368000,368000,368000,368000,368000,368000,368000,368000,368000,368000,368000,368000,368000,368000,368000,368000,368000,368000,368000,368000
368500,368500,368500,368500,368500,368500,368500,368500,368500,368500,368500,368500,368500,368500,368500,368500,368500,368500,368500,368500,368500,368500,368500,368500,368500,368500,368500,368500,368500,368500
369000,369000,369000,369000,369000,369000,369000,369000,369000,369000,369000,369000,369000,369000,369000,369000,369000,369000,369000,369000,369000,369000,369000,369000,369000,369000,369000,369000,369000,369000
369500,369500,369500,369500,369500,369500,369500,369500,369500,369500,369500,369500,369500,369500,369500,369500,369500,369500,369500,369500,369500,369500,369500,369500,369500,369500,369500,369500,369500,369500
370000,370000,370000,370000,370000,370000,370000,370000,370000,370000,370000,370000,370000,370000,370000,370000,370000,370000,370000,370000,370000,370000,370000,370000,370000,370000,370000,370000,370000,370000
370500,370500,370500,370500,370500,370500,370500,370500,370500,370500,370500,370500,370500,370500,370500,370500,370500,370500,370500,370500,370500,370500,370500,370500,370500,370500,370500,370500,370500,370500
371000,371000,371000,371000,371000,371000,371000,371000,371000,371000,371000,371000,371000,371000,371000,371000,371000,371000,371000,371000,371000,371000,371000,371000,371000,371000,371000,371000,371000,371000
371500,371500,371500,371500,371500,371500,371500,371500,371500,371500,371500,371500,371500,371500,371500,371500,371500,371500,371500,371500,371500,371500,371500,371500,371500,371500,371500,371500,371500,371500
372000,372000,372000,372000,372000,372000,372000,372000,372000,372000,372000,372000,372000,372000,372000,372000,372000,372000,372000,372000,372000,372000,372000,372000,372000,372000,372000,372000,372000,372000
372500,372500,372500,372500,372500,372500,372500,372500,372500,372500,372500,372500,372500,372500,372500,372500,372500,372500,372500,372500,372500,372500,372500,372500,372500,372500,372500,372500,372500,372500
373000,373000,373000,373000,373000,373000,373000,373000,373000,373000,373000,373000,373000,373000,373000,373000,373000,373000,373000,373000,373000,373000,373000,373000,373000,373000,373000,373000,373000,373000
373500,373500,373500,373500,373500,373500,373500,373500,373500,373500,373500,373500,373500,373500,373500,373500,373500,373500,373500,373500,373500,373500,373500,373500,373500,373500,373500,373500,373500,373500
374000,374000,374000,374000,374000,374000,374000,374000,374000,374000,374000,374000,374000,374000,374000,374000,374000,374000,374000,374000,374000,374000,374000,374000,374000,374000,374000,374000,374000,374000
374500,374500,374500,374500,374500,374500,374500,374500,374500,374500,374500,374500,374500,374500,374500,374500,374500,374500,374500,374500,374500,374500,374500,374500,374500,374500,374500,374500,374500,374500
375000,375000,375000,375000,375000,375000,375000,375000,375000,375000,375000,375000,375000,375000,375000,375000,375000,375000,375000,375000,375000,375000,375000,375000,375000,375000,375000,375000,375000,375000
375500,375500,375500,375500,375500,375500,375500,375500,375500,375500,375500,375500,375500,375500,375500,375500,375500,375500,375500,375500,375500,375500,375500,375500,375500,375500,375500,375500,375500,375500
376000,376000,376000,376000,376000,376000,376000,376000,376000,376000,376000,376000,376000,376000,376000,376000,376000,376000,376000,376000,376000,376000,376000,376000,376000,376000,376000,376000,376000,376000
376500,376500,376500,376500,376500,376500,376500,376500,376500,376500,376500,376500,376500,376500,376500,376500,376500,376500,376500,376500,376500,376500,376500,376500,376500,376500,376500,376500,376500,376500
377000,377000,377000,377000,377000,377000,377000,377000,377000,377000,377000,377000,377000,377000,377000,377000,377000,377000,377000,377000,377000,377000,377000,377000,377000,377000,377000,377000,377000,377000
377500,377500,377500,377500,377500,377500,377500,377500,377500,377500,377500,377500,377500,377500,377500,377500,377500,377500,377500,377500,377500,377500,377500,377500,377500,377500,377500,377500,377500,377500
378000,378000,378000,378000,378000,378000,378000,378000,378000,378000,378000,378000,378000,378000,378000,378000,378000,378000,378000,378000,378000,378000,378000,378000,378000,378000,378000,378000,378000,378000
378500,378500,378500,378500,378500,378500,378500,378500,378500,378500,378500,378500,378500,378500,378500,378500,378500,378500,378500,378500,378500,378500,378500,378500,378500,378500,378500,378500,378500,378500
379000,379000,379000,379000,379000,379000,379000,379000,379000,379000,379000,379000,379000,379000,379000,379000,379000,379000,379000,379000,379000,379000,379000,379000,379000,379000,379000,379000,379000,379000
379500,379500,379500,379500,379500,379500,379500,379500,379500,379500,379500,379500,379500,379500,379500,379500,379500,379500,379500,379500,379500,379500,379500,379500,379500,379500,379500,379500,379500,379500
380000,380000,380000,380000,380000,380000,380000,380000,380000,380000,380000,380000,380000,380000,380000,380000,380000,380000,380000,380000,380000,380000,380000,380000,380000,380000,380000,380000,380000,380000
380500,380500,380500,380500,380500,380500,380500,380500,380500,380500,380500,380500,380500,380500,380500,380500,380500,380500,380500,380500,380500,380500,380500,380500,380500,380500,380500,380500,380500,380500
381000,381000,381000,381000,381000,381000,381000,381000,381000,381000,381000,381000,381000,381000,381000,381000,381000,381000,381000,381000,381000,381000,381000,381000,381000,381000,381000,381000,381000,381000
381500,381500,381500,381500,381500,381500,381500,381500,381500,381500,381500,381500,381500,381500,381500,381500,381500,381500,381500,381500,381500,381500,381500,381500,381500,381500,381500,381500,381500,381500
382000,382000,382000,382000,382000,382000,382000,382000,382000,382000,382000,382000,382000,382000,382000,382000,382000,382000,382000,382000,382000,382000,382000,382000,382000,382000,382000,382000,382000,382000
382500,382500,382500,382500,382500,382500,382500,382500,382500,382500,382500,382500,382500,382500,382500,382500,382500,382500,382500,382500,382500,382500,382500,382500,382500,382500,382500,382500,382500,382500
383000,383000,383000,383000,383000,383000,383000,383000,383000,383000,383000,383000,383000,383000,383000,383000,383000,383000,383000,383000,383000,383000,383000,383000,383000,383000,383000,383000,383000,383000
383500,383500,383500,383500,383500,383500,383500,383500,383500,383500,383500,383500,383500,383500,383500,383500,383500,383500,383500,383500,383500,383500,383500,383500,383500,383500,383500,383500,383500,383500
384000,384000,384000,384000,384000,384000,384000,384000,384000,384000,384000,384000,384000,384000,384000,384000,384000,384000,384000,384000,384000,384000,384000,384000,384000,384000,384000,384000,384000,384000
384500,384500,384500,384500,384500,384500,384500,384500,384500,384500,384500,384500,384500,384500,384500,384500,384500,384500,384500,384500,384500,384500,384500,384500,384500,384500,384500,384500,384500,384500
385000,385000,385000,385000,385000,385000,385000,385000,385000,385000,385000,385000,385000,385000,385000,385000,385000,385000,385000,385000,385000,385000,385000,385000,385000,385000,385000,385000,385000,385000
385500,385500,385500,385500,385500,385500,385500,385500,385500,385500,385500,385500,385500,385500,385500,385500,385500,385500,385500,385500,385500,385500,385500,385500,385500,385500,385500,385500,385500,385500
386000,386000,386000,386000,386000,386000,386000,386000,386000,386000,386000,386000,386000,386000,386000,386000,386000,386000,386000,386000,386000,386000,386000,386000,386000,386000,386000,386000,386000,386000
386500,386500,386500,386500,386500,386500,386500,386500,386500,386500,386500,386500,386500,386500,386500,386500,386500,386500,386500,386500,386500,386500,386500,386500,386500,386500,386500,386500,386500,386500
387000,387000,387000,387000,387000,387000,387000,387000,387000,387000,387000,387000,387000,387000,387000,387000,387000,387000,387000,387000,387000,387000,387000,387000,387000,387000,387000,387000,387000,387000
387500,387500,387500,387500,387500,387500,387500,387500,387500,387500,387500,387500,387500,387500,387500,387500,387500,387500,387500,387500,387500,387500,387500,387500,387500,387500,387500,387500,387500,387500
388000,388000,388000,388000,388000,388000,388000,388000,388000,388000,388000,388000,388000,388000,388000,388000,388000,388000,388000,388000,388000,388000,388000,388000,388000,388000,388000,388000,388000,388000
388500,388500,388500,388500,388500,388500,388500,388500,388500,388500,388500,388500,388500,388500,388500,388500,388500,388500,388500,388500,388500,388500,388500,388500,388500,388500,388500,388500,388500,388500
389000,389000,389000,389000,389000,389000,389000,389000,389000,389000,389000,389000,389000,389000,389000,389000,389000,389000,389000,389000,389000,389000,389000,389000,389000,389000,389000,389000,389000,389000
389500,389500,389500,389500,389500,389500,389500,389500,389500,389500,389500,389500,389500,389500,389500,389500,389500,389500,389500,389500,389500,389500,389500,389500,389500,389500,389500,389500,389500,389500
390000,390000,390000,390000,390000,390000,390000,390000,390000,390000,390000,390000,390000,390000,390000,390000,390000,390000,390000,390000,390000,390000,390000,390000,390000,390000,390000,390000,390000,390000
390500,390500,390500,390500,390500,390500,390500,390500,390500,390500,390500,390500,390500,390500,390500,390500,390500,390500,390500,390500,390500,390500,390500,390500,390500,390500,390500,390500,390500,390500
391000,391000,391000,391000,391000,391000,391000,391000,391000,391000,391000,391000,391000,391000,391000,391000,391000,391000,391000,391000,391000,391000,391000,391000,391000,391000,391000,391000,391000,391000
391500,391500,391500,391500,391500,391500,391500,391500,391500,391500,391500,391500,391500,391500,391500,391500,391500,391500,391500,391500,391500,391500,391500,391500,391500,391500,391500,391500,391500,391500
392000,392000,392000,392000,392000,392000,392000,392000,392000,392000,392000,392000,392000,392000,392000,392000,392000,392000,392000,392000,392000,392000,392000,392000,392000,392000,392000,392000,392000,392000
392500,392500,392500,392500,392500,392500,392500,392500,392500,392500,392500,392500,392500,392500,392500,392500,392500,392500,392500,392500,392500,392500,392500,392500,392500,392500,392500,392500,392500,392500
393000,393000,393000,393000,393000,393000,393000,393000,393000,393000,393000,393000,393000,393000,393000,393000,393000,393000,393000,393000,393000,393000,393000,393000,393000,393000,393000,393000,393000,393000
393500,393500,393500,393500,393500,393500,393500,393500,393500,393500,393500,393500,393500,393500,393500,393500,393500,393500,393500,393500,393500,393500,393500,393500,393500,393500,393500,393500,393500,393500
394000,394000,394000,394000,394000,394000,394000,394000,394000,394000,394000,394000,394000,394000,394000,394000,394000,394000,394000,394000,394000,394000,394000,394000,394000,394000,394000,394000,394000,394000
394500,394500,394500,394500,394500,394500,394500,394500,394500,394500,394500,394500,394500,394500,394500,394500,394500,394500,394500,394500,394500,394500,394500,394500,394500,394500,394500,394500,394500,394500
395000,395000,395000,395000,395000,395000,395000,395000,395000,395000,395000,395000,395000,395000,395000,395000,395000,395000,395000,395000,395000,395000,395000,395000,395000,395000,395000,395000,395000,395000
395500,395500,395500,395500,395500,395500,395500,395500,395500,395500,395500,395500,395500,395500,395500,395500,395500,395500,395500,395500,395500,395500,395500,395500,395500,395500,395500,395500,395500,395500
396000,396000,396000,396000,396000,396000,396000,396000,396000,396000,396000,396000,396000,396000,396000,396000,396000,396000,396000,396000,396000,396000,396000,396000,396000,396000,396000,396000,396000,396000
396500,396500,396500,396500,396500,396500,396500,396500,396500,396500,396500,396500,396500,396500,396500,396500,396500,396500,396500,396500,396500,396500,396500,396500,396500,396500,396500,396500,396500,396500
397000,397000,397000,397000,397000,397000,397000,397000,397000,397000,397000,397000,397000,397000,397000,397000,397000,397000,397000,397000,397000,397000,397000,397000,397000,397000,397000,397000,397000,397000
397500,397500,397500,397500,397500,397500,397500,397500,397500,397500,397500,397500,397500,397500,397500,397500,397500,397500,397500,397500,397500,397500,397500,397500,397500,397500,397500,397500,397500,397500
398000,398000,398000,398000,398000,398000,398000,398000,398000,398000,398000,398000,398000,398000,398000,398000,398000,398000,398000,398000,398000,398000,398000,398000,398000,398000,398000,398000,398000,398000
398500,398500,398500,398500,398500,398500,398500,398500,398500,398500,398500,398500,398500,398500,398500,398500,398500,398500,398500,398500,398500,398500,398500,398500,398500,398500,398500,398500,398500,398500
399000,399000,399000,399000,399000,399000,399000,399000,399000,399000,399000,399000,399000,399000,399000,399000,399000,399000,399000,399000,399000,399000,399000,399000,399000,399000,399000,399000,399000,399000
399500,399500,399500,399500,399500,399500,399500,399500,399500,399500,399500,399500,399500,399500,399500,399500,399500,399500,399500,399500,399500,399500,399500,399500,399500,399500,399500,399500,399500,399500
400000,400000,400000,400000,400000,400000,400000,400000,400000,400000,400000,400000,400000,400000,400000,400000,400000,400000,400000,400000,400000,400000,400000,400000,400000,400000,400000,400000,400000,400000
400500,400500,400500,400500,400500,400500,400500,400500,400500,400500,400500,400500,400500,400500,400500,400500,400500,400500,400500,400500,400500,400500,400500,400500,400500,400500,400500,400500,400500,400500
401000,401000,401000,401000,401000,401000,401000,401000,401000,401000,401000,401000,401000,401000,401000,401000,401000,401000,401000,401000,401000,401000,401000,401000,401000,401000,401000,401000,401000,401000
401500,401500,401500,401500,401500,401500,401500,401500,401500,401500,401500,401500,401500,401500,401500,401500,401500,401500,401500,401500,401500,401500,401500,401500,401500,401500,401500,401500,401500,401500
402000,402000,402000,402000,402000,402000,402000,402000,402000,402000,402000,402000,402000,402000,402000,402000,402000,402000,402000,402000,402000,402000,402000,402000,402000,402000,402000,402000,402000,402000
402500,402500,402500,402500,402500,402500,402500,402500,402500,402500,402500,402500,402500,402500,402500,402500,402500,402500,402500,402500,402500,402500,402500,402500,402500,402500,402500,402500,402500,402500
403000,403000,403000,403000,403000,403000,403000,403000,403000,403000,403000,403000,403000,403000,403000,403000,403000,403000,403000,403000,403000,403000,403000,403000,403000,403000,403000,403000,403000,403000
403500,403500,403500,403500,403500,403500,403500,403500,403500,403500,403500,403500,403500,403500,403500,403500,403500,403500,403500,403500,403500,403500,403500,403500,403500,403500,403500,403500,403500,403500
404000,404000,404000,404000,404000,404000,404000,404000,404000,404000,404000,404000,404000,404000,404000,404000,404000,404000,404000,404000,404000,404000,404000,404000,404000,404000,404000,404000,404000,404000
404500,404500,404500,404500,404500,404500,404500,404500,404500,404500,404500,404500,404500,404500,404500,404500,404500,404500,404500,404500,404500,404500,404500,404500,404500,404500,404500,404500,404500,404500
405000,405000,405000,405000,405000,405000,405000,405000,405000,405000,405000,405000,405000,405000,405000,405000,405000,405000,405000,405000,405000,405000,405000,405000,405000,405000,405000,405000,405000,405000
405500,405500,405500,405500,405500,405500,405500,405500,405500,405500,405500,405500,405500,405500,405500,405500,405500,405500,405500,405500,405500,405500,405500,405500,405500,405500,405500,405500,405500,405500
406000,406000,406000,406000,406000,406000,406000,406000,406000,406000,406000,406000,406000,406000,406000,406000,406000,406000,406000,406000,406000,406000,406000,406000,406000,406000,406000,406000,406000,406000
406500,406500,406500,406500,406500,406500,406500,406500,406500,406500,406500,406500,406500,406500,406500,406500,406500,406500,406500,406500,406500,406500,406500,406500,406500,406500,406500,406500,406500,406500
407000,407000,407000,407000,407000,407000,407000,407000,407000,407000,407000,407000,407000,407000,407000,407000,407000,407000,407000,407000,407000,407000,407000,407000,407000,407000,407000,407000,407000,407000
407500,407500,407500,407500,407500,407500,407500,407500,407500,407500,407500,407500,407500,407500,407500,407500,407500,407500,407500,407500,407500,407500,407500,407500,407500,407500,407500,407500,407500,407500
408000,408000,408000,408000,408000,408000,408000,408000,408000,408000,408000,408000,408000,408000,408000,408000,408000,408000,408000,408000,408000,408000,408000,408000,408000,408000,408000,408000,408000,408000
408500,408500,408500,408500,408500,408500,408500,408500,408500,408500,408500,408500,408500,408500,408500,408500,408500,408500,408500,408500,408500,408500,408500,408500,408500,408500,408500,408500,408500,408500
409000,409000,409000,409000,409000,409000,409000,409000,409000,409000,409000,409000,409000,409000,409000,409000,409000,409000,409000,409000,409000,409000,409000,409000,409000,409000,409000,409000,409000,409000
409500,409500,409500,409500,409500,409500,409500,409500,409500,409500,409500,409500,409500,409500,409500,409500,409500,409500,409500,409500,409500,409500,409500,409500,409500,409500,409500,409500,409500,409500
410000,410000,410000,410000,410000,410000,410000,410000,410000,410000,410000,410000,410000,410000,410000,410000,410000,410000,410000,410000,410000,410000,410000,410000,410000,410000,410000,410000,410000,410000
410500,410500,410500,410500,410500,410500,410500,410500,410500,410500,410500,410500,410500,410500,410500,410500,410500,410500,410500,410500,410500,410500,410500,410500,410500,410500,410500,410500,410500,410500
411000,411000,411000,411000,411000,411000,411000,411000,411000,411000,411000,411000,411000,411000,411000,411000,411000,411000,411000,411000,411000,411000,411000,411000,411000,411000,411000,411000,411000,411000
411500,411500,411500,411500,411500,411500,411500,411500,411500,411500,411500,411500,411500,411500,411500,411500,411500,411500,411500,411500,411500,411500,411500,411500,411500,411500,411500,411500,411500,411500
412000,412000,412000,412000,412000,412000,412000,412000,412000,412000,412000,412000,412000,412000,412000,412000,412000,412000,412000,412000,412000,412000,412000,412000,412000,412000,412000,412000,412000,412000
412500,412500,412500,412500,412500,412500,412500,412500,412500,412500,412500,412500,412500,412500,412500,412500,412500,412500,412500,412500,412500,412500,412500,412500,412500,412500,412500,412500,412500,412500
413000,413000,413000,413000,413000,413000,413000,413000,413000,413000,413000,413000,413000,413000,413000,413000,413000,413000,413000,413000,413000,413000,413000,413000,413000,413000,413000,413000,413000,413000
413500,413500,413500,413500,413500,413500,413500,413500,413500,413500,413500,413500,413500,413500,413500,413500,413500,413500,413500,413500,413500,413500,413500,413500,413500,413500,413500,413500,413500,413500
414000,414000,414000,414000,414000,414000,414000,414000,414000,414000,414000,414000,414000,414000,414000,414000,414000,414000,414000,414000,414000,414000,414000,414000,414000,414000,414000,414000,414000,414000
414500,414500,414500,414500,414500,414500,414500,414500,414500,414500,414500,414500,414500,414500,414500,414500,414500,414500,414500,414500,414500,414500,414500,414500,414500,414500,414500,414500,414500,414500
415000,415000,415000,415000,415000,415000,415000,415000,415000,415000,415000,415000,415000,415000,415000,415000,415000,415000,415000,415000,415000,415000,415000,415000,415000,415000,415000,415000,415000,415000
415500,415500,415500,415500,415500,415500,415500,415500,415500,415500,415500,415500,415500,415500,415500,415500,415500,415500,415500,415500,415500,415500,415500,415500,415500,415500,415500,415500,415500,415500
416000,416000,416000,416000,416000,416000,416000,416000,416000,416000,416000,416000,416000,416000,416000,416000,416000,416000,416000,416000,416000,416000,416000,416000,416000,416000,416000,416000,416000,416000
416500,416500,416500,416500,416500,416500,416500,416500,416500,416500,416500,416500,416500,416500,416500,416500,416500,416500,416500,416500,416500,416500,416500,416500,416500,416500,416500,416500,416500,416500
417000,417000,417000,417000,417000,417000,417000,417000,417000,417000,417000,417000,417000,417000,417000,417000,417000,417000,417000,417000,417000,417000,417000,417000,417000,417000,417000,417000,417000,417000
417500,417500,417500,417500,417500,417500,417500,417500,417500,417500,417500,417500,417500,417500,417500,417500,417500,417500,417500,417500,417500,417500,417500,417500,417500,417500,417500,417500,417500,417500
418000,418000,418000,418000,418000,418000,418000,418000,418000,418000,418000,418000,418000,418000,418000,418000,418000,418000,418000,418000,418000,418000,418000,418000,418000,418000,418000,418000,418000,418000
418500,418500,418500,418500,418500,418500,418500,418500,418500,418500,418500,418500,418500,418500,418500,418500,418500,418500,418500,418500,418500,418500,418500,418500,418500,418500,418500,418500,418500,418500
419000,419000,419000,419000,419000,419000,419000,419000,419000,419000,419000,419000,419000,419000,419000,419000,419000,419000,419000,419000,419000,419000,419000,419000,419000,419000,419000,419000,419000,419000
419500,419500,419500,419500,419500,419500,419500,419500,419500,419500,419500,419500,419500,419500,419500,419500,419500,419500,419500,419500,419500,419500,419500,419500,419500,419500,419500,419500,419500,419500
420000,420000,420000,420000,420000,420000,420000,420000,420000,420000,420000,420000,420000,420000,420000,420000,420000,420000,420000,420000,420000,420000,420000,420000,420000,420000,420000,420000,420000,420000
420500,420500,420500,420500,420500,420500,420500,420500,420500,420500,420500,420500,420500,420500,420500,420500,420500,420500,420500,420500,420500,420500,420500,420500,420500,420500,420500,420500,420500,420500
421000,421000,421000,421000,421000,421000,421000,421000,421000,421000,421000,421000,421000,421000,421000,421000,421000,421000,421000,421000,421000,421000,421000,421000,421000,421000,421000,421000,421000,421000
421500,421500,421500,421500,421500,421500,421500,421500,421500,421500,421500,421500,421500,421500,421500,421500,421500,421500,421500,421500,421500,421500,421500,421500,421500,421500,421500,421500,421500,421500
422000,422000,422000,422000,422000,422000,422000,422000,422000,422000,422000,422000,422000,422000,422000,422000,422000,422000,422000,422000,422000,422000,422000,422000,422000,422000,422000,422000,422000,422000
422500,422500,422500,422500,422500,422500,422500,422500,422500,422500,422500,422500,422500,422500,422500,422500,422500,422500,422500,422500,422500,422500,422500,422500,422500,422500,422500,422500,422500,422500
423000,423000,423000,423000,423000,423000,423000,423000,423000,423000,423000,423000,423000,423000,423000,423000,423000,423000,423000,423000,423000,423000,423000,423000,423000,423000,423000,423000,423000,423000
423500,423500,423500,423500,423500,423500,423500,423500,423500,423500,423500,423500,423500,423500,423500,423500,423500,423500,423500,423500,423500,423500,423500,423500,423500,423500,423500,423500,423500,423500
424000,424000,424000,424000,424000,424000,424000,424000,424000,424000,424000,424000,424000,424000,424000,424000,424000,424000,424000,424000,424000,424000,424000,424000,424000,424000,424000,424000,424000,424000
424500,424500,424500,424500,424500,424500,424500,424500,424500,424500,424500,424500,424500,424500,424500,424500,424500,424500,424500,424500,424500,424500,424500,424500,424500,424500,424500,424500,424500,424500
425000,425000,425000,425000,425000,425000,425000,425000,425000,425000,425000,425000,425000,425000,425000,425000,425000,425000,425000,425000,425000,425000,425000,425000,425000,425000,425000,425000,425000,425000
425500,425500,425500,425500,425500,425500,425500,425500,425500,425500,425500,425500,425500,425500,425500,425500,425500,425500,425500,425500,425500,425500,425500,425500,425500,425500,425500,425500,425500,425500
426000,426000,426000,426000,426000,426000,426000,426000,426000,426000,426000,426000,426000,426000,426000,426000,426000,426000,426000,426000,426000,426000,426000,426000,426000,426000,426000,426000,426000,426000
426500,426500,426500,426500,426500,426500,426500,426500,426500,426500,426500,426500,426500,426500,426500,426500,426500,426500,426500,426500,426500,426500,426500,426500,426500,426500,426500,426500,426500,426500
427000,427000,427000,427000,427000,427000,427000,427000,427000,427000,427000,427000,427000,427000,427000,427000,427000,427000,427000,427000,427000,427000,427000,427000,427000,427000,427000,427000,427000,427000
427500,427500,427500,427500,427500,427500,427500,427500,427500,427500,427500,427500,427500,427500,427500,427500,427500,427500,427500,427500,427500,427500,427500,427500,427500,427500,427500,427500,427500,427500
428000,428000,428000,428000,428000,428000,428000,428000,428000,428000,428000,428000,428000,428000,428000,428000,428000,428000,428000,428000,428000,428000,428000,428000,428000,428000,428000,428000,428000,428000
428500,428500,428500,428500,428500,428500,428500,428500,428500,428500,428500,428500,428500,428500,428500,428500,428500,428500,428500,428500,428500,428500,428500,428500,428500,428500,428500,428500,428500,428500
429000,429000,429000,429000,429000,429000,429000,429000,429000,429000,429000,429000,429000,429000,429000,429000,429000,429000,429000,429000,429000,429000,429000,429000,429000,429000,429000,429000,429000,429000
429500,429500,429500,429500,429500,429500,429500,429500,429500,429500,429500,429500,429500,429500,429500,429500,429500,429500,429500,429500,429500,429500,429500,429500,429500,429500,429500,429500,429500,429500
430000,430000,430000,430000,430000,430000,430000,430000,430000,430000,430000,430000,430000,430000,430000,430000,430000,430000,430000,430000,430000,430000,430000,430000,430000,430000,430000,430000,430000,430000
430500,430500,430500,430500,430500,430500,430500,430500,430500,430500,430500,430500,430500,430500,430500,430500,430500,430500,430500,430500,430500,430500,430500,430500,430500,430500,430500,430500,430500,430500
431000,431000,431000,431000,431000,431000,431000,431000,431000,431000,431000,431000,431000,431000,431000,431000,431000,431000,431000,431000,431000,431000,431000,431000,431000,431000,431000,431000,431000,431000
431500,431500,431500,431500,431500,431500,431500,431500,431500,431500,431500,431500,431500,431500,431500,431500,431500,431500,431500,431500,431500,431500,431500,431500,431500,431500,431500,431500,431500,431500
432000,432000,432000,432000,432000,432000,432000,432000,432000,432000,432000,432000,432000,432000,432000,432000,432000,432000,432000,432000,432000,432000,432000,432000,432000,432000,432000,432000,432000,432000
432500,432500,432500,432500,432500,432500,432500,432500,432500,432500,432500,432500,432500,432500,432500,432500,432500,432500,432500,432500,432500,432500,432500,432500,432500,432500,432500,432500,432500,432500
433000,433000,433000,433000,433000,433000,433000,433000,433000,433000,433000,433000,433000,433000,433000,433000,433000,433000,433000,433000,433000,433000,433000,433000,433000,433000,433000,433000,433000,433000
433500,433500,433500,433500,433500,433500,433500,433500,433500,433500,433500,433500,433500,433500,433500,433500,433500,433500,433500,433500,433500,433500,433500,433500,433500,433500,433500,433500,433500,433500
434000,434000,434000,434000,434000,434000,434000,434000,434000,434000,434000,434000,434000,434000,434000,434000,434000,434000,434000,434000,434000,434000,434000,434000,434000,434000,434000,434000,434000,434000
434500,434500,434500,434500,434500,434500,434500,434500,434500,434500,434500,434500,434500,434500,434500,434500,434500,434500,434500,434500,434500,434500,434500,434500,434500,434500,434500,434500,434500,434500
435000,435000,435000,435000,435000,435000,435000,435000,435000,435000,435000,435000,435000,435000,435000,435000,435000,435000,435000,435000,435000,435000,435000,435000,435000,435000,435000,435000,435000,435000
435500,435500,435500,435500,435500,435500,435500,435500,435500,435500,435500,435500,435500,435500,435500,435500,435500,435500,435500,435500,435500,435500,435500,435500,435500,435500,435500,435500,435500,435500
436000,436000,436000,436000,436000,436000,436000,436000,436000,436000,436000,436000,436000,436000,436000,436000,436000,436000,436000,436000,436000,436000,436000,436000,436000,436000,436000,436000,436000,436000
436500,436500,436500,436500,436500,436500,436500,436500,436500,436500,436500,436500,436500,436500,436500,436500,436500,436500,436500,436500,436500,436500,436500,436500,436500,436500,436500,436500,436500,436500
437000,437000,437000,437000,437000,437000,437000,437000,437000,437000,437000,437000,437000,437000,437000,437000,437000,437000,437000,437000,437000,437000,437000,437000,437000,437000,437000,437000,437000,437000
437500,437500,437500,437500,437500,437500,437500,437500,437500,437500,437500,437500,437500,437500,437500,437500,437500,437500,437500,437500,437500,437500,437500,437500,437500,437500,437500,437500,437500,437500
438000,438000,438000,438000,438000,438000,438000,438000,438000,438000,438000,438000,438000,438000,438000,438000,438000,438000,438000,438000,438000,438000,438000,438000,438000,438000,438000,438000,438000,438000
438500,438500,438500,438500,438500,438500,438500,438500,438500,438500,438500,438500,438500,438500,438500,438500,438500,438500,438500,438500,438500,438500,438500,438500,438500,438500,438500,438500,438500,438500
439000,439000,439000,439000,439000,439000,439000,439000,439000,439000,439000,439000,439000,439000,439000,439000,439000,439000,439000,439000,439000,439000,439000,439000,439000,439000,439000,439000,439000,439000
439500,439500,439500,439500,439500,439500,439500,439500,439500,439500,439500,439500,439500,439500,439500,439500,439500,439500,439500,439500,439500,439500,439500,439500,439500,439500,439500,439500,439500,439500
440000,440000,440000,440000,440000,440000,440000,440000,440000,440000,440000,440000,440000,440000,440000,440000,440000,440000,440000,440000,440000,440000,440000,440000,440000,440000,440000,440000,440000,440000
440500,440500,440500,440500,440500,440500,440500,440500,440500,440500,440500,440500,440500,440500,440500,440500,440500,440500,440500,440500,440500,440500,440500,440500,440500,440500,440500,440500,440500,440500
441000,441000,441000,441000,441000,441000,441000,441000,441000,441000,441000,441000,441000,441000,441000,441000,441000,441000,441000,441000,441000,441000,441000,441000,441000,441000,441000,441000,441000,441000
441500,441500,441500,441500,441500,441500,441500,441500,441500,441500,441500,441500,441500,441500,441500,441500,441500,441500,441500,441500,441500,441500,441500,441500,441500,441500,441500,441500,441500,441500
442000,442000,442000,442000,442000,442000,442000,442000,442000,442000,442000,442000,442000,442000,442000,442000,442000,442000,442000,442000,442000,442000,442000,442000,442000,442000,442000,442000,442000,442000
442500,442500,442500,442500,442500,442500,442500,442500,442500,442500,442500,442500,442500,442500,442500,442500,442500,442500,442500,442500,442500,442500,442500,442500,442500,442500,442500,442500,442500,442500
443000,443000,443000,443000,443000,443000,443000,443000,443000,443000,443000,443000,443000,443000,443000,443000,443000,443000,443000,443000,443000,443000,443000,443000,443000,443000,443000,443000,443000,443000
443500,443500,443500,443500,443500,443500,443500,443500,443500,443500,443500,443500,443500,443500,443500,443500,443500,443500,443500,443500,443500,443500,443500,443500,443500,443500,443500,443500,443500,443500
444000,444000,444000,444000,444000,444000,444000,444000,444000,444000,444000,444000,444000,444000,444000,444000,444000,444000,444000,444000,444000,444000,444000,444000,444000,444000,444000,444000,444000,444000
444500,444500,444500,444500,444500,444500,444500,444500,444500,444500,444500,444500,444500,444500,444500,444500,444500,444500,444500,444500,444500,444500,444500,444500,444500,444500,444500,444500,444500,444500
445000,445000,445000,445000,445000,445000,445000,445000,445000,445000,445000,445000,445000,445000,445000,445000,445000,445000,445000,445000,445000,445000,445000,445000,445000,445000,445000,445000,445000,445000
445500,445500,445500,445500,445500,445500,445500,445500,445500,445500,445500,445500,445500,445500,445500,445500,445500,445500,445500,445500,445500,445500,445500,445500,445500,445500,445500,445500,445500,445500
446000,446000,446000,446000,446000,446000,446000,446000,446000,446000,446000,446000,446000,446000,446000,446000,446000,446000,446000,446000,446000,446000,446000,446000,446000,446000,446000,446000,446000,446000
446500,446500,446500,446500,446500,446500,446500,446500,446500,446500,446500,446500,446500,446500,446500,446500,446500,446500,446500,446500,446500,446500,446500,446500,446500,446500,446500,446500,446500,446500
447000,447000,447000,447000,447000,447000,447000,447000,447000,447000,447000,447000,447000,447000,447000,447000,447000,447000,447000,447000,447000,447000,447000,447000,447000,447000,447000,447000,447000,447000
447500,447500,447500,447500,447500,447500,447500,447500,447500,447500,447500,447500,447500,447500,447500,447500,447500,447500,447500,447500,447500,447500,447500,447500,447500,447500,447500,447500,447500,447500
448000,448000,448000,448000,448000,448000,448000,448000,448000,448000,448000,448000,448000,448000,448000,448000,448000,448000,448000,448000,448000,448000,448000,448000,448000,448000,448000,448000,448000,448000
448500,448500,448500,448500,448500,448500,448500,448500,448500,448500,448500,448500,448500,448500,448500,448500,448500,448500,448500,448500,448500,448500,448500,448500,448500,448500,448500,448500,448500,448500
449000,449000,449000,449000,449000,449000,449000,449000,449000,449000,449000,449000,449000,449000,449000,449000,449000,449000,449000,449000,449000,449000,449000,449000,449000,449000,449000,449000,449000,449000
449500,449500,449500,449500,449500,449500,449500,449500,449500,449500,449500,449500,449500,449500,449500,449500,449500,449500,449500,449500,449500,449500,449500,449500,449500,449500,449500,449500,449500,449500
450000,450000,450000,450000,450000,450000,450000,450000,450000,450000,450000,450000,450000,450000,450000,450000,450000,450000,450000,450000,450000,450000,450000,450000,450000,450000,450000,450000,450000,450000
450500,450500,450500,450500,450500,450500,450500,450500,450500,450500,450500,450500,450500,450500,450500,450500,450500,450500,450500,450500,450500,450500,450500,450500,450500,450500,450500,450500,450500,450500
451000,451000,451000,451000,451000,451000,451000,451000,451000,451000,451000,451000,451000,451000,451000,451000,451000,451000,451000,451000,451000,451000,451000,451000,451000,451000,451000,451000,451000,451000
451500,451500,451500,451500,451500,451500,451500,451500,451500,451500,451500,451500,451500,451500,451500,451500,451500,451500,451500,451500,451500,451500,451500,451500,451500,451500,451500,451500,451500,451500
452000,452000,452000,452000,452000,452000,452000,452000,452000,452000,452000,452000,452000,452000,452000,452000,452000,452000,452000,452000,452000,452000,452000,452000,452000,452000,452000,452000,452000,452000
452500,452500,452500,452500,452500,452500,452500,452500,452500,452500,452500,452500,452500,452500,452500,452500,452500,452500,452500,452500,452500,452500,452500,452500,452500,452500,452500,452500,452500,452500
453000,453000,453000,453000,453000,453000,453000,453000,453000,453000,453000,453000,453000,453000,453000,453000,453000,453000,453000,453000,453000,453000,453000,453000,453000,453000,453000,453000,453000,453000
453500,453500,453500,453500,453500,453500,453500,453500,453500,453500,453500,453500,453500,453500,453500,453500,453500,453500,453500,453500,453500,453500,453500,453500,453500,453500,453500,453500,453500,453500
454000,454000,454000,454000,454000,454000,454000,454000,454000,454000,454000,454000,454000,454000,454000,454000,454000,454000,454000,454000,454000,454000,454000,454000,454000,454000,454000,454000,454000,454000
454500,454500,454500,454500,454500,454500,454500,454500,454500,454500,454500,454500,454500,454500,454500,454500,454500,454500,454500,454500,454500,454500,454500,454500,454500,454500,454500,454500,454500,454500
455000,455000,455000,455000,455000,455000,455000,455000,455000,455000,455000,455000,455000,455000,455000,455000,455000,455000,455000,455000,455000,455000,455000,455000,455000,455000,455000,455000,455000,455000
455500,455500,455500,455500,455500,455500,455500,455500,455500,455500,455500,455500,455500,455500,455500,455500,455500,455500,455500,455500,455500,455500,455500,455500,455500,455500,455500,455500,455500,455500
456000,456000,456000,456000,456000,456000,456000,456000,456000,456000,456000,456000,456000,456000,456000,456000,456000,456000,456000,456000,456000,456000,456000,456000,456000,456000,456000,456000,456000,456000
456500,456500,456500,456500,456500,456500,456500,456500,456500,456500,456500,456500,456500,456500,456500,456500,456500,456500,456500,456500,456500,456500,456500,456500,456500,456500,456500,456500,456500,456500
457000,457000,457000,457000,457000,457000,457000,457000,457000,457000,457000,457000,457000,457000,457000,457000,457000,457000,457000,457000,457000,457000,457000,457000,457000,457000,457000,457000,457000,457000
457500,457500,457500,457500,457500,457500,457500,457500,457500,457500,457500,457500,457500,457500,457500,457500,457500,457500,457500,457500,457500,457500,457500,457500,457500,457500,457500,457500,457500,457500
458000,458000,458000,458000,458000,458000,458000,458000,458000,458000,458000,458000,458000,458000,458000,458000,458000,458000,458000,458000,458000,458000,458000,458000,458000,458000,458000,458000,458000,458000
458500,458500,458500,458500,458500,458500,458500,458500,458500,458500,458500,458500,458500,458500,458500,458500,458500,458500,458500,458500,458500,458500,458500,458500,458500,458500,458500,458500,458500,458500
459000,459000,459000,459000,459000,459000,459000,459000,459000,459000,459000,459000,459000,459000,459000,459000,459000,459000,459000,459000,459000,459000,459000,459000,459000,459000,459000,459000,459000,459000
459500,459500,459500,459500,459500,459500,459500,459500,459500,459500,459500,459500,459500,459500,459500,459500,459500,459500,459500,459500,459500,459500,459500,459500,459500,459500,459500,459500,459500,459500
460000,460000,460000,460000,460000,460000,460000,460000,460000,460000,460000,460000,460000,460000,460000,460000,460000,460000,460000,460000,460000,460000,460000,460000,460000,460000,460000,460000,460000,460000
460500,460500,460500,460500,460500,460500,460500,460500,460500,460500,460500,460500,460500,460500,460500,460500,460500,460500,460500,460500,460500,460500,460500,460500,460500,460500,460500,460500,460500,460500
461000,461000,461000,461000,461000,461000,461000,461000,461000,461000,461000,461000,461000,461000,461000,461000,461000,461000,461000,461000,461000,461000,461000,461000,461000,461000,461000,461000,461000,461000
461500,461500,461500,461500,461500,461500,461500,461500,461500,461500,461500,461500,461500,461500,461500,461500,461500,461500,461500,461500,461500,461500,461500,461500,461500,461500,461500,461500,461500,461500
462000,462000,462000,462000,462000,462000,462000,462000,462000,462000,462000,462000,462000,462000,462000,462000,462000,462000,462000,462000,462000,462000,462000,462000,462000,462000,462000,462000,462000,462000
462500,462500,462500,462500,462500,462500,462500,462500,462500,462500,462500,462500,462500,462500,462500,462500,462500,462500,462500,462500,462500,462500,462500,462500,462500,462500,462500,462500,462500,462500
463000,463000,463000,463000,463000,463000,463000,463000,463000,463000,463000,463000,463000,463000,463000,463000,463000,463000,463000,463000,463000,463000,463000,463000,463000,463000,463000,463000,463000,463000
463500,463500,463500,463500,463500,463500,463500,463500,463500,463500,463500,463500,463500,463500,463500,463500,463500,463500,463500,463500,463500,463500,463500,463500,463500,463500,463500,463500,463500,463500
464000,464000,464000,464000,464000,464000,464000,464000,464000,464000,464000,464000,464000,464000,464000,464000,464000,464000,464000,464000,464000,464000,464000,464000,464000,464000,464000,464000,464000,464000
464500,464500,464500,464500,464500,464500,464500,464500,464500,464500,464500,464500,464500,464500,464500,464500,464500,464500,464500,464500,464500,464500,464500,464500,464500,464500,464500,464500,464500,464500
465000,465000,465000,465000,465000,465000,465000,465000,465000,465000,465000,465000,465000,465000,465000,465000,465000,465000,465000,465000,465000,465000,465000,465000,465000,465000,465000,465000,465000,465000
465500,465500,465500,465500,465500,465500,465500,465500,465500,465500,465500,465500,465500,465500,465500,465500,465500,465500,465500,465500,465500,465500,465500,465500,465500,465500,465500,465500,465500,465500
466000,466000,466000,466000,466000,466000,466000,466000,466000,466000,466000,466000,466000,466000,466000,466000,466000,466000,466000,466000,466000,466000,466000,466000,466000,466000,466000,466000,466000,466000
466500,466500,466500,466500,466500,466500,466500,466500,466500,466500,466500,466500,466500,466500,466500,466500,466500,466500,466500,466500,466500,466500,466500,466500,466500,466500,466500,466500,466500,466500
467000,467000,467000,467000,467000,467000,467000,467000,467000,467000,467000,467000,467000,467000,467000,467000,467000,467000,467000,467000,467000,467000,467000,467000,467000,467000,467000,467000,467000,467000
467500,467500,467500,467500,467500,467500,467500,467500,467500,467500,467500,467500,467500,467500,467500,467500,467500,467500,467500,467500,467500,467500,467500,467500,467500,467500,467500,467500,467500,467500
468000,468000,468000,468000,468000,468000,468000,468000,468000,468000,468000,468000,468000,468000,468000,468000,468000,468000,468000,468000,468000,468000,468000,468000,468000,468000,468000,468000,468000,468000
468500,468500,468500,468500,468500,468500,468500,468500,468500,468500,468500,468500,468500,468500,468500,468500,468500,468500,468500,468500,468500,468500,468500,468500,468500,468500,468500,468500,468500,468500
469000,469000,469000,469000,469000,469000,469000,469000,469000,469000,469000,469000,469000,469000,469000,469000,469000,469000,469000,469000,469000,469000,469000,469000,469000,469000,469000,469000,469000,469000
469500,469500,469500,469500,469500,469500,469500,469500,469500,469500,469500,469500,469500,469500,469500,469500,469500,469500,469500,469500,469500,469500,469500,469500,469500,469500,469500,469500,469500,469500
470000,470000,470000,470000,470000,470000,470000,470000,470000,470000,470000,470000,470000,470000,470000,470000,470000,470000,470000,470000,470000,470000,470000,470000,470000,470000,470000,470000,470000,470000
470500,470500,470500,470500,470500,470500,470500,470500,470500,470500,470500,470500,470500,470500,470500,470500,470500,470500,470500,470500,470500,470500,470500,470500,470500,470500,470500,470500,470500,470500
471000,471000,471000,471000,471000,471000,471000,471000,471000,471000,471000,471000,471000,471000,471000,471000,471000,471000,471000,471000,471000,471000,471000,471000,471000,471000,471000,471000,471000,471000
471500,471500,471500,471500,471500,471500,471500,471500,471500,471500,471500,471500,471500,471500,471500,471500,471500,471500,471500,471500,471500,471500,471500,471500,471500,471500,471500,471500,471500,471500
472000,472000,472000,472000,472000,472000,472000,472000,472000,472000,472000,472000,472000,472000,472000,472000,472000,472000,472000,472000,472000,472000,472000,472000,472000,472000,472000,472000,472000,472000
472500,472500,472500,472500,472500,472500,472500,472500,472500,472500,472500,472500,472500,472500,472500,472500,472500,472500,472500,472500,472500,472500,472500,472500,472500,472500,472500,472500,472500,472500
473000,473000,473000,473000,473000,473000,473000,473000,473000,473000,473000,473000,473000,473000,473000,473000,473000,473000,473000,473000,473000,473000,473000,473000,473000,473000,473000,473000,473000,473000
473500,473500,473500,473500,473500,473500,473500,473500,473500,473500,473500,473500,473500,473500,473500,473500,473500,473500,473500,473500,473500,473500,473500,473500,473500,473500,473500,473500,473500,473500
474000,474000,474000,474000,474000,474000,474000,474000,474000,474000,474000,474000,474000,474000,474000,474000,474000,474000,474000,474000,474000,474000,474000,474000,474000,474000,474000,474000,474000,474000
474500,474500,474500,474500,474500,474500,474500,474500,474500,474500,474500,474500,474500,474500,474500,474500,474500,474500,474500,474500,474500,474500,474500,474500,474500,474500,474500,474500,474500,474500
475000,475000,475000,475000,475000,475000,475000,475000,475000,475000,475000,475000,475000,475000,475000,475000,475000,475000,475000,475000,475000,475000,475000,475000,475000,475000,475000,475000,475000,475000
475500,475500,475500,475500,475500,475500,475500,475500,475500,475500,475500,475500,475500,475500,475500,475500,475500,475500,475500,475500,475500,475500,475500,475500,475500,475500,475500,475500,475500,475500
476000,476000,476000,476000,476000,476000,476000,476000,476000,476000,476000,476000,476000,476000,476000,476000,476000,476000,476000,476000,476000,476000,476000,476000,476000,476000,476000,476000,476000,476000
476500,476500,476500,476500,476500,476500,476500,476500,476500,476500,476500,476500,476500,476500,476500,476500,476500,476500,476500,476500,476500,476500,476500,476500,476500,476500,476500,476500,476500,476500
477000,477000,477000,477000,477000,477000,477000,477000,477000,477000,477000,477000,477000,477000,477000,477000,477000,477000,477000,477000,477000,477000,477000,477000,477000,477000,477000,477000,477000,477000
477500,477500,477500,477500,477500,477500,477500,477500,477500,477500,477500,477500,477500,477500,477500,477500,477500,477500,477500,477500,477500,477500,477500,477500,477500,477500,477500,477500,477500,477500
478000,478000,478000,478000,478000,478000,478000,478000,478000,478000,478000,478000,478000,478000,478000,478000,478000,478000,478000,478000,478000,478000,478000,478000,478000,478000,478000,478000,478000,478000
478500,478500,478500,478500,478500,478500,478500,478500,478500,478500,478500,478500,478500,478500,478500,478500,478500,478500,478500,478500,478500,478500,478500,478500,478500,478500,478500,478500,478500,478500
479000,479000,479000,479000,479000,479000,479000,479000,479000,479000,479000,479000,479000,479000,479000,479000,479000,479000,479000,479000,479000,479000,479000,479000,479000,479000,479000,479000,479000,479000
479500,479500,479500,479500,479500,479500,479500,479500,479500,479500,479500,479500,479500,479500,479500,479500,479500,479500,479500,479500,479500,479500,479500,479500,479500,479500,479500,479500,479500,479500
480000,480000,480000,480000,480000,480000,480000,480000,480000,480000,480000,480000,480000,480000,480000,480000,480000,480000,480000,480000,480000,480000,480000,480000,480000,480000,480000,480000,480000,480000
480500,480500,480500,480500,480500,480500,480500,480500,480500,480500,480500,480500,480500,480500,480500,480500,480500,480500,480500,480500,480500,480500,480500,480500,480500,480500,480500,480500,480500,480500
481000,481000,481000,481000,481000,481000,481000,481000,481000,481000,481000,481000,481000,481000,481000,481000,481000,481000,481000,481000,481000,481000,481000,481000,481000,481000,481000,481000,481000,481000
481500,481500,481500,481500,481500,481500,481500,481500,481500,481500,481500,481500,481500,481500,481500,481500,481500,481500,481500,481500,481500,481500,481500,481500,481500,481500,481500,481500,481500,481500
482000,482000,482000,482000,482000,482000,482000,482000,482000,482000,482000,482000,482000,482000,482000,482000,482000,482000,482000,482000,482000,482000,482000,482000,482000,482000,482000,482000,482000,482000
482500,482500,482500,482500,482500,482500,482500,482500,482500,482500,482500,482500,482500,482500,482500,482500,482500,482500,482500,482500,482500,482500,482500,482500,482500,482500,482500,482500,482500,482500
483000,483000,483000,483000,483000,483000,483000,483000,483000,483000,483000,483000,483000,483000,483000,483000,483000,483000,483000,483000,483000,483000,483000,483000,483000,483000,483000,483000,483000,483000
483500,483500,483500,483500,483500,483500,483500,483500,483500,483500,483500,483500,483500,483500,483500,483500,483500,483500,483500,483500,483500,483500,483500,483500,483500,483500,483500,483500,483500,483500
484000,484000,484000,484000,484000,484000,484000,484000,484000,484000,484000,484000,484000,484000,484000,484000,484000,484000,484000,484000,484000,484000,484000,484000,484000,484000,484000,484000,484000,484000
484500,484500,484500,484500,484500,484500,484500,484500,484500,484500,484500,484500,484500,484500,484500,484500,484500,484500,484500,484500,484500,484500,484500,484500,484500,484500,484500,484500,484500,484500
485000,485000,485000,485000,485000,485000,485000,485000,485000,485000,485000,485000,485000,485000,485000,485000,485000,485000,485000,485000,485000,485000,485000,485000,485000,485000,485000,485000,485000,485000
485500,485500,485500,485500,485500,485500,485500,485500,485500,485500,485500,485500,485500,485500,485500,485500,485500,485500,485500,485500,485500,485500,485500,485500,485500,485500,485500,485500,485500,485500
486000,486000,486000,486000,486000,486000,486000,486000,486000,486000,486000,486000,486000,486000,486000,486000,486000,486000,486000,486000,486000,486000,486000,486000,486000,486000,486000,486000,486000,486000
486500,486500,486500,486500,486500,486500,486500,486500,486500,486500,486500,486500,486500,486500,486500,486500,486500,486500,486500,486500,486500,486500,486500,486500,486500,486500,486500,486500,486500,486500
487000,487000,487000,487000,487000,487000,487000,487000,487000,487000,487000,487000,487000,487000,487000,487000,487000,487000,487000,487000,487000,487000,487000,487000,487000,487000,487000,487000,487000,487000
487500,487500,487500,487500,487500,487500,487500,487500,487500,487500,487500,487500,487500,487500,487500,487500,487500,487500,487500,487500,487500,487500,487500,487500,487500,487500,487500,487500,487500,487500
488000,488000,488000,488000,488000,488000,488000,488000,488000,488000,488000,488000,488000,488000,488000,488000,488000,488000,488000,488000,488000,488000,488000,488000,488000,488000,488000,488000,488000,488000
488500,488500,488500,488500,488500,488500,488500,488500,488500,488500,488500,488500,488500,488500,488500,488500,488500,488500,488500,488500,488500,488500,488500,488500,488500,488500,488500,488500,488500,488500
489000,489000,489000,489000,489000,489000,489000,489000,489000,489000,489000,489000,489000,489000,489000,489000,489000,489000,489000,489000,489000,489000,489000,489000,489000,489000,489000,489000,489000,489000
489500,489500,489500,489500,489500,489500,489500,489500,489500,489500,489500,489500,489500,489500,489500,489500,489500,489500,489500,489500,489500,489500,489500,489500,489500,489500,489500,489500,489500,489500
490000,490000,490000,490000,490000,490000,490000,490000,490000,490000,490000,490000,490000,490000,490000,490000,490000,490000,490000,490000,490000,490000,490000,490000,490000,490000,490000,490000,490000,490000
490500,490500,490500,490500,490500,490500,490500,490500,490500,490500,490500,490500,490500,490500,490500,490500,490500,490500,490500,490500,490500,490500,490500,490500,490500,490500,490500,490500,490500,490500
491000,491000,491000,491000,491000,491000,491000,491000,491000,491000,491000,491000,491000,491000,491000,491000,491000,491000,491000,491000,491000,491000,491000,491000,491000,491000,491000,491000,491000,491000
491500,491500,491500,491500,491500,491500,491500,491500,491500,491500,491500,491500,491500,491500,491500,491500,491500,491500,491500,491500,491500,491500,491500,491500,491500,491500,491500,491500,491500,491500
492000,492000,492000,492000,492000,492000,492000,492000,492000,492000,492000,492000,492000,492000,492000,492000,492000,492000,492000,492000,492000,492000,492000,492000,492000,492000,492000,492000,492000,492000
492500,492500,492500,492500,492500,492500,492500,492500,492500,492500,492500,492500,492500,492500,492500,492500,492500,492500,492500,492500,492500,492500,492500,492500,492500,492500,492500,492500,492500,492500
493000,493000,493000,493000,493000,493000,493000,493000,493000,493000,493000,493000,493000,493000,493000,493000,493000,493000,493000,493000,493000,493000,493000,493000,493000,493000,493000,493000,493000,493000
493500,493500,493500,493500,493500,493500,493500,493500,493500,493500,493500,493500,493500,493500,493500,493500,493500,493500,493500,493500,493500,493500,493500,493500,493500,493500,493500,493500,493500,493500
494000,494000,494000,494000,494000,494000,494000,494000,494000,494000,494000,494000,494000,494000,494000,494000,494000,494000,494000,494000,494000,494000,494000,494000,494000,494000,494000,494000,494000,494000
494500,494500,494500,494500,494500,494500,494500,494500,494500,494500,494500,494500,494500,494500,494500,494500,494500,494500,494500,494500,494500,494500,494500,494500,494500,494500,494500,494500,494500,494500
495000,495000,495000,495000,495000,495000,495000,495000,495000,495000,495000,495000,495000,495000,495000,495000,495000,495000,495000,495000,495000,495000,495000,495000,495000,495000,495000,495000,495000,495000
495500,495500,495500,495500,495500,495500,495500,495500,495500,495500,495500,495500,495500,495500,495500,495500,495500,495500,495500,495500,495500,495500,495500,495500,495500,495500,495500,495500,495500,495500
496000,496000,496000,496000,496000,496000,496000,496000,496000,496000,496000,496000,496000,496000,496000,496000,496000,496000,496000,496000,496000,496000,496000,496000,496000,496000,496000,496000,496000,496000
496500,496500,496500,496500,496500,496500,496500,496500,496500,496500,496500,496500,496500,496500,496500,496500,496500,496500,496500,496500,496500,496500,496500,496500,496500,496500,496500,496500,496500,496500
497000,497000,497000,497000,497000,497000,497000,497000,497000,497000,497000,497000,497000,497000,497000,497000,497000,497000,497000,497000,497000,497000,497000,497000,497000,497000,497000,497000,497000,497000
497500,497500,497500,497500,497500,497500,497500,497500,497500,497500,497500,497500,497500,497500,497500,497500,497500,497500,497500,497500,497500,497500,497500,497500,497500,497500,497500,497500,497500,497500
498000,498000,498000,498000,498000,498000,498000,498000,498000,498000,498000,498000,498000,498000,498000,498000,498000,498000,498000,498000,498000,498000,498000,498000,498000,498000,498000,498000,498000,498000
498500,498500,498500,498500,498500,498500,498500,498500,498500,498500,498500,498500,498500,498500,498500,498500,498500,498500,498500,498500,498500,498500,498500,498500,498500,498500,498500,498500,498500,498500
499000,499000,499000,499000,499000,499000,499000,499000,499000,499000,499000,499000,499000,499000,499000,499000,499000,499000,499000,499000,499000,499000,499000,499000,499000,499000,499000,499000,499000,499000
499500,499500,499500,499500,499500,499500,499500,499500,499500,499500,499500,499500,499500,499500,499500,499500,499500,499500,499500,499500,499500,499500,499500,499500,499500,499500,499500,499500,499500,499500
500000,500000,500000,500000,500000,500000,500000,500000,500000,500000,500000,500000,500000,500000,500000,500000,500000,500000,500000,500000,500000,500000,500000,500000,500000,500000,500000,500000,500000,500000
