trial_0,trial_1,trial_2,trial_3,trial_4,trial_5,trial_6,trial_7,trial_8,trial_9,trial_10,trial_11,trial_12,trial_13,trial_14,trial_15,trial_16,trial_17,trial_18,trial_19,trial_20,trial_21,trial_22,trial_23,trial_24,trial_25,trial_26,trial_27,trial_28,trial_29
41906,2527,26774,17818,5006,23059,35925,4384,32607,15960,17585,40445,9010,5921,36685,2790,38061,14693,20173,32407,37701,29173,31206,27181,4641,4902,48607,44843,7762,21218
7297,18749,34081,27374,26215,4098,20674,22567,17444,32913,3574,14160,28767,12862,754,24102,12921,5545,18575,11909,11340,29114,8183,18930,20447,7609,30564,2445,19273,33323
1640,45628,35519,31984,2619,28193,8644,27083,23862,36195,47557,29917,36443,9829,31043,38646,13483,42634,37878,36484,4270,19274,41303,18855,28482,26764,45194,6281,46076,40635
48599,49984,45981,16887,38576,36284,36498,7243,41774,10613,33593,32904,19525,48456,42802,39669,48387,30115,10102,14207,15605,16577,40173,33702,16139,30648,48982,10939,30110,556
18025,9433,7646,5367,38464,29732,46632,21201,15892,16128,31711,46623,31656,19837,34294,1266,42073,1492,17408,21012,30458,31740,26474,14415,29209,27217,32820,4370,29496,17363
16050,30313,11578,19870,14978,37408,35048,49291,45387,15165,24316,31634,31952,5221,19736,14737,13184,8925,15051,19224,20309,43242,35138,29083,19271,17489,7274,39658,8937,10145
14629,24241,24876,22200,41585,22510,19809,36331,31010,36198,26664,47049,24930,48965,35569,33694,2701,19656,31688,21035,43965,5705,45015,30046,16783,39083,39762,22585,21114,49589
9145,44018,14757,1416,33799,16871,33117,33508,21631,16767,2232,34116,14353,12044,27563,21052,12610,46818,30620,45428,23316,25344,1105,34651,36729,28146,37997,21499,7008,13060
48266,45773,18978,4741,9960,33584,12630,3256,5583,26043,9193,23640,29262,19788,46356,31285,29452,1525,21793,1817,11213,49150,13338,29039,6239,31968,15950,35993,10135,17259
6718,6311,1907,31737,38256,25334,46785,44556,35291,35933,10430,48093,21632,5801,15135,19022,26569,44558,2699,31862,33296,5147,17607,36128,48778,40739,28303,27167,44168,5685
44349,29701,14726,724,35261,25718,49938,2937,20800,30384,27066,29796,37840,23045,6194,28642,23164,40743,6042,23425,12261,4944,46145,22211,32435,18221,30752,30463,44256,13074
48541,39244,7645,7527,2110,40342,28565,49700,14706,47938,12003,47713,47927,47308,24556,41683,18870,694,43635,23551,10586,43216,41455,41910,12074,13354,17400,28073,39193,33570
35742,32655,37270,18603,1992,2681,10856,48231,44332,45610,22682,2046,25042,43426,40516,24771,17059,31781,12155,4268,510,13272,13197,28605,30707,42193,47188,37162,14191,3588
5698,39911,578,7715,4519,27429,10135,18084,36484,35922,28808,2412,13684,30931,4437,1290,29496,24790,10096,26575,17080,19057,45788,14782,34248,2605,44248,28682,46834,38959
38699,1256,6566,20385,20978,43164,43082,10116,5587,34309,41340,11095,47431,35428,22110,48212,40327,31783,25555,30234,41749,4845,42793,4718,8386,43608,21588,34043,43855,12702
27652,33691,10269,48725,41430,1551,7047,29808,10048,41218,75,22529,13110,25254,42155,10836,27462,35131,3044,21614,11252,41171,9663,36761,46928,11585,28714,21050,26905,33080
2083,28338,33667,42553,3569,6715,32315,48087,22753,22441,2241,48943,3671,25422,16741,33863,18608,19506,15692,10984,8046,20117,5231,30615,4555,18873,36257,36698,24910,1586
1953,37790,45143,2344,2024,42,42554,2976,6456,38409,35661,8675,32484,32998,37605,39607,38012,49892,41869,21932,1983,48907,27312,17305,46823,2293,23676,35928,15377,45334
6141,24404,19857,40956,8873,17289,14445,41317,22775,43296,25375,17105,35973,26591,13581,24434,6856,10307,602,41406,30970,40056,28839,12900,23815,10356,10916,28855,26208,34520
14329,40928,45450,4367,35958,31560,14291,35790,20929,23608,28701,48657,29678,20856,1468,24772,815,47752,27032,415,30874,3937,12994,42971,47721,28801,36283,9304,42535,23965
15248,35848,41551,8849,19355,47439,49956,33049,14575,25348,728,3676,39171,47127,49745,26096,32090,38179,47594,32957,33996,14580,47271,31021,10960,11872,42518,27014,4755,29958
33119,49501,24801,17799,34588,35828,33529,14364,12385,18200,15549,11092,5963,28108,37535,7133,13991,22211,10930,45143,1240,43362,1613,40854,26700,8063,8119,25698,33078,49852
39454,28448,38732,48298,21605,599,36475,39490,4505,26470,4547,3073,35529,35010,13823,42945,30800,43892,8561,6016,22463,8387,5484,45554,47722,44744,2739,4218,20957,8525
1740,25817,26546,10101,46745,20682,33331,18741,21557,45694,10421,23609,22290,41350,3568,47552,49415,11561,20064,41601,38673,21506,26407,2998,46196,6260,35766,27153,18078,22894
36782,11547,45306,13829,49976,37197,10153,37576,39570,499,11161,15015,33801,2659,38143,38339,4814,34461,40928,11422,42339,15390,44530,16833,30012,32192,48074,18753,24666,42377
13032,3783,43912,49856,6090,28030,30920,24327,39813,7465,31580,28896,19220,41453,36503,44777,29643,7466,41202,22122,10508,17942,351,7400,41860,20200,31588,9648,29219,10932
46926,7033,21373,47010,26082,15077,14229,26220,28107,1858,15115,12990,27186,16859,8967,31836,36277,6629,44232,1729,45323,39264,4184,10433,33091,16010,6952,12847,6315,2417
42591,8163,23481,28075,46218,15581,1832,1997,41615,35320,40966,14996,17902,2689,25209,35807,43237,24440,9764,28412,13934,44156,11441,34626,2032,26261,22444,9335,6136,22786
45963,24633,4821,4913,31375,34293,4805,16302,5830,16922,17981,8293,35649,15114,44559,16658,24685,41986,33581,9449,47098,1978,6909,48282,34626,49022,3636,20321,2078,39746
35714,10058,22205,40169,23618,33683,27773,47610,4195,2136,32019,9057,9334,33618,1989,42441,43250,2673,39089,8382,5163,2190,38450,8867,7360,38755,6121,13829,32174,1986
27494,6275,18529,26748,10231,23533,4162,9044,45427,31311,32709,23017,6342,46253,10200,40388,24107,20712,36453,47758,21387,39107,2997,44948,25171,834,39675,45461,22674,25460
14447,10527,40451,9359,30850,28982,8682,6273,39579,44301,27264,33263,42307,954,25260,9135,4054,20000,38594,26422,35770,46912,38593,8173,8893,26059,11739,43312,18527,42489
29440,33583,10424,45905,30515,15863,32696,27738,21907,11642,8050,42404,17115,37379,16166,37046,6629,5776,3167,19430,29353,10687,17302,8983,24274,42594,12789,49483,8816,38223
38619,32505,7341,3749,4871,2180,44058,47773,45258,22759,2207,20858,18222,30443,12227,9341,43742,2952,39342,19122,36883,14930,14369,45229,1563,34511,12579,47531,1667,12439
18232,8435,33490,2109,30120,36763,10685,24646,42148,40360,40553,33527,28690,14663,6160,9138,8828,12670,36910,48381,1269,50000,35339,22974,621,48071,312,32988,17395,9748
426,25353,4592,11287,49079,24522,8444,21401,28200,19641,24787,43272,38448,3440,40299,24926,19784,49041,7098,22305,40436,40170,12894,24087,46530,46192,34619,13609,29541,21057
49730,39140,38576,21016,45644,46972,3710,23486,376,24066,5969,26427,2430,24816,12844,36459,2272,5417,19784,28879,26075,36416,5822,37809,13512,10525,27793,6768,49300,28642
10464,33206,6202,16507,35680,45063,45754,17589,14892,29429,37740,3611,24641,15187,36613,10123,12088,36925,9802,20873,20083,28044,1937,42755,45695,10009,28884,6515,7932,29224
45754,17822,17695,23367,40589,23164,35923,42950,22116,49947,25888,21777,44382,5806,14336,38423,19240,40091,1344,40499,22456,28273,30041,24017,30673,24308,35118,25381,32695,6382
27697,37694,20672,47527,7169,39386,19121,26121,17445,42513,43987,18241,829,32898,29107,27950,20335,5755,37146,24404,23745,41862,26019,40479,40317,34030,24587,40755,46421,43514
22299,11918,7060,20973,28356,22408,22223,40302,28470,12668,23986,10042,23736,42225,12105,33486,11286,16590,14351,49884,30348,23659,14009,15117,13467,431,34332,47774,4253,1372
18211,24703,40981,6145,14835,36556,45790,40652,45880,49827,35633,5932,17420,48955,46764,49969,40108,19556,19301,41156,1018,31935,19390,41629,43822,45983,8325,4282,8771,16367
10190,4164,18987,26962,22062,37690,22135,3430,6934,1932,8625,44387,28,28064,25232,11587,39662,5827,15870,40962,20146,45883,48654,14915,20870,29120,45956,17181,23527,39586
14111,3207,2294,5887,33199,49932,6216,43337,13178,28716,9325,36244,15026,12786,8237,38632,47572,43714,35840,11711,19036,13505,8998,26085,39580,48118,44422,47390,35150,9681
22060,37963,22581,1392,29096,12844,15636,27057,29014,11009,26019,27040,47708,14854,43957,28223,15922,37908,17987,46721,39812,6913,36024,29471,31652,15270,36672,39793,15004,10223
6699,4012,25289,49230,46947,15639,17821,45083,17766,30810,34108,25369,1349,13452,4153,23925,49889,48583,4324,40303,27968,2100,27977,31199,20078,42649,1632,24385,39293,16161
6079,12231,6280,21529,18027,47786,17368,35670,45382,840,43899,28799,11147,26896,14059,37724,44554,42484,14581,16959,15492,2351,23516,3276,13193,43827,38626,2667,5281,48276
24899,4025,31280,20775,10048,2313,42472,40246,38089,3972,34741,16196,48079,11148,34429,33957,4957,39749,8404,27494,45204,22375,33372,45849,19079,44155,41019,4124,3948,33542
6339,10862,31203,25348,6991,8225,953,13518,30147,6963,46109,43058,8942,20032,44247,33780,10403,6939,46340,26720,39968,40893,20121,10021,4560,25484,9712,6146,34283,23249
23527,19410,12490,45822,38977,21885,37431,42579,8299,48240,11774,10176,24835,21647,11828,14401,13201,22225,16795,15330,18326,21605,48980,49762,13066,2677,38799,14320,25806,19524
22542,18041,12360,48877,23249,6420,18541,4297,17673,38806,18351,49736,15909,545,12458,15555,29381,37619,13357,8551,12793,49260,23869,1362,49626,23464,37146,1997,49280,37904
39566,5050,8523,34777,4525,23779,41376,36912,40834,7055,6076,3395,1697,7021,11514,18264,8208,8372,47955,11843,11334,7704,45113,21920,20995,10495,22675,9512,2694,1143
17336,34227,16932,43301,39921,37903,9057,16713,13714,11460,21113,29321,45905,26881,8852,25908,8526,43564,12830,3830,39237,1433,31898,16406,43700,28520,9426,16333,48572,16467
2848,40864,48964,35185,21993,25139,23095,35434,35004,35996,12093,42362,13634,20351,36019,43886,8600,26519,37952,35462,47955,37872,34025,20937,23144,36755,8108,16014,48748,23009
47824,6753,16251,41423,30173,33313,42782,39043,37951,30421,45705,31458,29287,21285,32561,14264,47120,854,42328,24089,1997,11178,11729,17735,26620,188,754,17922,20282,13656
30109,38298,3225,47976,26609,35398,28672,34916,8050,1062,27745,15149,24935,23744,48217,27211,14903,6136,7998,31696,37693,40078,3282,535,5079,39036,31284,9863,9670,25740
35143,42860,2848,40694,12042,16570,11510,20870,26986,44787,36869,22559,37954,40572,41945,29243,1997,29649,32784,924,37346,698,108,11271,20345,28978,24999,31388,40758,1919
8181,42583,44153,46020,25157,6364,13105,8889,44719,28473,43029,38810,11592,13309,23669,842,17266,18520,20868,35353,37955,25841,15152,48274,5723,22911,49242,41064,23376,4544
24808,44516,44556,42157,19775,42521,26330,31953,40924,27196,46901,14950,28783,15760,344,41832,16422,35153,32362,25246,13101,28687,30503,28189,26447,15455,39793,5279,7982,6395
5165,4001,28598,16665,23373,14874,39852,14563,45612,13165,27962,9439,15670,30670,43100,29990,44060,33263,24049,5620,898,3340,10548,4818,17910,1706,45426,46012,12888,16351
36179,6167,46522,38874,13347,45824,18171,21377,7703,24237,39246,5203,16025,11481,44213,29211,47110,14828,24670,20214,9692,24272,13992,17078,1130,8958,18781,21523,10085,6436
19214,40813,2480,43467,7527,21946,1744,16724,40991,7342,1865,2106,41402,10755,2283,1313,6520,22379,5735,465,16335,4003,14396,35870,40022,39658,5249,41536,38191,19363
41199,29978,48406,3924,38227,14324,24009,38179,35639,31774,13230,49324,39122,14488,38232,25451,31364,33914,34429,27718,9076,24176,3669,611,7725,87,13114,17272,35788,9118
40536,42412,46766,32289,16264,30870,6393,28651,32513,36030,281,44062,1051,20256,24190,3325,32828,44524,42372,11660,6665,3394,42036,11958,22988,10753,27735,35059,43182,27262
23701,47409,45529,24490,39996,48771,18942,40111,27979,11706,13393,6259,42393,36309,51,40459,43925,26185,6303,7072,42389,22794,18400,10609,31048,39841,27932,33972,4834,31301
37838,21711,48304,13741,46967,7219,37526,32094,33917,38629,42918,3390,31785,10621,37220,22373,38627,48858,2197,30614,23938,27694,14240,37552,39597,15716,25144,27315,47759,32369
12602,21639,42825,23026,46645,27307,19096,45418,34854,23480,47235,31339,36503,28851,44206,28748,17642,20068,1627,22687,29472,4887,44092,35261,27198,48199,26985,2194,19272,37070
46175,34662,21539,10221,46215,39627,38653,46018,44174,29513,34710,25979,15417,13721,64,33860,38469,38987,36578,46772,32035,16547,16080,28361,3712,44070,8022,16719,25836,38922
4559,43524,24217,41049,44351,23138,32569,32761,8200,32459,31581,35932,22284,19775,34488,49859,43945,45276,47270,4180,19806,48077,1936,28189,42838,28789,48546,5586,6966,23477
3004,45951,30860,1108,20589,44228,45669,24842,32729,7708,29930,21487,25777,41703,36337,2988,21823,8483,5983,25800,13255,35464,47336,8637,26091,5089,16704,48285,9876,19329
43337,28757,41325,16363,4233,18765,7632,17658,37385,34006,8766,16841,27478,8532,6464,46489,38277,3724,5321,14254,24221,44460,19861,33805,36749,25955,27330,8075,32714,6219
14936,10933,29730,32766,49560,15662,7544,45246,33856,28832,11243,15395,27990,45737,39983,30559,26210,41866,11468,7532,37076,34889,7298,49995,46101,1617,11606,20107,28236,13410
18966,8280,38665,46631,18608,36390,14796,35914,19695,42703,47401,3673,25448,47084,32651,35861,8407,39422,25539,40721,10473,4545,10252,27460,6524,16958,43290,25982,17867,19869
5230,5253,35425,40854,7589,17144,9628,1459,6106,678,8081,25190,23890,27205,25239,37513,18708,25324,45308,23178,22497,13139,19572,48554,48483,37676,2740,42614,35793,40731
15257,20942,9869,27789,24175,23393,21625,35540,24101,28448,49945,27328,36126,30781,44408,1524,16861,39656,20663,40426,9352,32867,14600,48505,39604,32682,2134,17855,39873,14157
6620,3284,15288,19254,36707,34911,30915,9748,49688,35367,11798,9259,1244,38395,23565,19916,13435,29489,36773,21489,26154,14775,42068,21132,27925,8768,26922,10103,33687,10528
24912,38759,31684,13758,11992,37053,35061,764,33865,2679,5714,12192,31066,39498,31221,26,30319,33623,36448,2056,35708,37593,37305,14663,20701,48370,25252,43851,9960,37725
18218,17572,29857,27165,23977,2629,43461,13064,9846,31090,8425,13052,30214,48572,24361,19627,13022,23834,25508,31954,46797,26868,44346,15580,31343,12475,10276,32013,47656,28925
29715,24121,48276,25242,34722,31716,20924,5556,442,33587,41334,35074,19332,7011,12702,22890,39968,44588,48280,17564,25415,43480,15549,19492,24335,34786,15758,41297,6604,31212
41661,47730,44811,24906,49233,20461,28206,19891,23488,42204,39283,21582,14151,26175,33667,23955,14927,45474,25447,27692,22461,29864,42999,36391,24048,35249,5965,42257,17858,35791
23910,12191,22670,9401,43389,36880,7281,4124,591,35342,14292,41997,23251,43095,30452,24106,29779,48361,35747,26075,26295,10421,15923,23282,47122,1420,49125,41361,46394,21042
10660,44033,40387,38297,37265,25919,674,3517,38471,6530,20126,23946,31719,5169,36038,42250,40849,16645,45479,12776,31059,48721,9734,12760,14320,45379,23345,30800,23418,17062
24261,39616,48341,29850,41781,17056,24084,45419,44626,34324,13114,43086,18831,16667,32717,38982,40629,23260,45408,8847,125,2767,40391,24302,12054,41665,46597,12557,5995,6212
23284,4611,2859,36332,38161,47856,27677,46036,26933,20120,36363,12518,5324,3675,44943,46317,6025,9615,11057,4695,23732,23975,16900,37820,297,42393,23092,18187,48615,44080
13731,36174,18218,5661,11244,34040,27514,24526,30981,34830,37336,31085,3837,45935,2888,17341,11608,35254,22114,25780,35331,14063,27800,39405,20527,27987,17040,34938,11934,49220
43921,43428,10307,36710,47189,14480,20744,45516,42864,30153,28132,14529,42993,45800,44720,1213,5753,9548,46917,32396,33974,26369,29169,46348,20353,19621,38703,12173,38777,49124
17497,7426,609,25194,35561,39738,50,43513,35293,44929,4754,34283,33142,17083,13888,30879,32281,31590,21904,6702,4684,49174,19699,42021,804,35870,37496,41465,7645,40894
45995,19465,14625,4054,12418,7467,38160,3816,14693,1795,35907,31465,29340,19547,11841,44221,47269,36186,30176,44968,6410,22344,46460,382,18534,7878,15884,26332,5189,40844
44797,32436,957,33762,4314,41118,44806,28650,10635,21468,11082,23033,15068,20587,22517,10252,19548,13954,5088,20119,1049,44527,24423,19963,31001,45761,31644,14191,30366,16901
42470,47748,38014,40138,25842,13572,41883,21486,47568,27567,48780,11373,33051,17685,45716,9031,21018,15930,33451,42562,48761,35354,11174,43777,21087,25117,24604,42911,3801,46068
4680,23696,49379,1901,6599,24895,26573,4853,37548,34637,46666,31797,30347,8225,30641,3664,45541,40970,45723,32029,42105,10157,17945,4286,38145,4127,30620,17914,4022,48914
39921,46870,39573,40912,48591,31812,30795,31161,6418,5717,13983,13146,10489,5500,9354,43774,29294,30937,38848,41207,29805,19316,10180,17566,48719,19132,30022,27108,43720,1616
41614,28443,42389,35604,22100,16590,28039,12644,8970,38354,9813,39535,32530,39305,632,44886,31862,14826,25147,26706,7623,31250,11763,18943,30040,28735,36460,31778,14244,2300
11216,2710,36438,43143,11419,39553,39626,49895,16787,38017,32983,19801,38752,27142,12521,28627,16812,34550,1594,1946,47187,7951,19534,29710,22251,25010,32962,27602,16507,12372
35006,31003,35600,41307,37479,36572,16958,27947,24647,26783,15149,6329,22694,29570,19832,18242,46157,39089,28806,24166,43860,27784,2918,10594,2280,15462,49763,16947,7978,14501
47785,27193,18464,34115,67,9779,10164,19519,16106,36749,36928,48512,32909,32557,9250,46106,32036,28643,16716,48287,14570,8783,8333,8647,39918,505,31125,43669,16992,30914
16044,39444,23376,18905,44110,29091,24167,46998,22017,18238,29690,42761,19975,31906,38193,10544,8301,15359,34651,13359,41880,23672,3479,8702,33861,9288,24921,36903,49117,21367
10709,5482,36929,20857,46916,996,12634,31563,2196,14740,39152,27758,20907,4495,16488,132,45573,41024,8718,47296,34807,8579,7275,6000,41468,32926,41656,4240,43228,45938
30295,23470,13045,19717,12157,11161,30585,10382,41471,47766,10063,4327,17960,31558,30219,16907,4127,43064,7306,24472,21801,8399,7872,18147,11441,29821,19522,34904,3519,33043
24868,8334,26512,11020,19717,35848,36980,17123,33940,30743,15664,25550,2890,17182,638,46366,8404,34448,14731,10344,22495,20145,33432,49380,48467,31857,259,23154,37527,33102
17692,42269,7309,11985,26488,41102,46888,28820,3091,38432,34513,24753,6373,35958,8531,27286,2913,22031,27320,32980,44834,3094,3681,46618,18892,16087,1808,44048,27916,20137
41944,5652,23655,658,37660,49904,14611,22384,5161,31734,45018,5077,39625,23286,1956,16167,33941,34757,36419,30515,42906,32338,11090,28274,21774,20583,43821,33240,46166,15977
45100,43569,22291,40774,43326,5425,41489,6823,42467,13966,44106,19435,20933,8179,39630,9624,15329,3107,5824,29498,8705,15806,21830,38886,6863,6328,34377,37414,8356,17693
36501,47915,7363,18319,1519,4890,37437,6738,15540,35414,49342,8273,25182,18429,19200,36987,2238,24306,35949,5020,26794,2416,36816,46373,22503,31569,6576,24958,4221,9319
14393,10100,14667,3262,33885,17417,10783,46849,44714,3511,25589,42702,26272,14718,33302,45551,18797,1724,28238,7152,6830,6930,16441,25995,3954,19918,29154,3668,30601,3512
44867,37624,39763,26296,42561,33505,14624,26688,17176,21146,34673,26202,27600,25709,10671,2397,3845,20558,3018,46551,43052,27142,27720,42385,24032,20121,14200,5220,18846,32750
21253,20154,46970,6734,47760,40798,10169,32378,34625,30467,43988,15002,26211,36645,33348,47331,2471,42873,33308,13730,18144,41213,31003,24480,7514,38424,37529,28931,48487,35244
3666,7140,3885,194,2297,35840,10404,29909,27604,20166,13195,30180,8712,27727,5897,7534,13552,23552,31545,11688,17015,11725,2905,35777,1122,32859,16409,47027,4776,30635
15011,45225,28393,40900,12949,31229,18160,42661,30479,35100,4985,39187,28176,30959,3234,49473,37708,38771,1051,8098,7917,25947,44142,5287,26079,46889,39041,28493,12354,15633
2104,35075,49855,37744,15378,28549,42796,5942,37850,43682,43963,15578,23980,38679,37959,2795,4523,25947,27954,39860,26196,19209,32287,42684,1539,25393,13820,8310,26418,8417
20674,27837,3145,46727,23959,23959,38069,44151,27412,39030,43517,20389,20780,11429,45489,17828,8133,44905,7088,1550,23446,32782,20818,37287,10955,44582,22898,8039,20789,39402
26291,29038,44294,23741,5623,49754,48041,39590,25610,29056,9585,15387,31781,41655,18943,20658,3157,7772,2131,48380,31812,33282,45269,43254,10077,34076,30902,45193,33730,5998
17547,38479,40835,40586,4966,2175,45522,4678,30814,13299,2767,12542,28596,18140,39576,13558,32140,921,37963,26068,37409,35637,33755,26680,36118,48042,19688,23854,9327,13878
4338,2489,31061,18243,25688,39833,28493,42392,5836,36142,47458,40893,48873,3744,26041,44102,3604,37878,41938,15614,21333,16501,46287,9944,44171,49909,44191,32341,34055,40996
13827,9606,8028,29815,28881,17368,37297,15179,26418,23094,40769,30754,37868,15609,15957,10214,36248,29790,47849,42654,3680,6670,2449,10657,43291,23589,7336,13638,43221,28873
37171,166,9351,28779,42637,42225,34588,15977,7940,46835,265,31895,6412,41740,46963,37739,47029,4924,44688,13587,26604,38622,3515,32240,45663,2428,8037,1780,16929,18252
47050,6931,11760,13140,11659,39888,36023,26677,23759,19299,24352,27924,9229,47640,3736,16216,18313,16189,13552,17231,4316,31266,48939,31828,11966,42536,4564,49696,44790,30624
20623,8148,42104,21585,8898,33880,25674,22233,3382,16566,17163,15005,35159,23285,33602,43928,43601,36977,4476,37234,30534,2062,45076,41081,47822,6542,37712,25625,41633,27872
13935,8260,48180,17742,49829,44179,37774,34393,1258,31551,4594,11745,36555,27434,31652,2753,31782,27416,12185,29758,41539,14576,35087,19215,6633,17734,18258,24937,22708,16956
42955,48143,354,15881,24975,30921,28150,36966,4427,9627,26596,14234,22252,21166,41801,37645,46096,2896,24560,26858,16903,22728,20505,31288,35080,4876,38111,45732,2331,20432
32718,1118,40609,42269,35533,46412,42962,616,29069,36043,2840,36795,30253,46197,48841,35875,39243,27508,43795,20955,26385,38106,44044,21657,27661,32992,11949,16094,34041,24638
25929,22128,42562,41128,18334,41834,46952,43823,43773,41923,8444,21765,16460,23153,35284,11762,21738,31399,27568,31845,24603,46300,9334,33071,6557,44171,22776,40818,24427,35056
42130,7769,19248,33988,47701,20644,814,11712,41905,27676,33863,8770,39015,36818,19734,1579,20657,10159,32295,5099,45361,832,49695,42137,36702,16170,1751,16950,38404,47171
30072,47008,42292,43468,43365,1458,29784,24379,37135,11700,10219,49851,43128,41975,40012,7034,33370,19304,9183,16861,15363,49249,47768,20304,6512,30203,19016,29177,3150,20882
9364,34888,4133,14751,30867,37810,34701,23596,580,7369,6952,11838,8654,255,14209,10406,3936,47872,44108,16246,36927,35450,7167,9795,19801,8065,8592,9945,6962,40853
17360,32645,17830,32361,24727,15927,19208,6728,20149,19537,48436,18342,27517,2330,3716,46859,22531,21186,46397,11938,46731,41977,32848,39001,45996,9122,38379,3852,35462,31824
9151,16973,4879,1813,46200,13852,2713,40242,20764,30429,48192,28791,22485,23267,42910,29281,4662,34881,49892,6982,11041,26076,21508,31141,25344,40633,30334,18659,2538,36074
16163,49430,442,9744,9762,22674,41692,47428,22728,48322,39957,21096,18277,46700,45561,35218,8530,21799,15083,11013,11060,30994,20144,46113,37209,19074,27992,7542,1128,32272
48824,46074,28525,1488,25127,28288,6199,7622,35358,738,24617,48935,46560,43765,43841,11775,9631,23526,36919,26341,36742,5665,40851,36769,39325,18724,35233,35862,27435,390
36790,29900,17952,39165,43128,45338,1768,11412,42267,43857,32781,26926,8255,13111,26955,5241,13323,42551,140,30093,47379,4128,33096,1306,15266,43614,49248,32943,15563,26730
35323,22283,11692,17216,20423,12060,1814,38911,44820,43275,43984,6313,33151,32042,8708,29260,43299,48256,32230,9616,2432,45625,8397,6001,4361,15841,21576,3789,21114,14160
17220,25271,45105,31431,24891,11579,48594,17222,34044,10276,348,756,36495,21461,10781,11204,13428,6582,21973,20755,41724,40656,25611,11838,48587,35263,23011,32717,27646,29758
48957,5712,34322,6232,8650,30789,191,49625,32625,44400,9885,16094,46091,30724,43612,34927,43500,19006,41149,9993,26426,39960,25364,34039,4083,3542,6881,29425,49354,19856
38312,46686,41057,11460,24942,13021,44681,39111,5821,27611,19712,36951,19243,34788,40723,36533,24430,4321,16116,38745,22475,31228,24490,22613,32293,29284,47761,38446,16337,42270
28078,2190,44449,40022,2688,8381,42128,28094,19759,47571,30036,5328,45818,19101,35644,24802,27057,19524,1001,18151,26766,24017,8941,35252,43955,39325,16550,12921,30862,37202
38243,6092,12625,14052,7140,6450,22012,5325,10484,5069,3028,47398,18848,34687,37380,10911,6781,31639,21630,5917,31855,28666,21332,45188,5826,35671,42364,39850,4802,32840
26176,47038,3984,4132,3464,8957,24100,16777,28165,36529,12196,41374,6932,26580,9406,39505,48760,48795,47415,39227,23171,10286,27369,2073,11394,1109,27615,47347,5127,44037
23724,13507,18310,6005,13054,47869,5965,23595,12867,33221,35878,35258,30548,17545,34265,27428,49820,47806,17254,42361,9024,15329,562,11452,36362,46439,21093,36015,43797,19043
14374,44061,31664,4239,7931,37331,42480,46399,7360,32817,10025,24635,6193,42345,41912,32811,31926,5937,31198,10188,2218,43514,44506,17376,31532,42217,4787,22517,39757,44865
9066,26520,17208,45383,24749,22548,39379,44324,43196,49391,9869,23561,13196,32120,46953,26989,9896,31786,22230,9297,1959,31664,601,47236,24463,17709,48775,5425,44109,890
33393,12714,4252,8669,20929,34564,29391,44151,5762,18564,10101,17059,38825,13672,43244,15519,13315,10657,5580,24349,11303,16911,20352,43503,14145,33504,10886,8165,39486,3291
32344,44896,33570,25705,18157,25714,33433,33908,736,37935,5837,12437,8060,43181,1378,26275,47696,14912,15751,7057,44609,11813,43208,13960,39658,40801,13461,25719,25326,27693
5958,37725,49223,39505,43005,7084,28765,47297,10463,46120,45125,45460,9987,16236,2704,8864,37512,15157,18972,8393,20162,23062,41727,8644,6491,49811,45510,49370,22164,27869
49531,26442,39302,10728,40233,17490,6329,8803,8663,38871,48557,16862,11659,12058,2533,46901,14170,30716,22329,11117,4958,24501,40235,17394,17293,19938,26707,10879,17028,4219
3088,17061,21621,5421,47507,29093,29522,29871,3288,43809,16172,37344,45828,35445,44665,7081,49692,39821,15175,32598,18471,38694,11246,44776,28443,3811,21769,49428,47839,21172
7186,38945,35806,43581,33470,30,38315,43581,9375,28674,21207,40382,16078,13679,45095,3597,1695,7713,48740,4930,39461,35234,25047,19205,46157,45214,44709,36429,37359,16263
10017,38426,31959,45597,20642,42771,5644,8005,1926,47732,42431,30981,36596,44613,31865,15266,2883,7014,36164,27840,15647,5628,12182,15750,13917,14745,15374,4175,1952,22385
41121,26785,4287,43293,3736,8021,31638,37078,20381,29259,13652,43998,17967,45816,17131,9364,9451,48536,35433,18336,20248,42682,34684,20469,17628,10566,40054,44805,37084,39184
10485,21454,18622,49459,26568,27137,10467,30348,44967,31319,23955,21895,8413,22681,7002,1987,37430,20857,42431,28527,49666,27416,45359,25892,27191,9926,27438,4798,33163,45240
44597,26078,32188,46408,16210,4402,14207,37445,48348,24998,16542,39046,12471,29193,33404,1757,3701,26759,42241,15306,2412,19737,15087,10167,5149,29346,32084,45818,14287,9941
27667,22741,19653,29281,17843,24200,4736,8497,23298,1102,12724,10367,13201,38070,8819,49488,23555,46565,10973,28567,11273,11557,31226,27362,22606,49637,46398,46448,39007,29286
39087,3398,26291,25487,25507,1359,44637,48490,1038,41927,9001,11903,41244,42410,2978,29139,27437,23978,34045,30549,47376,26924,18277,9054,49283,655,37048,49601,12359,44464
4164,12177,26417,42577,32472,17318,39554,43298,11724,45077,5281,36296,48731,32026,16804,7954,24386,559,22664,42155,44059,30025,36951,40485,11021,30164,24017,30587,8517,37637
25217,35232,19802,18180,20077,2734,46416,24699,32779,18302,49545,48725,21809,672,46229,1377,32752,15111,17570,44635,40114,3413,29315,44886,26288,32951,28056,49657,3936,36393
25010,11655,35856,25047,19255,9204,12961,40094,3462,9159,17142,22696,20803,46054,9779,37649,5751,7960,3785,37929,20472,36192,5426,45847,11039,22697,45026,8969,30892,22566
39053,12305,29478,26361,36437,11874,15906,1749,15794,44980,4058,5832,20956,3156,38116,42145,42281,22609,10376,24971,6564,35989,20757,32883,44246,9827,7823,35324,35205,38864
30675,46283,4770,24719,3067,48441,23106,16756,37953,26255,49540,4074,14168,36593,37132,48995,48545,3020,26135,47536,42206,17371,19462,18332,13890,7321,29343,31840,46401,31258
34677,48344,20801,10674,15812,33533,2094,33518,46371,26404,5955,42122,11701,6454,45364,17367,23968,14431,31911,34803,31763,26711,16752,42994,47127,43351,16903,37932,29423,3249
16477,3349,16525,46522,204,32178,25874,7277,20183,41934,44817,34881,28012,39002,7549,41860,3538,40790,13427,4449,46129,3632,1664,6050,9492,22571,49461,46580,1777,18884
36257,43887,8632,34441,40441,13183,35276,22525,45712,25291,12591,24820,17032,33081,26532,39632,34671,2278,34528,49424,33532,32464,27849,36944,37365,44970,30800,35071,33752,24972
753,15298,8673,1971,21515,32421,27891,39321,38606,20795,14993,28287,38305,16672,47306,12421,26048,21950,20843,3810,16687,24265,23702,39767,16044,40918,1034,46271,8385,6719
44584,19656,43077,4735,43320,34622,2373,37086,1743,20972,35915,1330,5646,11920,15232,23189,40221,45183,47435,8814,48478,24098,48946,46275,4648,43971,16290,22243,24943,37195
47234,14545,8678,21046,25606,29727,17831,20531,9749,26314,21365,49374,34072,31464,13585,45409,47182,16767,12415,33834,26221,26982,42608,34962,874,4158,7760,7949,32763,35050
7508,22637,4874,38668,17845,36937,40278,27769,32379,37427,20762,43595,48238,13845,38721,20943,49239,27459,34331,43178,22743,23826,6856,31084,7895,40771,16790,24958,39844,48103
44677,12307,28943,42010,49131,37181,1308,47366,26487,42824,23753,28275,2481,42107,7202,31481,26226,21776,8132,22258,20036,31594,49386,17761,38498,23520,40093,25289,26709,41346
35191,14191,25949,45351,3717,655,49093,42514,28319,44952,24051,34863,278,43832,49248,25904,29957,27081,7612,49766,34284,47896,8104,14482,25716,39271,21850,32812,23413,18624
49210,25152,42664,27189,39869,45550,20595,33994,22800,21601,19334,30291,1331,27031,20593,25003,27400,42,44744,31943,16621,30275,30825,14354,49364,44366,18302,16634,14929,20147
17487,25504,22624,15339,49112,4840,26031,34535,35378,36217,609,31463,41161,7963,8769,36323,5430,47413,9578,13078,10751,26021,42224,14891,7856,42951,47668,40502,19672,48478
42007,14737,29064,21061,34411,11477,43654,35312,10038,29995,11064,9576,12096,27701,35256,25830,22492,37554,16271,33069,34173,5578,23612,34509,36084,3918,6861,31799,16872,36044
22294,3978,5520,23881,32098,9868,27656,47826,14656,26787,44589,43345,19674,12872,8626,12043,7986,46320,4675,8625,44764,9240,48540,40904,40652,23199,14946,15709,9282,34729
7311,30037,17960,28699,4009,35616,5644,15556,1756,33508,26607,44621,30259,18473,48349,25101,37655,49410,1214,44627,28102,32183,31999,49858,10686,40160,2198,3354,38922,20273
19235,32861,37759,37665,46581,22174,45386,550,34241,48669,16935,41921,30764,13479,36705,48340,42496,46624,34969,42008,34794,915,6333,25311,38757,13028,36911,10248,35769,47114
28493,4013,8749,14143,49919,41650,15120,14840,39650,38807,5657,26196,22330,33702,7330,22501,13322,14551,29908,37749,17029,29183,2993,48276,17551,7172,44790,6052,35612,42351
10366,6291,18258,25676,21747,3060,30405,2189,18558,21263,31694,43221,29169,1842,15208,24182,24782,1119,45259,39767,32341,39341,34864,17305,48886,13077,32506,18901,23713,1448
29736,1783,48872,34097,19245,40767,20863,21105,42590,31349,14601,14282,22011,46602,27546,48630,8378,16292,6748,2607,9825,20935,43394,16778,34162,31448,39991,450,30621,17614
213,1557,34958,35305,41914,15369,8167,5102,21980,39742,46069,39556,5042,40977,49034,26055,38123,610,41997,3477,22280,15423,33599,10538,36752,6556,45408,45861,47922,24717
47324,35771,32976,46407,28626,46678,42707,31937,24776,8165,3148,24104,14910,14501,26134,13390,7991,1992,15108,31970,27131,11987,5897,14523,24724,6224,34465,4845,44860,21036
47165,40190,23725,72,35899,4014,3155,29516,21368,358,21418,3496,2352,30798,46899,27287,49678,18941,36442,22555,30121,19948,1458,47203,27332,36296,11616,42002,10481,26765
17262,33479,15934,44641,894,24821,4579,17007,2913,8581,48959,16226,32998,37100,7099,44655,10916,8823,35393,29121,33530,27758,47602,22221,49217,2070,14504,43898,28973,44091
32807,33008,2272,27048,4900,8071,12597,36674,9527,25678,12103,17216,25186,31187,12685,37094,41823,16565,15844,21095,1283,39426,39658,562,14949,31679,17346,8869,20232,16558
49936,33128,45964,38697,9484,1456,8595,2023,34944,14124,46979,27148,32416,40193,15582,154,24823,40500,27622,44219,15421,5046,48923,19420,45357,18943,48730,18143,42848,23843
11709,7310,15351,2187,42769,5806,13765,27089,31481,27048,19602,36430,10379,13423,18861,45514,46814,12221,12475,35114,46716,49472,32820,23546,7095,23874,18718,12355,15974,37700
33272,37942,36704,41969,39651,19840,38211,47402,18650,17096,17105,49585,14033,27876,6845,31736,7561,14950,37316,18336,49427,46529,39197,18391,20711,48746,40591,7254,19038,6891
6974,22647,31964,30610,39226,3532,6942,45155,8259,3494,23913,1655,7548,1711,39580,33999,2392,9721,41496,30823,24383,7755,8125,10618,22320,39676,24796,19140,29935,37053
40980,17269,4785,42705,46966,35905,8887,33793,7467,25620,28271,32934,26846,23761,42113,28616,45791,6756,28593,45319,1850,16006,26717,25633,20336,20209,5619,49732,34368,29492
19559,14393,33056,38525,13566,20164,15573,16946,20636,36776,44834,39490,29265,28736,5267,8004,13655,4348,36668,18941,27215,26867,24740,47440,45233,1953,6525,13554,32921,39734
41875,8516,17808,43662,1049,15671,17259,7655,24865,21525,44425,21066,38841,17897,12564,28440,7163,42395,26243,9172,8881,2342,7530,26053,19488,39726,4132,24002,32961,30782
33271,29418,27030,3719,24425,40151,21092,28742,46632,3206,36454,1425,3664,6113,7808,4881,33214,11185,36834,36845,27742,18426,25193,48394,18391,7979,40780,37629,35534,4891
39910,25632,45348,15268,19363,48105,12721,14377,16739,34687,31194,22074,25543,27934,2962,43201,25708,40360,36847,18357,46717,23495,10603,47784,1367,29574,18349,38409,2338,48786
13036,10133,9147,37649,11058,35055,8634,1967,33724,17952,42507,17226,43887,23240,42616,26298,40961,44320,20195,42618,47993,29330,34383,45005,46093,29001,32321,350,23913,16661
10017,16332,29664,15021,44262,9910,37044,31317,35754,2171,354,5267,38023,27990,28098,623,15530,34854,1167,35305,22679,20781,48275,34994,5393,45498,7344,31769,9054,32611
24505,401,16390,14783,93,36041,41794,38814,8040,21246,38070,24898,15552,35988,35158,5375,20177,39620,18952,40409,40800,33112,10032,6292,26359,44164,22594,7114,28944,10635
49972,7105,8630,4055,1208,37996,27649,10024,6518,49521,39301,45751,19654,25842,18635,17698,36643,36390,11797,43428,9261,25908,19276,44944,47584,21652,21874,35851,44596,31566
10588,45827,15188,3227,43072,49967,2925,17121,36680,201,45473,37828,48708,21325,39673,46389,30233,20106,37896,9002,26703,40479,22966,17477,31786,44838,47680,20329,43629,48768
35349,14388,39137,5599,36195,17902,4761,26242,4475,18971,31534,38556,24308,5002,9363,33355,4030,3578,23844,41428,45731,41323,36989,4952,34255,20182,6763,37415,8980,44950
34758,8161,23971,40716,48318,40566,36952,11201,1836,29619,17568,3186,2680,3686,45804,3032,25307,49138,24511,22690,24876,1997,7941,18041,47317,31149,12173,24157,48993,37697
38,37110,34575,24270,41225,37411,38718,17709,6977,4740,42969,42543,36105,49161,36925,391,36082,15774,29368,20329,23176,35505,13633,41286,23791,20299,40381,811,21774,28635
39253,40793,7397,37367,47034,5289,5695,38186,19684,39293,7446,2361,42431,8938,41269,41896,3308,10977,27685,11963,10614,39978,43142,37244,36257,36017,10373,7847,15656,25882
21244,27230,20913,42765,25985,36895,25504,14600,41076,31731,33245,2070,15288,28480,43010,48011,10663,46183,43651,45543,38785,6307,96,35116,42383,37317,20236,35631,46538,12000
32022,13174,21328,18490,5775,32195,33268,49920,31768,47744,3974,34155,25425,9654,35468,5070,19043,31333,26385,37801,28576,24950,21933,37639,6235,40423,49448,26425,43549,29438
1277,24690,32541,20623,39852,22461,722,10912,30514,35023,45357,25640,1899,1644,24693,43475,7623,41672,10962,11703,36038,40722,14749,8983,12972,15573,27795,19180,21985,43410
7332,27860,9534,29498,15074,36473,48212,14350,16400,36197,7620,36175,26661,5938,26414,2251,35199,47499,38476,16544,34814,10890,9757,27437,13280,26010,7031,37720,25545,32678
23789,6915,314,34492,49721,3420,18232,39631,19312,9270,31744,48274,9749,49456,15968,46021,20104,47755,37032,38143,36461,19690,25297,631,13546,1900,4400,35947,6277,29559
20154,966,5176,45413,35740,7511,41227,20452,43525,22835,29622,42825,27674,35118,46578,11671,7786,6435,3303,27277,20618,22855,5614,38569,43846,11638,24366,20463,5432,8323
15693,12245,26590,24971,7865,27098,40421,23369,40097,17968,13755,2059,34371,47578,4054,47752,27664,37977,26078,7428,39078,20717,13468,17911,26641,48368,30057,25413,18503,40308
3797,24651,41611,38909,39679,27371,9966,14040,16275,5212,4432,43624,28035,3636,33534,29403,1618,9951,39438,9827,7485,14108,34761,36146,36182,20802,2303,48553,38179,8414
15786,7629,44782,3485,24066,23183,8034,3019,17299,48379,46478,31141,1121,42924,29444,41444,29115,20337,28531,33300,33552,13283,27645,24499,17493,48695,20854,17355,9774,4049
37183,21521,45211,46995,48474,19846,8319,7554,14720,31809,47672,48668,5392,46776,21560,13396,40661,44993,10050,9360,45126,5591,9181,38473,23732,871,28708,31355,47062,37222
5162,20488,26378,26497,43005,36984,5998,28054,37585,33021,16993,34130,11200,17667,49558,743,3071,43318,45766,32199,49914,47430,422,13459,39935,113,22239,25677,30554,5063
5614,17114,25041,43220,948,49790,6291,2662,43139,38673,39914,8513,36273,48642,24820,12268,45212,32415,19794,45336,49547,43248,18624,3740,16273,36688,32685,43281,41609,35037
47967,35273,37696,30339,26803,32064,49828,45958,13038,122,3744,23846,49273,46032,7962,2238,37897,48510,28776,17648,23891,41635,20441,17807,35052,10262,9797,708,2285,48468
31850,8773,41443,48754,42830,39169,24857,8127,16321,15819,18904,33813,14867,23842,22828,49735,13161,653,33576,48530,48610,1760,27126,17079,26615,46927,6212,34380,41133,29614
4536,35451,48655,24763,9649,9153,35239,5881,19534,43719,17259,6868,25455,3199,24772,23435,32190,30667,7506,29370,15130,12073,49598,2762,14137,34316,10070,32351,12209,15524
49847,37726,45006,37076,14022,4164,32885,5782,16204,28526,33972,26437,23852,42304,37728,49809,17598,32084,2057,6676,44908,29143,8917,10435,44817,4649,40392,37629,3935,9567
34912,9923,33268,2852,3749,33285,29833,33253,3230,12184,11236,26938,43766,41735,20155,11963,6950,9810,4061,37102,17992,22329,30874,47634,49622,22833,24447,10644,40054,42579
8242,45389,29425,25249,22375,7673,37628,28118,36809,47872,1039,43638,48861,36321,6573,47990,23938,14935,39176,43990,49733,27152,1688,32568,4931,20533,47273,2714,828,11132
8415,15896,14400,16128,40315,30230,44412,13117,32647,7038,20536,271,823,4556,29670,15521,23786,1980,37585,38393,3835,43602,20484,10472,28418,34618,43846,47247,5641,12432
43238,13088,14463,25000,10182,42792,21612,33417,12109,37213,33368,38176,7524,27643,8260,25736,8484,13338,34344,23706,17054,13152,33664,27975,8111,7553,38727,9881,13035,29710
31149,15500,10248,4087,46424,29739,30624,45116,15838,42171,15997,3419,10954,35412,28194,1442,16120,43086,44554,6823,11093,36515,18098,31449,19662,38297,19820,21581,5076,49159
36032,2874,45319,5459,32527,1172,26160,18187,7530,47478,13698,26836,18169,48162,40507,1909,6878,28669,15507,40157,34071,24773,27823,23919,46572,32533,31349,43720,6746,950
10822,5947,9673,23768,16722,28481,43280,18173,45600,691,7650,35794,7425,15864,23631,36100,7717,11937,46916,24801,42671,27808,48817,48491,18957,4474,24537,42679,42968,23701
17371,17579,48221,45604,25559,36958,19789,12532,18121,40226,42546,27153,32052,47151,30111,2780,8383,46740,11376,33219,1100,36947,40119,34223,47117,49514,10306,38708,4348,9389
34582,31384,335,17429,41044,34218,19158,30763,47464,34742,22466,14204,41767,1421,20185,26168,21513,12220,31470,31327,27734,37929,29891,32013,49973,32817,26952,39538,33337,719
39754,45833,21874,5357,10283,4338,31462,28786,24898,40297,30048,33082,47658,33119,12527,43512,27050,22859,2557,18362,17932,36820,21643,48757,14769,16154,41298,13804,32179,31585
27731,17910,20398,36293,18712,18851,12388,42002,105,47656,6689,41446,17889,29237,34849,15344,27715,27231,48490,13896,15030,12112,9038,42967,12733,4035,23700,30078,35276,45932
13881,42436,907,9686,7794,46187,8365,19277,47965,10477,15088,35523,36103,5332,40390,20272,21376,33100,9863,13463,42351,25094,13410,49145,36477,26141,19318,22864,48197,9205
35344,4821,35108,25475,12015,32126,981,20484,18477,38082,45522,3829,2416,2436,1386,19087,9896,34493,38675,24492,47184,17536,35261,16402,10682,48353,4569,25405,30322,8477
49498,31572,45692,21485,21561,32925,43129,47368,36745,31291,23430,26608,21457,23311,46748,45295,48715,31009,22183,45534,13244,38989,13601,46359,35153,41067,1698,21469,28625,47385
47837,46094,13886,14431,15247,7480,29964,843,6579,41691,9138,16609,14943,28093,28345,38432,41719,20072,6153,29942,612,43627,22102,37872,21347,43248,49262,20057,17902,49915
45212,22260,39833,565,19472,49477,27153,19797,10308,8824,3648,19014,44668,44597,5425,49106,13561,10467,708,8205,49596,39100,17019,14232,43199,3767,22181,4617,19325,10123
13183,9321,8478,26626,19357,16065,14441,44052,43682,10135,5041,12780,4865,912,28506,43081,28730,49071,10604,18600,25458,42651,36548,8478,46469,27572,10760,26252,1583,42232
46724,20972,10916,21500,21733,23082,38057,43304,28583,34300,34578,8903,49874,26802,1875,33925,20003,10688,41122,42331,20866,47098,11266,42407,10966,4218,4937,3544,47597,49228
20429,14634,12318,48724,23454,21700,20328,13134,14932,35291,8780,49497,37278,32934,18865,31371,36403,34155,43842,38815,27790,29112,31753,7298,49219,29973,34662,9117,28660,44085
26149,655,35628,8768,38745,10940,7889,8239,31810,26829,33133,35702,44907,46863,17106,11757,17283,37298,8634,5827,1851,17959,2202,43192,18006,44950,41871,49110,29152,580
44020,47816,1026,43926,49011,30315,13025,42410,25616,27389,12488,24997,49608,14711,40447,16548,23987,35239,14133,30514,20677,25038,12222,9287,9384,22136,13950,21534,23413,31486
42591,13599,5061,4384,39334,1481,2295,46853,49653,13479,17370,20097,13651,17068,45632,3071,5789,42633,12024,30035,21479,14176,587,32696,23280,26769,16688,12807,19314,33022
24473,31133,7906,38760,42077,38518,12093,49502,35591,32027,49470,13673,29844,9795,15314,31685,26499,14981,29341,9978,1107,3110,21969,42652,19935,31200,15466,22926,6870,317
28712,41968,6227,40289,44187,6435,26396,21569,3197,3547,34739,31220,769,8902,2869,13449,43463,853,16851,41797,8965,33738,38780,23847,4129,13206,33147,23753,20519,1794
33920,9852,25650,48767,5467,43971,6225,14967,34397,30054,46762,7896,39612,37451,26738,9789,38442,45522,46727,33804,49649,20163,44694,9494,25036,35336,14306,10999,1996,3681
29589,18748,34967,26831,32132,30112,22011,7634,20071,30078,44721,40356,16704,49218,8891,41899,45576,17169,41647,2974,32980,16715,21737,49987,49884,21758,39272,32216,46509,24319
7931,37323,32862,39842,40058,30182,26527,2358,32416,26575,19089,31501,21949,40315,13960,49393,20657,833,7402,12462,47941,41051,41730,34830,49948,22910,3861,28815,19891,26133
16247,43808,3353,38039,31148,18140,2458,6369,7706,4926,34103,15358,31872,45888,25873,41606,448,45920,38659,5968,23407,48577,42756,32156,41614,23866,12469,19436,2145,7101
14726,29118,41830,6514,35827,41815,23527,47628,10308,36128,17679,45746,3960,18766,20902,1268,9924,31923,38815,36688,17088,4326,10782,31559,28719,14314,41502,22140,31173,41277
4197,19598,20194,43254,17759,35712,35031,22256,10998,3013,28089,26649,41768,35348,34900,8593,23387,18480,15586,35013,44844,22333,13357,43048,20880,40824,695,9594,37667,17912
22157,47362,26400,35175,38761,44959,47395,6331,21936,7713,5298,2709,47768,33806,7207,30194,10673,13739,33377,33828,46688,48909,42955,11788,35708,8281,15026,27179,34197,42798
1379,31519,8403,43728,15733,45566,40379,40489,33235,19367,29849,33164,25725,44105,47340,40571,5369,22655,48158,1923,39931,28227,49375,3373,46190,34356,11609,17820,31444,48306
38556,29102,18411,8869,40850,45166,10774,27384,12914,33220,8203,43468,45724,32822,16718,12205,48222,37703,39308,35202,37400,7613,46211,16606,25282,22095,4012,15342,10534,49411
36302,20187,41411,41043,27262,1559,14131,41334,2006,5081,36856,47980,36609,42606,3416,36735,43398,7043,44878,18257,10978,1786,18993,16197,44314,37081,42055,22075,15874,17206
15081,49298,10597,49330,31525,36714,43755,15420,15142,37044,1625,24582,33523,17524,29525,49587,38287,42569,4522,9606,7442,18891,35825,28876,33947,30036,13176,9410,10395,36655
38565,48933,44491,15907,42874,12406,22414,3197,12601,12730,22871,19281,11849,35547,37776,7979,21771,14487,35517,29634,47123,7154,26098,40224,29436,22240,34597,6426,6434,21420
14433,35948,40580,5397,27877,44539,35999,45854,32262,9541,38650,8217,22149,45287,14532,49868,34286,25419,43777,18799,34272,28040,18362,16325,37469,41784,2868,44123,15720,1210
472,31906,45158,47392,34747,18813,9590,14986,18915,42994,49693,13760,29649,4099,23417,19250,10871,43680,44951,11151,10299,42460,20278,48860,48264,11765,31475,23853,21561,46479
4653,35995,4364,729,28355,2680,34426,23398,46505,4263,37933,26519,24333,26042,475,35848,33364,10736,28351,2028,15654,15239,1020,49546,46419,6588,46188,30319,27605,16869
46390,39981,21092,8629,11794,17254,49847,34491,44197,39560,12296,41654,11568,31087,44339,46601,13080,26004,27085,23372,6647,44021,41071,36118,36900,21374,17713,24391,8709,23759
41360,28035,35514,42881,46421,35538,36420,18033,30707,33613,17407,19859,38534,36118,1702,35283,31275,39309,49260,38926,46622,31325,27611,42256,27417,40705,7801,32117,37956,18293
3859,47436,38910,20372,37136,31634,12609,5386,41583,13120,22062,29698,46162,1474,30482,44152,15465,2022,16143,39050,46078,30209,18275,5969,48700,2393,23252,42810,14988,12331
15004,28419,20892,18204,5874,25147,44834,8625,41974,49830,15950,23527,35500,20864,11116,29052,14455,35931,249,40059,23798,38499,28734,6069,5743,204,46552,46637,32868,39431
4418,33951,42788,42166,15512,4487,2675,44441,35120,28881,49569,45201,28463,7966,27903,18185,23024,26120,17215,21249,35775,29936,33902,45712,35266,45502,5756,1146,8491,41428
2059,37690,40723,43870,28319,47345,3113,22110,36661,23347,13817,49106,28503,33886,47462,45661,14568,15442,39527,14053,37310,40879,23392,7625,2823,10284,25652,11252,33411,41488
21655,4620,18922,36312,10181,7146,28760,36580,7573,14715,884,16064,13429,39386,15957,29246,8553,25493,6200,40375,28991,13193,1884,3384,14354,14445,765,49452,19574,35082
4644,14005,1069,41092,8233,34136,9498,6758,14172,31862,10813,29606,38397,6932,40522,20993,1656,43372,37085,31423,24718,28120,3978,48935,34753,22507,33941,16660,13241,29460
33696,40234,2241,9557,44718,46470,40551,14425,2508,15114,8050,28013,17649,44610,6182,11903,29961,30933,2833,21239,2858,38912,22990,13201,32909,26732,20516,1587,10986,19104
15598,45844,13474,40870,4164,38667,32768,4124,23332,5559,43475,8562,6879,39099,10360,7735,33963,10494,48992,25170,11380,40503,28255,17541,38067,10818,29137,6521,46553,4202
18251,41893,7678,37038,27892,39251,24506,6326,1972,43909,47162,38048,25742,2641,23156,23387,32772,1360,10146,213,22896,34490,16408,37028,29378,35298,33966,5665,42417,3902
43843,47598,12769,48588,2875,31282,6896,4504,12796,4398,30957,15898,2156,41558,28619,38680,30888,17390,26781,32809,34749,29074,24988,19436,37687,35219,13435,46659,42278,18717
31813,10097,1056,22277,21059,35204,3459,30814,5727,31576,27695,39260,31472,45800,12281,12451,35301,17441,8239,20351,3583,17922,1418,3775,2222,9377,32490,12680,37760,25303
14041,39740,10867,26177,39250,48781,14814,5546,14710,35687,46254,42378,27753,19784,45905,15039,9739,29832,14530,11179,37278,5265,46829,46034,42407,34549,44995,11641,26256,36939
35340,48863,4933,37773,43772,23722,1305,46294,9555,13624,10093,31187,20325,4715,31293,12780,29648,44100,35942,19455,20180,48071,11036,10584,48640,34543,3928,31966,31998,48338
8672,1627,11367,17368,4523,37911,4262,16044,7032,11025,10460,11580,9536,15329,21935,30440,11151,18117,38695,18023,37762,37070,49433,42221,8788,28387,31461,19398,24719,42286
47406,42359,36857,25009,12317,20428,3886,15728,46134,25097,27810,35722,12296,11306,8753,41208,2033,49730,34123,38185,30686,39261,31376,42986,12130,17954,13407,41705,30042,42050
37424,7089,7582,14774,40533,27008,9783,21774,28843,12659,21600,6722,22569,42684,36783,9192,12152,16196,13629,21978,45527,14766,4771,5110,26301,35415,37428,7359,20921,44488
37763,41801,10335,1280,21405,44749,14404,32612,7881,36094,14050,24312,33640,6067,37998,3586,39423,4501,46410,28933,16731,19325,29976,37372,20802,47010,48118,9326,7790,45202
30977,45852,28115,13686,6972,13427,25351,30622,16865,14697,5075,33541,25513,31537,29818,9046,9538,39433,38197,39767,26614,24181,27304,2838,17703,15128,39508,37761,42315,38484
15926,5781,45745,7995,33983,47997,6415,20597,47721,7309,26980,45369,2986,46536,39854,23661,39421,16928,33705,39962,7661,39194,2470,11197,16830,21775,19359,43292,12424,19243
30997,42767,17894,6332,2603,41453,2664,23539,32662,10523,35029,31836,28214,29264,442,17351,21083,28903,11258,37038,22046,6101,36347,47583,44366,38206,20771,28651,8462,39393
26678,15163,24764,35296,8537,5993,29367,46226,13858,36643,26601,14496,46690,16662,26719,11914,39298,7552,35395,33486,10774,7025,33424,2193,13273,22850,4995,6342,21257,3535
12479,12320,24553,3032,37656,6730,32586,12947,11208,6007,30718,8680,19192,1814,14296,16210,4532,19815,18561,44395,22263,19475,33986,2735,28010,37288,5418,6575,35984,37359
6182,12940,16272,32045,13448,33581,47047,20442,23659,30912,42377,11373,23217,5212,9144,23157,43665,7818,36574,13597,18150,31680,36433,42885,25612,39017,31172,29993,2327,16934
6353,40023,38360,3200,18277,19989,48323,36376,25424,48026,28823,41422,7082,44339,48597,22604,9538,46794,6136,20483,35438,27605,9718,4150,5295,35196,5407,23321,38836,45516
43188,47844,18000,40237,24107,26548,10990,3700,40458,30854,46664,18360,20145,25010,46170,36925,13125,45402,4605,10366,40229,42418,25505,49493,31278,17107,20645,34212,40278,15057
28250,33856,9768,26988,32005,21808,7527,11717,3757,34543,5362,21208,24023,4108,43499,41901,30501,12630,44562,3696,32813,11449,28839,21677,5334,46721,39069,14474,34711,22250
23220,3953,19633,36245,18514,35324,6990,31772,6765,1081,45065,5093,39335,35891,30891,35659,44167,42622,32182,39000,21560,48680,30402,26881,49627,9817,12154,15125,25206,18569
27760,16793,17261,22212,40720,23601,44188,19197,5528,605,30909,22195,17554,9349,32559,19756,39532,22601,35094,2324,16157,28188,29232,19306,20921,19975,22892,33093,26944,28296
26942,11133,26516,21634,28198,7131,19933,29154,23606,12450,31872,10644,23776,31942,45714,14602,40822,15443,43080,22216,12661,39723,30175,9322,31269,22534,45984,19355,1549,21022
30607,31853,10708,28923,30321,6107,5056,5735,26615,1090,45202,38274,21020,25981,7397,33194,44044,36359,13531,19247,15811,39153,1664,37836,17672,36227,8832,20385,22823,20096
47781,30282,43252,41113,9720,40792,42905,4174,40899,21659,25374,5557,24892,2231,13924,11660,22435,24611,17338,14152,31397,26742,24283,46608,18949,23869,41339,10918,46558,13533
3551,27470,11272,32948,14339,48758,36008,46417,1568,19677,14434,18483,19639,21802,30873,20873,27108,43424,13889,9313,18963,2291,25510,1637,5302,31514,47458,23772,27010,21820
44130,19479,31469,17358,21677,27927,14475,29834,2822,19508,42662,26398,20747,27335,8163,31268,34161,32806,8650,7534,29226,42184,48333,9797,3113,40606,24619,34351,19508,47723
42825,4207,11713,17795,19665,23628,27467,16280,24741,5451,27912,26347,16880,48726,24563,16061,30324,9591,27576,24481,287,34762,18008,29421,7129,3466,9416,3636,17934,39045
42349,22402,18638,17847,27454,3293,16649,27486,31213,10549,7225,4576,24560,7476,1699,48756,25892,30517,30834,40351,38379,49129,34148,13852,34989,28437,25243,29001,25539,32199
6450,30044,29529,771,20652,22924,22650,42102,39035,34436,27312,41865,34643,4729,15402,45127,45719,3495,4185,38354,21591,20874,34320,34772,2555,13408,14920,10550,15223,41796
3973,29022,31953,27140,22358,38197,44687,46950,20510,47742,5248,6161,10658,4085,40700,11033,46657,21901,1336,25577,22803,32805,615,10599,40228,1572,5169,16146,33740,4435
26387,45483,30957,23674,22947,3702,4766,48876,27745,19863,19741,49074,25655,4304,25467,15028,27411,11233,7930,48635,38374,14721,8678,35686,20572,29035,2130,19500,13118,17281
47725,17481,18541,8248,13523,25681,37674,48871,7696,6208,37209,4076,10617,36987,21026,44298,7252,16219,38038,21409,6161,9676,13509,40509,49842,40131,13632,29127,32292,15618
22237,32683,19460,31708,11060,41546,36737,8837,34447,8778,20066,7022,17965,39762,31657,14294,18372,42525,11605,13862,11495,1473,44037,34132,40183,37879,45193,32593,2894,34292
7162,9133,45138,35063,22912,17558,16843,1025,31507,580,45707,34781,22054,38327,4210,44990,44056,5551,20395,39243,33930,10985,13621,15252,32492,5896,40260,17115,44347,29834
16296,7502,37862,18538,42604,16669,11648,47037,30222,12164,33032,23797,37171,37536,42520,19043,750,31793,43324,13866,16218,30670,28206,7599,34164,40499,47590,33182,36724,13930
12557,21061,29163,15473,103,13803,15457,41041,16148,3866,35065,1404,8909,6823,26586,45592,33542,36805,36915,35929,5724,40505,1589,40547,13081,23906,7618,6577,29219,48786
12466,23474,32528,48231,16127,18988,46725,2224,29843,31081,7704,23911,6909,30978,37582,13541,49503,29304,13000,41144,32719,32224,46982,47080,49755,24835,28735,22002,21356,44343
35147,21811,24768,6331,44983,13711,21522,32892,41047,47793,35362,27852,26354,19862,21160,37406,6739,48720,30953,32097,40847,7267,25317,27512,47038,19156,6038,15149,34725,26091
29401,23910,31491,11038,47300,30475,27183,747,45366,21334,21531,20367,6927,48288,14674,34595,21770,2034,15834,4966,39870,48705,38904,48715,1342,522,48458,29215,46390,36107
9187,6610,29990,43223,30960,43341,26472,48971,35999,5436,25227,25982,19544,19123,19508,11176,6319,40700,25136,10622,13159,4491,15598,28045,19606,2180,43784,13935,44802,21002
27649,25406,7354,39751,41403,19629,38855,18549,34706,6244,42376,38797,39249,13995,30916,32204,5524,16304,1348,5125,3507,32053,28880,39718,628,951,13778,7155,28289,7279
12026,45761,45235,29908,3151,29180,35570,46676,7933,49872,27787,8531,47135,40915,40351,41808,32206,33290,13333,28947,9995,37286,4207,30837,37391,35469,9284,17515,36970,35989
18255,29327,18260,34738,10117,28866,35360,10429,48754,44684,18006,49716,6036,25917,48725,25194,17584,35143,10687,22370,13167,19877,48555,17047,36545,25567,44000,8704,7816,19107
30319,21400,38260,49522,22026,20805,47854,25073,7963,36558,10261,13210,31946,47740,37139,27024,48629,33423,17238,22130,4042,38144,1806,6644,40607,38152,15953,35946,11211,29001
16372,20293,12668,30526,5738,44204,21978,8128,15918,48446,41710,43038,44256,1801,5722,19051,22621,36369,11809,10302,38971,22590,21362,6797,34781,22970,33710,36284,17963,37296
4941,13812,16500,7046,9205,3590,23424,38024,43522,25092,35111,8097,7024,12247,3279,23257,15442,31659,6425,16040,12041,18710,36096,7281,21272,25685,18192,28375,22762,37490
29042,15508,14747,5299,18503,10177,22609,12169,10211,18886,32828,4699,36112,9238,6769,41991,25472,7469,39332,26293,17396,19985,9525,17605,42624,48259,17145,47747,31361,35714
36067,30345,31480,37879,6044,38030,13623,11270,34963,2088,49707,43378,37129,22063,32076,1436,11176,29260,35184,5823,33328,7677,36306,38325,18226,38585,35413,6560,49851,40999
6417,11938,42040,33223,36484,31438,40339,21710,575,41577,48532,30569,10245,31662,3070,44309,41519,25751,29747,18797,14260,38057,42894,48716,35299,42505,9165,41065,25117,19685
3316,24540,11414,27401,29632,41,10753,13717,31044,33026,17990,49398,5054,48099,35284,25077,19377,31031,35443,1795,24021,22254,49363,37567,11838,17405,28985,17640,13109,31770
42739,19751,22606,22797,15455,1804,31916,411,18994,26974,47940,25319,442,22807,23639,24655,34214,4946,32257,4995,36424,43289,15255,7610,22209,22549,27593,8101,34185,35964
35428,28478,2714,12703,1411,27705,32821,24549,19613,21501,170,40803,2423,31326,44144,16669,11723,26852,29793,13350,32293,47151,25123,4063,41771,20874,5145,41951,18097,33894
968,15723,23834,34089,10182,29977,5614,21768,34698,44506,46732,18201,40665,1986,43200,44234,29667,46539,36727,11812,46806,22189,34372,17689,25670,47335,26406,24164,5685,36500
6113,38892,14748,22070,49940,34094,14824,31784,43792,38602,29365,11350,23239,8693,7861,7048,24542,48892,49920,14312,33695,24241,18720,28461,9496,20551,42971,19553,21259,49950
49386,19245,27826,9246,14406,28697,49048,2825,36919,4085,11715,23386,33623,17330,20832,17813,29890,47138,23199,41676,43236,29071,16108,18801,13595,35016,2046,30647,15502,48486
15492,34548,28141,27016,10287,40243,39311,17740,25345,29085,31793,40103,2347,47468,34891,21718,14857,27890,41316,4405,45528,22370,43651,46217,20204,49710,21049,2192,47007,28095
10900,41776,20064,7827,11577,16891,11519,15001,47870,10855,28916,19850,3544,30935,17805,43413,39063,22242,45261,5694,42418,5898,43045,1503,22210,36102,29949,23743,19005,47088
26635,3188,2163,49583,13569,19266,44901,40258,36671,2940,11320,11425,48636,38664,49681,26167,9467,33980,44853,49112,48044,22087,17699,19823,33207,17880,10552,43153,46769,16587
31827,11896,17891,34304,23806,6718,44243,41736,39656,1226,22117,800,12524,34694,49544,45144,12314,2182,22847,24125,1978,22495,32785,25037,36509,27389,5040,2547,17094,18003
31547,19853,35319,32264,7857,19863,20257,25893,24759,19900,12966,8558,37739,47401,48429,16893,13876,49760,14421,1730,41089,35631,46015,33367,49410,48580,41710,16756,37799,42398
14009,8576,46001,41552,156,8117,27883,19738,34623,31896,25357,42562,11350,21833,23546,8817,30033,31629,42594,13255,32665,9452,33665,36729,26888,45485,44961,7155,14946,48532
26283,10225,28645,10062,15559,11125,4999,2824,10039,21428,43500,44557,28582,44072,17938,46588,33239,34715,34997,35916,37864,17717,46076,19124,48647,35841,386,44492,38724,4342
3843,13995,6380,45535,21584,27728,15827,12703,38812,3891,40996,6743,36582,6452,13666,29180,5931,33852,4057,15309,36498,8574,33241,48934,10210,46648,5961,31610,26098,10648
10790,9183,298,48516,31120,22064,16405,40009,8989,46423,30769,4360,22288,41017,12247,42944,30773,27329,11931,42759,18473,33525,10894,34993,42700,26581,19092,6790,31083,18411
24837,11703,15099,27044,16559,32607,36892,30970,2477,34953,36277,21553,41126,3109,21961,6630,17608,45654,28096,31056,19392,43965,28474,4,39267,4225,40226,16475,19503,25636
142,45064,35202,12465,12298,27919,31350,39240,34710,2565,34866,19614,4467,37101,18594,22142,14405,16053,25428,29823,21364,7909,3758,8125,33271,4106,31954,18898,25798,39589
25587,42075,19774,25856,48285,15369,28027,1137,14251,28636,17855,18061,20170,40168,9945,9300,531,21951,248,6872,9005,10753,20093,23133,2793,35767,15822,42267,10788,5708
17381,38580,1275,11625,38144,32988,41713,31738,25810,41822,30723,33548,38464,21311,49311,39954,30247,41292,42858,36915,49911,20912,4108,36612,41075,12320,32824,46879,26450,77
29820,33264,11325,16743,25589,37374,46352,10861,25166,21678,6176,41792,13643,43156,36151,21961,33253,31252,32065,35966,29357,43938,37361,37935,45478,24050,49858,22437,31095,12576
18695,46949,41809,40874,33073,33636,34244,19534,17924,12460,8019,49679,15666,29908,15607,21812,48666,12474,47342,9599,9504,18616,3975,7821,42324,13852,12552,35207,44875,35325
27723,46643,13824,42381,42157,17243,16778,32379,22124,41875,21756,2759,20010,19710,19069,18686,35696,40784,20499,1365,2453,33055,24809,30658,16021,6924,32556,40788,3856,5989
45652,12436,43555,1501,18870,20513,30076,29016,44308,21239,27535,1286,5817,17510,13712,22610,4934,16470,2373,1595,37659,13106,28474,46050,2430,36523,13974,6345,25346,15667
47875,17102,44293,23205,25970,36359,5263,6834,24445,31493,28021,9053,28760,38481,43607,47615,11799,48541,40142,36977,14095,31320,31008,45033,24409,2196,726,13457,4022,7397
36423,32756,21250,2502,38418,1512,26596,30963,22188,49509,1747,16733,4774,17309,19953,48246,31116,5401,35118,10769,36146,27668,18261,5070,47871,30485,43943,24633,12397,27640
43377,25457,43151,6705,24092,39905,7233,36558,20375,6696,37582,16669,44985,46210,41069,4613,10008,1770,25134,15190,3281,18662,12027,42050,12965,3410,40845,17312,42306,49319
47082,34788,46561,15433,21281,44111,19847,3225,22609,37867,15292,38348,36766,31343,49535,19201,33840,3477,4638,8279,5346,41191,31568,28635,38282,29764,11107,866,7468,43978
31895,12205,41712,38902,6891,24860,39174,12722,20145,27235,25984,10103,43472,6551,25734,21854,28449,987,47209,41614,42344,24336,32438,13887,12564,46892,44106,529,15362,5989
10145,16692,22261,48868,21457,38969,17944,25395,31078,31994,19638,25891,2500,43284,31334,14047,20314,11489,33034,9184,31250,27403,28219,36470,8811,3306,5968,27688,15337,8813
12446,6946,29075,42322,41548,38621,4089,27148,10137,2956,8354,31382,14287,22990,24928,4456,26506,9171,45931,45505,39611,25803,34669,42683,1908,46098,9219,40215,15059,43094
19446,48920,32577,32742,24018,45665,24929,7763,7032,19137,28941,29073,12317,15112,34923,36705,46822,47531,43450,39181,21626,19688,48105,36367,43649,37134,40596,17335,1019,10832
14268,33778,358,34356,4822,38984,47120,3858,4624,3356,11667,26360,30843,7486,31813,7641,22824,43044,28691,31900,40617,41081,21222,5218,16702,23949,4204,42234,3425,34658
3833,23766,37541,46572,15786,45211,23134,40741,49087,44601,40902,40217,41882,47297,19737,41241,21376,36213,37023,34432,25488,314,27844,24158,24273,40321,35820,29597,12808,12602
37958,8764,38760,28989,27647,40896,26946,11834,43193,13221,10291,44603,7934,40355,40009,31693,47694,41167,36758,2318,12444,32705,20510,36502,37158,9582,22734,14166,41965,11952
48218,6778,3123,22752,11015,30267,11617,9527,34940,1717,45244,33360,31978,6305,36573,34841,47289,39499,14670,19690,1275,33321,6164,16614,13677,123,27247,16947,6928,40978
35534,28550,19157,8783,7100,40435,17607,47619,34939,29779,7380,43720,25583,8792,2047,44904,35878,124,25418,420,27313,42934,23603,32089,15845,16729,36740,4734,46051,39510
3995,20208,11018,23989,5310,36590,45848,1508,21957,26363,20009,29046,45785,21431,11012,27050,578,16379,47945,8807,21289,38961,49812,19393,23613,34094,6075,13036,35326,14551
49020,32839,42756,2850,45012,11764,21001,35171,35803,41944,27643,25718,10072,507,9527,45888,11899,27595,13532,6718,23878,24614,40936,48065,32124,19270,18990,7297,514,40203
20553,49636,14578,22427,12008,44731,44549,2153,41666,33468,669,43390,27761,29392,20491,8456,1252,20350,33861,16331,13191,43066,36146,28809,473,18669,18533,10243,7643,4557
3747,16701,49684,47298,14147,46000,41322,10971,28214,11095,30667,7746,31835,25056,23834,46243,26129,27853,13798,20354,12682,10214,37748,4111,34558,6781,7307,47923,31772,12867
3287,6271,37024,19250,2126,24709,42896,4681,26751,11537,5843,24424,37633,34297,8272,15137,41047,38558,36810,40358,13891,35976,29725,23273,22784,49451,30700,17983,27903,32068
38285,10099,22317,37590,49468,2805,11736,20263,31052,32763,8096,39424,2451,36402,8644,47906,29054,37674,6979,3227,47237,28158,37077,1693,38510,1148,8152,5304,9090,22948
31247,37408,43730,12351,43789,11904,35803,21763,35576,31641,13780,2341,18899,11257,4944,34350,20304,43037,18287,48094,32255,5920,28587,34783,9863,33385,27100,33728,45708,13831
32955,45427,614,10393,19346,40173,25349,34229,1446,43783,16553,5765,10274,41286,15799,15726,3415,8562,47416,15827,15532,19169,8508,3755,5210,17066,29746,26891,5540,41070
34808,33944,22799,35729,22850,11893,4615,3833,28042,49315,25608,33620,14358,26662,18396,41124,22901,35273,49732,13594,543,32600,23907,41127,41839,17839,35901,24548,30932,31718
10318,25765,11078,19723,25506,40887,47590,13953,13806,5635,13586,41589,30050,7047,26866,45664,1410,2099,43312,32,46349,34921,48618,36237,40609,4996,42985,26241,45723,2995
3728,3361,3912,2773,23434,5108,3902,44906,9321,49779,35294,15465,48004,48951,12378,14592,49588,24075,44950,698,703,6850,39831,48346,28621,3277,19549,4558,46805,36894
33282,24645,43931,18691,47740,31782,35839,47604,41304,41721,2400,12623,12635,49790,2184,43512,36381,10693,22783,34550,40145,9022,39436,11158,7807,19383,7712,45540,12542,12149
5251,37728,31278,31138,47560,26937,42137,39229,37639,48988,21525,31541,15671,16800,7421,48403,11267,24524,2689,41810,26659,16609,35194,47365,18555,39498,46440,11936,1723,25349
12179,28789,3181,41827,18631,3950,152,33712,20028,28272,13565,46295,4915,5985,4901,36536,10160,10322,5135,13097,4016,244,47393,10028,35310,47888,24580,18514,6342,3980
4491,41391,45391,33818,4164,14708,6728,41798,29789,19658,38557,44689,43813,33926,16890,26884,34268,42150,13664,39525,26179,17377,17795,4314,15017,47057,1454,4696,16071,26411
38997,30092,4785,34860,3848,30260,47491,32522,42905,40108,37218,21251,15819,15049,16114,2564,19645,27741,21412,33215,19678,12725,5074,13797,20313,42930,46424,23214,16211,25440
4454,36823,20304,49483,49101,11529,21829,2161,21745,32832,44668,10820,22617,43587,21705,7044,18011,32521,20559,41772,18063,21245,7107,12934,41971,29690,49484,5430,12329,14876
44251,30854,25103,39784,8435,39187,27186,31749,2068,49704,12358,4924,39366,1154,1435,38900,10542,42674,43889,10157,19037,27468,42823,25694,28797,7928,5761,47934,33864,36514
15415,35568,7929,11375,22102,26077,33355,5937,21873,7980,7205,23111,46192,3607,34020,18301,31138,29412,35500,831,32632,2398,233,15719,29052,30695,47454,1287,9252,39207
26462,42487,10625,22123,17853,293,10110,18245,16091,1700,48293,23530,22244,42959,47456,11413,43805,762,38655,6281,19240,29195,5877,14276,21152,21619,42201,32925,4002,18029
7857,6984,28867,38048,25190,40924,15397,46233,10411,11535,38433,46148,36990,24535,35810,33668,49541,30769,8225,5950,5630,7334,11752,40227,40032,14798,42334,39500,19051,16078
37335,587,16974,40820,1282,9116,20159,35343,16066,26201,46880,9475,42406,184,6406,48642,10287,33106,37557,385,33895,24686,3370,10154,13093,46288,12016,22023,16155,14924
16136,44261,4061,18869,2426,48710,19341,11993,34103,46984,6991,32434,33930,26750,23645,16581,23764,23092,19314,15635,7360,41083,37848,18011,399,33461,43833,558,47102,29997
37941,47029,15129,27660,47757,4771,27177,32384,23146,20125,40098,11502,27734,38641,11545,39804,46862,8343,7117,1669,14245,17891,31582,38406,13814,20275,14286,49967,3242,48153
38963,31894,34788,6427,45602,36713,10340,25732,131,47448,37170,29739,5831,48269,27353,27975,30462,10111,46888,37512,12173,460,34005,17031,11113,32828,34604,41880,41992,39404
2605,31557,1754,11420,25135,25501,18809,2929,43990,29445,40232,21755,17601,30965,46459,2420,14803,19100,35989,13740,25935,31080,32188,2598,34268,39641,10788,5460,43096,31458
40592,4999,23453,10622,35099,50,43801,31040,24233,15040,3200,26549,26917,4039,27250,37738,16482,20032,38592,22543,43254,46902,46253,44006,13317,37314,40800,27414,4332,37660
5373,18825,5060,6998,12296,25191,11478,41407,16225,21692,9196,3297,11782,21522,49321,36490,12709,26094,29701,42969,21039,37063,45703,28668,45419,8743,29692,47725,39662,19652
27475,7056,3442,44824,16546,32724,20511,28428,6373,20033,26819,23498,34164,13472,14962,22377,2706,28455,6963,43839,47033,7259,1054,22428,49721,36766,15690,12614,15620,6428
43082,43706,3578,25776,33556,48619,22484,30746,32792,42303,26796,31871,10449,15724,35421,35062,9392,30539,47277,8939,6363,36250,45922,29500,27144,13523,11512,22750,31855,13073
38252,47379,1207,24590,24666,29827,31171,33963,26304,42378,32999,28399,31391,15768,7814,34606,25294,39189,12406,21181,12431,5287,1791,17630,10049,25174,5455,47046,33295,21833
37043,13474,36173,48297,45986,41274,4577,34291,48023,37841,25874,13502,22634,36103,49589,4872,106,32934,12539,39906,17212,33476,8081,43515,17451,32631,48339,34850,44580,42909
34262,29362,46722,18253,25628,24459,28557,23061,44223,30245,48673,23544,25757,13144,18225,20744,30960,43111,1803,30342,13788,13290,24335,45431,35025,3305,6508,10606,16349,13095
20734,45811,36558,18647,33578,47883,2811,23939,28055,42455,44909,15404,9155,24039,1379,22784,28956,4415,30148,48458,13896,11310,48388,12690,31867,468,32150,26192,11942,38604
17090,5745,22254,6660,33426,8028,39184,16467,22013,3750,11162,10643,15955,30982,47503,6542,27407,6101,6329,17306,47200,739,29721,22271,15923,45171,12519,7727,15109,11188
13387,44618,42887,11706,27321,33506,15660,16040,34542,3864,9756,2530,11027,35955,42431,14427,21056,37774,11269,33696,18533,18802,8351,28974,6596,6230,28794,16388,33820,16066
43892,44238,32522,27315,19563,26247,35395,35705,44399,15091,46479,5665,49649,33636,39603,13046,12044,48566,44618,41802,31441,36276,44651,11497,42548,18732,33251,45546,48367,44542
46937,35644,7331,24167,31608,6692,42906,49412,39366,6550,43586,24720,32759,21523,36067,45900,24172,38627,31857,16392,16675,10568,538,28987,29797,9499,36450,43160,49156,10841
20591,27937,35370,49310,40882,5639,614,14345,22433,27845,25082,6730,30626,33209,10517,32578,7170,25882,13871,36711,17431,28026,10619,18893,11058,2407,35118,5430,16469,42120
15643,31423,21752,49970,18719,27545,30704,15072,29676,10795,17585,24177,27761,4448,34367,9471,24076,17329,10639,14811,33920,44755,42420,46816,44306,14400,32615,19414,48514,45700
17408,9657,29427,9354,16437,26998,22528,17368,18522,2410,33616,11955,36838,36239,16414,32559,6380,27889,12732,45817,6370,2683,6162,7342,3421,4,30760,22629,44200,19131
25939,12204,15004,40910,2615,36078,35580,5296,29240,22888,19984,14323,19688,1146,4798,24917,44072,1932,18988,4411,4795,31922,15692,6026,1071,20410,42152,35321,23524,11590
8578,23509,46134,29249,25600,6833,45199,18569,42092,48139,8039,34641,19451,23385,46338,33650,2369,1328,39989,13179,7290,41260,30498,22785,20938,47330,319,16813,40494,35958
44020,464,34951,45714,17318,40455,39375,45333,42164,14180,22177,37726,36398,48867,11238,395,33491,10878,17895,27679,28137,27488,42086,26489,30624,10313,34063,5925,13195,21504
42304,5394,31934,29025,2448,11458,40436,39133,12757,11008,42346,9027,19403,25819,38102,47645,10927,34281,3504,31466,32063,4372,14952,29445,39096,12927,41566,3853,43306,28708
19661,17373,1970,24975,6858,43590,18575,26542,11758,45449,42478,21906,8439,33434,22104,34626,48586,16414,36902,47328,40157,49040,2923,27473,2028,41820,30454,44123,40009,27897
29965,21696,2915,40456,9805,32675,45960,37058,36973,19878,38402,7008,46854,40501,45331,41306,15239,11452,7805,14509,27600,29112,8824,26501,6305,47796,5502,41814,30545,23655
20721,2813,671,33527,21044,31183,27651,14947,28092,23275,21244,8601,20361,16316,27303,48959,7392,11382,3202,15704,722,4360,29603,2293,35528,25920,3228,15074,27818,42002
49275,5805,25608,46088,3677,28787,47981,924,45274,44289,28350,21796,7957,481,1269,47244,26884,19667,13733,16668,26324,43540,40712,20488,25182,7077,4906,19924,43651,33360
4755,36450,1034,47706,11607,39082,22700,49115,25676,12959,44413,2992,47936,46769,15269,46962,32968,12906,28175,6507,4685,441,5840,35043,26545,2594,30726,44792,436,37537
611,21068,47810,25011,20238,6143,24375,33584,30163,13979,3208,22017,259,20473,35126,44025,43833,15191,17368,9758,2853,2943,24794,22354,7744,48062,8654,27240,3566,32238
30035,12136,36573,9415,19817,25920,10529,44640,49509,28411,37569,46657,11971,19630,10617,24667,11268,24366,37577,6846,25998,29826,33495,1180,20697,8985,31048,12596,3077,4812
40709,1474,41856,32419,3014,34375,35370,34929,45621,6055,14382,24437,37092,19495,10025,2702,10203,41452,34246,9359,5724,44894,14268,2683,841,27781,40359,10658,44800,2602
36897,41199,5891,6216,39510,33138,4074,1001,21547,26022,20210,7999,49050,17,40349,10320,27415,28811,5205,40797,21596,38634,44661,26690,34764,28300,49954,1317,36209,11594
6553,23358,7408,18289,2263,21457,29887,47114,18250,41162,41125,14505,27863,26233,1177,14543,19111,1751,40351,41507,12629,7141,27860,11433,44374,12780,12237,18152,13554,10929
4802,13438,39586,7895,24176,28350,28450,44425,24525,43572,35098,21344,7557,18071,2204,25519,4566,24211,42058,26534,22661,40727,39771,24428,19360,45848,25129,7403,35494,17783
35235,21310,14384,17511,28398,49082,38447,43456,37976,23160,35479,21352,10401,5854,41727,17472,25971,14603,23979,16522,49307,13249,11376,253,6274,13784,40153,31699,15357,21356
13970,8051,41354,5937,12420,12888,44019,34617,27963,41025,46818,40163,39888,40687,5986,48525,18284,34842,48973,16279,26861,45672,10414,18700,44387,26438,21231,29689,27529,43983
33154,27162,39916,19493,38930,20735,15275,24378,42593,47932,41335,461,31310,46544,3073,9874,23632,16794,39941,16386,33570,10210,4799,9898,10435,3209,3135,19972,43840,22183
17381,30464,37877,17429,46281,26026,26084,12508,3589,20241,663,19430,19174,38386,19507,10776,24019,37045,35368,39250,34915,32413,25058,41858,174,185,8218,28324,42559,24084
8681,3869,36157,4817,2417,4889,6095,591,26855,1963,4033,7463,22260,41152,8354,31258,48767,13641,34135,23093,24783,26720,28883,8649,11782,39435,448,34739,10565,34851
22873,752,28448,49251,20718,8685,2584,14040,22486,18564,37407,53,49387,41723,8996,15037,11846,26405,22544,31507,8177,20607,2048,41811,26247,29959,17777,19170,1168,19522
4509,41597,36604,9869,44428,46710,30562,621,44188,14586,22488,8240,18307,9373,10356,33484,20905,20005,1014,32718,15477,26639,1624,14590,45527,44259,35859,15839,25771,41986
16010,45712,45383,1450,21212,31957,8655,21695,16030,3368,36389,24407,12369,18792,39471,17257,11726,10113,4806,4347,30127,5999,34816,49800,16545,12529,31824,47061,37709,11260
24218,5464,3517,34906,23804,21828,19563,24609,6487,14549,35880,40050,48130,22582,38126,10129,26247,28025,35196,25577,5419,30581,26244,31881,3006,5422,33421,15331,10747,20140
18677,14355,25479,11937,38122,42595,14648,48137,2813,17449,4805,40206,20722,19293,28150,29966,43243,44669,31672,45353,36450,38421,2559,39317,20189,13304,10811,45239,48481,45210
10339,6843,31654,41636,9200,42553,13976,20249,35317,11188,34259,29715,15729,20806,14606,12878,22981,39534,29933,21470,19444,7586,31603,1947,49713,42128,30788,43758,2899,18485
28717,13182,38717,18614,41400,6871,1657,12056,22854,21414,34687,41955,26530,9307,27721,10984,40640,32454,29163,8019,37225,34671,13196,12127,49253,19588,15217,47277,14629,2320
35601,40240,34141,1268,43745,16548,25034,7754,40448,49112,19140,24100,6504,4915,24980,21485,25926,35909,42002,31823,38710,42166,21428,32881,20016,1276,4931,48075,21195,48282
46108,13861,44100,2497,28361,31816,18534,23128,41549,6874,16645,16797,41246,18980,32299,24002,2947,39342,21899,17069,45980,4685,13665,24991,8035,918,16414,25711,44926,16706
19826,16030,14043,5381,42836,6076,27158,45394,48953,34887,25686,37447,45080,1394,44552,36139,14145,33356,47864,40854,33438,17026,31091,38172,40768,38702,1411,45869,11955,511
40087,2792,5026,45100,23620,23407,4505,47840,43612,6201,22630,10521,909,6354,39339,30252,40064,36649,426,23483,26663,25860,40684,8752,8865,34457,47040,10200,13737,18000
42859,26018,34924,47784,26615,1949,32685,24604,29903,40568,37520,24007,28905,29416,42794,49061,26260,34761,17521,12070,29971,7539,32690,19330,30230,5243,2478,24708,49977,45736
34665,2578,24836,70,11539,25858,39265,38798,3901,31252,24834,32163,28896,34081,34446,5986,9452,36668,2874,41650,10418,4173,26981,10996,6137,48076,10752,24161,17640,18176
513,7271,7385,28481,37765,40941,48508,45268,22941,18704,40987,17864,2768,8732,78,48665,19727,7468,6689,23003,42725,13744,26166,8322,44141,7189,28653,20643,29250,37931
43770,6518,42401,15637,36375,5330,46629,32019,42070,544,817,38434,15543,25600,16476,19317,483,13241,7689,23770,45468,44899,15243,40456,28732,296,3547,44628,35968,5265
36347,19934,34414,49840,24324,39424,1865,48191,35455,30326,36456,20653,5392,20200,47400,44442,48100,33543,33463,1664,42753,31070,11415,16504,32126,44590,24293,28593,2724,28051
19621,1732,8758,29386,35647,14696,24300,29609,31462,16229,5659,3504,14524,48339,41263,25196,3297,1521,32890,22118,23063,12722,2870,6494,25160,31322,9479,23979,29073,35659
43476,4734,13615,39066,33663,33804,5462,11268,11548,39934,15718,45443,37905,8742,19084,37123,25767,44910,21265,4183,49174,42182,49274,42291,20558,6804,9592,1124,12051,29182
6789,40357,6271,26951,10774,42210,11052,34468,17911,9476,41690,9016,31356,49442,28293,19056,48206,41199,43892,45823,29018,37572,35699,39249,32299,40271,4848,30153,33736,12936
8801,32886,16739,12265,45019,13814,11578,12720,26644,45376,20635,17105,32254,23194,5043,41316,40281,5112,21117,34330,23104,28244,14447,47941,7599,48349,23070,27802,14049,33962
17333,43797,18032,32865,15661,33280,49586,33312,32473,6517,9240,29610,15307,29189,2678,24262,46267,44249,1057,18690,7959,3989,30245,15751,8220,7604,33644,35660,22844,1962
7565,43069,18299,32962,48758,16888,25891,14881,17269,16361,41464,2026,12483,19418,13913,18392,46072,21432,30452,12894,400,5527,4004,4989,3955,23912,14419,21204,30261,41796
7015,44372,15227,40254,43941,46745,6564,19297,13061,18008,45478,35338,24357,14713,11687,25726,31033,18946,10762,18394,628,20809,43406,16212,31793,49008,23315,4840,44334,35880
48656,14713,35108,18196,41236,20092,38843,13718,2003,27265,22348,11056,3340,27511,29893,27737,46271,18427,41340,23763,5530,44995,1721,1964,9314,112,24837,30954,33354,1097
36257,16981,22518,23405,7033,32773,1801,14361,20266,26849,25002,40939,40493,41117,41937,25819,3272,41734,37170,15398,33574,9877,21268,7128,37875,5114,1299,2112,22094,23446
10188,18233,5600,32430,21650,39686,24358,14302,40099,15130,48816,48166,37585,25224,9295,35727,12527,48669,5276,34711,22151,834,17130,37203,30617,26449,37130,19585,39848,12426
17849,26073,40556,42134,21962,7454,7086,35364,40565,46689,33787,22319,27004,34789,3355,16540,1654,13950,5938,19698,4915,12442,8483,7629,1803,9371,49274,22969,46201,35251
18466,39846,33506,44138,34229,36842,39884,39503,5728,43488,2396,10006,23128,17213,20377,607,33193,33338,35643,34829,35616,19616,8847,8960,26897,18368,12316,4310,49755,3656
39639,12209,25012,3712,47110,4093,15083,10317,43037,21336,4261,6545,2440,17754,7236,25641,3981,7723,47251,15124,39775,27762,14268,24996,24613,24601,14785,15501,45541,31175
13804,11027,45618,19761,12249,18803,32166,36304,22350,14999,10711,43957,2552,30851,46497,5716,29366,21971,41022,14284,34542,15017,46114,22682,46251,41911,22928,48775,29923,37368
47030,40972,35956,12318,21175,47163,49753,1995,4613,313,2386,11629,16243,41987,1218,37761,14963,46079,190,7694,41231,48274,31112,49050,46636,2871,8272,33279,49131,29249
22472,46641,1741,27466,46135,11618,6592,43049,47507,46749,24864,37566,873,27736,12283,8676,45150,13276,46561,37509,36211,31725,10132,37839,37313,9967,47927,37460,37479,31159
13343,21048,21761,30045,46170,32000,30935,36730,24155,30827,28665,33473,30544,2515,13240,30977,41369,41143,5746,30978,40780,48934,42572,15253,23209,35302,46450,26951,41357,38968
45056,32196,12861,32368,26632,45585,18389,17178,24063,36080,47847,44211,4195,16643,48398,710,34479,3358,21149,29124,8661,41796,13653,23318,39486,28743,30558,23416,49813,42270
41566,37574,27630,34966,47905,15815,4480,18301,3707,2743,46733,11031,44364,26615,7555,1128,30604,31888,21067,35811,42605,8433,3692,35009,39076,36599,10934,13533,18231,121
17301,26895,914,7287,40439,26501,2199,6534,24057,3218,25567,19595,7047,7627,28230,7315,45592,38466,36798,47577,23285,23033,42251,49054,47805,39907,13302,4454,34119,33680
33123,41149,45911,42760,11520,40018,32307,18803,4715,17562,34246,36801,24059,33551,35913,35174,4035,41573,32627,17967,35734,11709,23041,29899,2404,33966,33073,6547,21382,11316
32017,46256,45624,39193,9988,31069,33242,45903,869,16562,7754,9637,12101,42536,42195,20758,29118,37125,43023,46818,2762,7196,42112,2493,33399,40989,2452,12568,29627,29332
16458,26630,29416,11200,21100,464,13676,36959,28713,47613,31281,3376,41491,19563,11994,11363,38168,12460,32950,16132,22084,24369,15561,43608,33540,13005,22363,43,11809,27627
3330,43494,26222,30511,9978,38608,30121,8650,4197,41078,11542,44241,38574,16755,33529,37106,3989,24280,42851,46350,43243,15834,17098,31470,27233,5490,13934,38274,14827,45282
6049,21555,8983,22303,23033,26187,34280,20489,38366,17885,10401,26631,2571,6297,40770,21869,22671,18755,31662,7180,29753,7815,36294,40814,37369,23277,36580,11815,48790,15232
41569,30115,901,22928,23255,39915,49097,21510,19148,19498,10807,41237,44879,45115,9539,20824,7905,3182,9234,25158,33863,28089,31971,3227,38164,1601,22249,42600,17003,4996
27760,24426,25906,45721,35227,15418,6548,13927,25916,709,10807,26646,37598,38491,15618,33439,13266,7122,22893,5499,10436,40508,43539,47792,13989,23739,28009,38000,38558,29319
18133,38709,16187,24576,36158,40981,21015,23409,45959,36322,20287,3965,3579,21562,27993,41522,45834,14706,48887,3070,44643,35698,8107,2697,24012,45583,3933,42701,24411,24314
2890,48379,12892,12727,30749,36332,32226,49990,7612,12498,2835,15339,1635,34583,49462,20309,2173,454,34319,38315,17196,21513,19862,42169,1479,28119,30678,36141,45125,48544
233,13368,12616,22460,49251,24518,46549,33330,43237,18785,25768,31317,19165,14124,48635,45145,25138,17235,12048,16637,31016,37934,45237,11269,25819,14574,32687,20726,6857,2062
21860,28997,49680,25914,33455,6994,26772,23479,46640,18438,30528,6920,17147,47347,31492,47686,1108,49150,4657,49565,49006,34559,28340,29279,38760,9703,25675,19394,25903,21360
8574,28629,37276,45529,27191,22142,40007,4781,8364,16466,17228,8717,39635,22956,9926,6178,5161,17174,35766,20338,25390,8311,27177,30928,30150,49733,30593,702,43780,14204
41754,41700,20911,12473,12755,4214,30412,18991,32622,47062,12793,35890,15736,10916,33389,27384,36207,14760,9329,22456,5908,26676,16160,13295,36338,38481,8550,12772,29793,4737
17168,31778,27969,18512,35001,10295,6854,48938,44855,16414,38059,7625,37519,43772,45315,36068,22367,18927,27680,6574,21356,19677,44291,37660,16059,15909,9947,26413,3404,6716
10590,1102,21970,14409,32801,38659,9468,26554,27440,25467,40119,25266,13001,43060,18026,36676,47498,28210,37593,38361,16835,21276,30525,29925,9541,6108,34956,47575,23602,5977
48578,34241,27585,8916,44867,6940,7877,35113,10788,46922,30683,29352,2549,18992,17866,7750,17867,31059,10950,4946,48642,43451,11215,25193,12633,43032,20868,15521,19822,598
28957,10131,21592,42764,9258,15663,48831,17674,35769,42762,20993,28862,39488,19458,41195,48081,44680,20082,1846,23882,23252,20993,30571,4407,45025,11900,16499,699,34824,5269
36155,28861,2565,49109,16205,12008,31164,10553,34094,25966,24546,35715,23706,48725,47815,9103,21275,5011,1137,29094,45188,28812,42846,22025,16987,18207,39364,6285,17451,47622
46247,2134,25603,8423,37797,5242,10134,46459,8713,42884,22078,39806,28412,22469,29161,1054,8746,37004,8670,29816,34471,15262,39698,32121,11309,18319,39752,13424,3772,6965
28029,37918,21389,147,3380,9288,45151,24749,15080,1179,44216,15313,21237,15377,32674,43035,14791,36307,33322,40268,23113,35642,18929,10167,19347,32744,17924,6442,23807,13295
36760,11702,30693,9112,47115,33750,20490,26671,18586,22014,30279,48731,34384,12822,2210,35469,1928,31639,41808,27878,34983,46005,7686,33700,16672,14855,35813,12011,30663,19793
634,7362,41547,29204,27956,11020,31489,48691,1106,36261,29896,3549,73,49818,13525,7315,23833,36599,1103,16616,20413,37790,7589,23773,33410,10395,28429,22394,7493,43357
7332,4949,36278,45040,32237,47107,471,45466,46110,31073,3312,22530,38338,20404,41308,33683,4170,26068,39766,26080,7780,19109,38471,37936,20740,29841,10854,9668,11281,24921
4932,29082,35229,47734,39833,10841,7274,29648,3134,11316,45876,32958,16966,23022,21333,44870,29351,11396,40550,39838,39079,17293,9273,18234,36886,44543,14406,15477,39126,10155
45287,5076,17061,17700,23614,5062,29153,14341,16415,13746,28599,25279,6029,34306,28046,10867,24744,31470,17971,12829,19334,39895,24760,46927,40339,14231,2375,9632,16538,16154
9769,30246,38530,31004,26122,6075,1278,39926,27993,38879,48521,6967,22176,4388,2984,11268,13960,44523,6371,49059,37143,19035,15521,1839,26984,19120,35655,34319,25311,23968
35756,6877,24039,44111,36646,8255,49222,22739,49266,26736,22,24092,47615,35919,9798,8869,34566,21731,24429,44260,4175,45456,36639,4329,9134,29065,47628,36250,38897,7678
2362,8057,10431,35227,18333,38608,45925,41555,27829,8707,49245,32925,40197,4893,46908,29020,6060,21360,16476,14436,29216,35130,49117,32860,43005,18967,32282,24522,12536,31517
24197,1298,2755,40176,7562,25808,42729,14574,34155,42211,3458,9029,15798,49761,10658,33125,16797,43661,31935,4685,4615,40249,16899,29766,48372,17272,47703,25458,11891,8666
38176,41231,31617,23136,20111,22828,12491,18805,29542,24476,34323,37440,11839,49672,8701,8994,12667,11042,27339,8119,36039,16825,14057,2476,46747,35327,30805,37399,6308,15926
36211,16478,49976,17955,36974,7982,37243,45332,35174,14411,7484,40034,48228,13856,65,9828,19935,38354,32771,32807,25957,41596,45931,20211,442,37675,25163,41588,35549,1534
9706,45312,32005,6999,31309,27176,7873,21157,15104,48929,41919,35175,36317,26900,36303,11851,3264,43811,10017,10275,45561,23607,9646,35718,20820,30229,5439,8090,21864,35906
28167,42947,46764,5615,5944,19325,42011,29512,1816,14351,2124,10699,41895,8759,32948,7915,6832,5644,31640,24920,10831,39425,25772,32180,25908,33801,3507,47390,26999,9284
8353,32945,39205,36608,38624,35996,16521,35872,11913,7721,48434,37996,49626,16435,27156,46149,33540,8745,29427,32590,37898,40068,22641,46717,47009,18397,37017,10389,42362,12083
2742,34368,43136,14143,29655,41979,30121,1366,46617,37386,983,11829,48891,31895,10284,8873,45803,10817,45007,29645,40414,12002,35144,40101,18350,27257,25680,16662,31395,17705
20203,25855,7000,24401,23298,14389,39748,35951,49720,17940,19802,30973,37129,38235,6561,23816,3412,23380,11152,39121,32683,30496,27532,44930,48263,43859,23608,40832,30128,27872
23898,15151,18226,21875,39837,44505,5301,40318,14693,36745,1016,23086,10500,46806,39190,44651,47199,16822,14971,32541,48765,40699,24262,12991,41347,35039,17606,33198,19408,44718
2615,32526,20085,42785,27611,22736,39506,45530,19278,8424,7717,20128,12726,17832,49599,14747,5809,26658,15433,24993,25433,3137,34194,44727,32348,42892,37247,49613,37338,36275
23450,724,15854,29370,6970,5905,48873,39108,17070,44164,14075,32609,20950,21192,280,10806,41138,30567,23050,38142,46311,13338,39708,48663,43374,3180,17444,16027,21282,16278
13768,15847,47962,16849,37388,42037,30863,29470,46501,26779,7471,43163,2995,38787,39799,15647,17982,25353,48272,31611,2623,23856,10897,45130,30907,5131,17320,9375,31845,4345
44700,20522,18899,15405,27269,20589,5733,19757,43616,20117,46533,25636,44322,27601,8113,18959,8093,31780,20815,16240,23127,14721,18110,29453,10252,41458,47055,38923,27829,48279
16354,23988,37186,12278,31074,6680,15910,38847,49219,45628,26764,20450,15884,49196,10158,25245,7523,6729,186,15847,1723,10010,48627,4643,16822,3919,6206,37945,23805,42398
43709,6708,39258,28256,7941,2346,15857,49810,23303,30140,30232,46256,41891,30210,41028,6426,25527,43774,24989,27636,47698,45528,22931,20233,29935,27335,41878,38827,1333,5610
6737,25653,34816,36879,37235,13227,17873,44100,23782,2574,14145,28262,38621,23297,17857,34550,14656,38066,36102,47834,34900,13251,5259,27194,14136,48847,15262,37180,6796,19918
23179,5640,13945,14693,9172,36641,17932,19153,48041,916,68,22472,12419,27850,7426,22320,23384,7140,43366,41673,14725,36784,23700,6429,30594,41626,8416,22014,11513,13452
36693,8477,29847,37198,15217,8879,15711,13990,42847,4290,28748,25968,9033,26099,21563,40521,28418,571,21882,5620,28180,4102,3087,29160,5177,17352,29489,31111,32817,41189
26633,713,809,28114,44291,21641,34734,42026,15009,7159,15518,37656,40909,39336,628,19460,43477,26182,37636,8165,30186,4869,524,29492,11596,42295,33192,33678,42419,30233
40676,34275,40297,33466,28210,5957,35539,26171,38613,40281,7573,5563,28792,18977,277,9995,43045,39710,22111,11317,42729,23567,28797,34775,49685,39100,31707,12138,33811,34544
49118,39269,5430,12627,31136,20928,23270,22094,30337,32205,46209,30772,19016,24659,17611,23422,17262,35864,19212,46079,35056,6075,40824,22443,38834,8567,16476,15127,34495,4802
10129,4723,12296,8531,37295,46885,8468,5751,40707,19724,16097,21262,47357,39745,32915,4902,29081,23844,17811,29588,11394,34087,3411,41209,44830,27894,3337,40957,12492,49192
15515,42970,32108,48293,33220,43477,28808,26862,32758,44199,44258,13326,19880,47722,16665,48724,6605,10647,32768,35556,25787,2952,48717,12756,23105,42508,9069,3852,44448,6261
10650,7478,20272,20423,27609,28113,432,4727,25458,47967,29174,40680,43595,48658,34295,36842,21104,41689,21145,21879,16710,31466,34534,16639,38612,5830,2005,41765,44618,10990
11604,28343,15669,16493,3595,33176,1639,21862,14885,23358,21984,20860,19576,20651,3056,33260,39003,24465,46165,24678,44569,46660,16339,16370,38658,23260,7999,39328,44262,5245
27021,2493,34603,44872,14828,35781,40561,20895,40807,19081,36694,44959,46415,4956,23364,37815,31313,7292,2686,37463,10161,41365,7360,45735,36613,47170,38139,40196,21686,47905
1625,44560,44191,19495,42109,37525,6502,28774,30316,29713,47650,39044,3270,44625,39898,20529,37529,21195,38778,11605,17460,31528,37523,24972,40389,6439,12705,29033,15122,23352
11755,4203,14860,24113,34225,49343,7742,7091,45644,46786,7460,2186,29918,34284,16339,26040,29465,14835,44002,36343,39020,28755,35474,28599,6062,47624,11679,47253,26038,40157
48272,13266,21350,488,32578,44569,43806,34707,44481,17953,27414,28443,425,14205,1576,648,39645,20023,26981,7712,24792,43012,49281,35127,11747,38245,3749,49101,3775,48743
21771,48211,10327,32590,49213,23079,5165,10224,18314,8706,35853,25035,24703,27370,7689,29204,24690,30843,3823,908,32721,44425,9813,9577,20909,25391,17077,17816,45304,34242
26983,43050,18012,43891,11485,34166,38630,27388,25696,14464,21306,27612,43603,28747,12680,42123,27194,2832,43608,2002,24185,37146,34586,9002,6065,42391,24426,45821,12291,36631
43904,6742,495,33822,14530,34045,35959,31240,37540,5120,11064,16583,9752,2660,45226,26124,30644,9470,938,28194,12656,37338,31292,25943,10927,15541,42866,13428,28008,10964
48173,36573,1456,1159,11973,27886,40774,2197,38246,27631,21493,42262,34241,29927,2603,30630,19576,27352,47706,906,35542,9467,31169,26249,25137,7686,20256,34039,19964,23605
16264,36395,35174,11323,38074,41803,24345,7124,23035,49518,38435,8360,37410,19057,24234,43523,40666,26368,7691,32860,46205,28360,1196,43127,42514,45700,13751,19408,10166,18975
17486,28205,5653,44296,23616,28779,29340,24676,43302,29680,33886,19873,20557,29685,28202,22515,35882,16823,34640,1649,18426,47664,22578,22634,18410,49344,46359,45610,25618,23774
10434,33386,27141,30572,14241,28577,44763,43751,15600,19651,46762,48193,10907,43478,38906,45776,42085,3028,15772,6761,21905,24013,35058,32364,37377,41960,4986,3381,6989,33172
45959,1466,30914,33020,26031,44315,33823,28387,48348,48968,16596,38558,9362,31414,1914,49329,8234,8826,48023,13834,8035,22194,40518,18642,36546,40492,27736,13071,39120,7599
7085,23414,36626,1868,13107,27074,13697,46446,11854,22041,3985,10512,28634,38839,47999,39735,29669,36453,36743,5360,33182,7355,19052,28424,37714,29895,31983,21283,18945,29477
25071,45906,39954,22381,19205,47696,3213,24313,33580,22291,37674,7138,6218,37875,4940,10865,32100,880,1989,3301,31055,43370,9645,27240,596,883,15299,36527,17889,10666
2538,37893,15756,13395,10522,32156,10425,4240,31167,9217,5354,32403,41975,3286,43709,35368,47024,39955,12612,13390,32245,20459,23339,48093,25546,39442,27237,20525,28055,20847
30848,21024,39706,43477,29416,1487,4518,44116,34325,46743,41320,15200,6814,40726,41700,24899,25056,621,9665,13637,10707,14961,39036,24047,43438,36919,31178,28484,11803,44688
14578,24526,15292,49298,7171,12768,18503,16553,34109,45412,10573,30726,47537,15232,5125,14290,41587,6819,35735,40460,37484,11991,25123,33069,5240,13757,45663,1646,39822,32220
13080,18544,46289,22336,36678,21394,47608,24292,18364,15079,31244,5775,42194,8066,15653,33218,11520,9520,12552,9521,2040,20761,29583,42645,18702,25693,44722,26399,46662,5958
30167,43673,34940,33488,33125,3216,21721,32370,39063,24299,23704,21485,1776,24145,18600,38349,47507,25767,34332,28668,30142,45909,28863,10077,44659,8593,346,12903,22835,2341
22916,27889,13246,17100,32380,39300,42150,30405,36456,41159,30682,1484,36572,13033,747,16415,30453,24967,11688,6517,14523,13435,49946,24562,8369,20482,5711,46691,27963,33436
20001,35588,31797,5869,45322,28084,28161,6399,14553,35368,16556,19913,41231,6424,20490,23458,19340,37638,5016,41,32616,7669,5932,59,30845,47907,42991,25689,12573,4259
14916,1509,19716,14863,21960,6627,10253,35486,6154,8001,38804,48784,24512,40330,26303,10078,47031,9187,19611,19318,47676,1970,31988,29341,19977,14066,10938,12496,31422,3429
14610,28729,37263,31927,25938,28777,196,46894,9229,37198,21358,30619,819,41815,40655,19567,12391,12818,21232,14287,36056,41715,38153,41828,21524,49353,17949,31413,47143,14416
1551,47398,21279,13966,47400,38195,7921,40650,36203,15036,13385,33847,30065,5099,32850,3033,9240,9297,17526,15422,4153,48878,7822,35720,25107,18406,26615,49402,43458,24829
43256,47931,9451,46969,11611,8129,48810,35125,24278,15894,38104,34863,43246,11126,13063,81,49428,24144,24836,28452,18492,9892,10525,19722,35978,9221,8390,33538,36256,1764
12657,5800,25941,46097,37527,6311,10629,20667,35779,1438,10911,39191,33943,16827,29328,22733,13311,33182,15290,16369,5661,13742,48165,9057,1935,8869,24156,27903,11577,39992
26114,1882,19745,37000,28252,21933,3138,16503,6302,48769,15938,6226,39937,45515,34869,9244,30069,40076,21980,26981,48882,19662,29742,10298,5394,45291,29119,12829,40161,33737
21513,40147,41562,29986,18306,28650,732,17628,18361,49876,27935,29619,44922,14313,9518,44679,33213,5052,14887,24103,43653,12427,36134,26555,11728,43385,44134,45948,18770,9886
18259,681,36013,14868,13243,48417,38030,44702,6975,6426,43513,10702,18375,49038,40755,18806,44031,36677,48682,40855,16103,38599,14373,40545,27540,15613,30521,26929,7704,39484
4550,3860,40433,44936,45390,3868,16068,1602,46381,40483,14004,12150,18533,48888,17038,20612,15867,16919,30788,8942,23484,29888,28949,2848,39096,18473,6419,40677,19333,2463
18293,1306,26218,19919,43786,21870,26764,49052,26016,21443,9312,34294,37558,21718,49353,7602,12404,6889,13191,20147,4577,48930,1177,19260,35696,9778,35670,39765,47093,4968
23013,27998,24261,35380,21910,49456,47750,40371,34280,20258,1383,46060,35462,33970,161,44873,35317,17821,17321,16426,15300,24404,28969,3900,31500,40150,5158,26550,12299,12406
42041,17755,34059,46765,21091,12287,27622,47984,25886,21937,47557,44863,34823,45132,8790,45917,14337,16181,10843,27802,9045,8239,20994,12787,38107,8831,47603,45194,5884,43778
33385,16561,2703,11368,46779,43836,14140,21517,16238,27121,18908,14709,2881,35292,2042,4420,676,12482,23148,33979,6800,40402,4052,11027,43010,41957,372,22526,25250,14627
26194,35300,24410,14608,6365,26790,2054,35872,18895,41096,14568,26678,23022,8671,4117,48986,17329,34876,17667,1858,9736,44137,3256,18527,626,22153,38716,15845,13410,23861
44533,19561,17902,38050,14729,30724,31708,49857,8162,7994,7181,39729,30764,37884,19802,43112,48601,156,16639,14323,6861,48376,47383,7843,28652,11931,25839,26727,11561,45890
35142,1681,5112,42808,18730,48591,13220,30844,20555,24292,30689,40450,39874,39590,26981,20307,10054,36273,15983,28880,23392,32555,1145,39480,39695,10627,19835,20813,38883,39228
21703,23360,3002,10481,33425,33945,7174,13588,7875,11665,26630,49903,6517,49137,48628,49493,13950,38272,19967,16954,44648,26626,43284,49534,24716,742,11054,3466,36806,11827
1809,29529,5537,37315,15915,31129,1548,27160,22579,48871,22949,44440,19685,34056,19510,36799,39866,4768,48321,36444,46158,38461,6989,17192,21773,13949,1078,5978,31430,22551
7560,20119,35976,10844,49894,45401,27770,45313,32532,15568,10466,31331,38665,16976,16066,25977,31819,40504,42907,9716,9829,2118,28590,47859,24334,15723,41537,24816,3702,43265
17119,2124,22838,32719,8796,33845,38878,28193,10668,34051,34397,45418,39402,43254,29399,46133,7943,32587,47053,46763,9885,26548,11676,41801,2997,7916,20867,29860,24755,17367
11703,8189,34164,41608,49875,7833,8735,49612,10677,24379,18719,49918,21733,46008,32138,20257,30199,48214,19157,25714,36195,37937,36392,27881,49734,21248,41350,12619,42041,25817
38050,42215,1482,9017,10071,15037,41442,13484,602,34629,15398,9831,46749,13582,22784,20927,49498,6095,23239,46590,18045,44603,3593,43705,16785,27070,31625,30365,108,9175
17398,26064,49380,15136,46549,13016,14462,28256,47743,41283,21540,49362,36560,26336,49800,37948,37483,32018,6515,28434,17107,18163,10636,49343,41363,25402,6977,8536,46382,18691
2508,19836,26262,18764,32695,41115,28739,26819,2249,47765,47272,7685,22136,22689,31201,48089,28154,18385,26301,15359,31130,7146,28512,4717,16254,12962,4568,24234,15185,38103
7105,17767,36079,39916,31896,1729,36081,23330,16360,7697,4098,16953,23071,20262,19548,3101,45133,35039,44154,6440,16589,14067,3538,20149,39146,14349,13432,7027,24906,47487
39097,49449,41606,31165,13265,35385,49578,9925,1572,38170,14859,6975,26020,6509,13160,4878,41390,47139,33812,49275,32862,32647,18077,3366,2643,47236,28811,38674,12990,12721
28480,20487,41563,31734,32647,32347,41841,13949,48070,13783,16035,43689,4383,18686,16489,16272,47140,12948,43320,21866,17135,10367,15565,43827,6183,45623,9464,8645,42430,24771
22655,5319,32697,29675,1746,21314,23956,20330,45783,34284,29758,833,6932,38402,33090,28416,25019,26868,31830,40681,6011,46140,8024,24798,18058,20263,39910,34239,11553,28044
47746,23137,22972,24744,33429,9307,39735,1416,5632,31079,17421,39241,35724,11676,48960,6986,31546,15738,16711,44092,14269,32303,44355,42362,47204,7860,48249,10309,1001,11910
20558,2882,44529,19925,30653,44263,46136,6831,35318,28814,28710,22676,5599,16250,15408,30818,9259,3083,24108,43042,19253,49273,31761,35789,26463,31509,17959,27612,19860,47946
28600,48493,10489,32968,20883,10737,36401,8622,29084,18833,9058,40270,13513,21994,12181,39499,15144,49319,34282,12458,17542,10372,8858,29446,24710,1779,4163,4307,12212,9964
39729,14183,768,37147,2005,18945,48302,9250,21478,12914,36266,3260,26122,21431,45448,24076,12981,31845,16933,7738,6169,28428,48133,45426,28023,8514,5678,35797,17507,45715
33517,35542,10378,27128,44269,4758,45513,19842,36108,33556,42290,41162,29040,36921,45650,20205,28746,26352,23734,2778,33208,38472,41699,18506,15523,21192,6386,26124,36976,29052
7579,8118,16968,28321,27227,3078,43936,27234,16512,20732,47253,45950,23713,20828,15506,39471,16647,28472,22701,47511,10037,45167,34852,4756,25680,11458,30134,29995,2781,26989
25245,27289,32144,15086,22696,48929,13068,41702,11041,26311,45034,41622,21404,15836,41597,45221,8400,2507,36141,40826,21838,2098,48190,5463,44304,21825,34124,34392,14436,34189
37788,21667,47833,24992,1711,39626,25681,26389,395,16189,32199,40073,49655,38175,38975,30715,34179,28568,26744,15703,48840,992,44837,23943,34392,22604,49343,19840,26249,11235
12458,23599,42358,17183,22296,19576,23657,2874,35599,20621,33375,8442,6493,21560,31657,49821,9488,36462,25196,6829,16145,36673,28756,5449,26087,32850,5315,35394,34547,19854
16694,37351,27367,290,12931,2898,25092,8169,21262,14897,46558,8761,6223,47521,18786,30517,25100,9464,17094,771,34827,3118,35904,28802,33972,35572,4052,20759,27484,42133
2909,29398,2260,29125,3912,42070,40799,39297,46643,20866,11115,6213,22124,11186,34272,1248,19369,21328,13621,24358,34668,36032,26651,39655,15758,35469,2280,18538,21969,20996
46451,18512,17318,35656,8428,40461,46344,3061,39947,11688,43121,48872,19179,16219,9409,1212,31671,19120,43518,27903,27892,38076,36812,39018,7448,31090,6022,46030,2762,1265
28578,7185,35790,34871,11574,43865,7161,40212,23993,9984,29944,34264,3513,40976,47081,45523,16534,38030,26620,8204,36355,21792,22131,574,6013,32696,21890,43744,49353,32945
111,32491,4477,48999,30829,414,40904,38455,47703,29270,47174,17049,49981,27845,28029,6221,16177,17862,3462,418,1959,18146,21547,39733,35127,47793,28283,39632,18433,48101
34074,23417,4,31201,30957,16790,7704,44460,48916,17806,5174,12561,10889,36031,8425,6585,23228,17703,33085,41942,19122,44978,21906,46452,3775,22788,3939,35672,40137,28937
35288,32981,20542,41703,38580,22589,36625,23032,35677,34279,34302,43543,23128,881,47377,34097,7768,33022,28850,28578,4254,10622,45285,33032,25838,10917,8064,47031,43269,44852
45014,12243,25572,3646,2518,12598,37687,34145,46979,5710,14749,8029,31008,13146,29547,24063,27277,48752,23473,22149,3341,32951,11082,41810,5309,25058,28982,41257,4375,23908
47149,7167,42028,32103,10555,36406,48790,11396,47597,46094,17236,10721,12642,41750,46079,49290,11423,27221,39780,41936,251,36714,47108,12856,48130,41509,35765,15443,22381,29994
48625,29139,45954,15935,30731,14095,5981,21820,3590,40958,34224,26299,24009,22636,31241,44924,45444,11120,10506,37039,16458,14745,906,34846,44847,31221,24606,13526,18866,27115
48303,27824,16909,20832,27428,24208,31771,20752,46949,4491,17212,37013,19467,41806,39790,24017,12727,33396,48904,43367,26122,20711,28322,28570,14667,14650,19946,42649,42394,4390
43951,28374,765,41491,19723,24294,38327,28681,40811,49709,32713,15338,46039,11911,21843,20322,29645,26842,12866,44385,7797,3237,32987,3821,45131,29463,38023,35137,6153,2177
12913,31386,12183,47334,5075,8757,38761,9404,46222,23320,28300,22076,33749,41876,41015,29423,20876,8577,4476,45973,14866,40061,17272,46761,19023,4799,29456,38631,22419,26562
23870,11372,6715,34332,41764,13265,21592,15608,31852,37138,12759,35868,27087,26929,48435,43393,8398,32679,30000,36799,24792,8153,42644,11032,3151,42502,7101,23439,8157,47107
28266,14539,42173,34373,19720,29321,41959,24400,28396,35888,32034,16708,8736,18175,17144,29653,44202,32249,25558,21000,18604,42710,21175,1285,25365,45879,32450,40954,36200,21117
4586,43982,47340,43253,32537,40383,42481,31190,49598,15103,49435,8037,38225,25076,40376,36593,27692,26307,48825,20885,16215,16410,12089,16584,34619,13202,39713,47655,31728,49657
43532,39278,30151,32310,11745,2264,40756,32693,36030,26687,24640,12354,33832,21930,27336,31609,40908,33060,9357,29550,29997,3353,24979,36052,48178,10837,20472,31912,11463,16427
21640,47275,41152,27503,12796,48608,44327,14396,42780,33135,31790,12994,11411,18148,19954,43505,588,29452,12156,44430,4777,27291,8374,22873,17396,20236,3614,602,13446,46198
40840,17466,16788,44626,1739,19767,36674,26507,1913,29005,17622,15205,26666,12308,33963,10350,26879,30640,18284,16136,41734,16481,41486,31486,40784,34520,18863,17642,1159,43957
20573,16940,12467,11990,25792,39495,8083,2428,33868,10579,43072,27569,41010,42732,28345,16225,44218,23156,44026,3760,2287,25092,28519,33200,12589,16594,42141,2914,38377,14675
43476,32402,20153,48689,7082,43878,19399,6100,325,36204,49161,3624,43073,49024,6373,842,47226,14660,6899,3381,28434,16460,48669,17418,44711,41387,7057,12324,22287,17756
8168,41017,1971,22596,28507,19634,20000,34984,19463,21392,43520,6891,10501,25700,38107,33109,32282,27861,17904,1092,880,35091,42460,33548,17632,7014,41234,42645,43837,22940
47170,26673,2138,28276,6301,27642,49262,36172,38641,1642,19497,49248,44106,20167,16135,18004,21800,28571,46677,4175,28526,20110,29443,32351,41167,1065,8159,18784,32734,4874
19682,6687,11660,22086,49450,7262,44006,8513,27759,34991,26723,23541,18022,10394,23779,42043,38293,48111,41885,25847,524,2550,16772,14481,17696,13289,36269,21787,37707,26709
33235,20632,22998,15085,23714,27698,47696,48265,30637,6635,36647,855,22075,45290,1851,35363,11872,11215,3600,34497,17383,15171,36837,15806,13985,44964,28325,34582,8803,15245
20270,20997,28356,48574,18105,27415,16165,36836,47114,37179,29877,42067,5105,33144,16546,44532,25099,7158,18088,14719,34768,39048,3056,26043,15672,28142,41744,41970,15586,4541
43706,18924,27780,2020,8006,22775,25717,46314,25468,23906,43615,32149,11477,7115,41974,611,2831,5182,678,40540,23264,41266,33630,11768,11146,4950,5586,26999,13885,42415
26765,7099,18667,27276,34053,49597,19920,43502,11671,19394,16138,33110,47963,24297,11403,45341,18966,7152,22730,3540,39016,34976,39558,46069,32451,49679,10678,18190,17623,3863
21377,40523,28328,14412,47951,32623,23021,34688,25732,13019,31075,17188,36906,21627,32307,32096,16850,9481,24346,22242,49889,21688,26718,40682,24131,15881,27240,37345,10864,2082
26372,33328,34499,26359,23971,16832,1017,3115,7726,25051,35691,26477,31804,39863,47798,17675,40516,43676,31141,49311,32808,46236,40034,41124,34469,34728,11251,32483,35492,41066
45693,33498,5630,6730,46242,2976,34983,11668,29486,30572,16120,7741,36722,22821,38638,4778,2278,38648,33091,25123,18258,45315,9531,37356,25185,43271,4689,36372,17803,15443
19377,46287,19624,34152,19044,47452,27342,13210,22096,12519,16883,10676,13256,32280,37219,8368,26320,12231,10139,27695,23740,13402,41838,29992,34008,20587,1744,15237,21168,14423
36334,28679,1020,1832,19426,37025,47742,40697,4368,8362,10612,12761,25121,2121,49157,28631,28466,24220,45691,29080,185,34291,12857,5893,4127,15389,11867,1747,17705,1598
8342,49407,26881,45926,48920,47301,11981,19187,47813,15227,25761,21982,40007,11605,41570,30816,23277,9659,23387,5273,39766,18361,4473,21755,23766,40454,37826,5104,15205,9458
12573,36170,49437,40081,35512,45184,34458,20981,18603,34242,45859,41950,49427,19006,31070,38625,23035,6258,20516,26074,7190,45000,22315,1796,32724,14520,10453,26723,27424,42270
27555,31573,13008,12444,16463,32165,25929,9209,43215,23131,26989,21688,46068,29274,7031,27985,33593,13342,19995,14300,2582,8251,45206,15864,5176,722,44659,25584,36230,33939
43577,47999,7586,16422,26945,15056,28547,12123,28371,401,45646,34844,43289,35579,48947,17153,28884,12878,44487,8459,18680,9708,29691,33347,2119,14173,38764,37562,43484,12938
24848,16887,41540,41233,3934,17733,25221,28532,22205,39443,33887,40782,21193,25558,22252,35534,3817,11591,37746,15281,46472,47577,30358,33076,4090,6818,47632,7044,26492,26681
44389,43324,30673,40233,49924,26577,42931,1673,35759,30200,12903,29162,24853,45347,46389,27740,12723,33987,14250,12869,43161,22576,19342,10639,45141,44503,30840,13716,2418,39333
49030,25334,24866,24897,8639,3833,46826,44222,34632,10701,5304,22926,46642,34859,40408,29673,16422,43190,16665,43372,25922,31931,9251,43328,20776,41975,11688,45828,15750,38582
11406,26388,29370,23074,32394,1573,44891,7129,6849,17660,28772,25002,19486,16324,35329,18031,39766,12610,17917,11149,13357,44384,39355,12664,34921,22337,45529,25246,23947,33748
40339,2313,33389,48893,30436,25764,15035,34265,32472,22580,20403,11441,47223,5349,48213,40021,28356,22327,22098,40968,30243,9872,23972,3765,18440,25665,26000,1562,276,33601
37297,1350,44593,28978,8921,12501,17299,41520,46128,41369,10328,4503,35862,35954,1195,49337,43549,14737,15791,29224,5129,45884,21765,19019,43081,20703,16302,43807,28262,10043
19724,41375,15906,49316,14796,27349,13517,8213,7417,849,24638,29931,38348,24730,32394,22473,19264,8449,47204,16319,31123,27653,45910,26526,10643,39136,19739,11199,16611,34858
26613,960,12549,15221,32263,24042,18449,36981,44661,21907,3160,10742,30912,12977,18537,39223,44490,28375,30139,16836,18571,25019,37583,37412,32173,25168,29766,47339,34974,38071
35910,11074,20789,18601,36020,34092,44001,8824,12511,25757,4844,2336,47954,49028,34682,29238,42080,6710,10523,24418,17923,9470,45343,30073,15978,24486,2440,11693,33481,6663
27,19064,46251,36409,13923,5815,48944,5795,11237,18060,13652,10147,21686,21239,15040,26915,24866,27603,38922,21192,17195,43482,19099,16440,41549,39985,477,39625,5555,39209
19915,12467,24212,32793,48614,22620,48311,17593,41787,2268,8346,4605,21941,41312,33000,6494,13188,9455,18821,11847,472,540,3534,15635,34242,10510,27097,40747,7716,4463
18804,48885,25487,44248,25965,47355,18718,22007,29844,1241,35529,30836,27777,19967,22041,15374,26267,14130,22594,25226,39569,15275,434,22095,8479,27923,485,21516,16986,47964
13775,22926,1353,30777,46156,40936,41047,40901,13102,33144,42780,2065,32955,8811,32837,40854,22184,17680,38281,34940,40620,42497,36254,30126,3332,14920,2094,4498,18113,39676
28174,40886,9998,18057,40262,41130,18111,5835,39898,36450,36858,21017,17117,16875,38359,2031,20809,30606,40091,5134,11353,46067,15741,43266,8726,21252,43062,24227,1599,48954
38010,42646,20524,14041,34465,22217,26106,3132,29492,14805,49328,37220,1952,39,43710,44326,33681,44347,3235,41250,21615,49833,48709,21743,46910,2579,16637,28497,42393,28677
39759,20972,47627,9233,26977,28916,42191,49051,3258,28444,42819,4412,31818,11514,2251,32361,24616,9676,27928,10569,33143,46166,22800,5132,25444,23343,7954,49624,1271,8225
42907,10167,33913,47191,24226,4442,43132,34206,39404,24881,25875,15800,5834,39579,39129,8371,36801,47076,3149,31977,42713,25071,3759,47783,12895,21482,43307,45860,41316,40289
21119,33926,31552,44755,33592,4290,24411,29217,49493,12549,5713,45950,1809,37129,9824,15494,27856,16718,5802,45360,42071,31899,5556,16794,36259,4103,6512,44524,9799,14863
30474,39254,19254,22890,1592,31010,43079,38575,24115,3706,44314,21175,4710,13712,31534,8161,17466,24540,40976,43743,47502,37541,18126,7349,20873,24248,11161,24938,36115,30025
28953,33600,34234,14703,43531,17486,2647,17970,8929,39132,2622,45369,33439,10140,34148,1208,37908,8086,35168,31796,41468,17269,5648,39835,39879,24499,49768,13084,7697,10180
28978,28845,25529,7626,47335,4218,48660,8636,47358,28094,13465,2650,38345,15067,8958,12354,32950,45753,39516,25624,19372,1880,661,3473,4563,27622,37521,30013,15700,749
44278,27089,3229,16837,7540,10634,29920,14973,35178,48380,36214,36609,38942,18133,1145,15543,18827,42846,16523,39107,27451,9093,9458,34895,21482,48064,45652,39524,3882,16387
14006,37968,37801,20846,33203,13417,21537,49799,9330,1944,27357,39838,20047,41540,4972,34562,23327,32497,23446,29833,29347,22739,3118,4086,43171,20367,28645,42329,1024,47344
33501,501,15630,21249,20387,14905,30640,13216,2763,14931,14876,20426,13136,12160,43705,41842,30706,30142,19243,40414,9552,23323,31104,11281,41585,17814,38378,10080,31925,26291
31011,17720,39038,1709,8270,27663,5735,31510,35884,39854,47800,14962,17892,7541,43777,42154,20239,21891,35090,41191,278,1217,49474,11643,717,32824,14275,39175,39716,47507
48232,41488,27899,41944,15419,30976,24367,1639,46741,3202,9585,47217,40986,25782,11697,28115,47692,30597,25826,9796,37242,48448,9438,6378,19152,4512,45386,29906,5555,41636
11121,16373,18673,35449,45671,12941,13632,293,27475,31430,8417,22857,48663,33756,27215,15140,165,25395,42217,48597,2034,21846,21919,43691,30217,20936,27618,35948,29689,26239
43179,36451,1111,8552,17830,19446,26602,37222,24275,23251,21382,42199,16787,13974,34847,17730,26341,26840,41818,36418,34284,17614,36440,8721,14526,18548,26566,9966,27814,21648
5558,20521,45259,30201,7349,390,25376,38033,31992,15384,23775,648,45262,6997,4887,25778,39310,33450,15368,36992,11884,38703,43398,25269,40192,6235,22881,32270,32612,30718
18599,19875,33628,18674,7965,7484,36945,14985,21202,16629,22084,23268,23946,45416,28502,26037,20360,42329,26670,13603,20117,21772,35545,22077,47350,2718,11740,18542,36321,44740
33781,40251,28208,8301,43303,39618,10058,13523,29119,1626,49501,34186,19116,2526,20857,29160,8869,45700,9642,17306,2892,49584,7543,40371,35417,212,8470,22870,35228,22020
43507,47474,6520,7593,38549,36990,15033,44042,40671,35576,44297,36950,25453,29245,49205,15716,17393,26778,24849,32579,29391,13466,24912,35012,23322,31808,1279,5427,4435,47368
41481,46475,22343,38826,4907,778,12072,8220,30050,24317,48942,18146,23161,39279,47460,26997,37294,46680,15900,41846,11872,47679,18221,44757,38676,3584,49264,36729,15774,18260
40584,594,11512,46391,10683,16457,22947,4611,33557,30873,3200,7759,45854,15878,42653,47166,20438,34470,8123,25307,14188,49481,5588,34919,28777,6054,2344,1221,44312,29376
21967,37013,40700,30031,2321,34958,20941,37729,25805,29794,36866,32232,10804,41146,10795,5599,32103,4685,4976,11913,28017,12481,47627,48571,24871,29128,27010,31789,24378,11616
6121,32873,29709,32117,40473,13960,34360,27922,28703,46739,31134,2017,19571,39949,16977,20311,16737,21638,4085,27043,7369,33882,32496,44132,49682,3045,21370,2447,20991,21582
49227,11271,43540,49027,2678,34886,25586,21751,21936,38448,22836,25720,30727,43706,9020,28188,38218,31367,30345,40453,8620,29666,25510,38812,27090,22681,7027,16934,3319,14575
15393,3974,7744,6551,42826,24424,22828,37193,10961,1666,6414,17379,21155,2795,19000,8166,3138,44133,4310,20469,13867,1230,37944,788,19089,20716,14466,36189,20182,34942
44093,20102,44105,17615,28570,30869,36522,23701,30761,14723,9758,41776,12567,11592,31533,16544,20000,11713,10377,4683,43909,28745,46738,24576,9095,27290,3119,4560,15788,30002
20344,46613,20339,35555,33547,14042,4536,18878,34538,37947,15158,11731,29343,18311,13980,31820,37103,26848,10503,828,15500,4277,10563,15174,18214,5551,40028,44482,26978,10684
14723,8545,7933,38528,6920,21786,43829,48185,10044,37706,1823,31844,14073,14258,42011,4704,2448,41034,36665,13089,27187,3208,24676,25651,34703,15723,32978,33850,6942,27417
13051,7869,33716,43047,39866,26245,10083,3162,17667,11289,15887,46389,16151,38119,40114,4548,48574,20003,35884,48072,26267,14597,4658,34076,39621,8883,17048,39501,24603,15978
9657,29652,3360,15783,29001,2513,6636,38129,3892,14407,30954,25945,19514,39517,17038,225,17936,22859,39286,48037,16151,21622,5569,39039,16471,7296,1798,1872,9097,18902
1601,48877,9607,268,41685,44107,20987,9051,3825,48744,25361,35674,26825,24324,29035,43770,5734,32992,3375,19910,13390,48961,48858,8637,3107,31554,33570,43450,44178,2231
3029,22039,40026,44629,33038,42367,34265,19485,15411,37469,12209,25143,23597,31177,10641,48811,3300,15710,5739,25314,7570,7874,41643,6652,20321,45759,26567,17195,39247,16096
16047,16764,5125,22064,27522,38436,15579,26499,6164,32173,14482,38817,28901,30529,18415,18344,19641,29462,44961,32866,16944,10447,24310,39067,37257,23883,47446,49989,31781,23582
31139,9686,3136,47867,33785,27180,1985,42861,18460,31906,18853,2835,9968,5888,11645,17254,3833,11104,29051,8126,20565,13320,9998,30090,29698,30822,46470,13881,1521,23286
40061,42887,45521,15630,41723,21329,19583,36864,5327,40333,41546,20444,4891,32047,17827,4180,43384,14839,12156,43528,11603,19741,5764,13971,43726,21142,44867,6921,39670,4162
4773,15042,5959,4402,13884,35233,14878,25527,45759,9270,41521,40023,12616,7198,35887,17064,27090,11648,45714,7017,14121,16852,10449,41845,36080,48982,16704,24551,43995,7580
29847,1887,2986,10200,48878,22592,25517,27012,31809,25473,13614,42201,48992,15304,1196,19319,7455,6890,7120,25231,11108,1429,40914,37183,4070,16621,26398,6438,40936,35074
27161,44650,11907,3062,45402,491,11481,39009,13267,26532,38097,325,39908,11507,42433,44531,38379,26068,31571,47398,5686,11187,40823,37495,10923,8327,29560,21896,7314,37293
41273,5993,8282,25523,5476,7163,9896,11898,32162,47433,24382,16323,18078,28765,5026,48101,6785,31776,48320,12308,31231,13180,19162,26030,41915,39496,11636,13662,23368,26443
37728,17444,8475,22782,39851,1348,6230,30136,35358,1657,13261,39543,37888,6097,36548,24149,34119,41215,8135,19528,34570,15005,2366,43554,24891,30999,5548,19790,19564,19792
12743,17222,16691,8787,20939,20380,47740,33399,32725,14966,10219,29066,32111,6492,15934,44020,13775,14478,22861,37484,20385,32853,25497,17422,46788,17865,12836,26605,7926,16224
47078,11286,41267,46026,15123,3185,5451,4178,33899,37061,7173,32230,31978,32549,31011,36380,29483,12950,28483,34293,21716,12942,32836,41603,46564,20901,31001,18327,267,26532
45637,37576,704,8922,26479,39910,14688,25054,9679,49933,41911,5155,17904,23011,30744,42727,21247,46847,9628,38485,18759,32325,10343,37832,6908,23572,34845,46312,30980,23283
25165,28915,24770,25641,14874,14332,3378,35571,35495,14173,24762,17633,47396,10983,18407,30216,42925,29768,12456,4182,23566,6525,25768,15467,7434,2893,34385,48609,25138,33874
32400,32883,22486,49598,42413,34357,25994,3070,38497,15547,19080,40485,9196,16016,6957,14652,37860,35,10069,20955,15497,14504,5336,44392,26631,15704,34812,31508,43304,14427
26192,3019,3713,47384,6324,40103,43958,19760,25279,23987,4990,45776,16261,5405,17634,24210,38086,40555,25418,18425,15352,22187,28814,9271,26776,21807,29111,30981,49128,32407
15990,10939,46768,35922,5762,221,20261,36968,26533,35455,33624,46075,21834,13552,5467,38516,12512,16409,41786,40756,1546,21374,21456,6598,12680,43666,11693,16920,9972,2451
9672,6053,12990,4605,30841,2289,16333,5898,7744,43896,19538,38665,15659,11257,25873,34866,23462,6293,19170,34986,45064,37508,37385,5683,44400,33379,45236,4839,31474,30906
42996,24999,33443,45565,1170,36350,8644,25828,47910,37063,5967,15252,13196,1627,43675,37417,3911,25155,21679,20863,11794,49342,18096,44695,24092,34933,923,16434,31672,18707
45065,19618,40846,37815,15817,38545,1112,45108,6715,24798,599,6011,25705,44009,48984,29532,31066,29274,44861,15226,866,37807,37398,10529,20767,7300,48845,8613,38996,19155
364,35668,2039,11435,3489,3229,39303,42502,25775,16242,31811,46823,37967,47135,43530,1723,24666,28620,26130,40060,11503,21851,11385,15499,24832,35392,4728,46919,4645,39150
49216,46928,49076,39707,5977,25130,29867,10588,45376,42055,45193,23359,549,38562,23509,6137,14616,18557,12838,37649,970,10379,32534,36762,12071,35756,18617,38224,43200,31824
6986,45865,36247,42003,4541,30412,36394,5368,37860,19232,7375,18433,42739,3452,2630,9040,39345,44030,26534,11613,4717,11994,7554,13991,19266,37277,19386,23520,22451,23042
27863,39135,15610,48803,35065,12516,6368,43500,38520,19920,6471,33572,20973,36991,47376,30810,4826,49159,10888,37286,35683,14818,20005,31387,10312,20537,14960,1346,34603,47965
14342,8871,28215,25000,26051,5884,35134,30185,11544,7887,21494,808,42527,17969,17832,15536,5088,33851,6386,33844,30991,4394,237,23426,78,25907,22387,46466,37017,9605
11527,34523,1124,5589,40250,18171,19725,7235,2162,42723,46399,1152,39965,41512,35156,39654,22322,19636,27014,30942,4819,39116,4157,32354,24198,9954,13543,19199,2659,4669
45608,41957,2335,11515,31200,44245,7404,9518,11303,36705,41608,44173,10889,14406,49100,10584,26025,20976,30111,37947,1645,48315,8001,37470,47825,22541,27796,17316,45182,7510
33945,23556,11244,42163,12800,41670,15560,3320,46382,19125,47848,35311,35050,46477,45091,37197,28945,33056,17708,39341,10721,15593,43507,11757,5993,14091,35863,32018,24022,25477
30445,49390,7959,30070,23473,25915,2357,14265,25544,36871,40562,22073,26985,13170,15172,5409,11619,3781,38429,31808,19370,39817,26557,12776,9852,26988,18891,11971,10948,23601
3292,4523,29859,21397,46933,33438,46640,19962,26190,1583,44957,17116,46339,2818,21490,39532,40198,13636,46013,6470,23946,14864,35612,15641,23294,18564,46960,40590,41320,34807
36531,24330,24333,36629,3607,22798,48139,40060,43056,43497,28150,44934,38747,20271,24991,26600,7746,17406,27148,30948,32784,13845,46840,11080,30657,46004,16778,25923,22556,40917
16332,40379,30590,24487,47646,2478,41589,44284,34940,790,6115,13759,14592,5865,24583,1458,25153,36426,43486,1230,28831,18448,45887,6247,17222,22508,22623,46149,21747,36414
7954,29330,35209,30732,44636,4278,44143,5517,47758,8171,1057,32620,18724,32825,5111,36340,48236,42314,1080,19928,29181,42251,20658,26452,29141,28345,47215,3789,19747,7540
29915,44191,47903,25583,23799,19926,28735,4541,22463,3742,41097,5062,5583,40133,23693,38973,6520,29002,16165,11414,16107,31482,29137,19471,21328,18115,29101,8330,20530,42416
8739,23558,48278,37962,13884,39416,48208,20465,19950,48416,16582,35605,33682,39441,25885,20451,42263,28189,1482,15573,33869,11856,10274,48310,18657,27343,9093,27825,47187,15302
30451,5287,13519,10965,1812,46814,48730,16960,19940,47970,17911,13157,11590,11955,47060,34247,26584,41563,41939,20095,44570,1954,46417,5221,19741,29425,29716,20062,11166,16164
43751,43891,23689,22137,8603,20395,37876,36305,39514,27889,45420,26165,45737,20557,25753,18348,33717,14664,36908,26881,16541,49214,32809,4185,32869,11156,44068,209,9882,25756
34809,31521,24397,12261,28318,3410,25623,2395,8321,5492,14956,12342,1011,29909,42237,21373,27278,49454,18015,25656,46988,47732,28092,49036,45103,17037,36524,27138,32079,42201
36630,38753,8531,33400,8211,39991,20082,5819,17692,17692,43220,16335,38031,22873,3208,10536,8002,2447,29058,742,35301,23365,24507,40779,42924,9307,1793,41867,10666,33330
39024,4416,46167,17903,5763,28951,48101,14564,34855,1039,28054,2100,21315,43422,37751,5806,18785,36443,27638,22217,39788,19996,31014,13581,42072,1263,41116,28478,43502,48369
20795,49599,42361,41625,205,30371,30675,44691,22917,5167,21937,6864,18994,933,20227,24180,19818,12105,9552,306,43691,12618,12836,45110,46854,21413,31426,27454,6277,21869
49497,7192,5328,830,19419,26658,29225,11814,30066,40134,22256,10660,43950,31549,18199,15698,5381,38867,24269,34182,22325,42316,13288,12052,15639,13200,3694,37096,37170,42407
29005,10095,32423,10862,46416,47745,13104,2095,48472,49770,34159,3293,22801,12764,19473,12884,16355,7471,33003,19347,6060,22333,11151,49008,20475,12566,48585,32003,43690,37020
40151,8363,2499,36757,2651,47208,15871,43230,31571,37916,29777,24718,39243,20056,47824,15830,39388,17655,4865,25233,10906,23902,33677,19678,23124,33769,30387,33958,40232,30707
47139,31836,3147,38525,19368,21799,40510,4431,3764,2470,10739,21868,438,28161,20552,32713,27788,35427,28992,29,14714,36218,21750,12987,37722,21394,41293,49526,31715,12323
33082,27238,26347,33138,10182,47153,10080,7686,16547,41643,38000,3499,5741,8803,41637,33269,23215,34723,42284,10650,11736,18866,18439,27494,36165,39077,47844,36655,18369,6066
27967,18686,15773,827,27857,5894,10039,3925,30186,18844,8662,12641,25812,31104,18235,44091,9472,17378,39944,39869,38752,30405,46411,31294,40053,45930,44836,3426,3428,34237
35906,22808,17671,32609,34409,16595,42198,367,32711,21430,3137,30755,9871,10282,11110,43483,10164,10065,38133,27563,26636,16709,37159,23875,21373,46383,13457,23548,23759,5268
29224,17806,45111,35393,49113,27553,33532,49834,36967,4126,8428,29886,46080,26923,42681,38859,11691,29792,47307,17629,46247,27896,38801,31540,46219,6888,1221,30277,3589,12663
10431,4011,24052,35656,11425,24478,20244,3837,29297,26868,13987,49427,19218,2788,5684,9450,27671,18636,32160,32557,29819,29476,23326,1262,12279,30608,11440,32315,37062,2235
48737,25873,27216,44923,24947,6438,17115,31266,4629,18398,38258,13664,49631,29693,49565,21666,34331,36375,4987,35813,36332,30631,14753,32520,1071,34306,45920,35239,3166,15852
31109,9852,23133,37749,32980,46420,38721,49014,17443,28547,30190,34591,32602,49375,41327,27536,23218,35049,37294,47575,5754,19311,1571,2437,44243,41718,42572,27223,24339,8647
29496,41028,44733,11329,17023,24733,27080,23707,31794,6389,40186,4981,9378,46648,19697,5797,42344,23763,34223,9353,33831,17671,11427,10394,43591,22455,39457,43861,9254,14886
16987,29979,29108,34168,13338,24738,29251,37036,38234,33968,47781,13896,19413,5533,44689,43371,48963,46177,41263,29526,3568,43617,30518,9932,49542,34155,14155,25975,4098,17256
49269,38945,48301,34236,21652,11562,24206,14880,11764,47424,25055,34909,30731,2175,34753,30239,30562,42816,545,24456,22305,31926,5618,8443,7674,2766,24784,18125,19703,39484
16204,45766,36050,35321,42463,19379,18433,28398,22396,4378,47496,31844,41605,35466,46221,22720,34214,5751,44035,2284,42034,10442,2787,9467,16591,45096,26078,10380,6978,10193
41790,45282,18849,19818,26692,1953,1453,28226,15193,27414,42966,11262,5532,36665,26335,43071,18853,32301,33103,12294,12398,146,18041,36474,33907,33474,44379,42218,49039,28583
18174,38666,1652,15129,47572,1998,3187,16890,37701,26284,48272,47638,36487,19048,29922,27308,5033,45396,26718,25147,44862,40653,10176,42718,28336,5938,22,14526,10320,5275
34164,37106,49281,35022,11514,37691,26028,8689,29238,10711,48366,10401,17734,15032,44363,14557,1883,10222,25704,46986,21202,10034,27590,46612,41712,41777,22904,33214,40015,8014
31759,22818,30477,21324,32189,44313,31513,21917,9145,18650,44317,49765,10137,35686,15264,18709,43153,42602,10944,21064,13999,37153,8388,41275,4534,42064,45739,32400,3797,934
41075,20663,9972,12924,42878,37801,43528,17364,20159,31601,5170,12600,26639,44727,8505,43691,18517,5490,35902,15726,19935,43663,2769,5321,44567,37660,20171,44697,21199,42708
15680,45710,23954,49322,24557,12543,22973,13955,39579,5711,32464,45904,42063,31865,8848,25702,42584,43740,18963,47661,37346,46583,43102,33950,43389,22387,3454,18696,36062,15097
17997,38039,38626,881,39847,8257,26893,39704,35259,23376,42127,7787,37150,13962,32146,12235,42569,1200,40110,11538,19270,49277,13117,12834,32769,16983,49275,26950,25753,1379
28828,1272,11086,41559,24981,36776,25140,46484,37850,6005,30281,18883,19121,14933,26722,8994,43704,7868,45736,41447,25027,10860,28044,42941,8596,20580,30724,32344,25968,44782
5078,9834,20511,30398,26968,14602,32229,12137,15223,47951,27830,18357,34695,17135,49596,4794,35564,42773,12170,30394,22338,4005,39292,7501,23849,3884,49588,22602,22988,38418
46763,16013,9458,3108,23219,5656,37739,22247,32426,23921,25726,28956,45884,28419,11892,38736,40722,22361,45352,30525,3926,27866,8858,44151,49038,1522,42324,2661,36737,36621
18726,12030,22119,29590,46521,500,31831,42549,1524,4911,28318,3549,897,6728,41105,36768,37723,27247,44478,22664,31259,24141,19011,25719,30857,47782,23386,9384,10914,22747
15368,42468,17485,23924,12151,27718,33613,36145,24534,24641,12840,37382,30928,44357,29820,10202,21629,25335,24792,30842,35622,23317,25728,44184,24341,13396,39511,20278,40009,48601
17808,22095,47725,48891,25784,28026,10384,11789,21677,32880,41984,41393,7794,24804,31034,37732,14599,15883,23826,32589,8828,26959,41850,8065,30680,20171,12087,44947,18511,39761
22011,6055,2067,1287,43134,27281,36924,41018,41569,40641,34134,1597,2961,23538,26479,28760,17444,33577,31594,32428,46269,10322,28933,42621,45483,48787,15755,30912,38259,25842
20953,47586,13740,7924,16528,46340,32614,28802,12021,40023,41958,44522,22941,44986,27195,25341,12566,45005,14630,1998,33489,30850,49667,45404,20206,24147,32460,16336,35728,26828
35400,35839,6191,18582,42950,27725,29875,45698,397,37901,43676,4519,18618,4320,33366,16232,31814,15432,471,224,1980,20770,44150,39809,23632,27426,27801,19926,9586,34702
5281,29138,36419,12830,13817,37901,39771,28467,26112,13687,1152,30321,22236,5499,30760,49265,34649,21081,31432,44119,5185,2527,10127,44530,24494,42408,17380,33353,6848,22816
9069,46192,43987,21260,6381,48074,35955,9836,576,8807,3829,642,24451,32356,34327,24374,13433,3543,26704,4332,32979,45556,17594,34762,33974,26634,35716,19449,39395,7450
9885,41790,46503,22318,40079,8362,32151,46230,37569,7539,45916,31005,18109,1648,23190,1299,28043,38599,18276,44564,26571,42268,27632,44422,18915,7749,1300,2906,42704,48881
15156,859,43634,42658,27168,10092,20039,34924,7616,13467,3266,24547,2158,31039,43208,20924,38385,20911,23061,16301,11680,3463,10080,10158,11940,3431,19029,1885,9495,9786
25103,24995,1714,23163,10943,47295,14951,35812,27772,3406,42806,24107,40527,28701,16692,22779,49987,20766,38434,14639,39664,26894,27352,24815,6062,39159,37972,5702,8541,28992
45479,21895,43137,38918,9012,48489,27955,3026,11369,5294,32777,12645,43340,22583,21054,48542,42779,45851,24579,33441,36290,43913,6527,26939,45098,46066,24896,5151,11278,36153
10015,19428,28332,35800,7246,48598,46484,41654,37607,31878,42808,21684,12929,6769,2532,6341,21860,31896,13732,583,22247,15130,40422,40142,7607,23892,21669,4580,41953,47796
46296,34352,19155,17560,27376,24623,4750,12947,4055,17722,678,23823,32928,14550,21344,7307,43673,16178,32857,47247,13029,39466,47632,15316,45729,19985,44003,47286,44052,38217
14022,10540,38642,39118,19632,35317,5884,35897,37848,31051,5675,35933,28884,28603,29240,20859,14627,34763,26525,39333,33372,36768,24328,45865,27611,12786,16443,44367,189,25118
4210,15846,26626,24712,8767,42034,20082,26889,36812,22218,25051,6458,33922,7046,47393,7505,6638,18133,10148,45402,8891,14811,46681,38986,27676,22362,23152,13872,13890,15337
27189,13025,28463,13376,33923,30152,49702,43554,5550,21001,2971,49602,42060,46055,26563,39132,47005,5395,36832,44464,8325,24902,48198,18498,3394,45724,46150,36209,24902,28358
26713,28063,2520,2426,5192,17213,2629,26628,28394,10339,40050,40900,19664,24841,15630,38318,16628,13287,48422,12479,26823,7563,7790,34997,48256,18073,27229,29311,23142,10581
21685,36099,25632,48130,18384,41967,44999,15912,30024,25229,34283,37,31155,47009,41295,34999,44823,48416,681,2204,9012,42197,33505,29919,20756,48797,46329,42564,41856,20440
35561,38478,8375,31287,43779,42034,11726,11155,40154,25744,8293,35119,45364,46250,12669,18930,1707,1948,49019,18294,47649,49378,40213,21414,19067,29761,26842,8435,13660,24560
30535,34065,49001,1145,43201,9671,41034,5953,19013,16624,40237,36049,12866,19223,29671,13790,30465,37047,41143,6427,41544,24081,5321,48940,43132,35825,25930,23420,33771,12359
27249,24660,6096,40806,27530,4921,14454,13109,5654,30771,4349,31563,30197,49064,21636,22036,42094,28288,39592,15013,23944,10679,29372,14915,14353,49849,43412,1340,23236,36377
4081,21521,29072,14045,22337,2597,35424,48543,40095,43077,9582,31536,29255,6365,32323,22163,13229,19926,17799,25755,26560,36621,19814,4131,2413,14992,48883,28004,28511,42042
13556,15000,43897,22335,36506,38657,46472,29746,27283,14646,20546,25918,38723,46165,23196,41489,25140,38869,45567,14454,37480,11295,13419,37507,6973,24801,27806,4244,45123,46702
27535,41252,42638,2805,9197,15826,13501,20129,10733,41322,5224,1149,26029,25649,7392,17857,21538,48752,17164,28703,24339,30959,45430,40967,2107,42815,20387,27708,43729,21039
25525,15648,15015,39665,3444,47907,15775,37196,40841,6648,19194,42152,10339,9153,27966,17059,48065,34204,16750,10960,290,36290,26131,17286,19300,23732,20804,39974,48370,38749
38279,20919,2818,43081,12843,38521,8658,28999,15999,21305,28659,49357,40226,24885,4958,15818,5456,29210,16315,48309,39166,31625,6952,12387,5878,33142,42415,21377,13759,37382
45582,15082,36723,6412,42601,8407,267,43744,30456,39611,27760,35452,26932,15072,38555,36338,34479,48782,2409,13873,3791,33910,38457,9402,14676,2720,27974,42625,26400,3302
1281,31966,48582,49792,209,4621,27085,38799,33016,19473,3806,37449,22013,17118,39156,11946,26517,29569,19586,27137,23571,30313,37559,6551,38632,3653,38755,42546,11539,10363
37729,5501,5678,46749,13616,1149,45001,29033,46274,27340,22801,39494,883,23175,12704,12296,34950,15076,1569,23362,13997,31237,45804,17211,33867,13404,29316,12489,39528,28574
24929,18831,48824,14478,6427,8977,35093,24132,40392,19093,11110,17686,6710,36141,17719,25678,27122,42840,13373,14840,15108,45083,48356,45654,45226,41260,38061,3935,29142,25067
31260,20869,10381,38459,41602,8038,19647,40767,7021,1270,24759,5947,15884,34937,45354,4608,42435,23488,41684,30765,33705,11745,19565,48221,31229,8550,15179,34530,47915,7170
387,7455,13584,29324,26121,33981,33195,8566,33442,24677,35519,47832,26665,46868,45688,20262,23410,21063,34938,44676,36795,234,1836,5105,14768,22419,48727,19235,31557,39339
23053,31589,24420,39973,21348,8342,31101,20397,24499,32408,38870,19675,15559,13070,33815,13039,41696,43295,40962,22053,16242,3406,44262,11868,44561,43806,14658,34474,25515,49535
19570,45636,4689,48358,43321,40118,33980,14145,3995,2076,46974,40772,28882,41658,30548,7034,44096,42110,32659,2343,3333,29372,33286,11974,10307,41184,35850,26820,29825,9371
49380,21490,39709,3330,23101,19145,18549,20310,18864,39408,35035,8572,39666,21419,9667,28649,20090,43836,23870,20258,47682,32981,47825,28772,21798,15284,31425,18526,28108,6449
25559,8132,43700,9844,7130,37353,47697,26087,34683,7338,300,2267,41087,10658,33973,28724,46215,28562,313,6542,24829,4884,19350,13937,22230,41527,46538,48677,3812,329
27461,24725,1103,34974,13587,39498,37251,4296,42099,19363,12912,47273,34620,13816,48668,23762,48785,38925,42226,7636,16683,36054,9615,47771,32413,36997,39250,46890,46911,35697
35273,2663,17321,14583,12480,27415,31001,13588,9287,38682,6406,15696,26131,27999,25294,17492,10846,33015,46862,32138,32432,42148,22196,978,16634,46855,11442,14942,46162,40087
48990,1991,3046,8228,17607,35873,45043,4496,7769,26225,45572,23899,35402,21299,45834,27697,41169,40292,24571,24092,37298,1613,25114,38246,18651,30756,1608,29076,46949,46333
48145,18979,42725,41969,3866,48854,10730,24811,322,5184,44031,25172,33540,20119,35873,40479,23965,46004,26983,15458,14439,18020,32662,26842,6742,25167,10212,16846,49052,25429
35792,21449,27698,21269,28992,31987,15670,47457,45951,32159,6143,47920,32718,21498,38836,4002,31846,44365,65,44714,13139,28318,21524,8830,18096,40237,39895,11697,4608,5934
39535,13831,42766,26988,2271,40139,11271,13840,5951,26956,44155,34075,22189,6846,35535,41426,43181,26431,31624,26508,43354,17492,25659,3038,14213,43699,23952,41002,11863,13460
14454,18543,8067,43854,22743,38073,22613,14276,24449,4701,49524,49367,40636,37278,29203,34887,25603,35288,43894,2416,22065,20212,37326,16392,32715,40357,26659,31579,31902,34958
31997,665,39535,46327,46249,1538,46793,15300,13330,7628,21081,18196,23180,9693,19388,5360,6438,36757,22235,14870,27738,10732,1650,13158,47298,32419,6318,2181,8732,1678
14381,25577,45549,5488,2541,10972,8918,42882,20107,13318,26927,4825,26304,48500,36600,8314,23,32240,14497,24198,4587,36090,19913,6301,2315,24789,47748,47866,26587,34402
17888,38301,42259,8965,30965,39177,29627,26175,18687,39921,520,30577,18115,33347,36321,20470,44379,23559,5723,26215,15401,35987,48231,36642,41063,7901,26928,17967,49471,24394
28563,2532,22553,45137,49002,35519,12006,48554,30927,41960,49316,47959,26194,13236,12423,24408,7041,21712,7257,3466,45852,44818,39682,29520,5537,8110,3862,39693,5663,12689
31828,48539,42479,16081,33408,37898,4121,30469,23152,19989,23035,43645,33657,3950,2609,20988,13162,7713,33976,34795,15438,40283,29644,7309,14420,1880,37429,40921,21373,49527
1903,37445,17862,44188,20473,41506,15635,10958,9013,27066,12634,11805,7310,229,8145,22921,43796,8002,25434,19197,41309,6824,31587,16378,14797,41042,25722,47829,28713,45505
25485,20754,15328,23855,20688,47461,4538,47857,15029,45772,23921,769,1265,30390,42102,46605,20633,10228,36013,6817,36215,8306,11998,18443,35563,14769,10430,19597,18940,18011
22029,3813,9425,21158,43131,9560,37545,5220,33854,12563,34131,14464,25619,27959,28777,38360,39248,40151,21209,7438,42360,41140,10440,44824,42360,35699,33566,19334,12208,9785
43836,2108,9686,34008,37007,15154,44015,38199,31478,18833,29441,41620,3921,3574,49202,20240,13229,18966,22220,34022,42206,812,37420,7138,44491,1068,28088,30708,43771,25239
44509,31094,18877,7144,17061,7687,42844,35508,47662,7199,15401,6145,6147,37868,20134,12734,3437,41570,44559,26945,44253,47248,15554,5464,48572,27817,12051,17562,41076,5318
26498,26160,44979,11762,3179,9930,40690,49109,46497,47287,2668,49041,36855,11230,19306,19797,49310,34030,13757,20182,19299,34533,3455,34864,27899,48813,35930,12594,25419,14955
47460,8155,27211,34892,47079,18687,44707,26045,49527,39349,26186,13129,7283,22703,6941,17451,40932,25822,1576,5194,45261,40625,40596,15879,46151,26524,38583,35969,25897,3614
10817,15595,40816,43831,42657,40419,31955,46251,33256,18514,6506,25070,21397,30851,39754,19698,38207,33940,34553,35411,37785,19687,20448,15078,43285,37547,4274,24796,10764,21353
30631,44254,4558,34623,13967,31741,28502,36690,46405,37687,4326,38445,8467,334,47484,30957,44600,3640,37034,16199,47567,21618,26534,6413,43029,1822,1017,42295,29292,27691
8365,8635,10393,31106,9628,42625,8967,36302,38259,41492,39116,25068,42140,23387,34734,12389,44775,36411,16053,33983,1298,41034,46509,9930,21663,36766,15204,47071,38232,13226
40781,3805,7441,43203,21092,32117,10760,1629,37206,27232,26146,14203,49473,33150,21959,14564,9234,3650,26504,44112,31978,48065,34602,43478,9755,46270,22228,34820,31033,17628
35005,45608,47829,12806,44682,30188,5413,43662,16106,15434,20363,3911,23517,36048,45866,44225,19662,20985,35263,11927,1129,32780,2277,15435,46379,2784,13130,4659,49753,6437
1768,47921,41056,48929,28909,39651,11566,44085,39480,8366,18164,26190,5258,49810,21414,17252,28129,37551,30149,5628,49031,24,46402,41404,36637,13802,2107,49510,14537,40456
25823,37337,17083,11726,21074,20265,36184,10076,21081,49831,39783,39902,45912,16862,32446,43521,21311,36418,41031,6593,232,38442,26197,8601,39229,24452,11860,2650,30315,11853
38791,27970,20390,30340,1865,26852,39104,18537,35095,37267,44774,9353,16275,12755,19006,1476,8938,10893,24692,1315,22220,41287,14863,42304,41906,20561,8219,26982,41007,25766
36988,22834,47962,15076,37905,49404,22307,14754,40905,10306,22497,11043,43331,15987,32616,6629,977,11120,49197,26775,46778,3174,22954,5618,36596,31038,8172,13648,12604,10059
43451,5375,5609,35290,25194,29473,38890,25162,8229,3627,33551,5277,43283,20918,47363,21332,33802,16619,23844,5948,7800,41122,40220,24148,8159,7904,42948,43597,39998,14843
1777,34434,15045,9350,21967,39687,43932,25066,15120,20769,42068,41329,49790,406,12577,22233,18712,20042,49320,27276,11715,17004,25546,27666,6159,7291,36675,15227,22455,5784
5502,16292,9065,12657,45918,12025,32152,30575,18396,18004,49069,16968,9223,24541,14665,23819,11290,49735,29763,12743,41859,28517,33547,2146,47254,21571,12398,32376,48557,49780
42124,7835,6779,36189,7052,839,3173,46119,5433,42499,5926,24437,19147,38176,31796,46875,29519,33254,32817,26172,30261,17725,42223,4873,37458,24330,27192,23841,8438,41222
28090,18080,34353,3635,32762,28046,9902,19524,9946,26010,8069,20332,41875,1303,42774,48315,3604,4993,29542,27251,44047,23303,7308,26773,13375,35514,1992,11900,29746,36221
8894,1835,27294,21656,27906,31940,40702,22776,6350,24481,29421,34270,293,49505,19772,36756,47292,39013,36451,27383,42566,34990,5122,11776,30716,13230,15276,27145,23965,10175
30258,29689,2123,41582,11239,32089,32113,35131,17965,5900,45205,24109,49689,30160,15039,27248,21106,23749,36459,49540,1987,49555,22705,46346,24567,16769,20779,14215,32193,34725
11910,6305,25689,34801,20784,47976,42139,18694,48038,23612,33830,15247,12009,7857,18852,16959,42510,26148,31830,37247,37214,12199,7145,46223,11157,3134,19845,36312,9917,3099
3296,14904,6818,25313,30417,26742,28513,1977,17138,16825,33025,39132,17819,27033,19951,37210,16732,38574,27487,32314,30318,17649,7820,27457,13672,6227,34051,23094,6818,28546
17050,21414,47318,31886,16204,22511,35599,28865,33342,29094,13504,18469,22246,36343,46349,39287,44375,29533,17336,8002,20475,14661,13844,41509,36557,1100,21620,14243,5288,13914
24845,47081,18646,44857,29954,24573,17649,46148,21131,5890,20502,13352,48025,23692,31126,8773,29006,39439,21747,48318,44799,38474,30272,37253,21791,11050,18374,39727,6806,42046
21454,48881,16260,10598,16878,36420,18131,22456,15173,14957,30923,3115,25114,44970,31355,19088,27124,12090,6216,11980,34116,30368,37130,1597,294,44356,10716,29174,43947,4683
13872,31757,40688,17927,30750,19785,37891,44147,3458,47913,39057,47280,6424,13419,23860,33791,22163,1577,38490,15171,33581,31810,41879,36139,26337,31911,13846,49677,35287,42279
29800,40861,2400,44206,42184,20140,39126,9816,28663,28769,45975,4436,47837,25948,115,45609,48006,18214,3064,3706,27109,6038,7985,11363,42110,22687,12559,29364,17549,24225
21421,27617,41543,32228,43948,25853,2631,41970,37213,23669,1664,39706,35489,15365,34459,29165,15542,4512,19245,24983,7475,1243,4504,37783,9365,48018,24319,9531,5478,33460
22119,36259,47007,35143,8291,24673,26881,44832,17702,8506,10342,35284,47873,46945,38672,27938,29363,48687,11255,14759,24220,27778,46987,18009,32767,26968,4989,15303,41572,38372
49888,44209,16055,9011,41939,2331,5811,33898,10911,32840,34263,35646,38669,35071,11801,49314,26005,44020,24023,21049,15970,696,7263,3568,21727,47103,35423,49474,16917,32916
24847,42240,3799,30770,39299,40878,29352,6922,38276,29524,44090,36503,43630,30131,45092,20999,35616,11545,26550,27088,13294,30627,38661,41823,7031,5225,30746,43883,39373,14354
18236,23121,18880,32520,48973,34495,41537,34187,36693,48348,39046,4310,24301,46959,9295,5741,9049,44611,47268,34716,48130,9386,20983,21373,47027,17046,9035,41681,3776,31465
49284,43099,26108,49857,13045,17612,18951,33946,3657,24570,23018,18134,35037,1838,38136,7303,45409,22903,46263,20734,8433,37490,29596,5842,48673,27899,41197,10395,42552,11281
27628,24571,45762,29214,21201,9283,9232,18630,47183,39518,32718,42574,35684,33837,26306,39702,47040,3474,9356,1,43200,38584,4461,38073,5979,33417,41641,11992,34253,47272
16533,6057,38106,28983,31320,30630,16980,1062,9893,816,9377,13719,21145,6951,47892,14075,43042,17237,15422,48646,46080,36875,7718,25730,22671,28571,44258,634,40264,45664
5368,28531,49130,47116,8155,25716,27967,39248,28528,40533,37559,5012,11397,15715,9082,37637,33924,20468,49578,47504,21776,17087,28104,15395,42171,38219,31139,34597,32595,29883
30823,20443,23437,9825,2299,6642,22633,43131,35321,10921,17587,9786,32832,21798,9348,31451,9480,47292,30399,12042,49649,2503,334,48269,2621,9517,46146,44005,45964,39019
1271,15806,12298,43453,32863,43222,10405,31879,28600,1016,27221,5183,39048,4035,44451,9390,48872,24788,16097,9236,35320,43985,31913,42156,28641,36820,18209,5817,1908,23202
49089,23080,15525,34369,31870,7055,22688,23732,14156,9175,9330,35447,3009,49722,34240,34667,48161,12099,22384,16369,18777,49050,16925,6312,34779,44025,12350,3652,42923,32387
35352,40147,11148,29397,48403,38851,12451,15195,27612,22963,40685,10992,22896,30833,15392,47801,42283,3412,19152,8535,35077,28951,9244,42734,24030,23071,4605,20175,17039,14800
3414,27394,20691,16012,20353,2225,40958,34665,5265,4631,48031,45560,40477,33475,9779,49981,37420,580,46633,3997,23897,13554,35263,14360,8335,9193,40449,41694,39578,12227
22936,30748,40650,16858,3730,24103,37332,10426,33717,46014,14229,27687,9909,13153,43108,14852,21367,40015,36709,16015,9013,29805,46327,9254,44854,2283,26401,12716,14720,4348
14695,37256,3866,48156,39060,41845,45801,48587,18604,46498,26734,7451,21801,38632,26538,29184,36771,22776,26752,17706,13786,5804,34633,3049,30907,13380,23195,32663,10191,48625
42608,5765,48412,47716,44875,22296,17840,48466,3003,48270,8063,31857,6729,22169,36342,9031,30011,41218,7550,25260,16344,9666,3385,44114,48968,41005,36185,13166,11139,18355
4497,49588,16667,16690,25075,43506,16060,6313,37834,25500,24009,37486,11219,36013,18449,26601,14812,35855,17043,36308,44615,14995,36916,34789,7818,41942,7448,41064,45349,40535
42714,42411,48550,16829,49684,44416,42295,24842,49832,15958,49349,11957,17329,28220,8478,17456,37297,16333,19521,12064,33415,26620,31852,5376,42256,44554,23900,32860,40065,32538
2639,40053,12195,9133,5348,37469,4760,16795,1839,11977,33997,7564,14869,45776,47461,30353,49061,1961,42718,1035,15644,44095,21682,2315,29726,7430,744,45772,48423,17721
49430,3074,27160,6732,38345,49244,15899,31391,25429,13442,9897,45839,41332,47628,23479,16040,39723,27686,32427,21209,20391,23077,20746,46061,16676,15183,49610,16600,34333,32333
2034,13612,14384,46625,8394,9667,3996,6227,48581,23483,33778,2482,46388,34408,44877,48012,31810,44501,5465,5011,5733,6728,1987,4120,43665,32076,35938,30292,25155,14497
16206,6164,46997,26115,12629,72,5800,2937,18214,9901,2152,1107,2409,49691,18340,45389,29391,32424,16242,6721,4098,19503,10115,7466,26601,10914,16380,22085,45830,21387
13066,25150,30928,7830,33151,17065,46613,2847,47811,14484,16574,36775,1458,34273,21194,6475,29669,39091,17802,25755,44609,17324,32156,34843,5793,25400,43979,31020,19758,24586
1336,19256,3505,28741,17175,23020,3335,6479,34272,2846,5559,43784,26623,7002,22594,4081,47615,26026,11768,10551,9258,44361,31173,42317,2536,3865,15488,15433,34513,44303
40720,12911,40372,2301,42473,10486,27993,1312,2260,12353,44229,9092,29593,45458,3259,11640,23626,21493,9589,13974,17923,31109,43286,9674,35386,34988,20867,26417,22029,16089
9987,28167,21469,26616,25302,40685,39374,39862,46585,36946,13325,48534,16132,21293,10365,895,41321,33567,33083,24988,3205,1347,26419,26877,41949,568,12750,10788,45978,18865
15634,29869,9514,39544,22777,2607,7473,41366,129,18404,40303,22793,23516,21238,45769,47513,33850,16505,38936,43286,3230,16153,5592,44846,18749,32184,12274,48195,3162,42118
8273,10731,5585,2933,8517,27022,6987,15343,3193,43594,9331,33347,48068,20948,20872,36769,30723,31259,45098,19534,35833,43156,24023,40547,19266,29984,7936,21326,44343,45030
31036,48517,15943,46500,39005,31519,12898,42406,4467,35808,22394,3854,12585,3471,23401,19914,18725,45677,19123,31811,9073,48377,5817,18638,31117,13616,15020,29386,15084,40010
43874,47888,2306,4123,34437,47003,21566,17870,33767,46817,24533,31404,28963,37493,9888,48573,16311,40540,14018,35362,18689,28116,34436,32618,40908,23482,44605,22563,7770,30772
7497,38990,33061,4088,35950,21200,49171,34839,13621,18120,29860,24351,46182,37626,22354,22532,44807,41970,33831,2261,18653,94,41440,38174,11099,6583,25936,42958,16541,3182
36961,33563,712,48361,48879,9668,42209,25446,11572,29525,36586,19165,49052,35527,3640,45656,34591,26388,17497,27771,39060,22999,42587,23110,18820,17980,38614,215,10032,26105
14285,5730,19544,16032,40660,17411,20964,13183,35562,1015,14023,16095,33519,675,15779,37003,27859,14353,19987,30958,34612,23888,47304,42059,42785,35327,35825,42175,17449,8603
30477,22982,38198,1313,23848,16788,23002,30997,25386,14449,48030,8555,5038,44665,18538,30711,10840,24296,6947,47060,23969,30053,37929,32921,29285,37450,27603,28734,37336,36789
45841,48814,24461,1454,15225,21678,42018,13675,2450,19305,19195,8125,20329,47138,42870,1176,1788,11442,15510,42294,36144,44300,45529,22710,42978,6325,22622,14880,14410,48203
16794,10763,249,15313,16690,26788,28647,39825,26797,41021,32715,12992,31249,47182,30243,17854,17209,18917,25862,49084,35134,21542,28342,27630,26986,29278,39205,38136,28737,10796
24176,1699,27471,30370,10211,43071,30376,47213,14497,27406,33061,6352,5189,13299,27223,17522,4497,8131,37775,38430,29550,8255,41131,22481,36997,31514,30906,43759,35103,48921
10997,29784,48236,33026,37918,7310,25625,28408,46876,38499,2096,28320,811,10088,40247,37074,36673,384,12508,14440,5708,19570,6447,3723,25907,18485,10454,12019,25821,43054
39708,15830,28511,38523,23282,13468,18571,19736,36329,3844,2038,34062,14152,42288,32774,14987,44337,27959,27505,68,39877,39382,32212,4164,18587,29070,1844,18200,34890,24368
39797,42769,27921,4057,17577,43843,15037,24387,27952,22861,12040,40898,27353,16654,21620,7927,36384,14246,38200,40896,23905,8353,48916,17643,16912,22097,48551,18035,20502,39320
49017,1091,37602,38435,11106,11574,6560,2162,47926,16786,37688,13637,49002,12481,13892,26195,43186,21228,4675,49933,13428,689,48717,37841,9157,835,37941,6339,529,24662
47079,36337,28361,37495,48382,40727,10644,9359,9769,6431,44258,7439,39775,31114,11649,11801,19990,14703,566,12085,41018,8770,44075,19629,49006,41569,10689,27521,11711,10249
7507,21382,27251,12945,19215,15108,31696,34870,14959,35806,39620,7582,46674,26898,4892,12278,8525,3733,26388,19216,44185,39532,43827,41010,14551,47883,26715,8257,35780,43697
10733,26514,35592,14922,36242,18492,19479,26387,13948,4464,44250,33286,30739,44188,36688,25049,33538,37234,29590,18527,30522,2840,19153,9477,5484,31881,29612,37655,26581,1748
20385,21283,40213,203,47239,43534,26330,48366,38416,39210,29594,37621,953,27468,18810,16905,47684,15407,38993,22880,43609,25425,6601,5310,33505,15834,33882,37759,847,12618
7085,11183,40490,22878,25511,16102,29383,36894,23602,44278,23969,22653,30878,17023,22697,6951,293,14792,7174,35810,21835,36969,7030,21840,15957,44169,21020,28924,40574,37573
37925,31396,25537,19233,15673,30190,9022,5815,11441,27457,20286,33457,789,13832,36657,22106,49898,44629,7792,31268,25376,5568,48769,17455,27743,32672,48896,32993,5143,39985
1683,27275,23796,1638,21480,45579,20668,3826,38123,33363,24253,42548,7109,48300,5372,13032,16619,34236,37045,16003,35894,6957,40934,22986,42447,48180,30151,5661,26518,25333
20445,11571,41513,14651,11882,34588,33793,45181,28052,46426,22865,43541,47977,37411,34,27735,22287,12859,46057,41764,21365,15972,30021,37627,45827,9754,13421,29481,8643,30300
37736,30683,37511,17949,43425,22344,9454,12585,24890,39154,17814,43235,40255,29802,10753,4302,49643,33574,44563,36967,49742,28845,17574,21859,46475,25079,4069,23191,40857,29690
44391,35797,33801,26456,11911,10229,44751,16821,34594,35623,13889,6228,12553,18112,31987,37319,49618,46341,12691,30434,14779,9528,35041,6850,20958,22181,47043,16192,14669,27213
24597,3551,26838,10521,19050,34599,8387,39220,13688,26593,10191,11258,19526,42966,29962,34220,37987,41873,15933,19782,16103,33901,11465,49151,30715,49097,22380,12820,36978,17798
25996,7694,2279,11112,2999,23656,43524,43526,3893,3444,35426,47197,39242,42560,45550,4849,42198,48745,44600,31634,10777,14473,11644,9841,21642,42094,18267,17523,22018,47753
46860,29823,28016,13155,25846,7309,32913,42934,5686,257,12457,17538,12571,33535,32427,4170,21718,39049,40071,3545,18182,46324,42249,34356,49931,3540,21618,37875,23885,19137
12998,42245,3753,34498,35675,9600,33314,6713,42339,28336,37940,2045,31377,32891,6107,12783,46095,23064,12735,22906,21785,4480,30297,6514,29481,33224,804,25705,36189,16204
4981,3000,26272,29271,9148,11647,45596,35581,36351,40864,39229,33848,45592,12683,39370,19806,6353,48052,31743,735,34696,46095,29155,5922,36214,6905,6243,47210,38127,6308
38804,27087,29600,24735,20271,37003,30510,9412,33691,44862,30437,38516,3442,10294,666,44310,37323,19923,17568,46679,4565,28716,26664,33049,36242,42189,1439,668,44989,34929
45261,476,41503,75,36134,14910,16016,6013,8828,32421,40351,38292,19552,19561,47116,45602,44449,4,16387,3184,22775,38345,43353,22293,16782,1347,12778,11579,47877,14831
41107,46524,31934,37846,704,35383,20205,14804,31398,28445,28796,10839,48696,42967,36636,36018,8632,21328,24052,15365,6317,17821,40935,29405,4503,13628,6127,14175,11413,468
15916,43542,49070,10166,12590,37449,4581,29619,41532,13746,2072,44323,21366,22043,27288,22202,25473,721,25739,31415,6912,21046,11307,32547,48200,9069,1457,49191,4301,2434
6679,18502,27675,15110,14859,34570,8756,44702,16442,13269,19734,45471,18801,39428,12936,403,10850,34205,47143,9296,12926,30980,38912,3711,5015,46030,24779,29109,46645,6173
45692,36667,27097,17129,33555,20998,21330,21849,35767,1972,48975,18132,11274,38898,43475,49135,3535,8772,41070,42267,39096,7132,38840,25218,13086,25784,48857,38058,47625,10899
19765,49275,28530,30214,16358,41869,12196,12693,37242,32627,46141,32300,25282,12689,912,11656,6401,48633,15347,46462,6955,27202,40842,16523,47640,46473,33910,1013,3613,589
44844,41734,26800,33065,41372,41890,38323,18885,47588,38358,19692,41702,12869,45124,40701,31712,7134,42236,36472,41360,23704,44170,22021,40706,43628,30140,45565,43043,17589,8781
39349,47865,15573,23334,24782,35510,3127,4990,20531,42846,28237,17583,27738,17092,20347,4977,6442,33736,46370,1098,40676,22890,28173,11812,48792,40043,7516,11521,1214,20824
7934,29140,47509,37263,18302,13497,45797,44617,49555,39047,23106,14232,25704,30101,39839,14362,32898,17051,11206,16969,41737,10466,22415,22638,27406,43331,27062,9958,4277,3063
37089,17699,44775,4986,3920,41739,32663,34962,33317,29148,19623,24597,26327,724,41829,32491,28939,38884,27380,7552,11215,49448,48918,36945,20419,2207,12647,14920,14073,37509
2692,9090,27223,31413,22586,16330,49926,46933,24553,3338,15461,10421,16355,18108,39074,47286,24004,27889,36330,36870,18675,37928,48737,1730,49693,360,47547,32346,43469,9517
22755,21647,46999,41400,34917,2674,14838,14888,583,6502,7599,1462,18338,39099,21857,6823,28142,45388,5682,18401,15090,7420,43449,13841,27338,44130,825,36213,41468,20740
34914,14871,44033,4419,21077,23953,23926,33106,24739,32762,19117,9133,13737,11322,22424,41517,40304,45009,14915,35370,18601,11364,25719,20476,15473,6304,37806,12899,49224,10990
28075,16729,10423,2734,15364,24929,34933,11219,48447,22313,2333,31993,44185,45944,7662,37677,26334,21407,45374,30617,16525,18083,26004,37095,19228,24326,33236,21024,18000,2
43354,25098,32204,16669,29322,49422,25730,38699,24733,3256,7431,6884,43483,45656,48814,23568,9791,20404,45873,45272,13336,13067,761,16854,41942,9052,38485,29334,38274,19277
24286,47885,7455,49614,6399,11269,32930,2072,15405,16248,6528,48747,28788,45180,40413,37842,3113,33552,10589,46530,32469,47992,7133,37769,27677,46200,39322,31366,49530,35629
4520,36069,13582,9901,26635,32127,8785,18948,34787,3358,7541,29176,17342,13962,7360,34643,25806,43292,9128,39374,15507,23604,40460,19000,26561,15704,2883,21323,41299,23186
33159,40442,8206,13228,6072,39898,20102,37540,43647,44881,28505,21731,1869,8729,21602,29214,1759,9520,36645,30666,18154,17096,22100,5603,6609,36926,14127,33122,550,9429
42438,37818,11347,2907,12595,48056,7155,17241,2544,12907,181,23171,41186,42985,43237,29573,1162,30604,32566,31711,46210,5134,25386,38590,39303,21283,37582,25882,3447,6580
22363,23634,9380,25202,20762,47572,27928,13422,13496,16427,3919,32275,20277,25037,18391,26169,1650,34482,48480,13903,30411,10368,6769,46863,16773,2204,29861,33125,14401,14630
830,47533,34514,27529,48271,11160,9920,1983,39041,26791,637,46253,12364,19194,22205,25801,12357,35601,43104,28332,15105,49526,5416,11503,22796,38222,48562,1672,46954,2374
27529,34782,33743,6268,6191,12669,7440,31190,42547,49486,42905,31208,24236,6988,47522,39873,35837,27225,16315,25558,47984,24082,11702,40583,26091,24395,387,49663,43629,44629
32126,39858,29589,17102,6498,26387,48339,47878,4868,3657,24835,9580,18988,7976,9776,48038,29828,22396,508,11633,39677,38210,33984,31438,14948,44223,24954,10241,4941,28584
6917,25207,49278,36888,20265,47722,14261,35687,32398,7695,17908,42230,8705,35008,1228,16541,13142,36763,28051,17800,40187,42981,16792,26662,39311,34889,9795,20128,111,35502
28412,6636,41743,14262,13953,43881,28108,41649,27284,7811,10491,6139,5082,2759,48118,22035,5710,13842,25048,19098,6226,27229,45159,17422,44006,19154,39042,9390,37402,31176
23737,22137,45741,2564,24538,3518,13743,4718,10155,14929,26402,2232,24685,17846,20142,7873,4208,42616,24699,3923,14470,22079,2042,30662,38853,2412,10993,5082,20223,49908
41654,18701,4734,14278,30673,30731,19566,33914,12520,10401,24264,22698,12554,12681,11455,19889,362,27226,25107,16319,7787,46803,30159,33136,16298,2971,16569,28226,46120,38387
30130,23541,32433,29611,35385,21417,36982,13061,20180,32720,14679,19546,32366,36222,22976,45113,7264,7926,5626,20837,24773,26654,39307,13212,21694,42612,49806,34175,49217,29206
46355,41910,2704,21988,8536,35951,39258,29531,20532,36742,39382,44651,18988,11170,2452,33021,41102,49693,10249,22644,46254,28409,12252,12318,28083,1997,15774,5785,22065,26094
10027,8557,40806,15768,44544,35357,32367,23565,3507,37066,33351,20653,6346,28143,40920,18864,28134,2075,378,38767,31174,27504,6436,36736,22337,29147,8295,47815,28724,26010
28541,24404,33565,46234,15273,4893,9809,4998,22508,4768,19529,35137,30867,6212,42278,45595,2870,27574,12920,38310,3129,26991,13995,12385,12989,14163,27360,46313,37087,17422
11544,35087,33485,13997,31371,16965,38454,30584,39618,30238,36828,8389,36992,14506,14951,3868,658,42335,26913,4788,7141,6872,11497,45945,45172,17095,24498,6302,12723,30213
48091,30324,16853,26320,11887,6242,14750,657,39822,35792,19676,48760,21972,1712,47570,25444,30068,37973,3766,13842,16535,39408,30715,41966,46529,37512,43192,46322,486,11378
34194,28979,36951,43196,13105,9078,5691,39206,26144,80,5917,49922,1106,23384,11701,38541,13946,1292,22219,9623,29794,42986,46841,39224,39579,40747,40197,43046,46207,40353
42629,33197,31293,21656,23922,43846,6769,11649,34880,3905,9465,5509,38972,13994,2270,20640,27928,16249,10338,38948,29599,6041,33337,9392,44978,15359,31622,17741,40112,27764
17701,39484,49528,38239,842,33774,4103,5002,26811,11356,2472,30400,42310,44242,2571,36857,25161,43470,38980,28570,16155,29222,39108,46726,48400,27931,17979,34064,1255,6418
40365,923,25436,26804,25401,49004,8710,37480,28226,36718,30729,10813,6000,14783,45785,25716,5503,17825,1757,4796,23589,28593,24858,31542,33584,8021,47576,12336,31284,35474
35270,37068,91,34789,9689,37980,15322,34835,38506,13953,49961,1003,6390,43410,49754,46011,29895,45566,13264,18511,14813,29489,33268,26899,19157,45481,21581,1981,449,37128
31687,10461,23580,30456,21789,43777,47313,29826,16851,26896,391,19454,14445,24521,7922,37347,12171,13224,28894,9444,48695,47790,34889,22625,36802,28090,34929,7023,45463,33208
30466,44653,33305,10832,24860,13649,34122,40743,25596,36544,15581,13823,1544,11134,21004,27441,25161,11453,21099,43317,12024,24734,35739,13770,3226,15564,18946,13877,41149,7586
28546,1817,14270,27222,37124,17937,39816,5430,21055,33570,46104,33679,35847,4989,30499,4070,42947,23947,15811,6402,11808,17091,999,2845,23387,37988,29923,48020,46407,35684
47909,36155,5255,41007,46805,39143,24440,20024,35222,30074,37133,14381,28920,16444,27840,33704,12800,35099,26659,46299,34661,48481,12448,49411,46754,15510,33433,27381,2877,39335
38829,28589,41583,42624,15876,25526,25256,49954,29665,11011,18642,7511,3443,28847,20799,31735,10387,26906,9928,35875,13213,12750,26132,36398,38305,21346,3985,20501,19268,34158
17590,115,4021,5823,39977,7274,13892,2927,20611,15209,15811,9346,36601,10293,16529,45737,16990,24944,48284,39544,13440,31788,15622,12200,42067,24172,35053,49803,8431,26212
21123,1608,46582,10562,2848,16749,12590,25426,24897,26780,23577,7786,16878,39432,49265,2889,48926,15678,22536,46194,2783,8853,36025,31221,29327,37955,4289,20168,48013,32920
16089,37243,46343,36691,21393,36236,43306,26589,44505,6674,29443,26421,1703,5547,12224,19599,20811,34592,11585,37310,16073,22711,9228,27366,18623,2535,43208,34200,14361,18568
5680,19842,12125,46868,9572,23443,28730,48227,25118,42793,21613,21922,37408,25976,5842,1054,6052,10593,38170,38206,38681,15479,35095,25056,44954,37842,3761,1802,40463,15047
18280,7207,39807,38695,6838,7840,17375,25874,22178,36430,17026,8432,17951,45674,29458,9763,20004,22743,2981,29341,28160,46358,42342,7776,37786,34085,30115,5480,2094,17110
29544,44843,24193,16108,28814,24632,38457,13885,11608,16711,16212,11459,15539,4600,19663,8226,41568,34465,10618,49418,3893,14080,12954,24503,28959,19465,20996,30032,38420,5258
15982,10685,25686,26987,29139,24396,12603,42026,11584,46761,46491,33117,22398,14246,15767,41028,29201,2979,49541,46051,41883,10625,10926,10288,23642,29387,24969,30579,15756,22904
49184,33800,11477,5476,42354,42560,14531,11821,5060,27635,7250,32442,30755,33348,34088,8373,6249,35509,30784,33385,28218,17643,13521,16236,31185,36500,37034,33383,38720,28741
30456,2095,22506,4299,11863,34935,32527,34369,10828,48315,826,22214,16407,20032,35035,28953,17692,16466,11604,33317,40750,22263,33156,7310,45158,37882,17975,17734,41379,36617
37346,24669,11951,22594,41230,14745,19036,26217,28117,18472,6616,45198,7312,13484,44328,13298,1425,24249,29040,33691,30628,20191,30962,46590,19454,33642,41115,10680,35368,2351
39999,14151,31490,40495,13689,19067,41738,26450,20539,832,2653,40682,49080,33407,9571,1155,29604,3352,6957,41004,42883,49912,16785,27369,43273,40605,29844,46139,8007,14357
43791,26013,22906,40333,25321,16446,23588,49523,40277,4916,45253,29349,11780,21334,3227,20305,35094,33490,504,42358,47509,4861,20389,14208,40863,38011,10496,35229,15120,15080
24838,29870,5960,46585,34420,39886,3174,30669,47537,16759,43887,5012,14959,47904,23040,23722,45944,11183,49880,27454,29048,29961,38700,26363,40265,2594,20605,33197,48129,8638
22047,32783,1526,687,8834,44366,37825,43673,30679,38933,18304,5773,45334,36714,25485,19302,31295,27,1304,46157,7826,18699,6465,5534,25195,27251,33030,12864,1458,14127
1881,9737,45115,37393,18842,45812,45541,21899,17842,48268,9565,9756,35987,31940,22020,14167,11934,19282,42418,32200,9598,43448,49584,32642,3902,5033,936,18224,17057,22556
32395,9864,5186,23040,8666,42639,12552,29777,28695,16561,26054,18679,43709,33353,5297,37166,40123,9527,8750,40907,2211,21015,10762,32808,34480,45346,24841,49639,23982,3235
21301,40624,11090,11934,35930,21026,25698,36944,25704,3447,44181,11248,44065,40556,9141,40733,46040,20561,16836,15209,25263,35780,19946,23159,25673,15545,5207,21717,24414,12039
11918,28811,45837,12812,6704,37334,33156,15988,34071,34551,12971,43418,9655,14368,12397,43616,43425,22514,40447,26623,37282,47876,33922,48889,21263,35485,6175,39606,31899,9800
31953,34341,18448,19765,4275,2512,20932,21915,29634,26883,16900,39228,20165,37403,34458,4831,17325,38815,11325,20868,23450,49313,18083,33985,32457,43916,32747,38835,19735,2549
13902,14232,24892,17923,25758,49790,7534,46667,4186,32125,24771,27653,8658,37699,14662,21835,46179,12005,17859,42531,31822,48080,22498,20051,6282,40723,669,36143,36093,14516
23254,5964,40595,40577,1910,40521,47138,3354,4835,36623,24808,30279,14458,45905,10402,48912,40839,18544,41867,11544,12057,11980,30051,39244,2802,42889,10865,46664,20207,29975
16932,11533,35846,12716,9025,13596,26997,22239,47899,46009,41299,8825,12652,14386,41266,25107,24622,7982,46825,39108,31093,44158,19688,37249,18354,38562,37570,13915,47420,29319
22305,15957,24705,4356,13026,19414,3865,42769,13165,22943,41406,39683,13117,13522,29142,44819,41987,30356,25902,23145,33724,29717,29364,23473,13632,49933,6046,23664,16900,23736
18328,36584,44252,37954,24656,29233,38137,10507,26922,1383,32792,43472,6039,17195,46509,20050,35720,14783,909,20736,6400,34132,29749,2862,19972,1901,39939,29382,16369,12859
39070,16966,19283,33821,30022,21313,28280,47100,5498,46053,43191,47736,4525,33095,23451,31873,39444,11898,13011,33454,39343,20888,7019,42528,32409,44835,15877,25776,8951,18118
45953,5838,12764,3571,21980,49428,32807,337,6525,35764,4565,32895,40245,26743,43900,31616,23744,28203,39309,4081,38447,21079,9789,21433,9180,8385,41586,4549,11717,15525
18106,6131,47353,2870,20548,7486,14801,10390,35672,824,14266,2926,44067,3011,3586,4834,10865,20240,40450,35021,33862,6005,39753,14780,11572,8284,18022,760,13599,1092
36425,11527,14891,16596,17315,9586,23701,46944,21866,37755,19320,34403,40120,34308,27704,11148,48804,22600,22413,12836,33173,34184,32416,46384,25194,11783,17662,45590,24487,12556
666,20266,7234,23135,31151,38799,49311,23238,34595,40863,33716,11883,7223,24019,46729,44271,43839,49092,43513,7220,27489,6567,45773,43364,9529,17932,17882,19428,34675,12120
33858,17330,23667,10034,49514,11998,2979,36074,24496,37021,31132,28973,18513,16677,7606,28677,32559,5742,43936,3692,37484,33322,30226,34327,36763,1060,15219,41633,9049,17123
12522,44026,22207,6734,9826,17068,2827,35206,26243,47685,31110,32645,20764,27178,10125,27519,22685,43132,2704,4577,37058,30012,26928,24432,10092,48441,14557,40259,1167,20364
5611,32006,49921,10855,46261,22482,30918,10762,31994,11563,10868,121,47674,4843,41963,30006,35556,37050,20422,9817,19024,49883,11724,1023,18661,35809,34549,38637,21443,33810
15818,20296,25955,14233,2099,17957,299,6383,7007,22276,6142,2602,39107,5476,5796,21951,27373,37222,24591,15869,39693,36696,45213,44782,40773,13623,30881,20662,18907,23572
47191,33795,27463,10427,9505,6205,16103,49372,37919,20512,28050,10959,23424,38264,47704,32178,546,1505,39815,28267,20301,5937,38250,41200,21817,25162,30961,19373,29562,42818
26636,822,23713,912,5854,19305,36192,36464,28968,46952,34925,37811,20719,38342,48250,34520,44314,11927,35356,20455,36898,25912,34403,18254,11738,18024,4764,48490,29579,34377
32020,29760,6816,34354,7134,13632,35742,36857,11173,2186,18965,1345,30797,47192,39818,4962,44630,3490,19970,28311,41103,10101,28963,28725,48625,28654,9883,22512,34192,38790
36385,24267,30172,28621,38934,2482,38791,49948,38315,26842,24829,30524,33775,37178,19328,49451,46609,45993,28559,752,34775,30836,27624,5626,6092,539,36032,21295,45532,11258
49688,2158,31030,3539,41970,17731,38813,48115,38278,35038,46840,5314,15534,25151,840,38543,33553,41293,14284,39054,27589,3146,40256,42914,9416,354,42610,15980,27228,37882
15750,22983,39256,14464,47095,40186,3206,11773,26460,13959,16722,38068,44127,39624,48025,5737,48259,7931,44570,1245,43487,17472,2601,47570,31544,17360,46961,44154,31080,39361
45260,4734,8860,13683,14264,42641,42494,6652,30033,18140,2851,24969,9156,9123,28929,27787,15612,38548,27473,3336,18250,14648,23171,7239,32760,40571,18613,18286,13497,4183
31202,8183,30180,15773,24798,14226,47141,18629,27975,32601,18557,6994,39253,3804,24044,6053,38590,29377,44036,29207,24261,4865,37594,8497,10110,45021,38299,26564,33182,23771
42330,81,33175,5456,14969,13000,36470,35055,3183,21746,46613,33139,33073,6346,37493,11169,6647,28467,14330,31170,7061,33149,4531,40667,25282,23210,44139,39754,35756,48574
46652,19544,10561,12845,16802,44759,14959,19989,5970,30815,8261,34521,23045,22093,12562,48125,719,4083,31267,27307,17894,9610,18037,1493,23704,28221,28880,39853,5567,30468
32167,45842,47647,15478,9003,32267,49916,15431,36196,39957,15460,25763,29032,21375,43953,35783,37365,34879,28800,37451,34709,44629,877,18159,17441,24858,4554,33429,305,47455
29372,5557,44172,26884,1218,32454,47425,16649,8107,17523,8304,33099,49624,22926,2513,17983,34104,49847,36831,20699,2007,22731,48192,16380,41263,15318,28114,20849,35810,5686
1131,45293,12606,20567,20738,5076,24410,30261,9281,40935,9223,33600,40039,30823,29913,43334,10318,43508,23982,35142,5110,43484,10761,12030,15512,15204,11887,26696,25722,49904
6099,38356,36259,12122,35293,25019,5055,35701,27656,45123,40417,26281,14686,46944,17766,21685,23419,1352,35063,39337,41261,20244,42183,40196,44502,16637,43673,17540,30025,11461
19284,14817,39058,25456,39025,42536,1512,27680,29580,49456,26381,49893,15741,40743,17931,22193,35575,1108,27833,22851,47049,26786,17678,40152,7875,48905,15896,47320,21207,4870
14523,17319,34217,7905,45216,1526,30189,28473,5834,13787,31212,33340,20627,37834,44293,2612,24615,39597,14526,29615,33918,15554,1063,29103,42376,41483,48287,5348,22262,15015
26503,38170,20540,17450,31430,42887,24565,47439,33507,17403,21426,44294,22693,5590,16856,25791,36438,15512,16881,3241,32858,11900,49946,28988,5835,39221,29101,33927,29301,36201
45337,1072,41490,7973,23819,38852,2806,28737,22080,32913,40589,19257,32825,32252,42812,4985,29168,30785,40691,17793,39678,41089,5707,13736,25415,28769,30177,11533,16451,18027
15946,43490,4417,17746,42247,9825,34892,29156,8654,35397,46096,5246,6486,13693,37562,20901,25354,42217,44043,3754,1775,35510,31148,35489,4118,37331,28057,42667,1675,48488
20068,18276,31153,2805,1371,6975,3426,41709,9376,43297,7434,40146,39055,17360,9498,24665,15431,6767,24668,42113,41672,36989,41322,28489,5915,38686,18882,48643,5972,1188
43514,48416,1459,43769,6177,27481,28816,5236,27634,49724,2689,2273,17249,12825,12602,33074,5988,11103,3219,8421,40810,47247,34172,28668,49024,35153,26554,15345,21289,45497
38113,27050,14819,10604,10987,19727,5827,22863,27859,15585,26929,42708,44734,41395,42092,30449,4109,31319,10673,49233,42799,44877,47024,9099,43798,22406,41473,36931,18668,10713
24185,13545,27151,19679,1993,14440,20528,39731,29764,10541,34908,14599,7303,27257,16235,24682,34565,2261,31991,12361,16732,35411,3288,15780,25970,48080,7438,28696,1914,22192
31016,1990,19845,33590,6047,27135,3646,44425,5045,27256,18735,25267,20161,3870,6547,5548,11058,26078,11047,26173,20128,38212,43278,25979,23318,22088,1395,23945,12028,41594
36273,8012,3037,40414,12909,49225,5214,37353,38889,46593,8005,6313,46050,13938,48964,9480,32718,16592,40288,30631,26430,44835,7768,5058,35935,47157,37826,22962,32500,39466
34795,14176,29275,22581,3333,12439,19334,10282,48446,19503,42590,40942,27065,34395,25511,27453,15580,37160,13117,4724,43164,9384,2467,43917,28490,13705,6639,3131,36645,36239
22529,22250,41824,27000,30472,5647,22156,35442,10447,28334,23950,26304,23062,14642,38402,49700,4756,5380,28582,49041,38328,30390,42894,23798,26089,35522,32577,44746,37928,34779
27886,39772,38708,33241,21026,14039,6678,47199,46990,26841,41028,14334,17296,15459,9121,42302,27195,34152,1280,5087,38375,9082,18453,36999,36892,14297,4582,28659,33170,2724
48886,40038,48870,39451,48905,42096,30913,1679,10661,6337,44761,40171,14584,12177,41318,2947,33803,13435,10037,31993,43796,23544,29551,19369,12761,30043,4861,49910,13522,33913
36071,29861,47866,46246,45012,41571,12763,17816,28181,37237,26801,17002,1815,15807,4742,12590,33623,41168,13568,31836,6946,1461,38480,37881,13106,34100,4441,39145,38167,14762
21679,12820,49200,33943,4805,43550,7026,30577,44703,34850,19926,29150,27082,25267,7985,17758,27075,16380,39100,41870,28628,17889,2583,35545,7854,24165,32876,24627,16714,38375
23057,34171,32778,6847,29439,14648,42985,32272,30157,15596,30495,23398,29636,17777,38505,40702,8243,47059,24576,13824,9761,24061,22420,2557,15832,16894,31961,23671,42583,21625
46063,17298,41060,34141,304,35917,47368,39536,1040,42547,40853,7129,23970,11660,41807,45401,40656,40789,10702,47590,29271,29416,47023,9931,45082,28408,36551,11328,35016,22451
29737,22013,42058,8056,18660,5851,4476,34126,23048,18091,28680,13245,48950,24305,28911,23905,40505,7164,932,40655,49528,42421,30213,30503,31723,20271,21581,35282,1999,47035
17755,2791,13274,29386,40732,36409,35634,36409,14762,4960,11322,6819,12880,26945,10432,36691,6260,12064,45245,5235,17658,37939,14011,48051,47523,17404,19102,14005,22834,2173
20095,18319,20647,22133,49489,27479,30416,11811,28440,5590,26383,10215,37647,48187,21469,42237,17336,29029,19217,4603,27837,36547,40454,11638,15629,48200,12611,11413,6783,11498
16476,5230,30607,12999,20944,20255,39884,9014,27617,2623,40093,27604,25864,4468,31972,47885,11859,14993,4553,28595,11926,3903,37430,43737,46108,18380,44252,6898,13392,18507
15109,32491,39440,13252,2642,20668,46858,15776,14641,15576,9072,20600,1502,1249,44025,23370,38364,9447,48898,11195,11817,14174,34844,42770,9576,22360,3481,35983,25820,7952
7908,46034,20555,45415,43030,24505,14364,3309,31310,15123,5643,7844,29738,28532,12469,33368,23866,7588,5584,6407,23395,26962,1098,501,35480,38385,6455,36458,15144,39902
47271,1414,10976,33464,44575,7783,25783,12263,17965,44751,1866,35594,23932,23727,35602,18307,24140,17102,34537,14958,14437,40283,28264,14060,4487,7243,43944,23250,233,33787
12622,16301,44688,12463,17148,5969,46714,24356,34619,28721,44426,28201,45125,12786,1962,33802,25468,46802,25185,48474,31923,16531,35178,4093,31943,36142,10670,6741,3614,11553
20680,21879,13931,34249,34886,45360,21373,11961,13588,31407,17817,16474,45081,45504,67,17481,49036,686,25954,17915,28827,8211,48596,9016,12978,18632,27183,49899,34120,45850
7836,40025,26796,24772,1625,20596,24547,13328,15989,2702,6018,30730,18138,35864,5234,18270,43863,10033,26329,31090,32072,11164,2753,28578,5130,15335,5618,6460,3586,42966
48686,13964,21740,20227,45205,29794,47938,23774,45914,12108,32123,15140,18445,15861,37776,7462,18343,46111,30445,23126,45931,18769,7574,16485,44471,20788,37711,2487,35223,39709
35119,18080,13874,18412,43436,13885,11419,40165,48830,36572,39913,30682,3893,13207,35812,45659,33677,37985,15017,6710,40957,37049,18530,25050,9151,7824,3795,34509,3222,46773
49951,25991,45052,1266,14206,7699,3240,1978,46250,15537,3387,27670,37111,29268,2913,16060,49606,14425,31175,7557,20489,36771,31658,24031,45247,1851,45112,46471,38052,43144
45231,24582,49667,26161,40502,42814,6559,29468,5859,19174,38903,9240,20732,39631,14856,24836,17403,46496,37769,7882,18238,3214,21205,39962,9835,33314,11959,43214,11757,46155
12134,47594,10200,43165,20153,5679,33799,41888,46911,397,37496,44090,23132,14700,18212,17300,41094,12266,3205,42268,37004,35500,8844,35802,21383,31614,21104,48116,17986,26903
12553,46194,29553,14148,33278,35116,8024,4544,30015,10180,35419,7578,28814,17518,42914,17303,7194,18695,45377,4549,40626,22084,34402,26210,44650,46620,24278,1397,21607,5697
14181,39855,25067,24440,39943,43537,26287,8235,42283,46886,16224,46364,29291,26705,24285,34107,38540,36160,32768,3681,32444,1297,20474,18024,41425,15065,47150,24038,28490,36998
48406,27227,4046,44913,27514,22326,6423,43758,21743,36823,8202,47715,15149,8167,35303,28112,40213,44508,1385,17831,15076,17655,28372,45863,6028,36597,33309,24605,23356,7673
31733,2178,19144,16267,25227,49810,28963,31526,23723,18686,31908,3440,41895,40630,16194,34606,36523,33640,43940,37753,19166,30566,26211,32045,26669,5612,13228,48777,42089,47291
18121,20287,16409,49943,30971,37138,13557,14348,30904,16628,36456,1153,38116,18221,22838,8230,30885,41932,21355,20337,28125,17659,12760,1588,11754,22936,17703,34526,21159,10279
47487,29560,10435,27292,30915,45152,8575,48336,29754,24930,42593,26906,30172,36927,30282,12795,16491,10980,39666,33858,21390,47577,15496,3193,40104,28141,12454,24651,116,3049
38640,17259,27058,7155,43210,31736,36557,2993,24153,24071,9989,19967,38722,33751,7832,5591,4430,41733,8751,5582,14251,15222,34990,45370,17505,47582,1140,41379,3247,17211
49821,28097,28434,49957,47281,14348,26152,12179,41843,21918,36250,38402,47041,3507,47021,30518,24643,41250,7647,42381,42077,11755,44692,43965,30225,42200,47054,8287,35149,44213
34383,7706,35364,729,42601,3891,964,14684,35112,11132,26299,46181,27113,49822,10833,39805,6601,3275,14429,5142,45553,22669,32968,19117,11274,12179,20786,26180,21530,9606
39112,42354,1293,8405,30757,20904,30906,33785,8691,44636,43865,37870,40639,14877,13390,4347,37074,1438,11891,31669,5149,47172,43645,29842,46225,8609,19491,45361,21840,41772
18547,39804,5504,28708,10136,20212,32869,24985,33849,45266,9119,13462,34850,36147,38333,42672,12581,43936,17709,42280,36619,26889,34091,6529,33727,3502,16557,7275,830,33811
6589,6846,30530,1059,17381,47891,41607,39208,15240,36841,2462,39507,49135,26901,7398,28689,31656,26629,46169,38212,18211,3698,32857,35089,38426,22584,9279,35992,25652,48566
12722,4071,42083,27461,28351,48275,46795,31275,39994,49710,304,1531,28278,27892,14062,8825,15339,10816,49658,32657,35978,22244,44681,4874,5332,34981,28147,34785,47377,18922
19415,30431,4815,35834,1494,43723,26997,22265,36369,1036,5929,33730,33886,12691,32761,4044,39691,42657,18281,34860,23760,27852,24974,40766,20455,44349,46046,36749,2322,26981
14909,27151,47040,23184,3784,24838,33256,15918,18448,29662,17523,39056,587,38750,5100,42532,5832,871,47322,26216,18636,20123,23006,34333,13412,36715,1300,48239,44868,15120
23651,20724,21938,33448,25715,17356,28512,6586,44530,22660,22544,31130,4348,35309,27925,49043,18572,41567,40124,24904,12082,22816,13347,11042,8763,8998,872,47055,4325,19913
11760,12820,22521,1672,30556,38792,41961,8042,9889,966,37093,33967,49586,32372,16038,30180,16102,19121,45581,18491,6281,41167,36813,4114,12313,43971,4806,41409,10892,38021
19810,12833,41638,28159,5067,3891,13897,4793,3748,414,36988,10003,46112,14574,9839,20960,9398,1962,5888,7963,30119,2396,36041,37872,30946,22743,39520,37642,15628,21052
928,26500,33941,37264,41643,4976,23146,44911,44720,42045,19656,44382,2003,41494,41158,44924,34292,21173,23403,30427,400,11057,11351,49386,27386,27237,6995,46752,21951,49235
46401,28161,35134,23278,31435,16782,3945,44359,25680,29057,28954,31001,6586,41856,44251,24250,41751,13672,30300,172,18934,31660,32659,14233,18315,31562,26626,49820,42621,32873
35006,7906,357,20353,30166,29965,12980,37410,12468,12658,42736,31759,33297,46390,48555,31618,40787,10670,17527,34188,20334,1775,6758,46903,2056,30323,15108,18334,32608,21332
8296,38817,11354,9154,26133,33035,14283,41030,28348,45275,12790,16205,39016,16866,45057,34707,3221,17665,48425,48682,12773,11269,44696,27483,7107,37340,37553,49938,40412,24009
17978,9774,15629,548,31980,14435,39345,14399,30551,38515,33449,29373,40987,28348,20997,18426,39104,23400,6616,41538,26892,17101,7582,18039,42466,14229,16483,43008,2662,31130
2983,48865,17913,32332,27030,33615,8418,43932,5981,29065,16105,39006,11426,3170,42584,11285,49220,43866,46356,24227,18768,11810,28027,915,30666,11045,49631,45654,9273,49392
3574,43645,15481,7820,33464,33493,464,21000,32433,19550,42754,28309,12002,39794,17875,13710,16940,36301,23025,25159,14381,23044,29860,36295,38429,45919,8892,6048,20181,2304
36265,43809,11441,9236,39596,31808,6291,29817,39964,45790,25273,49230,38790,8654,30036,45716,13495,18176,33266,44493,19854,39818,18568,15200,14882,24144,25981,20673,29912,7487
19146,37088,4939,13539,25758,18573,4407,9441,20196,31791,37112,377,35280,7507,31752,1374,31908,26715,24143,30231,10456,33714,2764,5515,22316,13678,44359,47371,21391,2897
45706,48172,49580,13820,27328,20875,40531,39672,18677,14271,30183,6547,26302,49186,28887,8481,38118,5530,33959,46323,46304,7472,29533,764,7608,29116,19730,21602,21960,5148
8276,38027,40723,35656,48802,28602,48853,14174,22566,2065,9820,24814,26354,11778,30276,28216,5469,26527,21840,4793,21048,38878,11681,2262,32187,12325,15,27232,24260,49364
41804,24074,17661,39867,27926,33835,48440,23771,46161,8437,9344,3267,5026,43034,11110,118,11485,16247,37047,5265,9995,1302,29895,44482,1012,24458,25080,29080,44149,43374
49335,25521,43873,35635,45624,16306,2838,14078,36149,3438,45356,22395,9382,26902,29133,49290,18249,5120,34539,45053,4591,47559,27750,33755,13246,45144,17170,42374,32204,33050
32171,13824,15244,114,40028,39974,9948,29451,14800,12324,29670,3159,46166,41035,27610,29933,14542,5050,12254,31324,18023,33832,26339,30977,27572,29257,3378,4405,7583,20238
6724,11473,36100,30675,42267,44588,941,5990,1366,22564,10983,32882,47820,44164,2998,22883,20708,45151,35284,31667,6673,40229,27058,25207,47763,13311,24607,6102,34356,2233
804,1603,27896,4082,30518,46033,35226,30525,9852,37524,6862,40325,10632,32635,28899,4530,18320,24843,3033,22129,12193,24930,35987,18415,32716,40731,399,37826,41755,6141
37622,15229,11986,27726,19531,42098,5307,35681,45613,18161,27033,36996,6258,28063,26978,12125,28573,32647,29913,35672,33084,1408,40771,47036,4897,29062,28097,43096,48936,11181
18635,5056,22225,30960,36704,21536,24200,8758,22003,8631,1118,25208,6471,8153,36361,46378,36688,20396,46741,16591,25296,49633,10130,47518,27009,39953,21338,1463,21047,2295
30763,7620,140,12802,16751,37382,15380,13549,38520,12961,6670,11097,2788,22126,41719,39338,21130,34725,21298,35212,32423,3151,49902,15702,45515,27269,33185,48662,41903,26894
31374,24798,45301,5959,22277,41553,1961,15229,27927,15817,18741,48365,5272,15199,6900,49756,21005,20998,25647,39349,17644,18604,46366,25709,3292,36230,48741,42267,39118,19219
28867,49986,42020,17351,25646,13745,38637,27745,23666,7451,29921,47931,10670,35520,15329,17000,37529,35355,29022,15173,24259,25190,36373,4328,37733,26406,11033,12602,42827,16622
22329,48524,43427,30316,3222,37459,5955,32402,35327,29376,8368,49488,46281,28049,31955,48347,21093,30112,7396,42713,3766,18334,33750,5522,40461,45896,21858,6724,48061,15355
12083,3130,37035,14889,5415,11631,41578,31632,7040,46080,16728,7509,27174,33777,32292,40916,25451,802,5651,34810,3991,15579,33423,17767,22851,37481,4488,28799,31361,37101
3368,38862,2815,5217,36951,12413,2203,22365,49748,6993,49708,19734,32049,14503,17258,5302,7316,24679,30200,10786,21852,39350,31121,5739,39405,38000,8217,8073,16542,31422
16547,1005,2271,4386,22070,15682,22843,34621,7384,39337,26959,43813,22010,29901,33226,20866,29632,2219,49956,19378,8770,31032,6940,35439,29080,24291,14005,4466,42207,15791
31309,29964,13277,16057,29966,49392,5519,15761,2663,441,27925,8686,42786,31383,48594,29542,48182,40114,47956,17833,24568,37916,17301,4404,34146,15505,38419,3993,38479,25039
7477,48102,31277,31783,30837,2721,13598,30750,27570,28002,34155,23561,30937,6202,47749,17360,12607,43161,23605,9718,48451,12948,1518,34067,18491,14827,30829,697,21681,39853
4283,49400,36792,29206,14847,1926,14502,48799,30611,3223,36549,42504,14812,13955,41181,48043,27073,46189,2614,12657,14679,5789,13761,8161,12495,23968,10749,9289,31482,36257
26261,47699,9874,6921,42316,45541,29868,27929,33804,21090,6364,29197,23712,22190,1789,8851,9216,36490,912,21133,23970,20128,37513,13163,22015,32114,46871,17332,18041,42985
32228,24201,39899,7775,49472,39853,24129,19299,17006,4002,2489,33544,49791,39839,23082,21453,27734,31286,34836,43755,28863,8983,33902,24759,34061,37008,37465,14450,39692,13988
4856,44852,31017,32981,28011,33395,26154,29144,3894,44431,38828,29616,38319,9165,5631,27969,12710,27536,16978,6266,31556,30436,18898,3460,14406,17227,33128,48281,48681,42481
37816,9257,36687,46468,8533,39696,25857,48428,8010,16911,13067,31007,30682,3344,9865,45512,13543,16901,33683,14089,21258,23470,35786,16402,31503,28027,20352,17256,24894,28952
41252,48256,23867,45122,46511,17075,49598,21017,16286,39522,32207,14067,31309,3835,31465,11117,23644,26381,12972,32645,24635,4214,5372,41676,32116,3520,30504,25672,11727,1143
44988,46656,8296,35205,6676,48229,24197,4424,47588,30964,16491,38348,41441,32554,24240,47462,2860,39518,29327,5154,11473,46635,9306,16427,4427,37715,12913,32355,46000,25198
3514,15098,41423,40724,6280,39916,45436,33799,4545,12126,48397,40573,13609,15391,22767,42131,46471,48642,35679,15294,36031,16050,43933,43078,15546,40486,14719,8389,4655,36711
9944,20359,23825,12727,26419,19314,29273,28211,42465,47341,26964,26783,14774,46714,6035,46666,49336,7804,16292,43226,21078,20342,44587,19582,4214,5202,33268,30775,25373,27136
9778,8016,39758,34990,14971,13013,9948,48614,39096,32103,23449,2598,37996,28633,31906,45815,6341,39578,3104,7287,44283,31241,46862,7008,12481,7140,17945,44464,22038,39570
36887,24736,38229,18823,12468,22499,2267,5815,10096,43755,48701,40847,158,34380,24358,37619,11949,40209,264,5792,16317,8341,46087,4088,36764,26910,40494,18367,14105,22662
19913,3974,12690,13001,10101,38793,18003,28547,6782,22806,39847,5237,34380,3776,17354,44467,24783,2571,10801,36902,28645,44590,1349,33940,41963,49231,37873,37189,21081,37857
5583,2912,1752,32208,47973,39629,41105,46748,37957,30789,24077,12296,23778,25424,4673,4463,13896,49833,47982,28391,8678,25061,30994,19071,19347,40641,44735,17948,34637,18876
16266,19994,42996,28723,25578,41284,36859,33933,35232,45324,27915,34488,41303,11927,5331,11843,12029,11716,46218,25047,9738,26514,8257,3145,45236,634,41795,14670,16555,4852
7763,24889,22723,21393,11164,36649,11682,11379,44794,32000,38725,1489,4787,42138,27303,2511,13940,3056,35483,6134,9197,30955,15256,37219,37629,39687,28652,16299,14103,25055
36574,23553,885,9303,42667,22068,48741,12544,3246,38018,44618,32121,48203,8092,39799,31526,42646,40950,16404,612,15857,49780,30113,6507,46339,41329,28241,9942,32714,35928
27275,14872,43142,39699,26928,33054,3512,22565,6393,18363,31184,9702,36477,13860,36478,27476,10769,303,41517,45454,43437,27822,19628,41421,28686,30702,41206,2605,40542,20547
39736,46814,21561,3199,10943,11392,48683,9765,23141,41052,25573,21259,37216,44844,36717,31413,9853,19106,11046,20111,49287,48421,41214,43724,16995,28942,6713,7163,45693,36341
39068,47083,8930,33253,17571,48977,28524,8819,30496,42965,36316,20602,16664,25584,17226,17114,33895,40975,10349,13356,35680,44374,32144,35651,11570,33482,43350,20222,16932,3728
40529,42639,49047,5205,4958,21482,37731,309,34946,39978,46029,27932,5712,4734,18016,12213,41916,1807,43193,22597,31135,41999,7320,26761,25282,31459,8316,29008,3900,9417
14791,8698,19474,14199,27365,24426,31057,28199,165,40294,8548,36102,18923,41725,35196,21208,28941,13238,18616,45597,19365,38657,36101,6468,1248,25804,17009,25909,8357,22321
34248,41462,4368,48888,15333,12112,43107,21160,9196,9473,49445,23264,38757,32832,6180,27099,26559,13679,25830,2581,33836,3787,10731,41318,26532,35739,24408,19891,28260,7308
24929,17981,47154,26329,48915,10302,34798,9092,14898,33025,49209,21321,30249,15539,29080,4071,36689,6719,46736,39478,30783,29325,18229,35856,49692,16155,1807,21493,3483,33641
29525,42593,35052,41702,7754,43304,20889,24955,24517,16465,38818,30727,23707,31364,6613,35433,25022,19649,4751,5832,3453,36383,19762,44121,8794,12983,6995,1240,34007,48911
29015,15370,34141,5249,17378,47652,3529,20890,14460,35133,46720,49023,23260,20404,25234,12867,42946,41758,28956,23309,7400,37146,18188,41376,5202,9400,48686,41773,14928,5550
19488,30332,16963,24185,22999,32338,13396,8589,43109,23857,11442,6030,9051,32285,47257,41054,31035,45533,44888,16586,35428,24534,5153,46572,40996,32774,18813,40531,48310,22801
38570,3064,833,3553,12819,4951,30576,27639,11064,24826,49366,42279,5221,9969,38846,24603,44343,6733,28850,35059,2800,27351,2922,13639,13462,41024,11760,46458,39508,16921
28104,730,7622,38517,34706,2307,6266,4968,36313,28413,6804,48573,43971,9478,4810,20632,10392,11205,13733,20721,12141,18982,43395,9112,33231,24619,38493,12222,214,47718
20014,17915,27526,13977,31026,25617,22987,12987,14274,23337,1102,36245,32158,10460,10074,24980,14957,22673,20814,42725,1508,5111,30842,10121,11439,38933,39595,14008,12828,21280
37266,30796,21917,12069,28593,30423,4997,19233,44612,30821,2148,15701,8129,15173,7236,7005,22265,49439,11376,41248,43068,31346,6711,47884,41518,21003,36520,48629,486,43215
40700,7562,1758,34239,41361,45515,18650,48599,37145,11686,42791,4390,22696,40739,19469,11562,37873,31822,13480,45812,34644,45347,13509,41913,4859,4794,42525,17184,28933,29019
3948,705,35086,19836,3251,29495,7498,1333,36038,31870,24661,31608,1604,26285,33929,18096,10068,4104,3154,43388,14978,10459,27822,28483,49426,23051,43820,12443,4682,25984
39953,21749,17364,16469,39380,19286,36890,17733,40721,24000,49038,45161,3785,37683,27782,13939,40518,42727,31155,11952,13993,45029,36332,39269,23950,1283,23610,18869,27348,45966
48503,12412,9196,4858,31350,40737,35366,42699,16680,43421,37832,16783,40861,31346,20987,34645,26291,28241,30857,45488,16918,13313,28703,2610,26364,348,45937,48573,30969,32756
6504,38272,27984,47560,44996,6157,3641,11431,26109,11276,36561,10090,45719,17680,4232,32638,21090,6589,49457,12349,29536,27985,19304,38911,42911,23372,16236,39497,34352,23189
49987,43810,40194,41120,27266,41906,36428,42912,6192,6016,32628,16247,11269,33184,44783,37534,7340,5673,20341,8895,9199,39341,37825,49151,3937,770,10786,8497,32082,43186
13618,13843,1142,8890,16219,45624,36953,46888,45887,19569,26415,44410,5906,45278,9289,17441,40543,49328,20664,36351,15164,22310,42203,13846,15556,9479,30072,1409,14333,37746
40994,29667,31791,42908,48894,32265,15039,26768,34180,1968,45219,14547,24288,39820,18184,6769,23559,42152,27132,16442,36292,37587,43890,12317,49735,13601,25671,29175,7450,35564
13830,20659,31705,29181,13079,41118,31698,45699,8412,26978,43776,23050,29537,23873,6608,4795,23860,38342,44456,4187,28719,27087,38165,46634,25389,11308,10407,21150,22856,3492
17344,35988,33951,14583,5199,17727,25348,37843,20026,33044,35221,32188,10411,40924,8511,35318,46679,36329,37396,38017,18811,47569,40992,2904,5885,22496,36907,29582,37407,4806
43282,38226,8755,20625,15152,21875,35644,29158,33959,13294,24392,39018,26686,4738,39096,10272,8263,33049,13111,10426,7834,4034,37278,45895,34136,28165,40266,33664,39580,36656
5321,10482,24027,11748,39641,18500,28207,49187,44653,19516,8561,10075,15678,37795,16790,29690,37810,1507,15405,39393,48455,32652,21868,9175,2828,15333,22121,32751,7134,45082
10293,32888,21142,24351,34113,45568,25065,26229,7881,28869,46110,11642,12404,40141,26696,7220,4133,44495,40502,37366,7626,31047,11628,1122,6804,30076,590,5433,44797,28251
15720,1236,13198,26366,12269,14221,8507,48382,3257,28614,40332,47556,37141,47661,7051,29827,46661,48591,37570,48659,29999,30234,5044,39159,48310,36763,40500,14106,23355,37981
11392,32834,29861,35202,17305,45832,36839,8655,1011,14293,43616,25827,26378,38988,47792,23990,42484,44929,16418,46533,616,574,31217,26174,6597,8796,27962,19152,6189,18111
36176,18474,37668,11330,45256,28016,26548,34036,21026,3346,3668,6993,19636,24075,1711,40684,34776,31211,44439,29958,43141,37370,41901,6327,45097,20001,42808,22282,27148,19444
4920,46514,45448,32628,10747,4947,42360,17029,38025,36341,1065,32625,37414,11889,35422,9617,13700,16262,13366,8186,12541,18580,43942,43914,42757,32097,21572,8604,5190,22714
10259,32955,5205,21260,7140,16740,36642,30538,39260,28257,7527,24427,23661,47018,25615,34644,26926,10052,12202,48428,40380,1996,10248,46787,25985,33007,2878,35917,10941,10691
176,7144,34960,17473,23894,40102,23132,33076,2222,14314,26651,15543,36744,30877,33185,36735,2206,31642,37097,8659,25975,44423,2108,48740,35902,25790,22992,42965,49513,30249
26773,33316,16256,39429,48951,25072,38893,16492,36637,30734,47662,48608,48877,6399,16918,14799,47946,46712,26177,25713,24429,3588,40949,35653,36913,23850,12054,4239,23928,43231
29525,24908,39049,40009,10262,21205,17058,295,5773,48700,17161,7994,26864,42739,15353,12827,2318,25637,38735,146,49014,45498,2246,6491,2689,7197,42038,20116,26780,5029
45179,47015,19048,13784,4715,30128,37822,18823,34556,39387,45956,19435,10269,26554,22649,33773,31929,31517,34622,8305,41070,38554,18789,34577,31204,31328,26274,417,27137,15760
38917,31309,19730,37320,8403,19133,17191,6300,5616,11340,17840,5394,3036,37527,11988,21103,31777,19273,41116,9164,4429,30046,6260,49387,31603,27901,32352,38905,3400,43895
30797,19823,32142,19761,6956,10557,25185,14124,32646,18426,2388,39462,18292,27549,3727,21529,37892,8197,5391,6038,40956,4580,15192,43528,39155,21267,2479,37348,38769,17013
19088,39836,11590,7169,22559,15864,45216,11191,36120,5106,40074,49586,20873,18886,44018,39580,45271,7594,45345,11979,30683,41451,45519,17082,18299,35789,19609,22963,41365,25870
2140,4654,25927,17955,26778,11953,19881,8325,47373,34570,20999,26187,19804,45688,39087,34824,23314,44215,38501,19430,4511,26126,43690,9980,37561,5832,25944,5276,27334,25073
15171,49144,26060,43426,24726,23768,5739,32850,18841,46150,10813,1169,3233,9418,33275,4149,41634,37038,44626,420,45525,13396,23445,38087,28359,46572,42743,41987,1016,43528
18882,19520,18248,23449,22945,15089,2831,36341,36547,23273,7842,11092,1247,7711,33918,45827,18322,24302,10469,27434,26115,1249,37219,46401,22666,49823,21716,29744,42026,22204
46332,8715,11487,40405,9721,20250,29814,47500,7975,46338,17508,33508,24769,33967,33856,46574,44390,49235,2464,32028,3371,15287,8947,41738,12379,15736,31001,12421,21177,20665
18529,14611,14676,1329,14494,2377,42697,34506,47761,21377,4019,5838,25187,3474,17168,23451,21877,18343,34417,21844,48734,5282,15856,2244,23399,30591,16562,2494,22101,30452
46071,23072,18272,18154,37252,14195,45657,9351,12589,15157,1414,7307,31221,19497,47974,6700,35762,9962,32637,25889,30092,11769,9809,20013,15352,12166,2411,49020,1330,42492
29756,23754,1904,16478,30107,45244,36478,3903,30029,25379,6643,29000,41642,35317,37638,38753,43975,14767,31614,9987,19767,9832,48986,36669,6884,42846,4275,7841,48375,30174
4665,31481,32376,11114,21451,37660,27814,16392,21220,1143,38454,49408,2043,31525,18096,41020,29695,35840,42950,21480,32420,37310,45767,7581,30722,36284,41540,5205,9351,44542
45049,28494,450,15473,7707,31043,17290,46246,10240,43785,43592,17136,3642,34225,6204,1124,15722,22216,48877,18648,40916,12646,49674,46213,33450,39570,49447,17067,29010,44503
15298,7608,30056,24691,38345,1616,13067,10121,8975,23595,4506,6495,10411,45632,37709,30117,45680,48889,48028,37989,36807,25350,41612,49005,39365,21884,48746,11172,30740,24661
17338,39756,37330,40259,15791,23302,41474,27583,41446,48408,26456,40807,1606,21915,5434,42165,13823,45028,43698,3458,11338,37743,36125,18722,19640,2060,875,46799,45019,44365
40964,2003,26290,4638,18795,605,31005,25509,46787,26209,17241,2772,29751,628,17446,32356,12668,22419,12594,36252,19242,665,40776,42135,30794,49388,6200,4158,32424,11166
38653,47194,42570,46952,16876,41311,12624,44715,13406,30976,38426,42049,32695,49649,5231,14489,982,47478,17941,18128,7443,22930,37780,1339,32801,20762,46528,25829,32397,8919
43332,29242,5494,12816,42223,18638,23896,11298,19755,2858,34386,41133,41341,35793,35327,10172,42162,23353,5227,47953,29943,38475,42575,34385,1884,13585,49468,42105,45149,4095
12965,683,38761,49973,32836,17947,4085,48091,5150,30810,8031,32105,41126,15543,47497,37735,637,35536,33867,41500,7322,47975,30630,37163,21024,30195,36647,17396,42876,48670
27862,44510,21458,15655,276,36235,49110,30603,19513,21425,44457,20572,44229,19631,40469,34161,16353,37087,41099,40997,27071,42455,46558,22781,3390,14061,47318,6348,15,4743
7522,8477,21202,14068,364,27250,9910,20622,19327,46290,28605,6219,29899,5409,29643,44191,39898,1039,9964,14469,45376,2188,32172,49848,35215,3988,29107,3185,18715,28655
35689,32223,45192,18520,22260,49654,45079,12335,23950,31361,16580,30038,47184,43096,31204,12455,14624,21909,16187,41911,40732,11214,35556,879,9775,20575,34850,694,930,34787
14734,28748,38085,12794,40573,34708,22906,39957,29682,20203,42000,1545,41473,27441,305,32837,44319,24308,40495,28931,28291,33313,44466,41591,38946,42257,18858,11492,46770,35056
42444,16961,10376,48718,48520,15471,3287,41,45311,37125,49630,44517,17438,420,23672,15514,3698,26764,5212,46812,14346,18302,3749,35545,13527,34303,852,48290,37769,46705
9765,32794,39837,26819,40552,29761,3689,45701,16470,13430,47180,43841,31638,48526,20310,13862,46602,21318,8413,10063,22770,19308,36528,42187,15535,46970,9588,28637,13213,43083
17409,48879,43446,3192,36518,29770,26407,8821,34091,37699,12967,34884,2165,23909,4240,20927,24,38794,22582,32605,43638,36643,42466,19016,33052,350,5311,18133,30959,32386
9322,23056,32984,33140,39596,3468,6185,38596,24655,22086,4855,1426,590,40650,17916,18981,37866,46143,39879,47470,49144,42582,17786,10747,9975,25161,9351,4269,35594,4085
4680,49267,26364,28594,30541,5421,16712,12041,24186,7064,47549,4089,3096,6163,29097,47012,28833,41556,12696,35552,17924,44292,30566,42372,42126,25842,20112,16026,46431,14355
3909,25121,19302,38249,25822,47254,15172,30735,17672,8860,37990,45175,44892,42627,38277,17782,38050,41222,19897,12496,25863,26737,32038,7268,35300,31748,17559,18897,533,9309
10874,28268,11302,45579,45703,8529,9956,31816,36526,5476,6043,34169,4610,32467,18991,39020,41538,12762,6277,20948,2926,26396,37755,4361,14794,18983,2838,42437,10956,37794
20160,41977,19212,14108,618,48106,27446,29800,48558,12251,36146,31520,22293,43440,46964,3845,45263,9825,41052,47261,14333,46176,17429,14764,9023,4261,5004,34168,31506,48470
38997,26958,31793,48876,41064,26372,37565,4728,40815,45085,34405,40747,10919,45046,32578,36964,27772,10852,41022,7991,16979,40815,5563,18166,5841,17995,16096,26323,32262,19526
49084,19298,48860,49532,31568,29049,4845,8954,10420,11996,23174,8964,43544,12698,31598,39141,36841,36276,40493,12446,24480,21624,42409,27733,34711,9124,33354,181,2679,25811
37304,2214,6644,7973,10509,12268,26581,9168,17663,29580,43504,10281,47514,2396,36346,33488,37991,4736,33636,28840,10509,38023,38913,44998,879,7431,42565,24416,8509,40063
18915,33440,22392,13779,41726,16245,7740,28329,40249,26863,17081,14206,16889,12741,16517,4959,30755,49042,5668,7593,38206,31454,24873,21799,19957,9592,7620,598,36125,7065
28781,31885,42533,2859,27311,3009,22740,19203,55,39086,15240,24528,13763,31696,44203,42089,44981,41820,40865,26057,32760,1205,25629,48639,36750,46591,192,44507,38899,34820
8150,42983,42620,32255,35611,26328,34470,16064,33637,36993,26334,45388,1797,2772,437,33256,43760,45334,28807,36527,30667,1849,48042,48303,31230,22708,46943,43294,29963,47503
30717,47995,476,11199,11331,44087,37111,46659,31381,27148,1079,38486,1359,11513,7745,19398,33388,11509,31264,48024,43698,21601,18458,20072,38902,855,38128,12244,31971,12118
45134,47312,41866,45777,10810,29633,13318,4474,43759,9830,5019,26147,12206,12185,39885,31652,9950,28283,48324,48222,29635,20,667,21234,5970,2056,20599,1714,4855,43315
19929,1318,4529,24421,34347,34877,47898,26611,9142,42,15301,29257,47174,33263,43537,20280,19039,22488,41627,5276,7938,1059,37822,6351,49741,13832,3424,38494,18827,26544
45858,38191,13337,23025,33283,34333,45288,19007,17291,12226,20423,47558,45297,30051,49598,41407,42147,2121,34387,38611,28467,42120,25400,24081,20535,25944,23201,25990,49548,45353
26379,47477,45441,14186,21119,6535,3074,45930,22625,15854,21735,7748,13072,31724,31343,23808,23,38926,35144,41825,12129,37045,3446,40220,23029,22905,29207,21288,40460,1630
17842,27437,12165,47295,8746,36562,10552,17498,2668,23101,18661,26049,3650,35146,12060,43776,15563,3570,40916,1145,17853,35851,2261,41356,1974,30733,14367,2853,26757,5272
32799,37746,24437,47152,15344,1737,28055,44565,4901,2213,31772,37668,4145,5023,7864,49137,33577,36316,34312,6942,2070,39946,46434,19862,22588,30311,2447,46277,1723,26947
35389,38657,607,29565,24119,35686,11098,31558,3324,34241,1804,20557,24016,3130,15903,29877,19660,6954,49260,41224,16874,36476,13486,24212,30408,12237,39796,30000,23106,31566
32362,3682,46372,9557,6921,29384,28810,26349,37173,41057,14010,4009,1065,20805,6407,26105,44744,22809,7264,10219,18917,11952,43583,32345,3230,49675,37174,27470,34069,25353
28689,6516,37687,34584,41521,35420,41863,1087,10861,36518,49399,10436,17820,23872,38368,48074,25921,27590,33784,31131,39600,22266,42877,19782,46532,25344,40247,27461,13623,44817
5272,48,32896,4931,25558,31818,9593,16735,48173,30479,25270,3920,33167,24729,46205,9536,7698,31072,36100,19726,26926,42236,45155,2048,43132,48433,42110,19757,23416,22927
39193,11306,26862,39286,26918,38596,39371,49103,34609,32370,37302,36362,21864,30586,8849,5262,24926,41577,34968,49907,23800,47416,27409,15967,2335,18671,36526,28491,29016,13146
2613,19752,38914,18482,40309,10568,3096,32244,30632,19223,29277,49855,47104,11534,37386,39785,27147,11329,35991,7053,16999,22532,28520,31265,10536,13202,27011,19279,24379,13690
28314,32599,9294,27704,29474,10390,47343,17320,21128,6789,6886,4488,2279,32830,4185,4393,34014,14935,21988,6006,25958,12460,42136,48782,31605,45714,31568,33390,3173,37563
48139,22636,667,33433,24166,49640,47986,27061,11573,46524,28210,44212,29340,47746,39174,39933,39484,10562,34752,18292,20450,16290,38496,18748,23594,42211,13889,17761,13653,42822
21124,41160,13412,31362,23025,15623,36927,35458,15632,31070,48424,42314,46574,6224,30522,12343,25961,48367,13722,31979,10321,35561,42950,10569,45787,38772,48406,36214,39804,47512
39565,36332,28685,39528,12097,18063,40596,32851,42300,2212,44144,33066,40621,19811,409,46957,20919,44855,49529,5153,21438,22254,44926,38521,43508,31863,16855,31745,13938,45160
16409,14431,7123,8472,32963,44006,16894,22129,11907,43267,42607,12104,7175,43449,3633,38276,17782,37220,25364,40441,21902,49974,23945,4807,23300,31204,29229,6811,23960,27684
1696,14079,5218,4376,24804,20874,23820,41051,13738,28006,47798,2037,8115,34364,48929,4333,7195,14734,37094,40812,9805,111,11402,4398,28290,5432,31738,16903,38145,41736
5986,5185,36772,18602,13878,12692,27104,39137,43558,48401,1372,2118,13476,32968,35215,38666,7755,10907,25993,45265,48133,44948,39431,4171,37664,13583,37982,39572,47675,33380
15003,33295,37673,23419,46909,36521,18618,45808,20921,20084,19259,12574,3359,2137,20794,13700,38428,27272,8848,26144,38860,38712,39556,43968,16337,16089,3642,39362,42022,7217
44191,22845,30735,21312,40598,44254,20971,18540,25543,19115,15742,39598,29696,15870,47295,28713,276,48327,15611,16955,46294,22110,43797,17115,18364,9816,4947,1673,16864,37378
37697,20785,19776,29805,7326,32315,11684,25234,24978,4142,42430,30584,48843,16572,39732,3593,41991,42240,31794,46011,12527,19643,35998,23209,48083,27822,46410,18219,20141,13523
38478,5324,42284,692,326,33335,1496,42583,9701,49065,44511,31493,49398,46117,5534,29122,18663,7832,44501,12575,31665,21351,2311,18841,5512,7797,3702,43127,14250,32612
1360,44655,4101,30638,39314,48666,22877,41545,10717,26258,7293,37591,43955,7439,9535,4497,29988,46708,47568,290,8684,22166,40662,47738,1946,33764,29408,45833,48741,8915
44059,38955,5990,47849,40236,18006,10444,43052,36810,17758,32626,18785,3995,42457,20329,10180,6820,31120,48319,17953,43616,42235,47287,43465,35163,31614,49807,25367,6255,27530
17663,4777,11078,43885,26984,30133,39449,13662,30843,1217,2150,25962,49517,29921,21202,31216,15487,8479,19063,46402,35660,27539,1245,1861,14751,40356,26330,31467,27031,40872
37765,46572,39149,12407,32579,16737,36238,13125,32735,527,24006,19796,19186,2746,48358,13628,24499,24409,1921,37499,42960,4802,35371,2374,25164,4269,43613,2568,5731,9633
2637,2042,21172,35226,19284,22087,36045,22493,26427,2856,12107,39893,47614,31762,2458,19065,30112,6175,8513,5991,24644,46486,16711,2910,32321,11210,27201,11680,36798,3531
49563,10251,38385,19340,10106,34414,37858,47537,44899,29597,41015,38597,27357,47875,24989,39879,34685,40990,21077,18995,293,26823,17927,17854,38794,740,17671,2116,31926,36459
11482,31836,2529,27262,8817,7637,33881,37079,32129,16662,47632,13691,11266,14199,13387,43105,21212,10897,45778,42874,28035,6737,44134,45119,11597,18958,36161,11243,46238,8847
30835,22746,36141,43388,2513,14474,9186,49113,1333,8325,47372,29709,14040,29845,37947,35316,47494,31785,24578,21104,30870,30797,43734,37145,4004,45236,13588,24844,20486,31966
34011,25823,40423,20269,3883,49883,22482,611,46018,8070,19418,7501,9277,6473,33516,25171,5834,41013,34002,35307,4773,4516,19142,9230,38424,21618,18771,43064,7575,42247
42698,10751,337,7437,11959,16662,30731,40998,18672,2216,3321,5627,7388,42248,12459,20298,19044,9710,9905,15374,12616,27136,31025,39974,43682,41947,38914,27486,18744,43111
28982,34395,15943,4421,2688,14811,2826,5085,34035,39408,26866,19556,10668,10968,21740,40304,41294,20145,49311,10145,1612,1013,20081,30815,49459,48593,31145,42655,18100,8234
18230,44903,30420,49981,9738,2143,3643,38377,39626,7001,17463,33658,47676,923,18834,37034,40848,24194,6103,14221,16859,16418,49528,28032,4015,41648,39689,28619,35973,38020
11895,11152,5439,6375,32826,9038,34642,1209,34215,17830,23703,17130,32145,3573,32705,22771,37452,30929,13707,40963,4359,1651,25701,3295,5256,9246,36917,27404,20189,4198
38361,47387,44467,39480,45600,16027,9538,25825,22752,30596,10319,16467,25588,14721,21,11702,34274,22912,36339,35612,16675,9774,31071,6072,40957,28759,7925,34253,39894,29226
28567,44743,8333,14779,41993,45153,20694,41167,20293,5323,11226,1209,156,31410,11853,47108,49728,22490,47177,5299,15705,27502,12196,35731,38358,4246,34396,34919,38810,15238
41602,20867,9733,11328,39022,48295,24447,5078,7067,28419,12254,37050,13228,27173,564,18014,46891,28217,22262,43556,12895,48207,1654,11937,46705,3540,15254,39691,3809,22560
32226,1501,15758,22199,41191,46704,13801,14873,10303,345,14182,31412,8535,13470,18407,1687,28018,49472,45459,17150,42422,37955,33344,20546,19416,36031,9481,15155,18549,43998
5980,3073,11716,7040,10044,29354,14327,49747,41721,34881,11944,35160,13450,46664,17238,12552,7986,38779,26788,36109,8597,17016,21329,49761,39126,14964,4218,10547,44379,14622
30803,857,38907,40613,18994,48226,20913,11850,47401,18615,14755,31553,37041,24494,48052,23802,2801,3761,4418,9506,1462,22007,31399,38737,25658,40081,6901,24561,9111,11690
22804,6336,17004,34894,6145,46809,20889,46160,25978,41733,2152,46064,1860,3512,48679,47248,39917,37526,48063,10228,45654,14188,6496,14282,10844,25216,41220,18450,42436,32761
26762,9336,49240,2361,12378,5556,1473,33725,3061,40828,40445,18139,27845,36147,1991,17223,9797,45390,13470,35887,19504,16190,30670,43471,10703,32322,11523,39817,3748,33867
21844,46085,31039,44037,22097,21242,41443,2226,46406,9093,18375,41006,29365,43471,24184,40339,40023,36135,23242,13523,15636,9149,5624,23672,32973,31449,15850,1255,22274,22506
21041,24037,47135,10425,23186,47734,20146,7887,18392,30155,2881,3294,24268,29408,637,5214,47628,43676,3278,16666,22263,37534,13240,20828,19899,22191,5810,39964,26659,29122
43918,37127,8926,41608,40122,35890,9222,16145,9933,28172,23757,4296,15237,6463,48612,27848,18778,26802,39675,37886,12378,3730,20080,8134,40482,47582,4195,16914,29063,14681
6856,34495,37036,39791,49808,48377,6911,9835,15365,48661,16686,6187,49657,14023,7236,29024,31481,20943,5086,41772,17324,17042,44344,34070,9361,48871,31525,15791,47099,12840
10540,5436,23079,21898,16268,42354,36329,22473,5657,34800,850,41177,13427,26929,9252,44634,31361,1020,17153,48885,10645,9748,32055,34752,10035,32926,27120,6123,15821,4525
21615,49228,25333,3598,47207,42969,42124,33935,7548,28729,480,34089,39705,31490,43122,4635,14464,11099,8910,41677,19001,36484,27634,45895,7096,48192,41087,43355,47889,37428
26978,5836,39750,29795,9381,14160,23417,1744,12562,5338,43117,43843,34152,38520,23480,33529,16066,28602,14469,32639,36557,4239,40383,38120,45318,33310,41035,166,33261,6605
45461,18305,45284,6521,18988,21202,12077,23607,36611,39848,42622,9227,4517,29423,22496,47479,17519,23452,21657,25965,8416,37319,10678,6774,34047,6252,37169,25696,7732,9884
32472,39438,46107,9583,33647,41076,3005,13049,38376,2098,25919,25283,34459,39087,11268,10969,27079,25507,44403,23119,4313,13275,34628,37758,14966,30634,17510,4258,13858,22568
18889,13476,23878,24061,39317,6166,47936,24422,5579,2727,25312,39895,12994,27842,34946,41483,32780,316,2385,23388,47902,31606,31295,33920,24214,29065,42301,37114,47586,24099
43424,46857,542,4582,18494,17056,5637,40948,4645,25373,26649,38363,13027,4586,29046,15215,2546,34391,42600,32654,5026,36704,10824,30387,13303,42810,15567,27842,6902,17094
26245,33981,7027,34326,14907,33982,38777,31973,37240,17553,4865,46571,4868,22802,40164,38560,42952,21748,40412,48711,1092,42091,4517,3153,34743,42585,31817,29777,44885,48007
49841,12203,40185,26850,16985,10295,48403,4866,24498,42871,22155,34939,16868,46768,11390,28113,37493,23102,13945,48168,18638,32048,15133,48217,12052,32987,10236,42540,19567,45189
36052,41021,18002,38988,46752,18219,18902,39117,48267,41140,2024,49816,30037,14280,24860,49701,16427,12357,3984,20382,28404,1945,33112,24749,15283,24225,38353,18424,1377,33109
2405,45584,30185,44532,49223,23649,43349,3660,12435,36929,844,14100,22086,16529,1633,48275,11008,16937,3298,31657,12304,26579,283,17212,19018,24373,47776,29014,39742,48401
29808,6674,21208,15295,39351,9144,39504,28670,25629,19289,48012,30175,7264,44674,15816,15381,2411,30697,33078,35646,14887,18232,18318,35165,44874,43291,32945,46737,4077,45215
5772,812,35750,11497,32739,49054,31092,37649,38288,12942,23577,6825,21825,18804,20276,38731,34817,49634,21296,36769,38234,16751,40050,24553,45637,10746,20843,38459,7168,41301
20613,38126,3288,46113,43170,10790,25339,45490,6805,46463,22863,21210,46423,47793,45673,11629,15897,42632,16352,16436,41634,27511,24008,17109,24314,16538,16563,28081,17221,30878
16542,35030,45756,550,3362,5160,1607,49837,32971,13707,39630,19237,37455,11076,28902,33108,42769,12611,49681,33202,132,12120,15245,30947,5362,37344,17566,18690,32975,13010
21187,27956,22690,27916,29684,12076,32680,38158,9633,3024,30574,43398,32656,49121,7295,13600,38153,42848,1139,14815,3364,13093,48068,31811,7779,3833,48530,42888,14881,9321
7598,37314,34024,2299,26305,3657,21279,37739,33651,37369,10806,40976,31270,23281,4294,40219,4900,36378,42790,43033,37547,14397,16954,39777,47184,39258,40038,11037,1849,9687
26489,12856,12122,29894,49493,33368,7296,27406,11347,8440,46662,30595,35558,10089,3610,17647,8520,27285,32567,30325,19736,9229,1223,5253,28120,33840,39762,48831,432,18814
33725,19064,33436,45249,25319,11768,31585,22652,41313,22026,49062,6340,17243,20879,34521,6161,14957,20218,18885,23707,16607,20173,9020,16054,12297,8521,36785,26971,15170,39869
76,3448,17889,19979,46117,39575,21272,48613,35891,990,7930,19238,20171,26482,48778,36711,16323,24743,28295,38358,6097,14657,8593,3422,4473,23695,32155,8225,31292,10829
43101,22295,6997,20437,16033,42392,182,48834,23357,20587,17304,31158,6626,16639,2501,22641,3960,40004,31409,3492,29716,49587,34407,16891,2274,25301,34956,24838,9104,25877
35560,44998,41631,42008,31585,36405,20077,5443,3667,44553,35730,44075,267,7038,3095,21659,30759,4368,10392,26277,1629,44945,19263,43079,16479,8283,8769,26762,44604,25218
30277,17891,6403,40232,2861,40104,37355,35027,25822,21154,30755,7505,34904,32793,8594,1100,28208,47950,8977,29384,12970,47992,33335,1147,35959,19919,38201,10758,3822,49600
27083,33622,14090,41292,413,40229,35761,11490,44694,17616,38806,3904,2471,32739,32721,7015,41896,3018,20632,26114,19103,2955,12824,1787,14566,33568,36971,8880,1410,37115
3553,4552,37985,32634,9493,6729,31560,34526,3647,14844,2937,46931,14455,21738,27593,25436,33455,6160,44112,37425,49710,5746,46184,2415,19722,13629,40383,15996,30191,15772
12294,39070,38736,18083,15586,18750,23159,2714,42652,28429,2652,8244,8232,9582,16512,44677,48353,43728,21958,49044,1708,24391,19087,40415,13421,23246,49460,1620,28552,8283
33977,27670,32638,47940,45163,2751,24211,28666,38064,3326,38550,2218,14287,37479,49280,5973,47907,17063,21015,19817,25564,25841,34585,31315,26589,31433,31428,6002,5842,32361
23710,24874,33899,2434,33190,21009,31645,19619,45829,6344,22548,48690,18826,14762,1931,9172,31282,12495,2674,48125,43633,43647,16795,36240,34663,10565,45078,17867,6059,14709
40805,9696,30411,31546,1894,12156,22044,17320,14410,49366,36215,35662,15710,19281,6252,26228,24389,40052,30709,5545,39893,19499,41346,47730,48730,21558,14423,14869,14805,39157
49575,459,46164,31808,3544,5665,40243,36574,47129,31273,19769,4982,44657,30110,23567,43727,23236,4193,27115,26763,23581,4275,39478,11423,46608,43974,13903,13152,30852,3156
32670,1124,27222,37976,31933,29468,46847,37170,38179,9445,41732,45672,42478,139,39996,2409,4225,7342,22583,41320,15032,5964,37252,21436,28122,11071,45833,5930,5218,20613
40987,37873,19119,28196,23033,18075,40433,10190,14496,49520,21396,31857,47509,29442,17388,36084,15841,47686,22322,28157,24265,24038,15997,1145,22523,1255,42845,12026,24671,46140
28970,7855,6670,200,15133,6465,24137,14684,32460,19330,15113,31193,20714,30392,46386,28859,34827,45016,42276,20528,36830,11310,17443,48826,8747,36373,21130,33511,34261,49806
49807,28783,17891,45962,30292,19559,28007,26491,34475,35625,47883,42676,273,36869,16345,19761,31799,30534,11952,5886,3956,2711,36731,31776,11988,35145,19150,12334,40326,36780
3383,10737,4534,34054,26151,12803,24338,8417,41722,24332,27682,18553,35573,6859,48393,35150,41689,9715,9889,23484,24666,14020,18740,48220,32832,31832,18385,7393,32713,24796
13341,8051,2523,37558,11623,38842,49954,45125,21062,27534,2991,38634,35724,8879,43637,26365,33444,45640,9130,17977,13662,6857,24165,46166,650,24371,15008,1672,6431,35407
17502,38546,25949,28405,16943,49418,1755,32279,12720,36006,36545,7360,15424,2118,36797,37470,13831,18102,19554,49528,14665,34667,27167,172,34776,27168,32451,12147,7472,335
35994,5474,47399,41958,29697,49408,39011,5197,9518,45609,40764,11002,18874,12781,40566,12073,23891,17909,38953,15525,40250,38261,30554,24123,22705,46787,48407,38854,26176,47037
8587,34618,14230,10681,32372,32437,39520,28425,39205,30558,32097,26031,33659,6620,10775,5045,18312,35401,19243,39164,49597,39896,48495,40981,7073,16671,5612,6246,19865,13547
18877,3283,27334,48779,32831,40895,33747,488,26960,19860,49872,25619,11772,3455,23802,48517,23868,31272,21578,48377,46231,20209,47554,9194,34639,40756,21967,28966,17712,17559
28713,30052,4026,31809,32896,47318,28991,3105,18320,48322,11064,48852,4863,23067,39392,10639,20416,332,23482,25129,32778,42414,40920,7962,21022,2171,12143,35148,40917,12445
45761,5917,44592,38935,26403,9437,41520,27778,28184,46047,12172,4391,12227,12194,37615,35226,42774,36545,34032,29349,10510,8038,40474,45663,18886,46422,20304,48100,6504,22046
31767,40673,5198,4727,16706,8930,6821,1125,3139,28925,458,18837,4789,101,255,18261,35365,18374,38207,21802,44136,30483,15754,41650,4480,24927,5336,31993,10534,28004
7958,15721,23178,11429,10716,15945,12437,4020,8565,38376,40763,12169,9356,25287,11059,23835,35023,15825,13162,20710,38957,14927,3135,6236,40636,35237,46709,15468,27797,13031
1892,7356,13318,1030,12455,46643,47686,47464,49577,42966,49321,18742,37739,43012,22125,7337,31100,26200,7622,10431,44191,40884,15833,24865,18555,35852,20526,45395,24221,33191
41290,1773,21453,33307,16443,35286,21692,24319,32220,46830,2838,19806,21651,15962,9219,4800,10097,33257,11651,6751,35175,37403,14921,24448,11892,25340,43820,39112,12929,26513
39904,2541,48601,17370,44076,15760,25729,21744,22124,7648,10161,15767,14085,40501,24778,49777,44524,16404,23648,43036,44777,21451,44737,44282,32675,5552,35698,15981,38868,21063
15683,35859,2961,34763,21934,39884,13431,46634,36105,49373,17316,31448,44386,44914,10400,26452,27783,1909,17636,6926,6205,31678,12128,33646,28331,41861,4165,32907,48218,12477
46517,31008,19684,8391,48638,20479,31605,27810,31429,9637,1600,7518,24979,25209,16455,2385,1347,46304,9200,35170,35894,38783,43995,22146,30522,28167,11223,32656,1969,6143
10380,10538,47189,21878,44861,16833,38363,21314,19394,16478,11776,23419,4460,7349,6901,22345,35426,32607,19026,29276,37889,4564,888,1014,4931,27741,26631,22889,38919,47885
20366,3512,30389,36492,44300,44111,748,44327,27435,23960,11108,27724,30261,31896,41599,7049,24075,31802,25408,38044,24262,8899,25834,48180,17831,48868,28154,4713,24990,32108
36100,18879,42045,9976,8225,48455,45059,35185,37717,9923,11123,16943,12206,33671,22417,45833,16833,29424,25641,32069,11382,45407,12584,34931,47633,4929,20317,9990,4980,13063
897,42347,34445,11423,48579,29778,15108,39690,18004,17164,40311,45105,41505,37205,13696,41853,25333,23505,32999,27885,22175,12756,34821,22615,47376,317,43259,46672,10973,39284
36193,11897,44434,10034,22418,1723,16911,21907,45197,24544,2443,44220,26702,3692,22761,18397,9352,45460,45608,40029,647,36492,6587,48961,7986,4382,17677,36233,18938,45945
26739,19867,2671,654,9519,20255,16564,24206,2459,22270,32453,32318,26442,36828,15894,42755,8157,38410,15825,15916,49475,24381,18377,46307,31622,16938,5344,32857,39272,9337
6109,33957,1999,11010,36772,12354,722,1974,9660,10858,31158,48248,46121,18614,42968,13066,8844,23989,31392,46582,9156,5094,21600,23173,5021,27621,17187,42866,29834,44455
14726,35844,16433,43216,7653,48842,2825,17510,17732,28525,21778,19474,40629,30622,23713,33846,49378,36976,22025,35208,41491,2944,19667,11771,40251,14933,37995,44424,36039,49307
7436,21292,45188,12553,13088,1667,14857,18278,28442,28732,48669,41319,36840,38371,18825,45593,10848,18755,22752,3061,1262,10739,9251,4668,40895,21504,42395,17146,27840,45308
30242,14018,10534,18931,15278,28232,43550,9524,14066,5259,46168,4793,10574,237,49987,6162,48233,41276,44288,12457,45521,4224,38557,40790,49771,7516,5837,38913,2060,14715
7699,5626,40095,45381,16617,11422,20202,38888,22468,27678,35261,7291,17305,2070,46889,25493,17355,8905,31415,4221,49184,43004,26135,31962,26212,12109,4202,37036,29614,25240
42449,27233,2877,4226,49642,17611,3124,1291,1108,9272,17437,17119,20883,7814,32508,8994,43023,8340,41155,14050,35146,11834,45114,26525,36213,5294,37295,19189,27553,9225
10091,16224,20806,31258,35636,45817,47717,20174,19131,43626,15527,12679,47274,38036,17468,26144,10521,45505,24601,43871,37468,16796,28992,2490,48608,31700,19039,16806,20429,14366
32662,35857,3568,49199,5756,31911,49114,42615,19596,28395,39464,38924,41276,7531,21554,22982,42151,42218,48332,35395,20562,47502,36872,20531,14964,21979,12926,31923,919,3433
46964,17528,17745,6911,31336,12367,4351,42491,9758,1783,10302,31913,42667,28039,22901,41687,28385,12493,10472,19646,18441,48230,24148,12929,4872,31729,6554,19600,21187,21282
19128,35090,3756,47834,32002,29395,18382,5416,27545,26156,24261,42951,23742,14080,13842,14773,14909,7378,44421,28980,14689,30608,45892,512,3159,8087,43742,46114,3924,7025
33350,41657,33503,39886,45789,843,6906,31133,28205,28341,30841,687,49713,48459,41895,11768,25399,46307,26812,11982,14447,44652,31676,40434,23712,24041,18008,6531,47739,3742
46230,10665,16471,37134,41037,24218,36027,3666,33775,14490,8855,22403,46038,14092,13000,5314,29613,13417,35872,48300,4839,31799,24872,36984,39720,12384,4421,45158,45706,30313
17920,41162,18710,14866,14569,41685,22454,18585,32316,38982,23371,23435,9733,26362,36125,10265,565,45301,35779,32396,18323,26554,35379,23843,3042,41927,45650,26648,11016,29708
27230,43596,22074,11740,44849,16212,49267,9323,37798,37159,37491,36772,36575,14542,1691,8788,5382,46673,37664,2083,8554,44455,1757,44591,6354,576,27820,27715,15600,37742
31622,35699,48517,11464,6431,26309,48928,49805,320,33302,17467,29576,15527,46347,22303,44308,9876,25551,45682,42470,29539,36289,34783,20030,46759,45946,14128,28032,42456,41631
30948,15543,11321,14517,14784,33244,10580,31199,5090,17255,9760,30870,29763,307,37563,13980,10058,16321,41492,33201,15248,9319,43153,49996,49591,4400,10246,42175,44412,31820
15974,25061,28206,43918,29184,11736,16048,4750,43876,27193,14991,6097,23168,43455,31761,11087,12233,14295,42304,36465,24938,47484,21501,32612,46488,20180,12747,28985,8555,21813
29936,24698,14012,26786,22671,11559,11090,37428,38048,47566,8732,4942,2020,7300,44282,41832,6452,26049,25834,29273,30908,26852,48082,9715,29894,2932,12775,35615,47634,10528
36128,6226,44168,33273,2073,11732,6458,16407,25222,21853,23329,4344,24204,22604,4341,38764,46357,22444,44527,30102,49033,47727,21378,49167,22563,31600,15211,17795,1859,42132
9480,22574,6204,25298,5240,39520,36718,39379,49984,15010,12471,33525,26597,9157,43471,27682,39334,23872,6095,48668,4065,21815,46600,29521,10502,33721,33458,26754,17442,32445
25139,18094,7178,22104,20323,3289,35145,30319,28171,10665,7102,4428,35215,19815,49649,28201,13100,7121,19833,8316,4893,7777,20934,43463,47878,2466,34470,21593,19822,28355
12492,30662,1597,22874,13381,14100,969,33215,41703,11768,416,11096,21108,19418,21136,5000,35288,31468,35257,31150,45842,39692,25981,438,17400,878,49047,17365,11534,35331
39281,38859,24422,11099,7484,20654,17608,18860,2450,5263,37711,36375,12498,48589,6369,18965,29411,11104,38770,37180,28632,19092,14276,24523,13445,16528,46195,39104,36604,26629
33309,14921,32701,11205,21957,39976,49685,11781,43314,14733,12259,32234,41544,18828,14420,37688,43091,30889,31600,13431,38596,37172,7295,32515,2559,24085,8360,21806,5310,27857
48910,26134,47847,31191,13885,26385,17718,10941,35396,28813,43142,4160,3610,10908,7936,31972,34868,48622,36326,46892,21975,29091,25452,49192,2565,43406,4023,45903,10262,27944
8947,18092,5480,17878,23676,42955,21680,7959,30819,24690,2548,3219,37543,31540,39090,31765,41764,17725,23909,19556,45403,16658,38996,5059,39850,39014,33350,44524,17746,1351
4576,41341,18410,27046,16704,19654,31258,24769,46065,38002,24352,12248,9838,44340,3670,3358,12034,13609,11261,5962,38456,1759,48094,26243,29681,37828,38896,25067,24407,8705
18105,26341,37886,13973,10970,48025,17063,29627,31213,18694,41904,15334,16524,49613,39324,4019,30628,1328,39821,6413,46476,39109,34861,41224,13092,15646,46392,45327,12628,12470
27194,45862,25852,9424,44487,17540,45587,7843,12458,19039,5352,25248,7202,36393,25617,41544,31646,47814,38693,6852,25506,12462,19882,258,45316,21988,41595,7102,43362,25634
22275,26153,583,5860,35789,41012,1276,31743,3711,30187,27324,12026,4313,31944,35515,34429,39907,30135,27458,40977,34950,21229,45196,11169,15840,31882,38372,26969,24254,414
33276,18196,44286,45693,22963,6085,39250,3371,24757,42861,9659,15123,38327,31514,21245,18244,29643,31435,20311,34033,21650,38059,45593,23948,42298,15627,33971,42288,31685,42480
17510,19532,45760,10449,41336,19843,19505,35069,10909,38318,35626,31505,34342,24785,34834,49398,33453,41848,43265,45592,32271,204,5308,17623,19956,12012,13905,42822,19467,37693
169,6350,37431,4199,41754,15079,5530,19298,12368,45366,12077,29610,14584,22904,45361,37638,43401,23454,3200,25951,27882,34657,47047,23569,31360,38697,20228,31929,30823,32157
18537,7095,29357,12457,45616,2850,37622,49496,7447,520,3277,26596,22912,40676,18596,2831,7655,500,30318,44937,4788,35989,12654,29915,26376,9713,49972,2346,15018,31017
47583,8392,26628,48523,8162,36744,1065,22059,30338,23675,31407,38611,3004,21809,30460,45430,24771,21831,14524,41775,9297,4371,3566,13377,30888,31107,8521,4924,11893,5013
19567,31415,10960,4464,19797,30885,29679,28582,3292,13559,24913,40226,25923,13528,11897,4123,37336,4102,46410,49882,41323,23610,35483,30823,36216,47500,32565,48462,28607,28555
38466,23144,4937,1105,31201,20057,24547,2057,48606,36454,17852,45162,9624,31635,32216,13050,22646,13106,46916,4002,13302,48344,11117,3331,12453,10477,20480,44327,47563,16351
38006,2956,19091,35511,34782,15463,14250,1238,13228,42339,26130,46827,24071,28949,6253,16843,46793,43971,26881,9707,34168,24285,25250,26175,6384,43300,16835,17745,37245,18048
43250,7184,11274,4062,36093,19385,5792,37743,48376,5444,14201,27798,25481,6275,47484,31701,12766,629,24438,37040,25100,37544,20289,5311,47551,24580,28532,45898,21546,42808
32090,29923,1830,31039,32592,29916,18785,45283,6397,26837,28881,42702,49090,49699,30023,48787,14757,11674,9795,15344,28658,13295,44448,49346,15120,12182,19592,32557,18974,2825
9739,19701,20759,39469,17743,11740,19526,14162,13770,8326,36663,45398,26576,20201,26057,7890,49432,47923,27213,1212,1236,23971,24866,44361,17193,2724,37901,14112,46712,45090
29265,22578,47971,3694,44046,11588,11407,48246,39538,19749,13247,36011,11417,28210,31493,43655,46445,48598,44564,34932,43938,8587,46838,17373,45304,40310,40274,10195,22524,11880
35297,2251,40289,21569,27532,36322,36035,47746,49965,37225,4159,33681,43940,2963,11112,41662,16402,1108,47144,24211,39030,12662,33529,23904,42414,20817,47959,38356,2810,14786
31742,29777,30062,13599,25102,19842,28595,28292,42069,7927,23038,7355,23650,12768,41036,40253,47666,14082,40151,18150,2706,1228,34963,8607,8219,30756,19947,46622,37293,30784
22619,38414,18565,33763,8820,30157,44885,2875,26785,9943,6709,5461,12679,24788,19773,27151,36385,37458,29343,49212,24336,17642,46404,30674,45531,4695,36883,36911,18240,40196
21787,2077,30711,5323,45270,18951,45731,18975,13293,22022,6792,48643,6945,16317,48898,7127,27103,14847,43907,2725,40113,934,18064,35086,48806,42755,47407,24639,8827,39733
36171,36777,3024,23889,18959,19100,24856,29356,9078,37014,22683,38738,39715,41270,46561,8587,8892,45242,42664,16992,42600,44923,5740,14400,37170,5957,7397,7086,9667,1719
49996,35524,36262,12691,32427,40103,22019,22837,21315,2461,7765,36850,2947,36922,25326,9941,40922,40626,2582,21014,9633,38573,32477,31803,36041,10340,16596,31306,20557,37803
35615,29460,26119,16032,41852,48582,36731,32200,24020,49247,19527,22254,19297,42070,4402,43821,14948,22644,21476,37144,22442,30439,47349,49229,44965,16825,12919,17986,45563,47007
24721,24072,7908,23594,32745,3394,47556,16219,24681,7880,13365,36144,30722,37037,22429,10247,48440,46461,39622,39581,12911,4851,30494,25972,20202,41273,36315,20794,21028,10756
29842,2236,5595,33090,31479,20099,37423,16183,32298,36518,43570,34709,38678,33951,44430,44865,37356,46702,44250,43162,45391,30797,1809,3035,24101,3203,33017,35167,30261,44441
21089,21693,7296,39617,26076,2487,31426,19332,48896,27920,24685,41749,23756,46362,14184,23303,29063,6418,6049,11546,44233,21704,46262,41523,43915,14091,27205,27963,46014,28388
12364,35671,27036,41259,8126,43208,24027,13636,22353,6487,33630,23558,12882,3284,32054,31098,26942,15543,4239,37682,6279,32928,34573,26578,2878,12153,20662,22754,18318,36021
45712,22337,25936,1660,31830,4495,45402,18056,4453,20262,49297,19054,39989,48562,19870,33055,42498,29974,24597,44795,29665,30117,21772,12602,11098,37432,48754,7254,20890,43985
15651,12352,36220,37454,935,40013,29369,13954,1659,5211,19555,4799,25458,21845,17903,38968,24872,41402,3788,9765,48003,20074,30718,373,16634,45964,39037,48671,45221,20142
37474,27869,39989,4422,19385,39279,44929,41452,563,33990,23954,33368,27750,433,21590,13690,43482,17662,40757,14069,15871,47062,22082,36890,9614,23248,37088,42531,12577,13244
25099,10280,13106,19986,20817,26194,14130,20529,21962,26940,7647,7848,24605,31280,45453,9460,13793,45846,4306,46172,42276,7608,1944,36915,36610,44089,21915,34579,3032,42181
15307,34179,23483,34786,45717,37181,23418,43342,40972,10655,19474,24423,41446,20454,8892,19070,28793,8833,33705,40258,22524,13180,6302,25361,35771,45636,48570,17058,5844,39099
26921,18854,13970,39257,19464,33171,14421,48144,25519,14493,35074,32849,48220,20364,5451,22667,47699,23021,8907,24478,39609,19268,30715,3234,1846,25860,48786,20283,11153,45380
2861,37184,8045,6605,19317,27852,22365,27656,44238,5704,42873,14850,28016,26328,45594,28970,6846,11008,35109,11192,44617,38051,6136,25071,44465,23919,24225,18477,36607,36123
20853,49538,43911,32714,17772,9593,1930,9280,33819,4579,31054,32506,9706,26540,48986,45726,28199,35885,14681,39029,38902,47818,21780,17517,31423,34923,28825,17073,40254,22283
48805,42926,32848,28958,10772,24801,15096,29294,34448,30839,3084,42318,8866,38244,22532,669,39570,34766,44752,21239,17497,5886,29825,30618,36518,13192,20938,36543,19919,8275
30997,35048,33028,15188,9399,25204,46712,8014,4618,11542,19474,27711,13809,42993,40103,12464,46753,22443,22842,21494,29593,47741,32928,10099,46515,34216,27048,12419,9886,4156
46218,2569,44736,36125,30094,43129,25563,32997,27781,269,32302,22542,5271,24854,30776,24001,41089,10854,34039,38737,2991,7499,21811,22508,9103,39638,34453,13452,20264,12370
24985,21440,38265,25700,32194,35576,39312,27692,39809,26610,11730,13407,12116,48890,10030,25123,23340,48170,26100,20065,44120,29471,49438,32696,3611,18459,25753,41539,32040,21387
25303,22652,15331,44703,46091,14693,10272,31008,31721,49999,25561,42718,4332,2681,33544,16769,22481,15161,32397,40570,34569,7509,32925,15379,2696,7336,16487,27286,16741,48813
43496,45006,22961,47712,22301,34739,29799,44264,13564,20203,27472,6438,27410,15792,34640,5990,11342,42379,44028,38271,8786,33650,19950,6971,44162,35578,15778,31857,43114,33310
42731,19119,41175,26086,499,36716,46307,20343,33164,39451,36192,6286,34536,3928,6670,19282,25934,15149,26460,47289,35159,1548,32919,43530,44621,23598,20005,13233,11841,38517
9969,38232,33190,49793,32800,27104,29293,18493,14257,25292,27672,6473,16312,6858,7462,3943,39712,4904,15048,8173,16357,28796,37982,34009,4868,34382,20300,45112,34046,33791
32462,1930,15715,38144,14711,45334,12823,45553,47372,48752,37009,22805,7262,14206,5538,1421,8514,19051,40877,34894,10347,17113,6815,13766,38204,24958,41822,10476,32039,45506
2427,12980,4729,18200,10978,29162,8192,23946,33769,29013,2710,37688,43048,27979,10315,39688,27991,330,9906,9776,43097,42529,18196,21504,8580,44964,32687,28991,23099,19578
8274,38302,30565,3547,44068,35375,1793,24147,38640,48632,3404,139,39244,17948,39690,27381,33706,2525,21243,6937,5482,2503,14995,43918,4195,32007,10611,17575,41042,38166
32919,8512,32410,4374,14746,11954,20223,21310,16287,7493,49737,28050,949,22561,2028,35464,40784,14016,49240,15142,12485,39659,34275,47194,32546,26350,43435,28790,36142,39178
38679,1450,12502,35205,8634,16549,28175,41838,7010,25918,14295,27067,47486,13853,49047,41400,44047,33089,28988,39757,1414,12775,4770,43763,14833,39642,4255,43149,4540,9503
21758,37667,34648,18133,36112,26256,32414,18630,40955,16723,32762,43,25228,42987,4568,3839,13576,36671,32570,43783,38882,17550,14318,15343,37977,32017,10171,48429,17589,10450
6578,28014,42729,8243,24945,20993,43044,17293,26808,16652,19926,3928,19586,26065,17372,35397,15452,37504,11787,4034,49026,31018,49937,38426,26914,1846,3659,13006,28550,43493
28856,21985,12885,8166,4030,21967,7389,12355,48889,42923,17550,3034,39749,382,9825,34037,47667,45790,33909,44476,15033,16853,45937,21703,24817,43531,11120,13303,30720,42028
6535,32305,37990,17502,1067,8169,22955,12963,2292,43748,18933,47733,43363,20571,28631,22628,43470,45998,5372,978,49386,6812,5384,39220,26170,5096,35728,45593,2972,18629
34469,43065,44849,46349,26966,24779,27821,9349,49303,1983,35970,49808,23588,34262,43331,24088,45915,49644,21616,2413,42051,48634,22829,10456,34688,25584,44223,34276,18368,22203
29946,1008,30017,15317,49164,28535,39944,22236,40258,35669,35641,39824,24294,3773,24182,1686,43309,37612,13906,26822,24434,11761,2836,31,1137,572,17198,29463,28685,1526
1006,25142,5643,8239,42103,9212,33510,6251,46953,5852,39803,6185,26766,8244,29701,46699,45484,26912,43717,33635,27153,269,41484,1464,45357,13313,9490,16861,15786,45738
47347,5819,19332,31877,14029,5884,20413,7646,22608,23647,43288,384,12347,8996,34186,21954,21790,35408,37281,18709,42708,17029,11141,9164,38975,47897,29877,12334,14453,28234
9448,14067,35233,34362,19601,48144,14233,13403,23652,29331,37917,43109,11170,49317,6080,36039,16498,24840,18459,9615,36166,45532,12238,49243,21634,7787,28756,4163,37022,6024
26869,144,21190,31503,28386,28420,32534,20706,14980,12484,25212,18357,10421,43761,1892,8356,46411,48017,35679,38039,48298,4827,46023,45914,42624,1005,3133,587,25314,4382
42912,7651,40903,28899,20998,16360,17918,7591,49025,15841,1025,33140,13932,11521,47550,38109,11458,7080,17490,36564,46887,48490,49311,27033,33016,310,1466,45687,37968,4193
10117,39796,3719,24603,30239,15446,29831,35208,35710,33166,48222,24094,45695,13501,17199,19911,10117,26512,24998,12483,38227,13621,4660,4547,43711,33909,18018,8673,27891,2763
4904,1368,49232,26428,4417,232,4387,3878,27296,12489,9971,44588,45790,17675,9054,7421,17520,43691,15107,20416,26129,39140,47642,21379,42437,17208,1193,20464,16904,25081
30769,4019,100,39951,8466,16845,30297,9507,1987,36309,26444,31147,36217,46280,15780,41382,26804,25020,38736,20480,36878,30080,13505,12128,23014,45541,6485,211,48976,16379
17369,45944,17876,11271,11762,35523,9190,43304,34018,23061,31015,43637,42169,14017,17779,15571,27620,45239,43693,43512,12080,40952,47909,48289,1913,39896,21177,39548,45430,15536
22188,36574,48369,22147,37253,1664,10811,4093,45286,2547,3177,47557,47409,16912,18481,30109,33369,36536,40409,25169,36395,6550,46626,30226,8374,7731,12001,29969,42735,29894
40846,10739,21351,28542,5926,22090,5546,48797,10800,18192,3402,10278,6881,40575,48028,3214,31056,17959,3775,37198,25280,42189,32446,16846,20350,8335,22780,35459,15888,44760
45398,29112,37542,15867,625,25993,34581,4023,38130,33662,5477,34408,44124,15324,19266,20359,49877,12835,21156,24405,29734,12316,42501,20359,16973,8502,21457,37623,26154,44918
26050,35,45295,30638,31202,34828,33982,35267,37638,42987,43016,24154,36354,23964,34499,19691,26044,6592,26434,48112,26349,32308,3973,24145,43226,18471,26401,33017,1665,40258
42588,31728,33793,13700,21548,19850,11019,49204,46348,30433,33115,14915,49272,48142,13892,33201,48656,13198,24581,42550,16598,21097,31559,18234,31257,41739,40200,43131,28636,21996
5264,27516,13723,41097,33368,46726,10967,15495,13716,39463,4954,17511,30352,46967,49681,10655,13746,48817,24033,21835,34913,37913,40699,3063,386,26266,7957,38676,30292,46585
21533,12570,2685,17311,39924,12978,19053,11211,34378,37678,24114,37928,28276,33037,8527,42061,17656,38850,13344,32861,38449,3781,1303,32315,12538,42671,21870,6516,13538,31098
44195,1495,1456,43104,49651,16620,2638,36307,27966,6420,31860,24533,34163,2226,41986,42438,9685,8753,8922,13529,49677,34820,9954,11326,37084,17278,31033,41890,49200,2982
34972,18296,41374,40995,4732,4435,29012,19798,1458,18751,35325,28880,31339,399,525,43399,13091,15254,27849,13710,44179,35504,27859,49508,23188,29178,44163,27861,36177,20765
24905,38735,31173,16948,34436,44477,25936,46084,2181,38993,36653,24314,3058,24734,28647,29043,49789,40034,29227,11679,47359,246,34491,27201,12962,38108,65,25199,33593,25966
20753,4797,30945,43445,45914,3318,36357,6313,8091,34480,14212,25561,32667,45307,26116,39319,23552,31141,45188,49548,15241,38297,37674,21000,24553,29299,15155,32596,32279,39859
41078,16659,20007,3795,5011,15920,48927,38538,47646,49579,48397,15822,37548,45704,25300,16694,47307,28384,20705,12323,42028,2720,22284,6718,1570,9211,14137,10348,45061,48632
47102,20727,47802,5686,33390,11444,9440,26783,947,14421,48358,29180,6614,48002,14325,41050,13905,29871,27175,10207,34898,26089,16456,41299,46752,3396,31019,24393,28201,11981
49769,49898,23659,40996,16939,40003,47933,18778,45637,15685,11882,26503,27711,16308,27506,23923,14731,44637,1214,15301,6691,20173,28577,654,20486,38491,30907,23104,11684,10250
31979,5124,28452,43469,14845,23107,6986,39618,10300,26108,9253,6696,9238,18732,4593,3874,6865,38143,1650,6681,14444,28263,7060,45094,37162,2540,43985,13127,49605,26427
35457,44273,49425,21417,46031,22693,23260,13459,18011,11244,19122,11472,34176,40866,36801,49433,42430,28264,28806,2046,21835,35,19035,19924,14644,28979,25054,35155,29821,1382
2353,13357,15302,19006,37158,5479,46303,46202,41674,5937,38849,6938,3844,25174,27583,26477,40304,47078,48524,9751,27120,11333,8216,48159,32426,43342,13366,32767,14568,47683
40466,2440,19141,1002,20928,44854,38733,23041,18993,3769,46438,15782,33261,32103,43815,14538,44931,16528,18135,36207,19128,20189,36191,20564,2965,32804,17239,38604,12104,29251
4485,28843,10485,21388,15457,32715,17445,16305,47786,34942,10093,9695,8750,6073,35725,83,4162,40627,12540,44871,45934,10584,23215,44062,32019,4836,6577,5473,7485,10623
15386,18090,40651,48555,35894,17099,45695,32564,42177,28446,18734,39379,45458,42164,2434,3639,19797,12394,26763,4061,10669,6109,14127,3650,46174,10576,40497,32637,24557,42250
41364,34040,26599,35323,47134,18390,22396,35539,16814,22637,39932,38648,2751,32686,35748,11534,29031,22743,48017,5284,3288,7005,22168,31035,23131,670,40254,44479,45495,10020
44853,3984,39879,25818,10826,39160,20598,42528,11145,36571,49678,14186,16222,35412,16083,8160,23665,19608,37399,8600,15132,8324,49963,34666,2750,48859,25698,15094,5437,16291
18834,18803,8180,13103,19014,24118,32221,46692,27934,46351,24087,36458,47797,32666,29785,1179,28945,28308,2964,33819,47686,16485,42615,43564,25542,21204,46422,38641,16356,33628
14909,43551,7338,41490,23183,13394,13052,18902,42713,4332,23003,20123,18163,47408,15264,8330,37829,43238,46077,42541,31167,32328,14583,47467,48222,9612,41582,22304,2055,11489
48941,5338,39758,7126,45064,3143,32749,34340,22530,6246,2519,5238,41013,32584,26654,10417,4472,33217,26029,42963,38854,5412,40985,47465,45848,24539,36007,16535,39496,37624
5924,19232,5368,37695,36215,17069,36524,4939,13776,13632,15300,27682,21343,45137,38175,15984,26081,21583,37605,44965,33823,41886,9548,28775,8646,29055,10263,32279,15083,1915
28441,5564,13694,37910,29706,31933,18941,34752,35077,44047,30142,45035,13785,15542,33711,21047,21081,14402,18948,34018,29782,8264,13970,2512,34468,29180,39185,11035,33716,3293
6452,28237,26472,31157,45669,15256,11452,23019,6922,19675,17673,49831,19415,11946,13796,13584,30212,521,19921,14840,47628,45005,244,38623,26074,34814,42435,29902,33463,43728
49832,19667,9574,28701,45470,43550,8294,26012,28073,25936,33133,20772,46463,2323,22506,21994,21377,10405,12098,13583,18510,24605,25796,9635,29114,19615,14333,42121,13879,43530
41534,21083,34659,40375,9600,7168,12868,35482,28819,22539,31292,40280,3268,40889,14872,40321,1165,31368,26345,7392,41585,6773,18762,38804,18504,20633,21652,42092,5230,21122
46131,22705,46893,43631,12918,34613,12562,12990,46169,7765,11131,41946,46942,32421,1033,25327,12693,19215,32426,21027,31650,49366,30245,32228,9556,43427,15577,839,47547,20044
6587,27721,11534,39207,29244,20032,5214,44289,48603,24713,25043,10911,407,47229,35182,23080,15818,12367,49533,18274,24523,24562,23349,32703,35437,5954,40262,11755,43018,46718
29077,9710,2320,30039,49855,12097,25539,47860,27695,34850,6999,34141,15712,4975,1195,8175,45158,38710,7863,32544,40045,49389,13677,558,25539,47526,17173,29093,23817,20688
10903,44953,12152,45647,44592,26004,24305,11473,7227,35892,43429,5243,28316,12490,40618,49074,17282,26470,44265,20302,19582,4565,37142,21568,41627,10771,46950,48712,37218,1180
45483,32671,32458,38635,8905,18428,36920,9573,18701,44705,27570,6709,21477,33027,10001,13321,18821,46223,37029,20574,41334,27931,30381,42243,6468,1741,48417,21812,40801,3199
19626,29103,34111,22867,22219,48536,10279,43961,1248,46792,27789,16579,9844,45035,34985,6538,6144,27533,40154,12675,33599,7025,28931,4076,18499,38383,3071,43735,893,24526
1898,37929,39730,30017,45867,38780,27240,23210,21708,30442,8599,1589,39029,31917,374,42100,2741,2706,26112,1009,4748,5231,35156,42292,36041,4053,36604,17430,13862,31537
3015,16423,44485,28066,2610,46716,12906,22978,43339,30821,44788,44679,11716,16005,36,10029,4106,5910,45552,47714,3062,49729,2475,4630,29198,36837,27633,11141,36571,36827
21259,22259,23239,43087,47682,13214,30101,25713,15818,22710,23926,15515,22105,18229,22779,39752,32753,10808,27535,19076,8330,43262,7318,24980,29679,25446,14414,28509,1129,20226
3678,30046,21467,24055,14324,34607,48738,28986,37433,385,23309,18386,14776,42507,38825,1769,28970,32332,5119,18441,40529,37241,33257,49835,25831,26442,20903,35929,45191,23653
19227,5880,7766,46216,47301,18368,10445,6258,33820,20295,21319,32657,19184,28159,25840,3335,40213,21015,15345,39308,10202,39599,42954,2764,41237,43195,48056,9680,1531,11368
23493,40975,20051,10150,36627,49801,36446,33979,13418,10057,35164,18515,10672,25195,14409,3471,45820,14173,13239,32603,37133,22165,13504,18177,40555,6159,22270,17738,2427,8028
24566,39899,19785,37153,12085,10515,34761,2263,41148,7008,21704,6897,46209,43275,41249,46276,48701,11259,12058,34348,29334,41264,42815,43676,2573,26328,16309,7911,1193,28854
28226,37331,42217,10038,43863,10581,1418,19285,47987,33332,9265,39533,8647,29736,15488,34161,28918,29750,11593,16632,45030,39218,42277,32661,17071,44045,45660,8435,17484,22559
9541,17538,41586,27786,10721,20979,16031,10100,44445,32731,47274,33424,3432,39286,39549,45721,3270,31368,11555,39184,34714,37079,34824,38875,26984,34260,26887,31693,35533,35215
16004,8538,21593,14845,13583,10043,4324,25980,26717,16465,1653,33699,19142,40434,13540,42065,30374,39852,33891,6158,22396,43353,17083,28853,37738,30736,38457,14440,8060,33262
34811,21740,16023,18765,34526,18234,47301,12506,39202,44635,2661,38915,23453,48373,24188,12398,8778,48130,38642,35684,36512,17988,23779,43890,22024,45110,29733,16967,41408,4525
27005,48106,3662,27080,29090,31594,36498,34112,13316,49487,13223,46219,1292,29174,877,10065,8489,49511,46307,47194,19169,15499,47623,29522,26552,46028,8898,21561,41417,8723
37089,47793,45597,44957,41130,6470,37275,46173,18791,48808,9413,44388,35357,43472,10822,19194,7250,27024,34288,16543,2478,4945,31007,2936,17952,9427,49268,28643,2222,10966
44683,17673,38312,23592,24931,18724,28595,19153,42003,24359,8959,2066,14249,47696,14367,39772,48955,19947,42951,35736,7301,11668,12686,13950,36015,36863,26115,13567,15614,28340
11801,20312,20272,2243,26789,45490,28318,14422,19538,24934,15053,4688,31246,13114,15038,46354,47412,14814,20912,26202,34130,17056,34506,9474,33723,41447,13986,16067,18942,41270
11141,2208,8101,345,40397,17132,31395,21856,27702,21801,39814,42269,47577,30017,9386,49773,28451,46797,44877,18960,9925,5721,49880,41150,13733,46063,24228,27770,6142,22443
11474,28159,794,17569,10431,9897,15159,22073,27313,33174,24992,681,37945,37719,12045,47561,9004,39142,32705,35084,33002,7512,22941,38082,18326,21806,45918,22839,29905,39799
5176,15739,2034,34089,14191,25628,36359,42948,20800,46529,37677,48626,26683,34795,23911,41074,18912,1900,27904,20107,1897,14372,28564,15725,19716,13498,30105,9107,16914,49724
39944,15488,5537,7529,16375,44202,17955,36253,39328,20033,29412,12797,40321,38481,48102,44405,37465,41308,45885,36117,9687,3657,11846,24007,13200,16839,17610,46125,21445,13398
25071,36816,4291,2408,37592,14376,11358,5429,26036,24953,8636,46492,24716,13925,30438,28786,30237,2774,19631,49494,29539,21347,14133,2532,19375,10072,46950,13445,47912,11904
40614,45018,37023,41630,21584,14537,28010,19816,30695,45091,33498,40459,19423,6388,10317,41423,19282,41904,43295,41271,12777,4522,21481,17502,42739,48527,9618,37022,21046,37985
44770,35298,12441,13530,37823,49353,21972,26152,21775,17612,26402,18128,5798,10452,46688,19918,25871,11712,9646,35534,46568,40988,43212,44010,8474,8889,37728,17220,36710,15155
15784,9497,13236,14416,2345,11673,15795,20368,1022,8986,31593,15028,44534,628,41754,25193,14136,22492,14480,21498,28714,21553,21259,49550,609,19340,35794,34177,26594,3884
32616,10705,9582,17388,25686,5652,46950,5737,45480,26027,35626,29052,13476,29824,23827,39085,39926,44275,12340,8555,38693,19632,35234,2343,34335,12758,33015,28119,28024,31258
38218,24714,16194,45501,19824,19010,8070,29363,6475,11517,1132,47731,31489,17373,28846,483,47722,23247,38108,43654,19994,29634,257,9073,30739,47804,25319,39125,29220,36318
9380,32086,10913,23630,6153,33872,42931,475,31465,23503,36577,24300,33549,19189,701,9889,4060,42873,26895,13691,17357,44468,9191,28458,26468,21818,34728,1804,21731,17943
15217,33599,29482,21139,47325,9552,19468,42324,34881,20181,40684,32458,36406,32277,10688,4992,39941,43383,15046,6865,22011,29114,2996,37379,29623,27931,10893,47847,34769,4477
30222,20937,39159,37883,41916,30483,9169,4388,37750,17769,26570,38532,5188,32630,4329,359,37640,4772,2942,14083,43387,1520,40215,36856,33870,34891,36587,32409,48373,1440
41806,6459,8853,19000,15044,19347,37300,13322,41220,2205,45488,43949,49941,23725,20810,9953,43009,3611,3797,5342,38279,17800,96,10606,47479,40837,36054,26555,43756,16909
16645,26963,20521,1996,5571,2070,22521,18,1482,34337,30468,30520,18142,17827,6076,13297,14820,33433,5835,4992,32308,45161,17235,48079,48256,6498,29228,24155,19896,8293
30119,3278,14660,31215,3535,6986,9298,12307,41325,4916,43585,4613,43287,531,26808,35164,28036,18677,8438,42387,24955,863,40769,2797,6602,5300,14784,44996,6439,46695
16734,7315,17850,31788,7176,44545,31614,43604,30134,13226,49241,20528,14826,13730,490,44076,8208,22266,16331,17666,37180,18482,36653,13268,20195,26312,12952,29846,25168,14076
43703,6901,41156,32063,2742,36367,18724,42106,43564,38961,37637,43664,2754,21902,28310,36493,4620,41043,1172,48747,1546,4700,23713,32025,6797,25835,39274,44759,6861,24137
616,19793,19726,17853,3762,14476,17002,7350,8060,35816,25556,48080,32455,37463,8044,23296,13385,11925,17715,26011,8080,25065,2665,46683,15574,46939,33275,31170,24394,34721
30491,43511,6383,37862,6007,13588,48930,19449,34557,9651,13117,29766,19351,18704,21454,22100,1974,10692,47901,36037,34621,16928,4271,8661,8704,42651,38941,9595,28555,8839
18851,45728,13299,12374,13814,6967,6605,43914,24943,695,16423,2190,17033,23388,17740,48735,47146,30813,23125,41759,31650,26103,34677,39316,19568,35142,29612,36903,31974,4239
44408,32188,37961,19793,10919,12907,39761,31037,45279,29421,33141,31886,14814,7782,24314,37053,7364,17719,12342,15277,16192,46389,32042,23913,39929,43390,18146,3399,43161,32621
35822,12217,5517,41940,27560,32729,40406,21993,6325,16268,21470,3436,22635,36702,45302,1905,40236,33345,41792,38255,11072,41035,27679,18160,5929,23598,13344,31946,34250,22369
10354,17163,48924,3291,44488,25118,22541,8001,49425,34998,14959,37022,42972,40406,13135,7922,28079,5992,44856,47041,22151,2376,42752,11210,12971,16690,48756,47944,42188,16007
4841,8191,5820,2551,3902,19821,7157,28036,30424,38046,41264,43285,42006,7314,40388,22079,4245,1004,4275,40970,8238,34331,23710,47940,5094,33608,31608,15401,39928,41788
28950,48392,30029,31785,43040,46964,32018,7702,35714,49834,21792,45156,29731,29148,19471,688,1016,29539,23963,128,33768,25491,45330,24004,20181,40495,49530,3848,26442,32035
22647,48226,19750,49523,24767,16735,37657,48880,36446,17212,11609,3607,43729,20178,14525,44250,24137,49324,23107,26528,40285,12086,23810,326,33304,13844,42327,39857,30639,24527
38508,29335,1589,43414,20168,798,29511,23319,23131,32446,15139,34912,26145,15265,28301,46138,30351,9283,2489,26747,38030,42644,5255,5022,47931,43495,45951,21481,6957,28351
19606,27125,21995,38602,22393,21982,39605,23312,32156,26376,13530,39808,4546,42209,14869,18528,18231,37109,39865,12856,25937,28404,42107,40694,6879,22294,27214,17802,10641,42432
41874,1213,36064,1252,23759,23618,39572,35801,20183,21923,15660,35440,48638,4303,21599,13666,6818,37767,45040,42051,8355,319,2161,11815,49446,10446,33743,23686,5718,16027
27808,16626,43270,1607,27023,27524,31646,14779,42719,27106,8545,46503,42912,20593,19293,27916,21242,24940,37348,15176,19527,9429,8392,819,46006,29367,9128,24330,30034,17502
45241,47911,33054,35561,9065,6337,13482,5430,8501,12064,19532,16851,30161,17455,35736,15028,15835,18546,31052,38447,45375,4734,28394,5200,32602,32500,18903,30026,36595,47859
16391,24489,21597,16187,34849,5764,39722,6304,4592,33811,26739,38400,2698,25799,34534,40042,26884,33307,42273,5809,38773,32304,37555,22146,38591,45908,32426,21195,31250,9421
29940,43277,1843,15321,36966,21600,36688,3641,16081,48674,9037,26707,18925,4938,30405,18423,18528,24660,5232,918,48624,46828,3351,1110,3748,11815,47907,9346,24715,47341
19800,1427,36605,23243,358,17044,38098,6668,2476,9297,8378,6258,29296,31371,27059,19906,46271,7624,14076,13553,7858,38784,8567,28090,19489,37825,5026,34448,18960,43558
13056,24273,31515,32686,32336,34952,44663,33931,20170,30547,43347,21223,49681,18263,47524,42413,33638,4482,6610,34032,40305,16902,35748,30933,48044,33589,32868,1279,36053,11166
25212,28819,8288,10187,14855,15188,38360,42718,21291,23782,7523,49714,34260,2612,20108,17264,43041,41961,4493,5005,2266,30063,34748,16409,16011,31846,32335,1269,35848,298
31668,27388,20087,11537,11853,38079,18296,8347,26737,21373,40743,42260,12856,40403,1911,8461,11294,44669,43329,34795,40147,11203,40384,27684,37580,16027,14362,23702,37039,11399
6990,45971,23500,17697,17154,47146,15590,40232,27463,40527,48462,3919,18654,24114,41749,21434,32087,37165,5412,25913,44239,20598,4151,18203,37627,31093,49187,21857,46908,44826
15546,8825,19184,17648,23745,45226,35365,22384,6310,25682,1098,41300,11243,1145,9764,31466,31965,13910,41145,46,33965,27515,26803,29748,9997,20723,9545,32611,5442,2795
24994,22711,17548,32791,28058,9027,32072,29846,10752,16000,47359,14425,17551,18891,48142,1995,35130,16616,35196,37910,45349,21413,42786,17195,47624,17596,2979,46891,666,46135
37482,16060,35283,22805,43072,16119,4955,9294,31829,2350,2943,1372,24958,12438,42551,36952,29236,21587,31102,23536,49115,430,5712,4493,37635,48061,44012,666,28656,44101
23525,43484,11616,19490,2898,44135,31726,17571,11435,21208,22976,48986,4155,9691,11148,33591,40157,14943,15744,49287,47311,23945,44577,8025,47920,27874,25821,5574,35977,28087
37671,14133,43440,34127,15651,32590,7924,9275,5378,18544,29986,15507,2743,24071,28741,21808,44294,43907,15137,41926,6097,23261,4988,14073,32191,39288,42213,44418,7087,1619
19391,28801,9840,45140,14122,36102,29424,30785,45529,31611,2578,6791,41571,19970,13685,21337,14090,37327,14840,14800,35416,46178,5061,21834,36744,31955,12760,7275,4230,27760
45828,39263,26107,11326,18688,45749,1735,24889,12584,13521,32641,9900,39334,33952,43920,7939,29533,1314,24583,20202,7799,28339,2680,26328,12947,27905,239,12903,29933,8544
19349,24937,23045,5191,28124,41428,5043,15926,18945,19343,31985,27424,14141,23124,17367,46175,15742,46865,31547,49717,7317,17610,17373,34308,20424,32236,20500,15886,10459,33148
1438,36767,44032,31221,23565,13150,38225,11782,26904,15692,39574,39537,17785,31605,4083,12134,20109,43822,31829,1421,17725,5100,26990,8912,38495,35470,21479,16319,19961,6045
43138,40693,21820,31551,16866,2236,23410,22575,31248,48527,36666,18249,3083,40371,5789,27735,16199,6638,32846,42135,8424,34210,6507,937,22609,15911,31274,8938,20458,20651
25940,34471,28745,24785,12269,48557,47172,36293,39248,4584,4086,47785,30201,18114,27,48777,45673,38913,10363,13287,22652,11869,18457,11940,17676,19400,45476,42137,28973,27328
17989,34186,39073,43256,14923,10992,18422,539,25389,21307,19511,19434,676,3679,16214,16093,8986,13306,8113,13985,16433,26215,39450,1725,393,29319,37972,1044,9314,46855
531,34022,21023,31624,44326,1554,17682,45659,48182,45216,14722,29510,35310,15721,28197,13296,3828,32466,36786,37236,21873,7681,25229,4525,19283,29982,42496,30458,34518,43551
37089,32438,2824,19986,19011,37314,6944,5669,28208,26237,38089,44675,4123,35168,3392,45120,28953,18459,33132,11869,1528,1575,30270,39938,39291,42868,35960,8597,30441,45646
44945,26757,48589,4588,13553,20562,40003,1808,17097,48469,24539,22286,36589,18176,5313,32365,14336,30721,38451,49086,18620,40998,24790,43677,3516,28907,41892,15905,10578,14639
48803,40266,37994,31196,23014,14913,19092,21874,48304,12723,5696,1257,24196,10406,5285,44534,757,9819,45286,6779,45747,19998,1293,5591,33957,18001,25375,42673,29601,21000
3215,17012,31305,27256,36278,44963,12382,30773,38997,38141,26101,27084,35956,27071,22610,38800,18386,34919,35329,34575,28063,7636,8467,45283,10955,5576,15441,30398,28038,44925
39742,31682,224,28409,12806,24038,48057,31794,42517,39607,34687,42893,19002,49196,47769,29027,10333,36153,36655,17515,42815,34572,21518,45420,34723,858,4628,13648,1441,28610
48836,21345,31742,7207,30483,15013,13059,32584,34146,16096,16763,2153,22738,18055,1495,11703,38772,24530,34361,9743,2767,18376,21071,10918,13362,25190,4582,9486,24170,1811
32554,5048,21106,2429,18515,16036,13638,17401,25199,11302,10109,43291,11256,17603,13966,3890,26589,15119,8865,19875,36352,26315,21025,5984,5634,28505,42289,37120,47680,43745
18757,17120,36029,44860,44666,32024,27127,46763,41560,5649,46269,35434,41644,26479,37105,4735,23706,7423,28866,41837,14924,38541,33162,17665,49100,38713,3541,24821,24581,17032
15082,32964,13331,10559,39723,24281,2128,39390,6715,15744,1528,18622,42500,10742,27874,46183,30425,35976,23181,16888,34227,26344,17144,22088,35559,24314,14487,18079,41358,2059
39785,44779,17185,19877,46849,13224,9821,9427,25835,47208,32794,6269,18468,18978,32263,24752,23434,3304,42805,3955,30837,24873,25251,47712,37805,28932,15049,12599,46839,3982
23090,35092,21487,41998,3739,27832,9802,3926,35023,2724,19241,12937,28631,37239,25371,13620,21109,36222,2123,1612,16055,32582,23108,34021,16553,20496,17040,6940,43312,17617
14353,31427,47086,32977,34964,12219,12246,11318,4125,38739,33898,15423,2094,4209,25112,19640,22922,49083,37769,32669,42590,10677,46733,39270,42304,29569,15714,6288,32371,25034
41722,1137,34401,1565,13086,30383,14604,43315,23755,1350,13273,28134,27968,17276,40377,25498,29744,25271,31639,10814,10872,47673,47160,17489,37399,10246,26598,6286,45798,15934
12461,172,49261,11846,44148,39031,21838,13184,23625,12810,14921,7206,40652,25317,17765,45821,35949,18653,9111,17961,22992,16838,23430,5479,47862,1045,3167,19699,18836,7717
40691,1669,38086,25576,2860,40299,11765,44353,24210,8724,8161,3924,29557,21283,36223,17104,12900,17067,5652,9784,37162,18769,44252,35064,40013,35195,27624,15417,19258,46972
16426,20161,40754,34872,30781,14580,27014,3729,26043,48550,18759,16976,24908,48498,22383,37759,40834,32655,36334,31920,11321,43955,4188,30923,14372,45259,3123,10717,7969,48128
44418,21624,36973,596,45599,2331,22844,38414,21105,498,25078,21155,31481,11,40774,12809,775,15462,44030,8992,22265,43923,38622,428,5898,31334,35612,19537,37610,31003
49518,7365,29413,38489,20498,26654,16954,8881,319,38978,36723,36061,1899,1791,12984,11314,28831,11619,30305,24272,19339,25500,9735,34347,8006,12773,28925,24553,20690,30656
47247,15117,17080,21774,24791,30549,36919,24441,48912,15050,45098,2842,13238,42723,12846,37309,15957,33207,16482,6785,18975,39059,9339,10841,10634,571,16017,7112,47363,38299
43201,6396,26973,5321,7176,15194,37617,16715,38074,47563,32283,30495,27893,39036,2606,27085,43206,26231,36704,39750,24953,14386,44983,2455,38752,13913,40982,37287,44383,49192
44621,35388,33613,35339,34636,27757,3653,3928,9706,36924,45161,7497,4831,5401,48873,11528,4486,20823,42702,40822,45038,9317,24678,26397,44042,8597,12968,17213,22224,19456
8964,28983,39178,34224,5307,1192,36376,3491,7878,29072,29491,39024,23369,4235,43611,18153,24208,39279,38295,41716,39759,27326,14646,25795,14727,45291,44716,18715,31127,49472
41173,6422,23291,45873,19735,27707,4558,19437,43862,26445,14115,48190,2664,29793,1907,24426,24939,42922,26805,10525,44030,32615,28933,10258,41885,44917,31854,35921,42311,31502
6368,18113,14293,43024,38112,40516,13942,19599,7410,35274,34024,16250,41614,13390,18256,32170,23102,19222,4698,20619,8762,6318,19876,30051,31669,29754,1532,707,10212,8367
41122,32465,12537,13204,40549,33598,45076,7042,40387,14730,27811,29292,15846,46839,46899,10889,4572,5262,49554,12227,2236,2653,20839,32415,40580,24541,9024,3575,39060,2643
42359,16732,6351,43352,38194,4322,38778,12060,3772,47665,43925,31396,45266,42981,15755,43490,6085,41053,48856,38686,19629,5928,1804,42183,18059,24579,4521,24839,9199,19548
2584,48843,49364,28026,19495,32153,8533,35363,6854,22625,9949,35884,40538,34174,45549,11420,40002,4178,35851,30242,2049,11192,8699,37549,49785,40230,34104,34651,42900,24806
20247,8098,39246,32780,47431,12673,14830,449,5708,28173,27633,19067,30282,38347,28792,39812,32378,16633,15757,36769,23218,35726,28563,48508,31567,10275,36940,1773,24901,46742
28890,44592,35260,10122,49989,25615,30723,25111,5717,923,8752,2587,5779,26745,13041,43589,4950,17145,835,8904,19556,39149,18529,36150,16925,80,12910,11240,13407,34209
2187,16376,45606,14350,33291,12290,41532,36619,21271,47546,41256,23979,37689,12213,17002,10381,46883,25441,42256,36185,29990,31171,15557,48674,10365,8573,46119,23020,11602,5548
37983,48460,29227,15423,45324,47481,3427,6401,24364,21642,1165,32044,1995,42637,18274,40916,15489,38538,8772,22894,43176,36187,31306,3035,11668,33958,2620,38772,49845,19216
23912,13953,39288,12388,8491,135,44429,32741,30348,34793,39657,32378,13056,49021,24088,43747,14066,22822,12936,46497,18227,13006,15009,21046,23320,42725,22126,9577,27011,31147
47996,30183,31922,9504,8945,15702,11840,33046,25868,36715,37334,49155,38978,20525,16301,3926,28436,46990,17506,20284,37747,12905,25270,1622,46136,42777,1150,38653,16721,3627
8613,23851,41789,26071,24790,32260,38175,34685,7532,31010,18226,20806,34541,41701,10291,30096,7877,40795,28551,1780,28938,3002,49211,6615,26509,48715,37816,15860,6739,32166
5907,32493,33946,38883,20197,34066,31743,27641,31019,41015,28414,3134,34325,37742,12169,26820,48246,15660,6167,43250,48022,32953,37119,38047,27365,29487,30278,20435,47783,34144
19341,20619,1764,8744,32598,770,7340,9736,41920,31931,8422,30950,48259,37066,47246,29628,43454,36588,19474,4459,21995,49618,24852,3418,25534,44394,29728,6194,24787,35487
21412,48157,13217,14197,10521,36080,37331,34947,33075,45634,42968,17559,29031,29107,45088,48654,20975,1337,7763,46529,6528,7374,7947,19389,9571,23156,16183,29588,12776,33949
48987,30034,39345,22843,48094,19372,36003,16215,46744,3154,42727,38204,30883,25348,3491,17482,35808,31620,13880,21242,3692,25495,5109,5554,45307,32053,41966,39081,49247,36332
27231,48926,12911,38540,30823,31416,22070,44668,8333,40645,13548,19400,43765,24645,4857,22534,27215,27539,41406,15870,29653,40413,10115,7819,18823,20875,30221,32687,35317,33356
11511,31249,7355,21418,12776,20595,12057,30239,41661,6034,14965,33390,49689,46577,29054,5973,36979,32499,17833,31345,33864,19729,706,17184,1244,24255,13490,23593,31584,36045
13160,3465,30247,18819,48764,20081,30670,47213,18948,28869,17517,28886,33567,4522,24000,31294,13051,5863,15944,33533,34806,8911,23172,34547,18049,47787,46355,31865,29128,47689
8662,5282,38067,20927,48325,40048,1585,18838,46706,41803,39886,26208,32546,9904,43296,14370,37860,5194,44788,21144,41557,23369,36657,38209,9237,30694,37289,48663,5086,49548
35351,31753,47049,14885,45993,45872,46439,13492,39383,18177,6817,25732,19279,6976,48839,47699,37619,34783,2584,43198,12669,15159,33743,39669,38438,21937,3692,36779,18899,37203
23977,44395,17842,35043,10525,43577,18396,7491,1613,24067,36233,39030,344,36801,737,36274,46210,7598,37781,3743,20631,5070,42677,3254,25368,33701,9603,34640,46442,40161
34790,37905,34814,49041,46043,34018,44298,3275,26438,13110,29772,20012,36296,42512,38061,4612,36215,12465,4107,33701,30691,18326,48513,45802,1049,21398,19864,25556,41902,49735
32886,40962,42989,39727,13709,46494,27307,42585,49195,26583,15882,36076,38310,15862,34732,46955,6897,38579,45668,13551,28997,28933,23349,42182,12841,47665,45541,33629,9770,25011
17861,45920,26371,15594,39705,45378,20363,48332,32852,12591,48711,17682,17353,11586,34258,49622,36699,14941,5272,16198,42800,15035,12317,6392,11202,18471,49160,25630,10529,42651
10784,39116,48959,48193,7555,48853,45145,42610,20511,19319,26840,39368,39888,38949,12884,24416,13655,15865,24662,29274,27088,4918,14785,19686,32466,43169,21651,2593,27119,39411
16841,26743,19330,21608,3060,41080,23202,18061,29067,28192,28320,6169,40692,19595,32954,38203,11525,28238,10790,4778,47513,34509,35767,4719,36534,22873,4864,31567,22912,28434
31579,20103,4066,31061,42151,33086,5080,3985,32583,42529,41606,27718,45518,47183,5606,37622,49087,18118,19750,21616,13232,45644,40528,39797,39823,9441,25573,44333,16177,31859
19343,23315,34550,19423,28731,24611,27825,10213,19552,5410,23261,2570,24211,12135,11129,9600,37628,11553,28463,26761,42470,31621,19503,16361,28076,49334,9834,8478,47898,6217
48927,14953,44958,37326,9173,40941,2103,46072,15614,4565,22230,41897,24204,22394,17974,17788,43205,37301,24418,9689,3824,14377,40573,1115,44215,21096,36574,27171,31046,42154
22199,18791,2737,6055,44132,14578,46444,28130,14190,6829,32637,47921,42205,49080,2612,38910,29593,34566,35496,29985,8349,11756,46924,42117,19825,30561,25729,22015,28623,49609
7548,503,35806,38682,35488,44184,46551,39866,8594,45129,30950,15372,1151,14205,8832,12002,15432,11433,18261,28967,44638,17851,33850,33506,47737,908,41727,2625,40546,23757
30693,4429,17980,8096,20980,3531,8394,24120,10585,28026,14762,15445,6313,10319,10440,46058,25868,9498,48157,36657,36037,49814,19794,34309,28203,43239,31709,43893,36777,24806
4935,4628,4603,33533,8816,14255,48287,47471,5540,36225,9235,25928,34531,22585,27568,38246,3697,10604,6924,25474,6060,13026,21231,22481,40521,5027,32990,41664,35267,45946
9225,5774,11705,39552,27119,14321,6841,5037,6081,45031,41761,39465,40948,4295,12703,28222,39286,28090,37368,35794,5000,2567,41027,17028,39699,28484,40305,34543,4356,5611
49425,9298,47712,41915,23346,49950,49605,25676,26302,49989,46824,28531,38079,47710,34384,17782,45070,13892,33837,47795,9946,12509,9820,781,2523,17315,27151,46529,49272,5021
14786,34878,3941,27633,42265,32194,8604,38762,15665,33568,26003,10172,47111,25696,48441,44288,43088,17883,12004,45783,39035,27506,15399,36205,45308,44471,11337,34487,28568,28445
44324,378,17183,112,49653,38530,2366,13223,35261,44771,48331,22900,42348,5767,12991,47365,45940,45522,23554,1167,12754,27197,34511,5939,5184,27057,46845,16317,44873,29745
47463,30432,19178,9227,12909,28904,48864,42207,32888,33913,15614,21680,38889,42653,2404,34959,27657,12991,37313,22886,27293,13742,25454,21269,31624,3559,247,19320,18422,42133
44198,43785,28026,45018,24274,32663,38900,14590,25546,32472,14945,5056,15511,23321,49216,36810,6850,33452,32009,7163,269,25759,40543,16592,33798,23184,514,37022,36142,32572
26045,48123,30867,2196,6032,26210,45347,19860,13562,6247,16183,3959,44129,45318,15038,11722,4380,35567,27353,2301,26563,1239,23789,45806,36518,36847,4616,39507,16216,41128
36525,25598,28501,8131,14993,35639,2391,47551,21280,4495,23550,31088,34514,32958,26677,37096,47817,7091,12269,29634,6439,40968,18164,14134,47920,28063,26916,25828,37417,49183
23972,3083,6679,17414,12366,26355,29398,24332,20052,43206,31196,40008,44890,40297,7725,47012,48635,26076,18089,18664,11157,23601,31704,10021,39115,16618,38077,44598,43158,17629
5919,39616,10535,12279,38220,9172,43138,25894,21119,47391,10719,42272,29743,25657,20888,27839,14726,49517,7327,25441,49658,742,41353,11277,22094,40270,44355,8720,8690,2506
25859,43123,41180,28241,34580,27434,23559,47470,47795,30489,2497,45229,25251,22487,13355,33289,36638,8442,21784,24695,11936,37274,30396,38451,41324,23497,39966,32292,44810,20071
913,5942,19736,10821,49271,23412,20418,25524,41871,46474,15476,37858,18608,3855,39626,46858,455,37285,7314,15957,37634,17205,45543,24186,43881,48054,5180,39592,45319,25
17332,32395,38187,44327,8562,848,34145,47024,20592,14790,7378,10715,46119,48302,16407,19678,16642,4769,9089,22715,2232,18170,32119,31102,47947,16934,36657,38947,25704,31773
35165,5361,23245,2200,19073,45639,19537,48504,28613,21632,42149,3552,33003,1737,34051,25698,38179,9907,46665,41498,46406,40546,40770,31833,32046,37002,20433,29143,21273,10243
8100,45473,40830,26497,15851,34352,24674,25642,48758,17188,48624,46703,28174,707,10768,17259,22631,9141,19198,34970,7828,48598,28699,10037,45450,32345,20323,36462,40464,35544
29805,17362,18203,3955,36017,22260,19834,15589,37631,9097,22421,38739,46559,5428,27696,12623,8545,42248,12763,5734,41439,9417,23337,9731,43087,23233,47967,35952,38788,35835
24156,9565,12165,35767,35466,35766,31204,8385,32146,3742,1264,37207,3569,26344,34922,45472,34132,9869,7715,10874,17602,5942,46643,29964,38010,21651,19194,30873,7569,29784
44095,17734,41331,12522,8909,48722,49535,38800,24549,38474,12004,20338,49575,43894,45740,16975,42979,29043,7817,4544,20507,1094,23010,1536,10954,3388,48775,11208,45848,36319
49088,9210,4771,16686,24978,7016,30629,21508,18743,4061,29236,35714,1591,12267,699,38219,7129,15573,37038,47274,8642,24633,8769,32726,10298,21283,21849,27441,43397,12577
44063,19967,18762,39461,40662,39955,12149,2407,46833,30478,4179,29164,19295,3528,41584,35530,40157,18148,47011,30548,24684,49583,21664,15400,8235,25598,35758,18245,21921,46935
17182,18675,28558,49421,13564,23715,42720,9433,6136,13606,24255,11013,14259,46575,13800,5578,40825,41673,45875,13850,13615,45708,27663,34185,32662,15716,2872,15730,8703,24477
38310,23773,30586,14015,18627,33417,39779,48031,35708,25178,3466,21080,35768,4067,27962,1095,11853,57,32258,35,26425,29483,44207,1660,26241,15661,21820,4071,34931,17964
24971,49731,8451,33894,999,25285,33649,5244,41206,45301,48105,20973,24658,6590,47236,45217,39269,9115,30810,25320,12518,48461,29118,25111,18561,28179,10287,45260,14318,25286
41848,14755,14799,2087,15677,17169,29803,35682,7662,34299,33104,22803,26324,10401,19590,29281,28493,15843,3896,35277,38559,24788,43131,15163,11777,26542,43651,41515,7018,24582
24345,17535,15195,23187,40915,10021,41480,42684,19013,49770,34000,43822,6254,10807,46166,42295,12042,9349,6716,11690,10238,27556,35876,44435,10392,2428,24835,1176,20116,31636
7101,21724,35744,28718,34068,3461,17977,10995,15598,18290,33883,22395,38857,36966,47511,2344,35440,33417,6878,32094,41782,31595,45249,42019,5148,40814,24521,21857,7229,30210
44227,44540,49432,9718,31006,14098,38172,48337,21546,36991,33774,41510,38250,42430,14523,44199,46773,17107,28470,38681,718,43439,15881,49569,25371,6856,29449,22858,45802,37426
15324,25211,37547,13939,36606,3461,33172,2278,49753,28488,36724,38698,40578,24206,3209,18161,5707,36171,44717,39741,38296,43039,35907,30998,46250,27449,28705,28562,40178,24
30899,41919,37986,15503,19071,36900,31768,22403,7184,16240,45790,43990,17576,44558,45347,41203,7233,45588,28137,10517,11824,845,9122,47805,5008,36718,6126,14752,3586,40165
1641,47084,11480,46048,16134,17153,28182,22030,40609,20182,424,45629,30039,23421,39900,27364,15709,36516,1548,7682,19151,45592,19813,19664,44009,30747,46017,25725,49240,27310
40603,34702,49054,1555,10029,45110,31641,2910,7763,18514,47197,32080,27631,8802,25076,35375,15447,2944,11872,44280,28730,26503,41764,39754,32987,20251,11554,13646,6496,44815
36793,13132,2696,24235,18105,16945,3848,3515,24976,19423,7668,40519,8550,20726,10636,43662,34047,7458,12056,37923,39328,39874,1172,23115,42044,44864,20640,14896,29805,2411
21497,9670,23029,21724,24848,11551,22676,28178,39310,23190,36058,2479,9901,17165,34052,34614,27364,46269,40147,35788,31379,33350,19474,24164,21934,28068,40176,15464,47038,15817
39983,44621,40727,40193,8969,24529,8406,1761,11485,19084,7016,7485,26815,5423,6893,22660,22815,43279,6942,24730,1262,13783,5722,23633,43573,32609,39811,22216,44789,14255
14508,36815,36887,6614,44622,40202,3568,28964,36217,18486,1103,3863,20529,33731,48792,32932,17306,40653,33815,45146,36430,29332,36890,3969,3704,27498,27616,45552,12932,37272
42445,13043,23846,25382,21401,24485,9983,47958,47393,44263,21835,19947,32990,16703,38286,14634,30505,46607,6204,3300,6518,2776,32043,31613,49592,22451,38124,16897,43150,11585
4143,42927,10131,17950,20803,15138,43964,43925,43046,27379,40883,43783,46566,8232,21639,35465,4974,19286,32492,1906,13174,44158,20003,377,21533,22187,19602,26368,8186,22424
41642,11506,25272,6904,30679,37388,16451,15245,39995,16756,30610,9138,3907,13521,42452,44939,12926,4216,26894,37647,28007,13564,30509,14743,44438,28432,7447,16438,45765,45247
30427,43662,38566,1479,15140,37934,32287,19235,8361,292,33890,5279,13646,2007,41123,11601,37186,36185,22455,9248,18421,16730,45763,44217,40763,32626,14024,1787,37937,8245
45946,20600,6728,952,11537,36290,23819,40886,35522,21117,41871,3647,40823,49244,38167,29512,48642,43796,34983,16440,45655,10434,31745,21865,16535,14337,39079,43417,6758,28806
19805,48782,41066,40493,11158,8736,29419,38954,45757,5363,28620,18755,43296,38470,47430,23293,33515,44248,43119,32273,8301,41951,31051,31582,37473,8159,43839,10865,43972,44087
42549,26763,9554,13430,11835,15456,22628,30662,621,4634,31588,28576,11266,46859,31137,23336,41751,8011,48233,21378,12680,2891,24915,25750,34044,6356,31072,44959,4727,2006
26759,21598,6073,2586,34572,6954,49567,22815,24020,28258,20954,40326,38918,5269,1043,30018,19917,14445,35511,34186,35746,2255,31131,30271,33255,15521,47069,25192,43047,8815
7647,3340,22068,9674,21896,8806,38482,19302,20022,43979,19029,30680,23381,23226,39880,3008,25854,11959,33171,46891,47381,45992,30396,22002,5014,49342,6750,35298,44060,21062
9161,2099,283,13524,28387,23558,28698,5122,19483,17559,2519,20292,22929,33464,13003,8767,22889,2487,2667,12655,43204,37004,18237,20418,3466,1072,28325,31644,47441,32706
2972,42613,2195,48307,22576,3368,40940,30588,7774,3329,15568,32757,2425,28674,42719,32764,29923,23228,32,13407,44884,22069,13529,35340,36568,20428,32506,3210,47367,48519
2439,1325,8571,42016,42097,9511,43464,31618,23052,13402,34607,21580,38074,12627,8289,15363,55,10755,42370,25116,17208,31241,28651,45961,40070,3812,33829,10367,23444,13804
19947,6775,28681,8229,1143,48022,485,38801,37099,31340,4494,28506,27000,49276,8825,37280,11028,49216,2413,18162,47209,33603,32040,9202,32031,7270,35929,19826,16034,31214
32285,29755,18198,24689,12569,11443,38395,25306,9473,10496,48628,13760,21699,17703,35088,36143,47397,37525,30167,18487,48309,10069,15380,21378,7921,26643,14861,18833,37233,18416
7611,21322,24125,4517,37573,25568,6970,6539,39357,34688,38024,4537,46037,30515,22257,44885,19431,25714,21856,17955,22415,20723,30109,28156,38058,40350,43632,23797,35032,25115
6370,13037,22222,32847,5505,45448,35769,24370,32337,32877,22694,17516,37606,26453,21041,1748,39749,29546,32121,39433,17845,31758,6582,4661,27553,26101,28589,36765,49328,13477
15388,6044,46604,3151,754,43540,12178,13765,11999,47220,28406,23035,34233,24293,22137,731,8462,20319,35646,38879,9167,36973,2461,753,30583,89,24678,5663,18463,7475
35229,5163,33937,35827,15325,17733,22636,41639,13449,34297,24774,46679,11150,47050,14361,26087,22171,14163,46735,31351,23611,47479,4375,40621,19433,11430,18741,37483,15362,22366
8891,46696,25553,21935,243,34225,28185,34578,34330,47375,28988,19838,35246,25165,48379,22410,34476,20077,36797,7061,30504,25464,11492,45370,40446,10122,31813,25220,12347,23989
25471,15601,477,17763,26018,4120,22924,8495,48877,9973,48078,2389,24556,5077,39596,6620,13140,40361,5215,25422,31390,21308,25216,44115,28323,13777,47031,22452,4645,34809
29730,27722,24359,7030,28598,40869,11088,41035,41762,27059,27844,4645,25766,44829,43952,27088,39626,41472,47568,37432,37213,1408,15484,2681,24165,42516,17501,20900,42253,30690
24315,45860,28911,42417,22215,47971,34789,8049,4103,22653,5597,19182,40880,43430,25372,40617,27699,33136,40604,34624,1200,31365,49613,47214,14391,22094,26309,31107,31285,32899
43941,13045,38306,29941,5109,34888,23212,1209,17426,41625,25354,38117,21454,12193,41775,2219,12281,22914,31705,44799,31994,49040,36493,33098,8752,45065,10957,29066,27931,6378
48703,31631,17010,21762,46693,10091,464,6973,43245,41607,13080,8717,38090,16966,47414,33383,26253,36719,28299,18051,30002,48456,47530,44265,457,19956,14547,14130,9522,44616
45645,40788,23390,16598,27391,15787,37342,45998,2117,11702,35250,23277,43285,9460,22284,26966,38874,12933,24541,44491,32729,2296,5211,26307,18183,49876,33138,23926,38388,41085
35403,20245,14864,19381,16448,21116,1230,10949,21875,41610,27865,11114,31845,42306,46609,41278,26738,25553,817,18942,21606,5228,21273,25458,46868,16922,718,45993,3572,6860
27468,40072,25895,25438,34585,29785,31861,36133,6509,1056,23619,27346,49666,30034,27185,5987,47883,13083,46116,31643,4955,13053,12288,32782,27117,16682,42375,31172,34307,33698
38492,22988,3153,34478,15274,33975,10459,20680,43123,43997,17226,45743,11567,14737,30976,41372,22334,27197,38453,3445,16053,6210,8387,38813,21681,35140,49925,40177,34031,14308
48646,10136,27638,48957,42990,48352,43355,49746,31058,35862,31419,8845,43636,38625,4198,35218,14940,46694,3450,43985,1854,36039,23321,46322,37801,2552,35983,28939,27763,4632
47619,30847,41772,33193,19280,46474,40407,36831,1063,8269,42757,20845,21031,19419,11478,17770,20721,12905,31750,32135,46015,37844,33421,18596,749,2562,28739,18973,22490,25189
10127,36623,23120,22671,3569,17215,19404,1217,27779,44438,510,21593,18065,41530,31674,9828,40403,25991,28932,5867,7596,11259,40783,14440,22295,8716,40801,21476,9922,36570
27190,30210,5713,15653,21535,6174,35517,35535,34609,47781,18545,28157,45223,17634,41783,35471,47799,38286,41042,14294,14214,37743,13102,35642,34518,48335,27267,8011,21148,11307
42921,44596,12487,48683,14917,22981,885,8673,18209,47904,3523,16810,23714,3919,6687,47530,44229,11302,29689,43104,3186,41667,4196,37298,37293,2271,42248,35456,1063,29789
6490,40678,21560,13487,14918,16814,23118,37336,36303,909,47792,13109,34047,9909,34572,49830,41313,19389,40371,45746,20155,18136,23220,8245,37128,6010,43836,14740,41050,47434
32070,45466,48581,34501,15388,620,34759,21259,11146,3310,41410,27256,35602,33622,25370,4321,18788,10170,48264,14169,2186,31512,33293,14495,10800,5444,21288,39426,6185,7442
40348,11096,42261,33879,5532,41372,24466,12077,40577,30035,23548,27873,12754,13892,4549,13535,35415,3311,14694,13382,432,33771,3174,18603,18958,35467,7562,47695,41215,44104
26747,20893,18741,26871,46815,36250,8785,30926,38236,23125,43819,4186,45266,17300,48215,33636,8434,7635,4674,15663,17388,43496,4004,15726,1803,39542,38634,31091,3914,36485
18334,22327,2317,7108,28964,18293,18223,32309,35055,42959,35461,25018,1480,36621,1450,10485,7407,982,16769,48410,27329,1735,45556,9124,19558,42094,10592,23171,33509,20825
2145,31201,204,30454,38234,34963,12489,26958,21778,33966,1026,25721,28241,42057,20758,47274,9232,35004,35804,4756,26103,5602,13331,34523,10705,49301,5085,30312,3541,46490
45239,38381,17247,18732,46037,17539,32556,9938,135,44471,49497,48424,12678,40442,17481,39960,1321,29912,46338,1197,4799,15005,19066,38643,12242,6460,19306,31932,40238,33016
24284,49091,17283,14328,16841,30470,29375,46079,32801,6277,35937,31091,34904,39376,16212,1490,8506,34412,558,32695,4612,47849,37032,11960,25254,17002,14196,2043,20962,8486
14239,47184,35354,10582,5704,34377,7603,5046,27744,20576,9817,8312,7116,34789,6809,9832,7786,12769,10449,7800,48375,14671,36756,4838,18078,36364,35044,27044,30538,23442
29058,33133,20509,48112,47779,40195,42769,19094,20706,39370,2000,37302,22602,18655,36943,49256,11095,8432,8048,38921,15617,10891,34231,30554,20925,42332,43023,11277,20395,38540
29144,2582,48497,32374,38668,30605,27453,28858,14417,12662,43480,5368,7199,44731,8975,19221,16186,4223,3803,26453,39533,36391,9440,46751,10930,36236,7190,15028,45323,26416
15474,1288,48654,6072,24963,9867,17638,1751,44980,1227,37332,26215,10870,38739,9720,32078,3299,38483,10289,44378,2956,31284,48117,10555,23029,36280,1412,32028,5981,11701
23769,29818,33768,3317,8821,23822,19745,15697,24805,1610,47616,35664,3559,43322,23694,1942,27608,4527,49447,44343,38596,46180,10792,44408,11825,34870,38407,29571,37852,3123
6512,32336,13393,12962,39011,8844,32434,30561,40478,40083,32781,37191,31639,19391,15009,21185,49630,8424,22589,49119,47024,29047,23674,18465,35976,5145,2626,32591,43045,249
44937,36113,6539,20469,31746,43979,8586,33299,19011,49731,4201,20419,1136,47673,34670,16494,22904,36578,33471,21270,11943,5134,819,45633,38330,21748,24699,19115,33140,31344
24074,45892,4014,42098,34227,13627,2304,22056,22481,21050,20025,28644,33738,10050,34110,32514,26485,320,12108,18385,1876,2722,20061,16235,48296,5816,28947,29796,11941,28639
35683,35657,31366,3464,4592,1292,39765,4535,27614,20311,10137,40203,18999,17426,42430,1680,1948,26872,35920,9814,30786,26973,4917,32187,40818,8337,43380,29220,46640,26420
42260,33757,6579,35368,40909,6438,39027,19718,30014,16963,25660,24538,37624,18738,9327,25680,12181,34313,33857,25709,36040,29749,29912,42346,39308,36940,9723,49161,5303,30419
23507,30095,23173,20339,43806,3549,39747,1094,44470,41142,39492,3083,21222,29846,45817,38706,9844,36205,2431,24569,1275,49512,15714,551,11939,16426,21014,8430,34202,38725
3969,27586,26070,49533,14465,25194,28827,20400,18404,8391,41230,3677,30167,20030,10915,23711,40422,40211,44435,32009,6057,24334,47935,30720,12243,24086,21100,22693,300,6846
26093,27170,9604,22824,24889,32368,91,44724,43002,821,38940,4752,49023,13681,26818,6041,34521,34556,36026,43579,24936,37519,36606,28641,23679,31216,5573,33446,25039,15647
18081,34851,15406,3648,20915,13503,21066,49294,12198,6122,8822,4947,5415,32783,1177,32099,32276,7198,35784,42968,18221,21211,20483,12811,29238,45528,12417,3158,42049,3870
12440,20872,1764,26046,37779,43050,28445,7234,31757,28819,3200,28890,27647,17273,866,27964,38561,9817,11568,1026,38660,41852,44078,21545,31410,27226,48457,29663,18906,19986
8006,22950,18705,20873,48706,44211,27798,37045,5153,42452,18504,28736,30308,21653,41220,43477,25050,19882,24572,7054,9763,45847,45080,7809,22702,13261,10573,27358,45754,47532
29801,22752,36310,48566,29662,34658,4459,25109,7048,9272,39145,22708,30968,48031,49801,35236,33296,49600,29988,39472,23706,41094,36815,38801,20584,30296,25149,46649,19608,16006
6008,28237,22285,1150,20127,44033,43157,4289,31437,2478,22291,38506,9135,8206,13511,42016,33954,43633,17215,11108,9937,36068,22312,12744,33757,19819,38138,29623,34497,7318
43436,319,1882,36285,3395,37744,1433,16667,23393,19017,4729,40200,38716,47929,47385,38642,16708,13116,45609,14227,46035,46754,49694,46360,10732,49204,46884,13269,1369,1383
13901,47471,27676,35816,26849,10344,41783,21232,32271,21365,31934,25439,12632,23995,18911,5353,26413,39734,11687,26888,22037,2853,38990,46899,11926,20524,47235,32299,5520,17091
42055,42363,20978,33613,37236,41438,23803,11042,43586,38447,6989,43117,19749,34124,34585,44879,48214,44216,10752,30858,19601,5716,46583,29641,24530,22617,23011,23306,23681,1198
41910,6784,27263,23857,32345,45914,18692,36059,43011,14447,1934,16518,28067,13503,692,13556,9587,4625,42572,45215,39071,46629,39316,19368,4138,19510,42433,5209,47968,47034
39135,29182,49065,726,8054,24099,38569,13726,17731,7496,838,30380,46711,36575,41466,46082,11999,8676,17068,16730,39416,38150,43948,43080,4654,33352,37530,15453,43444,26601
1400,30131,16319,43551,17882,3805,19226,3420,8844,1122,37733,36276,11833,29286,3815,4408,12700,19781,30168,39583,36452,13217,41425,7282,5387,21120,45114,23385,32805,42546
3315,2809,17634,32900,28657,36553,28303,11004,49830,33422,15435,26679,45751,46257,13296,5485,34160,48968,38496,9018,40267,2558,3163,40157,43730,22038,183,37250,29397,16397
21857,45933,38178,49982,1406,48733,9583,28309,46859,46953,25298,40920,44434,12061,14980,1468,9663,1967,40592,48653,45044,45675,24330,5673,40615,24253,38783,4787,42181,29362
15963,48255,30691,15819,11631,11912,43172,38489,11269,6271,35960,11229,29470,40377,44535,48415,16890,36046,33680,11385,38795,1105,30446,36838,3541,18239,13915,41316,39635,48690
8253,24808,45446,45424,13090,36040,21316,32742,36791,45267,8049,9931,43396,28116,28829,16942,25795,54,37061,9720,17490,19989,32617,21398,21707,9512,36812,10904,11656,23176
37001,49660,32565,12341,25827,15622,11940,10695,6161,7399,8473,23095,18962,18461,24251,40441,38457,41684,6329,46683,100,6182,29429,6113,6049,44793,22154,39277,14144,10104
13449,3849,11655,31490,2627,31558,43313,20914,3898,37705,27160,45027,27777,6573,20941,40437,48652,30027,18237,49915,43822,9531,31664,33804,30552,29618,44005,47183,10534,9959
4497,23365,10580,21967,22347,31422,47387,41441,11750,35501,30494,40539,8817,34607,15249,49757,44482,20879,36375,28452,376,25939,20690,46738,11496,42417,758,20280,48536,49258
36321,16571,11086,2965,36574,27979,40185,28298,49514,43342,10305,26311,21227,35261,29977,40318,26226,45405,8691,17513,6036,39513,49536,26896,31373,33916,48855,2909,1706,4556
13577,18123,31288,10831,15325,3738,16322,35596,11696,43191,49339,21088,32025,38419,13540,29361,44750,20413,9733,5996,16489,11540,18402,14056,4376,1143,26544,23263,27980,24846
38430,749,14522,42241,43618,46036,49006,1521,1501,7521,19475,46027,35812,26213,19869,6923,42617,14576,44766,9728,47484,40753,18675,25115,15807,38049,18246,18524,39155,36788
14153,26971,28271,19776,12492,32580,11312,44793,4931,30513,9916,39618,37946,49487,16175,20223,12541,31685,42269,49379,14504,11812,25358,31340,23357,19303,43916,24687,7843,41164
15270,47412,10173,7010,38277,45447,28533,27425,31092,11534,13716,40453,21065,42247,12427,17910,18108,27558,32857,8152,24243,27710,48047,43891,40260,41467,33705,20397,14513,48725
21533,23711,41559,21422,48168,46063,23431,11435,16608,26037,7917,6496,33852,2958,25253,468,12695,1808,43244,6967,9136,26450,12163,26405,8659,26711,11787,40759,5799,12320
9671,47605,28418,34050,37916,45135,3022,11786,21988,16904,48766,46601,36675,45252,13673,48579,37582,2526,44737,31335,21383,13813,25659,5220,10499,9285,49524,21212,49502,19806
39059,43259,37247,7287,10709,15355,7452,22196,23802,45883,6918,38495,17250,9785,14932,2507,26202,40026,47968,41240,3803,18471,42681,23741,26628,27487,20136,48184,8478,6711
186,11867,11172,5582,32834,33593,21308,25728,21387,8681,25684,5658,36270,3376,41626,48231,3142,6897,27274,31225,48112,49188,42608,30694,1021,15880,41175,45135,49046,21823
18172,11940,15245,19873,1058,37752,28776,35031,11468,48084,13194,1125,6139,15073,8606,16806,17407,27418,20547,19009,37673,35658,18534,5653,4246,31421,22474,36313,28474,44383
9483,16079,44611,3637,481,21277,2453,26859,4705,34614,3516,29194,24205,38087,38112,34838,25795,44849,21628,39094,5993,46374,27156,21865,25714,23458,23256,21272,47762,31781
8520,18552,17342,8246,6757,33410,12892,3279,29093,9589,27948,16053,26297,3635,32088,13912,11918,27113,17887,49804,29106,39413,30685,4192,37190,23745,13504,48886,5495,18904
35404,48235,16016,28940,2947,14419,21933,32361,48823,38597,49601,39295,34823,167,42795,44852,43217,47061,4300,38096,26383,38808,13622,8664,16041,29357,47870,6169,45149,18070
16427,37045,32801,5782,8431,25451,21176,25396,49461,11508,17840,24769,49661,23899,15369,42613,6949,44353,37747,3510,28040,36913,13788,577,14459,48185,31067,3911,29469,12861
11436,16735,43359,12678,44605,48601,10479,23720,46116,47286,24034,24100,25505,10285,43392,41229,5196,36613,39111,21838,27953,28264,22323,43072,29409,37998,37022,28801,31751,6561
7205,29468,32196,41060,38664,29891,38342,13314,4386,47992,13879,17367,8987,16696,1207,8061,27829,7050,41647,29453,41184,49234,4188,46595,6619,33325,32595,18071,27804,3109
43324,25456,28408,39531,35034,8895,40715,6641,1606,46785,7573,49114,20668,7862,41422,8564,38377,49438,22622,28687,9245,30267,6051,30330,29171,15898,44659,34627,35411,6258
1690,49110,38836,35271,16356,41943,47668,11723,15012,18983,3393,6263,14339,38163,45936,8783,41756,35196,325,46234,28787,42930,15880,45676,4162,48386,9656,37223,31493,25981
8638,41615,20936,36427,32401,11129,6684,9689,39490,15746,44164,38842,33556,23648,47577,27150,20098,14372,44967,33728,33043,35788,30719,47074,36275,17281,32749,15705,41669,5105
974,48936,29363,21618,34600,11260,15204,12662,37211,26638,1611,44587,37681,34025,40518,16584,22597,17489,35562,33658,2158,17545,25058,4239,48232,10327,45392,3023,43407,13667
23478,10846,14615,24419,11397,12984,10929,16913,5426,20569,48061,40754,2412,3809,46082,49977,19587,4795,22313,25531,33601,16544,30758,17672,35744,13556,31478,10192,32285,7201
15594,49296,40205,45822,340,21793,49800,42241,4659,29522,34719,26465,39701,21728,26167,41353,19537,42957,26880,35367,13703,3115,4335,15305,42702,23561,253,25756,45702,45460
38592,20154,44789,33528,39744,123,22777,4815,15809,32197,9023,2291,19760,8099,31845,22760,47099,18052,7469,30921,38366,27312,19636,30301,43119,36714,8444,3097,41390,32031
21219,25443,42445,47586,32090,38798,40900,40146,5268,4216,12329,42798,41757,41493,15374,12194,25634,7502,22420,17333,1229,15060,43781,18533,42172,46528,6937,39239,27005,45532
1035,38819,3503,3029,906,34298,48013,29555,5975,41910,35033,41588,36969,23656,17943,24984,44843,10060,38991,40359,19660,6673,5903,30850,35221,21339,2207,44221,42754,34840
11420,25507,19617,424,38056,48229,15413,6360,32164,25612,27015,34173,29935,37326,24100,29436,7995,945,38573,7745,29363,30766,9991,10366,33597,43332,2381,39314,45356,25866
17392,25529,21315,9760,8582,13107,37689,6386,17223,8926,19758,19196,18709,8827,47093,31426,32501,10993,47455,31193,19513,40736,11856,32033,40847,7038,22638,11750,2265,2928
3435,3156,36901,43285,31031,35942,5382,26629,7653,37875,12738,44294,49530,49646,13802,43835,41074,40198,5789,32014,38582,29500,46058,2797,2542,45815,6063,25278,6865,5805
8308,16045,25903,28362,35732,29349,5572,11665,36863,36766,2640,39217,37221,34262,32510,29127,11263,36084,6507,40844,24274,42478,2571,40894,9503,10608,32265,43068,22059,30056
48610,8009,15517,2412,43183,10721,20302,20165,39201,47917,25554,39392,33145,22621,7742,2895,39353,30330,22865,27046,22790,10873,23849,25146,7715,43523,2186,38165,15281,40963
27589,11421,34946,32841,24938,19111,19040,5363,18670,38799,5861,3288,40097,47476,5434,1355,8749,27864,28753,3754,46423,39019,12375,34433,33261,11449,28387,6352,34448,34108
34478,48844,21476,37897,26598,34192,4780,6814,41541,35279,6857,9497,40857,28447,36780,16105,17688,1764,28487,4922,7597,39843,19466,47879,27326,27258,16753,15204,41720,42019
7449,34612,43821,5762,42110,42078,16736,45155,41477,8411,14845,21358,6190,24529,36017,18525,14785,5821,8455,1335,48069,43732,4184,15706,12754,42630,9149,20159,44533,34262
48868,32688,24,46972,16072,28476,29850,28115,16770,42471,37568,13904,6261,23830,26038,35017,39901,21060,35978,521,45003,5850,13195,32584,43142,27710,26858,7746,13031,3680
4166,13414,20489,17832,49325,42906,47792,10087,33994,273,24956,39285,22825,23334,6747,27060,11670,19483,49187,30524,46324,26642,38277,12211,49132,36013,48720,12736,42530,46641
31212,3592,4734,49001,23115,30956,10096,9074,42766,48465,37657,23006,34355,16286,7646,39992,44450,28959,5690,5910,42013,3526,47143,13587,12987,34535,26307,42767,14050,14684
29379,13567,12166,46320,27206,36333,49739,22793,30425,42300,29555,45135,7726,44896,8492,5628,3839,34356,6932,10167,5635,49464,36480,33134,40097,7399,1304,7952,48093,47363
23727,5437,43779,5754,7676,28578,47237,30339,32964,47989,19449,8679,34707,42115,15909,35390,30026,8572,39696,24394,25621,31109,47038,9014,26643,28393,10459,31755,11326,19282
33636,41574,7613,1792,38541,44995,29067,46068,38444,49923,40579,28153,23287,14405,13473,4353,4128,18486,29879,48984,49216,30238,38940,17292,46083,15035,47557,29438,760,43837
38907,1537,21013,9299,35717,1407,32204,8231,12250,48607,1495,15271,48000,28539,14247,36726,14151,21392,35021,15041,37750,25882,21447,42553,29988,29484,25840,5469,6689,32469
7147,22128,14218,22195,45313,10932,14571,18316,48579,15055,35357,2661,42615,3545,2198,18752,2575,23999,23320,28596,45723,24395,49739,45188,15271,752,39967,35506,23977,28449
29623,21580,34476,35960,24058,38175,12056,28155,30044,10943,43069,21853,5613,33309,47820,2989,9097,4085,22178,48425,8506,43953,30481,771,45640,45829,29437,21377,48341,14950
33020,33192,47684,3242,20353,28064,20918,31175,20419,42410,38258,49796,14354,43494,21638,17271,3725,9331,39865,45513,20300,44861,46351,40982,21382,48453,49113,23473,12864,2571
14520,17820,24006,2499,4881,26141,1708,9751,40434,36602,15806,40018,21450,5232,23825,7740,17561,43576,3517,32769,34225,3943,26195,33458,4304,44698,4851,13741,11119,22471
40312,26080,40575,9875,29558,2116,11572,49025,410,47064,18258,17234,49497,1911,32790,24337,25923,34664,49276,9443,41537,19870,16662,45360,8778,20485,7205,19498,25212,26907
2842,11060,33544,33947,32466,36539,25261,41041,12493,6995,21670,11261,30835,32715,39083,962,10195,17236,4480,48340,42005,5219,7244,18254,11205,42244,2079,9995,36425,49633
47661,14178,13005,31847,37945,3239,49184,31316,42294,32353,4286,44991,36755,27082,14663,5003,25181,16260,45460,31405,21257,11340,26537,18559,33845,39889,1087,8787,48544,7776
43182,37562,35109,41087,17447,3971,41926,10301,34978,1867,27940,9212,14128,38053,36053,37735,43013,42759,14764,12332,2309,956,26853,42075,18281,30618,9317,16719,37229,23927
34174,49937,31085,28577,49052,39709,31325,2348,37358,36933,35689,43493,8263,42376,35362,16335,28065,12979,40671,4870,32833,12779,34541,40917,26271,12562,21475,34560,4509,13921
19768,9173,19294,22265,46878,45210,7900,44958,30655,15967,45750,46759,39912,14971,14257,38091,35505,40526,45625,40252,2084,6422,27025,48785,26827,42699,23234,37913,35337,9927
30019,32433,29306,24253,41291,6675,27480,33068,12505,8347,6363,37410,17868,28978,8434,45549,22147,958,44098,48560,4308,35793,9055,15873,15486,44306,10110,47817,30062,22786
42162,36535,19566,20314,33223,13602,7274,43376,11230,5265,21530,49993,45000,47197,47098,3980,489,34047,48850,10000,44872,28385,46939,22389,39733,21641,13582,45675,40287,11096
2042,18169,830,8438,44517,31595,45801,44883,47362,39270,13199,35674,42069,29786,20569,19732,2373,6769,13566,48858,34636,17033,9320,17271,49125,4932,18127,28117,4063,32016
3987,25561,48639,10851,40197,12340,28823,9374,19728,17892,5250,45056,12562,19225,1266,5193,47841,24368,18186,10876,22688,11679,42108,25873,17359,30496,27325,44012,47396,7948
31391,21951,7696,40236,1369,36144,43568,14669,47820,36341,43261,65,44949,28228,44914,38513,5277,1744,16392,17002,24166,27127,46305,47523,6968,24570,24639,38406,18187,8356
26321,49411,49246,43786,41622,2101,13900,9756,19578,8133,5792,27690,33634,27955,42538,20089,27635,38673,45003,37201,22993,29368,5957,13082,48791,13837,22021,18564,18468,3946
27937,35591,43047,10518,23603,34973,30010,34753,32288,11049,47613,44894,34873,35606,14204,46559,42631,33117,12532,47006,29643,39500,3416,16110,4323,45803,6607,1279,20121,27646
44965,39735,41131,640,49221,7875,20166,8625,25700,18151,20570,30296,27786,28330,29979,36976,19575,35070,13258,11796,7381,28701,37595,23252,20298,28492,13454,12642,13076,8017
7076,37879,41782,33492,30119,1083,18113,5481,13471,30449,21381,939,1732,13502,24443,20595,39343,28244,10025,49231,44296,12171,5006,47668,41703,2497,24285,44795,20608,42937
32131,30343,45499,31634,47273,21743,668,23669,45053,47310,33288,24815,40583,1264,1944,32439,17222,31373,4195,2820,36935,22069,38788,49922,29806,47707,28538,36951,33221,28408
46688,43964,9018,4954,34782,16960,49288,5617,45852,49500,46660,11406,7257,33250,1114,1839,9745,18633,12194,40610,45071,26420,10904,22771,46894,21572,13836,30397,27335,25700
29070,5557,4425,8855,42754,31432,11316,19447,21564,22564,33247,39273,1013,33205,48817,32210,21941,36443,36277,15223,47320,41572,11057,28440,46064,13941,34332,10457,12023,20426
4817,42293,34403,12572,40423,18236,22081,32752,24897,3456,4178,20460,35552,21387,20954,31921,38791,33108,29323,458,49916,36459,8681,30303,6050,15433,37534,29585,49420,3208
5295,34223,29598,11171,6054,6460,18203,10938,39870,13390,45435,40784,5802,24407,27453,18766,8830,9440,34315,13915,24073,29223,14038,24498,46774,49543,36113,13263,22741,546
21110,43350,28600,28944,5444,49656,27776,24577,22946,32893,7963,706,29437,496,26347,20840,28910,15748,46321,9500,7473,13518,18235,20780,23374,27883,48004,20557,48259,22977
39866,20616,23577,12018,18967,48413,22138,46612,17829,15945,40957,49076,9978,8848,38169,6682,26760,11699,36919,24929,36579,10850,23564,2277,20009,24934,20872,35214,39736,39003
9722,47923,23798,34993,15605,43203,1452,42193,9226,4349,15572,33802,9992,49261,10989,36483,37708,32473,40205,7904,40728,32434,39310,30760,23754,705,27220,22415,25106,34306
4305,48466,39026,9580,47013,7668,41757,18341,22230,39094,47492,25621,40398,10528,27912,1105,42335,12296,12530,2573,34077,4074,17360,40743,45673,31820,29485,38328,43210,17426
8271,33421,26260,38959,13522,23515,29567,15416,8880,37383,29345,3867,35861,3679,48590,22488,926,17789,1998,42982,10280,32286,19290,9241,9778,36681,5776,48345,23370,35545
18024,37880,49662,41711,12405,31674,21101,13175,23222,18488,2647,23859,17871,14373,41864,32148,24071,16772,6913,26422,40142,30327,2266,7045,5126,30479,42182,10952,45349,27454
40916,23625,19348,3134,22551,594,43189,19710,18464,27606,14453,42985,19330,24701,37275,40814,11192,35686,35655,20867,8517,35516,42762,39838,11859,36755,31765,38969,7418,12237
41490,5337,49847,5152,9028,18249,27480,30453,11808,33988,18356,34159,35965,42817,23685,1002,19103,29732,19562,9505,46133,26666,35241,44457,23897,23645,27771,24238,37592,18902
38363,9269,19494,16012,35285,37451,40404,32505,222,42553,21602,30672,47703,43720,31836,20875,38102,37877,48302,1874,24674,34040,24435,4193,5883,22859,42407,26063,10934,20474
35938,23768,35923,17711,34614,30155,45792,49656,5128,29467,6065,10789,4217,30615,49301,556,25022,30629,2460,28531,14195,28308,42445,11301,32331,8197,32371,14596,10523,4829
46672,4159,26125,13509,35544,29230,22434,30084,46246,49713,11090,31864,2323,44424,8183,40566,9291,40408,1205,47498,3006,39639,30350,1073,3571,37279,15039,26672,24378,36896
21312,5515,19608,16995,44864,12166,29289,31331,31117,25414,17632,19056,26344,39836,1882,7993,49253,18761,15506,6420,34997,30137,27897,47448,44842,32709,30153,45134,4964,18166
24963,43984,393,4414,2018,8079,38568,21937,27741,1947,9269,41594,2422,44609,11133,32023,49910,37803,7345,49162,47073,45052,3112,2756,46054,28608,9540,47493,16407,10302
39151,36937,21370,6370,4015,16956,2193,9137,17574,28215,31869,49128,35509,474,26018,9060,32320,36172,35725,40908,6702,40131,43060,35722,39655,29014,22976,36971,44493,32750
34771,17045,48010,25568,27407,24161,38523,30282,38548,46001,22295,32208,17308,48286,45583,31629,24194,25884,20518,29372,12791,28242,39634,41997,1500,37125,4985,35011,20428,44757
19327,47351,232,42417,8958,30530,4509,45355,27779,13867,27271,40325,10208,24576,22592,30868,38665,47402,30643,17449,436,8130,43277,24533,7148,30675,15479,4657,18688,6451
29735,13453,23338,48576,45728,3533,47687,8133,30537,22116,42288,30662,10336,1069,35636,31295,26093,48330,11178,26732,16360,29815,22036,28205,13904,12869,40418,38365,3939,2332
33132,34376,8068,17467,33263,32244,36230,20154,2837,11287,34060,1672,25306,45332,43549,23827,21756,24070,15961,1519,49885,23509,35034,28814,22824,21573,19824,4670,49478,38850
39678,24182,17391,8340,2470,45369,30238,10159,43987,38254,18344,46756,2384,22361,23900,39978,43610,18474,18436,40977,36560,45390,40936,12130,27337,11619,10116,3264,37232,30729
28194,34853,46419,25332,18608,2148,41645,47310,1830,39506,35209,21214,29040,41090,16851,18651,45199,28650,31158,22904,441,43199,28339,18143,31605,46516,42720,36705,16118,19977
6500,18674,21737,33124,22923,27910,29040,17368,25547,24913,36738,2943,36603,39988,47342,41751,27,9325,6506,49073,49071,43717,42131,20241,16938,40582,27025,13728,14495,4703
45992,7423,13285,39562,41446,42044,2237,5031,45310,41419,13896,21770,6958,2282,16815,36848,38219,33393,43008,24812,6509,45318,2620,28199,33855,26225,37971,45663,27470,36548
7499,24741,36816,14919,44244,5369,26429,44281,30606,47030,36080,12621,1737,15078,15700,41742,4410,1390,43538,21211,41214,30542,1724,24661,38715,43897,6629,28474,31872,11328
42908,38661,42524,13725,18846,45152,34333,21874,49478,42061,32969,29688,23762,794,40352,19947,39060,48363,43575,26273,28458,11406,31565,12718,35955,13875,6438,40838,12994,30793
42659,44150,33592,17269,31712,49824,43449,17793,560,25830,45734,24314,34017,6488,10326,14592,42357,19613,16688,44194,36376,42083,8083,38399,46365,16129,41848,33157,44080,41655
36133,21622,42741,33649,11801,45819,10487,3179,24621,33453,42530,37805,41222,23069,11998,10372,30150,43616,33411,38205,19841,4124,4867,13347,43472,21728,20390,33696,49038,7518
47241,39018,39467,23911,10257,13766,39804,13347,41789,11315,14143,7874,12527,49008,18412,32359,11673,3355,46228,41614,22508,18328,44972,21918,7165,25205,40051,48130,43851,35726
14092,13978,5631,34499,22809,24295,2286,38905,8744,24353,4675,2983,18954,8529,32587,42271,12701,38205,47756,14597,46651,32325,25040,21687,36122,1325,8038,37332,1104,10618
28186,42023,35588,1394,24547,12857,30074,14554,2615,30469,18364,33264,32258,1801,36675,18215,4878,8768,11462,7575,3466,32565,3408,26929,42576,47869,24669,4063,13941,48591
29594,28631,35345,29471,42231,15104,20226,7905,7597,26720,37784,12089,42861,11402,30291,34064,33255,46834,30740,42177,46665,33585,39165,39658,49834,33161,18455,22805,33470,45381
14975,3042,28903,25520,36172,47451,30604,6919,39400,18785,38618,20497,34537,38764,26044,8172,22904,41922,7794,20378,6720,9975,38751,25389,45953,9081,12642,29859,19460,47717
27120,12726,47264,3813,37827,38362,28807,11161,19161,12969,31327,39706,24677,4565,27303,4509,34421,49493,21074,48075,46021,22959,40240,39849,16019,49456,13239,44065,30503,45640
22213,20636,8970,33450,17463,9386,45255,7303,15876,19475,44532,42081,15682,18258,37491,8434,2049,2540,16516,10064,40412,39219,28044,12127,31375,1227,28584,27006,5789,44103
29721,41736,20930,2537,1059,13497,39952,11803,21638,47025,7806,35134,1951,7121,34447,8452,47084,24939,24553,29748,8415,13665,30398,48761,22183,24813,37630,47111,39916,11834
26132,24180,5476,6492,25319,32471,10100,46918,36777,26998,44756,24925,44585,22004,38261,43103,30607,23726,49731,15013,4203,42189,41949,28030,46276,39838,31456,4444,20393,31715
27263,37831,20592,3859,5304,33689,40368,2122,32086,23160,18085,10959,33154,38895,40569,47130,18851,26660,16213,36876,21587,25277,20507,18726,18972,34106,17779,44454,21316,15398
47816,35346,38304,25828,1057,48805,39326,48123,6207,45121,7444,49645,6110,10552,32832,3394,48970,27858,49166,36006,10242,16479,9915,4052,18514,18657,43695,38829,40209,30753
6232,4950,23356,35045,16034,6991,7781,41958,20903,48566,6998,37373,49383,8287,13601,30838,2144,2136,2612,29286,25842,16859,20608,20327,6047,6636,15429,32543,32346,41628
20484,43560,6961,6681,10433,19045,31446,47555,11226,44532,19223,22800,4695,31687,38012,36092,1500,2474,48080,12356,24957,19548,9483,14634,17142,22862,26550,10039,39614,25007
27969,23035,37032,13749,24833,39710,22423,11540,48784,1234,41597,10670,17407,42508,13292,16174,9352,19207,37456,34817,48508,19019,8087,42384,37291,46115,32058,40821,29111,28576
20482,47584,43897,33066,15188,41797,37398,32285,48336,37762,37351,47801,14481,42607,40535,19898,45280,3082,7771,27776,49358,12502,13757,42039,34605,10572,24099,19736,49827,34821
43589,12052,42289,45599,28529,48436,20652,43269,16505,29270,20544,41669,7520,12072,36283,599,9427,1684,15754,32585,36218,24624,8028,5634,45468,49730,41601,46378,3615,29744
16705,19593,30682,31696,30361,44918,41713,36071,8765,37241,28262,41724,32062,13037,32605,7354,21481,15754,10637,30997,21827,49116,40677,3766,3323,39704,6457,16377,26875,14642
24531,40894,2590,38158,39265,35416,46108,30347,17346,3297,1937,7198,7314,29386,32321,44953,40498,8191,14850,27554,24639,39703,34692,37223,29689,33474,14226,14846,33385,12049
10004,30050,28337,29715,48724,49792,39378,49931,20211,41569,26811,13527,39390,17911,32266,31083,17598,47411,28781,37549,36324,12868,10374,41856,38723,46435,13494,5078,12509,5428
45012,44729,26946,6099,8215,6517,14501,27212,11300,3237,6335,36376,25356,41150,32039,43647,16015,9775,30365,41536,29765,26874,46345,23361,21037,31908,24039,38970,35303,24215
31082,18722,30588,42283,9341,32114,16475,34299,48940,13987,1605,17094,3237,12817,39821,41198,43432,3899,35287,32673,2143,21093,35438,45793,13478,47342,4630,3775,27099,27550
4400,49389,21207,9445,22749,12725,13199,8111,1220,3308,32200,44410,28415,27729,33253,10684,47191,37500,39688,31102,24918,25216,48907,17661,46916,12105,3289,31751,20585,15240
5979,3236,44772,49910,24768,2477,44533,15400,49416,20114,6159,45077,764,45150,5374,21132,32104,30319,47205,2020,16409,8277,30106,12303,25242,11460,19754,17100,38009,17759
5595,13399,31725,10946,5915,9845,43375,31427,38090,47727,49214,26840,48497,31130,41295,4447,43693,41608,5037,16042,25986,6503,39256,40711,49069,35873,29467,6591,39638,22895
6110,25065,8072,9661,38600,48251,5889,17214,2138,44527,32088,4134,10084,13586,30932,37205,21704,44836,2711,15096,48903,5472,37656,39269,36687,19064,24596,36161,10952,40149
28304,20891,44690,49321,15675,33175,25534,2862,28798,18822,47900,45966,49762,13039,45712,47336,17863,39559,44512,43735,19367,11752,14044,47808,39974,13683,523,36905,6582,29945
6329,19297,45590,23630,31750,49553,3002,40589,30848,11372,14390,20132,14768,19924,30871,5890,24428,48138,48568,24316,43916,14275,35333,23239,20937,17756,13018,11367,38490,34865
48798,2409,14585,18942,28302,16941,9430,12807,34411,34438,33569,19494,43256,39691,25954,25052,45348,24166,41676,18596,43377,13697,43448,10639,46648,46891,32850,45732,21821,34337
48418,41966,23354,27655,2059,9710,30705,17335,8367,43626,9949,22720,28840,42315,15573,11535,31915,35046,34017,46284,37922,6787,30333,5617,45807,5966,43035,26302,35977,18814
24422,24616,20124,25836,9431,18383,14801,24392,18575,47797,5885,37261,2632,46002,3080,6074,23262,33166,23953,29412,33082,10814,38456,41634,46053,21749,4227,35889,3294,35122
8528,38234,22646,39516,31460,24447,19969,6075,32308,46473,8656,12221,18086,48802,31900,31685,13253,44142,44277,32025,8056,12995,26337,48183,19573,13745,33991,21226,29967,22017
36463,12732,32324,48377,28441,9625,15872,25269,49155,38933,11385,20644,20974,44907,34781,19777,38388,2291,45145,17647,3317,32811,35300,32197,16645,49957,12835,14403,14973,37293
3931,12458,10355,31279,26802,21805,47514,31246,23348,39101,11064,46853,26664,13621,16220,1339,27576,22362,21154,25082,1555,18560,10493,9527,46671,46665,41782,29872,44045,38238
38435,48710,34700,6464,1367,43542,31144,16023,6755,31253,23155,20173,37730,17638,34678,42528,25330,22718,47779,2182,5593,25158,42637,9649,35416,223,36108,12011,8895,28024
36805,49649,16466,33529,40200,34854,1933,36894,12903,20034,32957,43111,45000,22330,1606,42755,27518,24920,3937,8931,46128,30958,17545,27624,9799,49831,47474,30308,23263,33164
36811,37963,19750,19573,8064,24269,33559,9944,12662,16980,16149,46618,26668,12107,35813,46847,48348,47504,36943,27488,14507,10853,10499,46892,28677,7886,17620,16119,10182,15296
21604,36728,37918,26388,45257,8329,28100,13166,48283,34519,44079,26768,20205,10370,41587,11215,23161,31155,48725,49760,29813,10182,6708,21025,43991,28486,39265,27814,43399,36323
43910,7591,45096,11873,12106,9397,47064,21796,37903,38711,5120,17853,46136,48782,11617,19449,5688,44897,38420,7977,43457,35452,34462,10844,25672,17244,3167,23140,47304,36882
8011,32961,10784,39902,21012,28066,27344,42487,16114,29422,3097,40897,35511,5758,22353,16274,29381,37389,47576,3095,12438,49415,17979,16525,24950,28854,35856,45566,34479,43075
26923,47962,49162,35878,22324,26656,17223,15516,4048,39689,13575,44675,8961,21185,28507,29448,40442,8489,10940,3591,18509,32881,7802,33810,48838,39216,28096,44820,12598,44132
23174,37863,1972,43205,14329,37408,43886,44370,47877,1707,9131,47813,38448,22807,24943,12942,1225,49212,5458,19385,44152,14281,18100,31689,21913,35381,37828,210,22213,26012
43604,49402,25691,49159,28587,20816,46862,8745,33644,42728,30368,25947,15823,15005,42874,28111,10312,39371,33994,22125,47796,7764,9883,29139,29988,29304,46415,5963,23734,29703
49171,29975,46342,39727,5889,44447,31552,42019,9268,3,21415,42081,30320,40326,4515,13943,20,26077,16142,45365,30288,11553,7874,27926,37541,35583,32798,41959,40088,17812
27718,12258,11593,31998,47164,11784,43439,45199,13268,31861,21826,27185,31293,33522,4791,10895,37134,44710,6193,31311,14078,7471,42977,18149,33508,10878,17575,2913,29147,35415
47256,37135,40103,18655,4816,39644,42863,39423,33561,29596,45551,25694,40844,12983,43483,17937,45463,35159,25271,48314,49263,36731,49028,10248,8099,22394,48807,11570,14681,22854
3372,8469,49008,12537,13376,24583,8522,40602,16853,15274,11492,5626,49832,46539,2633,42030,42325,37126,972,16230,15943,19104,47021,22127,35726,1953,31519,13587,31322,923
18851,9147,13761,27992,8981,1242,11884,10743,28532,18994,30571,24460,9,20616,33661,48803,40749,9591,41186,3714,42389,20338,43869,23426,8962,23231,10992,11724,45910,23335
39349,45205,22842,23561,35334,6856,19568,36777,29774,13557,35299,16606,14535,27095,37486,29477,27927,31807,47965,40734,8210,34822,36465,36353,31143,22347,37472,9135,36633,33138
20477,43198,24526,31842,30806,27819,25937,19933,1474,17657,49224,34566,27330,43855,34890,14899,11948,44645,36388,43234,20303,19233,38744,14837,9626,13751,45851,27249,35237,302
23046,3953,12071,20306,41521,48839,43371,32557,49577,31160,13891,45101,31378,37420,4122,49815,35078,39421,4922,257,23602,19116,46442,6818,31435,47874,46967,16071,5076,16948
6790,16377,25830,15665,18124,10932,34902,33749,8517,43753,48533,45844,41724,15666,20780,37747,3456,4149,24871,1877,15217,20997,3990,6456,19725,51,13018,35886,21366,42797
37875,3698,34817,27758,18832,44728,12537,20406,48452,10286,26811,33186,31669,7150,5598,49621,45258,48065,22317,49604,21302,35237,32400,44745,36847,25733,20344,31603,31048,46437
33254,27268,19193,20842,17837,4261,513,22968,4319,30866,4056,10496,8958,10618,31801,422,12187,32294,47001,32446,21340,9213,25942,2243,27645,28857,48502,12136,20562,49593
13943,29031,12405,45351,44440,6606,4639,26854,20197,38115,27178,47806,28617,3837,40004,20220,35898,49247,13934,10438,6206,34352,34130,49366,199,43235,30493,12408,29651,2523
10141,6251,27929,9307,15808,8510,48438,40101,49216,35038,39704,22228,48266,48671,22666,5439,23787,38936,12438,701,29290,24152,8723,25795,3090,35450,26928,3763,46491,17502
43040,43965,23002,38862,44709,6768,37336,42276,25040,28567,10632,29043,44888,29039,2784,14773,9760,7188,31726,1723,32940,37331,8763,23959,12206,30477,28055,45221,41427,36486
31601,18064,14554,9188,21105,5010,44915,28723,32548,36074,20184,44159,20676,22050,8867,30584,29890,47780,33551,36016,32853,37213,7579,10886,17924,5526,10287,19157,26239,36711
14697,26073,11273,13696,73,14285,39446,27621,4147,40635,47549,3664,45314,39386,23192,7444,24419,22975,16578,44764,47657,37758,2094,17103,4401,27417,19466,43779,20681,47243
7093,45157,10280,2398,311,1879,21945,41476,29772,23763,39162,8825,46981,8406,29070,16714,4914,9479,26458,49035,26812,36616,18189,6666,18751,39204,26640,32629,48615,26075
22946,1274,3752,47258,42712,11857,28108,32859,20741,255,17057,31829,11708,34193,17127,32682,46278,30565,30922,43243,25405,28741,40046,5572,45220,25382,27113,3896,30668,41737
36456,24991,25089,18970,23082,25344,44038,19174,36540,24370,33851,47022,29279,12195,44164,30163,42763,41459,26718,20581,23300,42021,40277,19387,15580,17422,29037,13316,10915,38270
24089,14788,46988,17469,36116,6325,18870,21390,38043,23366,30487,45478,8411,48719,31936,44136,41136,33145,48757,47445,23371,40162,28133,30571,29549,21555,15400,44956,45396,1047
7530,38535,37330,12049,48092,4199,18211,47486,24492,10550,4100,43021,8639,26678,30826,46956,26271,31889,32927,27096,29274,27956,48229,33490,6993,23411,45350,1531,34584,2493
49979,42893,40584,11151,1446,36597,30140,4883,49401,19320,24543,47843,14290,19219,3875,14583,23976,27820,3331,26218,15806,36862,14785,22278,15427,23812,13371,31391,13280,22096
18257,49191,35927,42010,43170,31558,24165,5858,36094,17039,34766,18142,31106,35882,6127,42235,30919,589,7938,31408,1709,41083,37813,46057,6418,8097,17336,10678,40372,22953
37625,20650,28682,7710,45285,49052,37002,39106,46209,29169,5081,40618,5212,20758,47465,30044,22673,5062,6525,26194,5056,39020,2617,19878,26344,15060,35764,5266,7468,21397
14822,33484,31620,3680,26007,1144,45786,31590,30724,29674,13707,19293,31610,48369,30776,17689,44387,30923,16813,15461,44864,18580,4990,3477,33531,11147,67,49179,43340,22511
28123,32540,45627,21641,24042,8042,35487,18851,18144,36596,20844,9698,7601,21691,3983,14114,48946,4062,46353,17777,46293,48368,21906,45835,235,16527,47895,28608,10350,7155
36764,23237,20382,36034,21121,11328,24291,8380,19329,21989,36196,46055,9447,46758,748,4356,4539,23370,32568,4039,46752,22023,23723,34466,8385,27358,3932,25206,34136,36844
40746,9595,27706,47145,7931,21874,14202,40224,35211,47418,36919,46722,263,49953,40075,20459,4257,39354,4865,14367,46088,23106,43883,15608,15462,13534,15657,14149,17340,40199
40212,35554,42922,10195,14092,43902,6188,4938,9381,7626,5244,37703,22797,15456,14827,25099,42221,39624,25818,2140,9482,3873,29644,17181,5572,31329,46353,12943,36364,26860
44236,12090,2383,26446,32252,48120,28562,42173,25484,18724,49805,25986,46483,30588,31342,12824,35646,20626,32191,41701,2934,23276,2126,47459,1298,16048,6669,48429,20163,41437
42120,9320,712,18611,10768,8579,32185,15029,9291,707,28492,26424,21605,47567,9471,15693,26648,25117,30691,26613,12475,34959,41019,4154,30496,1502,35879,46320,46403,37272
36487,3081,37292,30789,5718,46011,46271,20237,6026,7055,43979,998,45675,26559,43139,22657,38914,7196,3266,39245,22209,11966,47047,26263,16450,35974,29278,46122,30809,43870
1721,40858,9882,7400,11546,8624,17465,10504,29105,37710,21117,38679,546,10144,6609,18659,16399,43500,14667,46599,33604,6249,8763,44809,49434,9913,48299,26755,41714,1106
39912,32471,12644,1949,23522,18267,21397,21248,17395,41710,16838,47226,20500,4,6128,28286,20222,46839,18250,30043,41586,30352,4196,13586,36103,6967,21556,43038,23071,33491
43112,13148,34828,1044,43222,14690,9116,24841,17695,19689,317,18903,47230,39487,2182,5418,16897,27588,24323,44241,7210,3577,29778,34071,366,19826,24030,15490,22994,29375
45448,37695,48919,22786,34289,9089,27310,39724,37256,6724,1498,3469,10869,45981,3472,31578,25508,39757,26318,23425,22357,12805,18519,8227,45580,25069,17987,21740,29374,11481
17528,6505,18732,49527,13412,3371,17262,33794,34544,48730,44549,22262,10449,32584,6386,23810,12974,10227,8681,19538,38029,9364,45428,32109,498,10440,20948,37973,30514,41950
1898,29747,31579,20316,19053,25418,2829,32695,41058,25688,47718,18851,15404,7225,18386,36175,28936,8323,35408,34893,6403,31992,33960,6355,27924,20623,16953,39288,8471,25655
11824,9095,49505,7325,42282,10405,15122,1848,34432,16518,30447,37351,22503,22010,519,36210,102,9617,41643,13546,12753,6033,2371,23190,26102,23938,9464,16067,15537,13316
17910,27975,42549,34985,32122,27469,46999,30709,25344,38041,46758,14092,2578,43005,39584,12092,19863,19740,48518,20246,8851,37531,28496,29539,18477,31461,6060,44156,5993,48274
46053,22467,15617,21332,11143,36292,40893,16058,35640,10964,35659,46519,24491,4936,6145,3668,42300,4081,21820,40728,18843,25526,11133,16100,15583,18086,7122,12935,21611,39875
49966,34400,3098,30562,17893,1914,40284,37199,43877,5522,33754,3169,38803,46877,1704,42709,25624,25666,10384,49560,39643,28834,45026,45208,3424,38809,8355,27903,47530,9776
20250,43175,35488,19228,38227,4760,37133,28048,15839,14925,2888,1970,37106,3130,46965,22436,14398,12017,5206,31093,33908,27266,13343,14410,11050,7498,7551,42928,46303,25929
22271,42817,14207,33466,41991,15997,31653,14976,20159,40978,49668,42762,43783,11001,34229,9013,49138,6588,8485,18726,20102,27314,19404,20836,35009,32157,14766,43369,9181,23385
23005,17505,7779,9346,20528,44350,33432,39008,117,12533,36839,40955,48995,41111,23331,33728,11019,6397,40597,29878,22945,43951,44951,32424,11171,13710,30690,26487,18699,40909
401,43746,10013,45393,4259,45589,43688,25038,26972,27444,4196,16007,7275,39071,13668,35629,38701,432,43728,2270,21907,39341,37244,9432,26085,29949,22537,40176,11957,22896
11889,7763,7506,45941,7099,33022,12362,761,5738,23973,28101,24225,47498,34355,42784,20637,41612,39403,31043,12461,19487,11621,45730,39024,48430,42399,34106,6722,16543,95
9389,41467,25077,24045,4002,27962,20443,13192,9137,11092,30804,10945,5599,34506,12132,4576,14619,16568,45796,36630,26667,21444,10244,34447,1661,9336,45308,20350,22840,13836
37115,34873,24142,12534,44510,33316,46446,7368,14113,23303,42503,14806,40782,43569,5261,32487,25503,19655,26072,5000,28149,41149,19373,7015,33910,42504,10230,39745,6834,27588
43080,47103,48269,29682,25333,41151,7788,26987,1221,25210,41987,44406,1534,4192,1943,8432,14042,30610,22492,44527,19316,42958,20640,17177,3725,33075,706,12347,9220,15157
26266,8333,9689,30784,1198,39251,44041,48394,10500,13669,8025,39999,25461,45699,19775,21424,5572,238,9353,533,35457,26686,11652,37140,44091,24355,22942,15315,4064,47743
4561,7520,985,23564,42918,4149,17761,38979,9230,12492,5187,22304,42612,31789,28094,20936,15931,7753,37380,14439,26249,37461,28917,44417,37306,15239,15345,10240,43902,45242
9298,7243,32394,17576,1569,23210,3356,39688,46243,40764,41001,15072,17067,49984,12166,6124,3820,7127,46868,5866,25560,19801,6474,24305,25484,41801,378,3844,49678,44121
48561,40588,31425,16235,6618,15912,29562,12251,30099,5549,9256,30102,33899,23812,42364,9479,5020,20589,23473,27693,26318,41802,38507,26945,22332,40746,6695,7187,49838,49348
41496,3428,44308,17118,4406,23377,40035,5046,41054,40630,42813,38393,30848,33747,39213,8738,814,42302,35203,12095,636,20564,49812,15333,20197,20488,25746,45361,17169,4820
2010,3211,5195,44432,31034,17458,10542,48745,11497,9510,11756,46958,26926,15458,13370,4156,256,45569,12533,2030,11596,32718,14442,11829,20279,10286,4437,6100,23945,30638
6014,36807,16977,48119,24619,12342,35791,45019,20532,21013,25013,22708,26549,14591,26160,12645,42145,9574,28416,46444,28649,16222,14883,31519,23063,23451,21582,18612,25577,6377
48898,25066,48637,33232,23070,2899,22773,2166,20245,10623,47432,27339,10314,13635,29519,45071,45701,30010,762,42554,33950,37520,22205,28285,41337,46635,20039,14599,4832,18406
34766,10883,34667,32299,3319,20027,14855,33594,26114,14652,16724,26808,11056,17450,21149,19652,33045,19873,49238,9483,46738,39607,33368,39610,7197,47954,5361,9282,34658,43678
14099,10868,12794,4374,34270,2920,35590,48366,595,22216,25997,43048,21620,31212,5045,7063,5783,24637,6697,44712,15577,44319,29487,20141,40130,35849,32851,48144,30299,27061
24655,49365,7795,26806,30811,11617,1780,25748,22436,40401,14007,31355,23642,33426,41785,49384,22262,29941,39070,33020,25635,41257,15521,28564,40553,10472,6183,48825,21161,13388
27515,46952,1394,22193,13815,3877,43018,7351,20117,11423,12928,29765,23916,1352,29608,15352,39811,22056,3554,22852,2801,47358,29525,16819,23736,45581,8457,2145,30432,46647
29731,15265,15594,9295,962,34306,12130,13266,36629,28270,17727,5919,22799,30549,18267,47827,32856,33225,4338,49944,46737,35795,11360,39438,47570,2612,15742,25534,9788,39346
22341,42246,12412,30692,15243,20400,26088,13250,41065,40619,43239,41275,37567,29488,37147,15254,26824,19954,13458,45125,25850,49402,41772,44287,13505,8272,2373,30189,43279,449
10316,3020,7320,4455,39711,20170,45532,7398,17631,45843,7042,7919,13032,19921,39893,250,13832,48564,9014,46113,29564,18954,15035,694,25302,24611,8787,49766,49593,21878
24252,11106,16099,46429,966,28636,36845,44931,42423,7865,33638,44112,49401,3381,38643,37381,29532,43598,3887,21903,33322,34343,29309,34078,10535,45190,22600,6393,12841,15511
20424,32873,33024,16280,21375,47015,3155,35859,35793,23549,43006,25649,49809,26537,14019,40679,47537,22396,22526,33117,45651,10512,6166,27922,9695,34779,27621,19109,30030,15262
47291,1217,19866,44668,26812,22299,4404,25623,36967,10076,5118,7071,6474,41926,26580,25009,36405,8913,11394,16907,24364,13557,43174,47891,22940,39427,15828,36738,21395,31374
21259,6441,27059,22466,41956,3087,45359,11164,29158,39967,11616,7300,16498,42429,30990,42855,47072,34936,10407,28323,284,33702,41514,17419,49667,45413,31362,28519,2729,41361
37198,15039,5394,22872,31939,24090,10950,15458,35672,20468,13360,5240,6686,38353,42869,4496,7635,4431,32845,12628,20815,30879,45204,671,1863,32279,28369,14758,48022,46202
39075,11532,38397,12532,8859,48768,6521,31376,38493,2499,10637,20333,15750,33959,20537,35152,40424,21830,12804,42062,31954,36479,26539,13900,45445,15196,39054,30379,965,11559
5568,12006,48260,23078,15189,42559,46611,2474,25875,8065,2085,17930,48316,11055,46192,48039,45576,1071,29092,4178,41066,19559,10820,7476,25473,12112,35929,33583,28580,47086
3448,6009,26143,5545,23403,39408,34614,35825,26197,39455,25037,49718,8345,43214,45761,21789,20558,40041,22971,46861,16160,17663,35427,12416,40396,32191,35369,33033,46831,7413
10197,14680,36338,41088,109,16492,3376,34106,45042,8084,13053,11867,27104,27711,38576,11919,32898,17952,26431,30349,19901,6269,40582,46543,31844,15979,27781,48593,24754,24511
10317,31364,42249,37309,9062,41761,26630,48712,654,4245,44607,45810,47967,38301,43144,49896,32273,34624,3609,4526,33361,9469,9730,16177,15067,39961,4386,16679,35036,15861
49443,48198,27394,1885,6238,11997,8099,12457,47555,9384,26507,18869,47371,24132,25843,38478,14161,47990,38421,10486,29973,15316,37546,46769,34327,48162,11923,14516,39185,43079
40491,28852,11293,20336,3654,34097,27210,17750,25937,34461,4809,32008,48596,5872,1406,6688,1327,11178,4378,38253,13531,33789,18394,16718,3589,25768,18042,21010,35416,29134
3262,25530,14292,47669,3568,41134,48167,21290,40776,47739,34793,40170,8679,26805,10940,774,41819,13837,14864,28345,45586,3012,5617,2161,42594,35754,37893,23850,4637,10256
44170,22695,3738,18893,25509,10718,37375,33066,8852,43735,15958,4093,40191,46132,44068,2780,28264,15894,31018,27121,10073,15937,37497,49015,42714,36103,2553,42636,27832,36494
5347,32526,31675,18683,10684,12486,48035,39512,4974,8446,30870,18458,11873,37403,29494,40968,7624,22642,29936,19272,41957,19685,39613,4300,6988,30505,18226,41703,5622,4834
17833,48340,21599,30064,24674,40581,35816,38623,11860,8979,32734,37964,6796,29671,32509,37781,25624,41717,39401,10405,28552,41482,48876,20362,31243,32530,11555,44416,45477,27
29040,41083,6369,841,1337,1581,22265,22208,11985,21777,19772,3425,35993,16157,43446,4226,45280,42735,10969,25252,9391,26649,49189,12619,45652,10309,40818,2656,3460,32558
43381,24176,4866,26451,16829,34899,1984,9077,32496,22965,22671,48898,20422,35879,11242,30587,38985,16379,34871,47277,12759,4465,12101,33324,1778,39644,26020,46718,243,21886
27789,7896,39335,43598,31768,49224,46561,35450,25574,17395,42743,30442,12438,26786,12443,816,11995,44632,45197,31880,27177,5654,8711,25520,8706,22550,36367,20399,16894,27191
31829,36241,47823,15272,16485,30518,26392,47949,31559,10265,10880,12527,12361,18125,29598,3901,11959,16918,45685,7943,30368,11335,34218,14015,19638,4521,8540,299,12972,45219
39786,39381,33021,25705,15179,15073,38771,24797,21678,9011,41976,2590,2937,32792,33900,14149,41999,11092,26696,22829,48255,15869,45248,44854,15976,49728,15568,37916,46173,32900
28970,12733,24717,12887,5226,17014,46874,47993,44615,49534,41178,10961,22622,5939,4885,15192,9156,4459,8809,9466,27398,16243,24827,47249,11908,5542,39538,16361,40019,187
27144,27700,26328,28649,49766,27367,8592,4968,12987,3148,39917,13507,688,29151,22730,13086,4168,30612,8688,35171,49022,40733,36675,3489,24008,29274,17830,47007,18778,41612
17903,19755,47770,31064,16313,31470,15570,49162,40232,1011,14738,28715,4112,42949,17617,6869,47699,358,34275,33707,15274,40365,2733,2314,25955,34965,15219,21307,33779,22498
14128,9531,38888,43269,29069,352,13000,19770,1256,15810,27199,31844,38868,29000,30625,31240,32537,41202,32464,27054,31205,6777,37263,36014,43522,40006,35462,39988,35448,34388
49476,1014,13259,6290,31741,49440,38254,36115,10454,13661,30871,8721,3409,18509,2021,48256,5590,11900,24766,46846,38617,28998,34239,14995,25074,39006,42205,33538,16667,14451
33578,34481,18490,44492,17127,42947,20604,35911,21581,47711,34553,6649,7972,32384,32351,31199,29100,34632,49084,43258,28416,31447,21906,25463,47557,34089,40681,3712,49116,40347
7460,14143,26442,32922,35187,3423,26734,4367,5557,38583,25613,5824,27085,20018,19812,5300,2068,15407,8996,2080,24695,11056,24271,37157,10935,6799,7997,37693,12830,15677
22622,47391,34333,4090,3358,22358,19639,29715,30970,15474,37177,40436,22974,12951,39003,23069,39720,49627,25157,39070,31868,29911,43979,24330,45680,5349,43276,43254,17664,6986
28175,29479,1562,2147,34470,40454,44295,33225,38063,33433,17925,20864,21806,21607,40684,28100,2177,13965,44039,13377,32741,18849,10837,9253,36289,3733,30084,6178,9359,25112
7268,35167,33116,37711,34452,26673,23865,17179,9466,46895,6698,6403,44619,31877,7663,29813,44157,49218,29630,39505,30565,23449,44241,5816,11211,45992,16705,5144,49456,1061
18563,45666,25126,24915,16254,6082,14903,45590,29309,23072,27232,41578,4253,20945,660,31323,14656,16041,15991,41895,29373,29739,26838,14716,5309,8501,19257,27355,30092,10016
44448,44391,15881,3539,31210,4971,37715,1074,21998,26377,8761,27122,73,6351,45921,15902,3967,30886,46661,26767,23130,11814,25524,46661,40616,35835,3676,24113,22593,15161
44466,16367,10603,17209,25162,40720,25285,32848,32969,22661,11268,11820,19608,34582,35350,41443,38995,14074,40945,15099,36727,42470,38009,8121,41713,7254,3358,9041,5760,13027
38872,41899,46552,33285,45626,22408,48956,32651,22268,43031,27482,14105,19885,46313,15789,46086,4905,21332,34594,34574,29874,43057,45916,47835,34128,38391,33119,25415,44055,12025
31892,26077,47942,2900,40424,13679,19061,32347,5053,13008,29448,17395,14381,32903,7119,9356,22229,21718,19764,16680,30883,43471,34924,4721,15949,18077,41414,5842,8267,31311
34534,38690,30030,41884,27316,17020,28576,24476,25880,27353,24406,24734,32609,4348,34314,6486,20134,39889,15002,11989,19651,4095,6153,4469,49971,9974,34760,40080,13830,17380
43722,34557,25683,49077,22155,22415,19596,28795,46143,48316,29116,17044,36643,37374,43033,12562,6136,45580,22769,11539,33155,4993,6558,15602,42215,44778,11296,30607,47805,18657
20213,10767,35276,24477,1256,45431,32563,31667,42679,19765,25547,17710,39173,25993,25596,2987,3385,15363,41923,20214,13850,48487,41739,36432,31095,44471,10235,8943,7845,34488
2977,24695,19042,42594,45272,7911,41572,48635,33154,20393,6617,15415,17356,42280,20412,25047,49121,36929,15181,23946,38917,45227,32393,37722,24310,2166,47646,8707,17486,46644
14452,21871,27370,13859,35662,40797,48317,3848,34962,8750,4862,17899,49163,47218,22695,12156,45255,36159,19117,68,36861,19051,2122,42527,30091,41509,39624,20097,25553,21973
25904,27385,16099,46035,48990,9962,39483,48110,37603,10396,30655,42271,23378,5389,3913,14779,1107,8008,5115,7447,4709,26827,49729,25664,30488,7810,28683,16651,24697,14586
39278,17414,10364,38913,36680,39033,31895,41431,18206,22455,42379,9711,39926,33092,45909,32992,42212,705,42648,26258,6604,10769,5548,19983,15016,45581,9393,39686,4746,35843
3591,21977,35909,4222,13099,29533,3112,37051,47531,46712,2719,29024,3082,2464,15536,33628,25384,6609,33776,33179,3883,37358,30556,49351,5211,39114,9139,4139,45684,42902
504,28995,1232,39114,38608,24813,14046,31939,12504,40243,30781,10178,14441,26165,16783,10963,2218,25649,39550,1870,46595,41006,25866,17215,34431,16961,41424,16090,27457,30904
13398,49409,37458,37536,22407,38101,46645,18988,18120,238,23586,32254,13893,37359,11643,18527,45683,10704,22693,36298,38680,25295,27237,12340,28979,16986,30997,16449,23768,39085
19754,521,27846,21555,3019,22018,35608,29797,28506,38978,19142,15590,11807,20476,38601,40421,30481,25819,49645,14115,1665,47962,31958,44218,20434,28454,5586,12585,3271,2282
13844,46671,27659,21274,16134,13253,42209,31569,48934,24411,21814,47844,14327,34812,24724,3434,41069,26499,40475,27274,38783,45769,754,7130,1157,36806,7404,21388,37974,43386
8994,38777,14384,17938,1740,16894,48876,25712,43192,38457,29723,47490,46697,11205,28122,33143,41620,16752,49051,4769,16110,42715,12009,2989,39601,1541,5395,13178,25054,29867
16746,35687,16524,1593,4339,17981,13850,23890,29750,10006,29607,6805,21545,34327,10882,49120,30312,9413,31442,15350,28422,31362,17424,7046,41021,29722,41032,31023,42981,11531
18970,45082,48123,1183,18682,44066,21886,44300,34398,11115,30705,19443,49914,48646,14176,3048,49358,14577,6681,25025,19263,29172,19999,17964,721,27860,22020,21366,14102,27897
21504,32864,31255,25793,16021,29990,39325,4579,43750,1877,42802,24138,21324,1356,3240,10197,4947,42971,11795,3021,15707,49788,2477,48738,41124,24966,41173,40180,16178,8317
7864,39397,48802,41691,27011,16382,15367,15281,46728,23834,26168,25374,44253,38457,19814,20647,1377,4925,31005,8486,33027,24308,45613,42123,29316,47659,44512,36087,32277,40456
507,1203,21788,3242,48701,31602,7540,45822,11190,11137,36788,4089,23693,33112,48716,34913,27560,28498,9822,4366,25861,11193,19429,33051,1423,35258,15858,28824,33981,655
32597,43826,41226,13248,22555,11626,2306,16106,31203,9202,26987,33231,11647,22102,43473,40031,11018,47419,45315,41008,44260,24611,4730,32407,18992,2275,169,43363,20283,37014
48957,10645,41723,12075,29810,37634,45108,47865,47558,37299,3722,9453,41281,1716,39190,11882,41500,520,43038,3675,48837,48421,21666,16288,10490,22027,11598,17464,48405,10548
28224,41426,44649,40858,10692,26824,44820,22932,26618,18538,22206,28072,46992,3308,18686,35023,867,39658,12552,15991,17703,28974,16667,12470,46359,9034,36586,43576,23262,8679
11515,49097,6498,9603,47898,25458,21547,11545,33636,46747,28530,759,20738,46786,26070,18715,29639,5257,48434,30120,11505,5550,29003,6745,702,47863,46897,32779,10576,37615
8467,27190,47457,49002,36779,12996,47003,20249,41767,47082,40821,14694,49509,38680,44291,5403,23437,17486,46332,17853,9688,17890,21682,43082,48382,19442,32982,11101,43440,8686
24918,44401,45635,9236,24145,2307,15546,35563,48501,29037,25107,45869,21084,4981,8863,24207,11443,22889,46998,9683,33066,24935,18122,40268,32932,43462,32146,2640,12612,14648
34904,40567,17765,386,35833,21206,47854,1366,44811,42925,22156,23976,24562,33289,33891,32500,30097,47362,1636,29902,23961,35156,40702,39741,17848,1269,42424,21876,14392,39226
46116,14840,27345,39582,20258,2915,25795,31752,44672,15633,44579,2347,2171,49030,3300,904,2591,27331,8170,29174,34934,48756,40351,30521,21286,45487,43929,23015,39271,14811
15081,25276,1340,5715,9744,15418,35890,44909,41201,5487,8967,44429,49977,45731,38557,26283,18298,19235,32509,1506,17933,34375,16395,2337,37925,36442,48240,6526,20284,23453
32786,44604,16491,20115,19980,4419,47817,16926,4610,22665,20179,32696,15039,33757,6321,47575,17525,45370,48971,42071,16247,45916,14593,14678,1163,14673,31631,24055,41892,37208
36617,32214,39209,1242,26085,7634,14472,41237,38816,9388,14182,9171,40015,46037,21103,35884,15415,33605,4127,47999,24196,36124,46879,48119,27072,39434,34959,362,1829,22305
43782,48862,4759,43257,16910,17943,29548,2308,40161,48829,38919,2657,12441,26907,16356,48538,31730,39309,30040,25917,17167,4325,35795,5437,3001,16439,3390,12528,17266,32264
23211,39680,14045,11667,30865,15693,246,49433,31173,48340,42644,26280,45699,32159,35424,2350,15479,34393,16602,11277,27136,4211,46182,44288,41365,33002,6293,9977,36528,7263
4724,26782,42864,15538,28744,31597,27890,10011,12575,18941,10771,37588,29694,34300,29609,34640,33883,11919,14957,4126,34599,4148,7895,7,28336,11467,49645,30944,5778,28783
26023,20916,40236,20238,44571,28916,1166,15944,28416,4601,11876,28850,13086,27266,21988,1681,24382,39639,44274,8272,36711,9388,5362,20620,8698,16778,24615,15387,20903,2037
48631,15405,21321,13737,35232,49536,40156,17080,18453,41145,19999,6254,4303,23314,47879,37934,26968,48949,4614,42359,8807,20673,6280,28620,2815,33295,31454,44100,30041,137
2773,46359,12166,31441,21089,9163,13335,354,48108,5979,22496,26168,46323,40100,2704,14049,2877,9561,43868,8840,3047,40540,43598,35982,23308,34899,25280,36650,1555,46108
28589,45464,38741,33645,19149,40587,47059,22555,23332,24476,21317,2480,11961,15552,42878,7024,1303,9528,7843,6909,1345,3154,37077,16771,1369,23200,12292,16221,48474,39175
1229,33219,41825,33480,17935,6292,20272,11156,22793,23310,33309,23789,279,22824,32992,17647,31648,45196,31276,40009,29489,36352,24557,20839,13180,8227,33701,46200,38602,20190
30131,46672,25634,18089,39965,45949,13289,44835,32972,12442,8299,2484,46317,29396,16141,28982,37409,3308,11089,6823,25236,16493,46829,33292,37081,48155,15537,46274,6647,14427
5103,30906,49022,43759,1370,542,28299,1250,12583,19520,35450,44651,26508,41980,16228,23697,23412,12957,13099,24797,35390,1284,6687,13654,39466,3200,1790,49935,46427,8836
20517,20616,33105,22140,46391,38446,869,6963,35604,48609,33299,21304,38137,27963,48133,33347,12671,45897,1396,43694,37567,7617,36972,3585,38958,12386,35773,33282,48880,49391
37733,4432,45055,10858,5730,21832,46398,25690,19202,28144,32227,48541,45749,12896,14422,45621,8922,47071,19730,9299,49549,21149,21828,46297,31835,5687,33276,43834,19539,23828
28134,26629,44640,48689,29483,18590,25599,22929,46171,33106,10836,17689,35542,29475,34571,35755,3553,38044,5289,48366,6872,4681,27837,4520,2906,23333,45138,10714,33669,12515
37579,31056,46964,4791,27108,37376,28956,30619,23443,40525,12586,38212,13989,11068,15174,12025,21631,18904,4728,40274,35348,22113,2367,34578,54,31723,22456,42807,47046,46382
26505,36119,44196,42592,34382,2625,43974,5119,28298,32420,36632,2761,24163,36609,22171,3225,45746,37949,25296,17354,19793,44245,35413,31871,32906,47735,32085,48545,39733,41653
46498,42898,22823,27057,33039,17356,43158,32775,47522,21641,23476,49391,36271,23118,7875,16966,23971,17750,23296,21592,12114,2776,42693,34172,40712,24355,13538,24294,31206,13252
41953,6910,15976,47723,26226,24531,22050,13561,32833,33249,41813,42196,45728,42450,30408,25894,29850,39578,10829,20600,35573,2485,3309,43727,46252,41976,39708,26700,30747,30690
27374,18777,5463,17165,15894,24420,48297,4740,25678,13593,43227,17134,40414,39199,40444,11597,25756,12501,25708,13650,45297,2145,28497,48146,44421,18908,6181,28390,38874,42309
18974,38379,2935,26298,36416,23925,16167,27689,5267,30419,21829,9437,2127,21558,13336,16989,35370,45102,34826,26083,17455,37975,24642,45473,14056,40278,4802,18241,37234,9623
7549,40110,27235,49958,13664,10357,474,36071,23308,39137,47098,33026,45408,9750,26090,41018,34705,32225,694,45517,32276,9950,29432,429,20924,34265,47004,21038,43421,36886
26545,28364,18989,92,15038,5764,45759,45548,40512,33885,22193,33606,18372,30266,38049,1088,31108,4794,39054,10596,12964,35746,38428,33441,37154,39946,45726,3519,2112,22733
1367,38858,46151,34625,43082,49026,7092,37787,35301,3680,20852,31422,38173,17356,13826,33061,28434,40641,24087,39922,46072,31504,30374,39178,43709,9643,21074,724,13069,18244
21285,36273,43852,27968,43496,16848,24972,38855,7897,10371,3297,38089,36522,7720,1962,19309,41311,36284,28019,47927,29329,24923,48713,26857,25566,9178,14030,18625,10465,21502
11264,35882,27615,37637,8573,5888,19754,33449,12867,26886,2068,22467,30027,41186,36365,1965,48628,49704,39933,41919,5490,32659,30561,37742,35151,44760,41136,16187,29220,29922
40510,30115,32621,12801,9325,31621,29970,41308,9941,38081,47108,8437,16314,34349,34785,32081,41600,46531,279,46688,49995,17799,13015,48296,27453,17633,6040,3006,38905,25034
30153,16604,18622,31569,15863,35140,23455,48435,32996,19048,21368,403,32242,40622,36746,39190,24773,14259,23999,4691,5573,12475,32668,38707,13940,26054,33047,46227,33625,33024
45195,17449,39070,31686,18440,33161,24282,30675,10421,24766,9035,17651,16476,10055,29117,20357,14746,13703,30364,37247,44900,10679,32870,10854,24802,17166,20118,25211,47933,39313
23715,30660,43735,10773,7551,30599,35241,16629,20036,14900,2042,30617,21565,22910,34259,5283,41968,2460,49650,6601,2055,23581,48292,27286,47413,21596,32454,19371,1243,28434
5776,19547,130,561,43354,43720,10422,30301,28027,49570,8285,12908,47017,40218,3094,13761,49205,49617,13685,15421,6632,23444,19103,28286,34289,41102,20421,7297,24678,48659
28621,7745,34844,34808,49899,22331,6519,33210,15216,18723,3057,38368,198,44894,333,36896,47616,47995,7804,6998,1227,11327,19957,27292,36871,4997,49990,1597,3503,45096
6938,16769,2515,3866,8865,39675,22968,16473,29803,688,46907,36751,42295,33456,25945,43434,31987,14078,46911,36618,41042,20482,33236,11846,26771,38010,2755,33679,27924,8657
15946,26016,7044,13493,3993,25369,39161,19650,7455,49547,1535,27990,9303,12565,5393,45688,1163,46659,37446,14109,7343,12538,39579,15011,18263,44078,11635,13073,24654,42767
28553,31515,32158,43999,14988,10676,317,22086,29410,2165,10551,16340,25279,16053,10960,46317,4199,26306,45371,41879,38416,16239,16044,1808,9291,50,713,20962,11425,3545
38593,22360,3722,18628,49835,19335,1934,18717,8608,47416,8006,29482,45127,17779,440,25787,44985,14417,5999,34438,38751,13399,952,17374,23757,27714,47821,4781,45575,23756
26244,39818,776,30607,4745,7909,42347,20853,19122,12774,37121,36591,28295,23413,36938,47668,12373,24327,12589,39856,14308,37646,36818,43158,30689,28834,34343,40055,9882,45085
34339,12674,7983,48248,6714,29185,16930,28160,34711,38499,1313,2478,32303,21643,30042,14389,26387,40411,9870,44236,11354,37436,14387,13510,15799,3024,49487,18964,39141,30429
5155,20421,49358,4073,38061,27733,2641,6023,19507,11471,4651,198,23131,7724,32200,49586,30464,28997,33461,36016,35968,34243,45653,14978,19533,7777,13021,23161,14664,29516
25937,19719,37344,19806,48171,38299,18131,35292,48250,23319,32952,8372,26115,26834,23842,46624,12418,19293,23466,3401,37294,1420,30095,32109,18546,27044,5155,16090,15629,19161
20335,4339,852,25566,21866,44292,19205,17705,23953,46803,48021,36685,38269,13856,250,9236,3749,48893,29418,49617,39429,49711,6057,12937,16887,4708,12932,47620,39849,4953
48878,39830,30463,7690,38836,17362,40128,23333,38756,7722,11684,939,49364,29990,30745,38657,46718,32471,47594,11697,4597,23158,36200,33476,18782,2126,9263,16373,38544,29851
22251,6204,3329,29657,35942,16331,34450,20724,10047,16788,48458,31075,18016,14162,40983,318,49322,381,1933,14576,43127,47193,23609,17152,14171,38051,41454,29857,3627,10479
14521,10484,15393,14900,48051,47268,38783,5338,898,2403,32140,30912,16829,34357,4262,16452,827,13474,9388,33706,47610,48336,29467,13941,35665,3660,19953,46491,10183,17559
21828,42397,43353,20984,25890,15795,38810,32653,26597,8642,41951,10401,42656,31600,6417,29385,4804,45851,37743,40259,8772,48415,31888,35958,14694,45109,32007,39334,21813,7236
11019,41447,42673,38734,3969,49919,43270,31388,40748,29213,28407,11671,33227,37954,18538,7201,22280,46816,30186,36827,4366,48833,14449,17902,28121,20686,24542,49970,46241,28707
5006,13526,13247,16262,21039,3022,16364,4063,13075,16742,44120,47902,22372,36910,14294,49286,4631,4840,29593,27757,49888,33056,36876,13481,26429,4583,37079,44755,4024,32248
33456,1917,11584,41937,31381,10280,13496,39993,15171,3030,21697,9640,48148,40337,49857,27546,39966,18715,44185,32593,32199,6273,28617,4524,46493,42807,10187,30906,28760,7551
41500,30790,9115,14168,9783,2182,19082,43583,27396,45213,47393,32161,17163,3978,37377,14575,36746,30334,18523,22578,35799,26186,32854,38268,26933,20200,29551,44970,27606,38475
7473,10642,32869,42669,36177,19987,21914,29403,8055,23674,1014,30195,4917,39712,32240,46377,18664,10073,19935,11035,23134,26368,15294,33834,16210,14168,17434,2071,28186,24163
34774,25291,13081,47413,32947,42388,16337,14675,36505,41903,34425,10284,15699,13561,37419,40467,13966,28292,30573,38806,41970,17884,40289,42573,28529,9627,5795,16873,33987,29279
33421,38244,26217,8062,12633,27491,5708,25959,2175,1404,9426,12889,16501,24646,25264,33893,15612,43977,5038,1698,31494,42888,3250,20017,45751,39111,14139,43896,19152,3304
12708,9552,23312,33626,3646,32420,38778,22542,35216,1096,31302,6350,30871,38244,1325,30024,13890,20376,10228,35745,345,16872,33124,23688,47655,33303,42250,46476,14997,28133
22897,23908,47040,47939,18861,16223,19701,34397,38677,46319,1607,47376,11659,14184,37611,28960,29587,14211,26191,311,8182,7118,28538,22864,48079,39401,25648,11481,49722,2284
23010,21907,31567,10560,39622,13892,31746,27782,21930,219,42042,38437,10496,14460,44573,20751,37634,49282,12296,40575,462,14292,5031,44971,36560,47752,26682,38542,39899,14888
47670,16037,37388,40562,25355,3697,41675,44170,13143,20586,27548,38377,18951,44290,8072,4457,2121,25050,12649,5008,17725,26485,33543,29832,26452,49764,47513,20663,7051,9057
42300,27468,6628,4160,33844,45446,10390,38943,30706,935,33655,8029,21970,37394,1767,30211,45614,8462,6347,12363,29975,3058,33694,40833,6347,14041,24813,4873,39108,48967
9680,24099,18592,44014,8177,17856,9428,8536,39444,44719,49247,48806,7619,6420,49328,21632,25021,23187,29474,3888,48304,23508,9259,34554,37758,17021,17589,30335,31009,18405
15485,47838,22902,19940,2933,38006,31419,11938,31047,15445,11187,25525,10748,8653,14702,47615,47923,46495,20494,916,20013,17694,21683,29443,15654,17463,9568,36220,28980,37842
6738,6389,50000,9584,41223,38113,12548,15252,39999,24454,37552,22751,16491,47502,39981,35244,11581,24034,18665,38813,12309,45843,23754,34156,20409,38194,7493,36497,49914,26620
9598,18968,48991,26915,16468,13938,29159,23107,20013,47245,8296,29752,15941,26251,34158,33631,29217,28701,43186,48446,15647,42607,10125,6042,33896,21106,33411,13058,32786,4100
16776,2179,46155,4198,40788,33771,13005,5704,49337,28055,25922,47160,26818,6544,49685,36109,24987,5539,26495,49679,47263,26529,23775,38751,48125,31787,14293,31920,46983,43580
12929,45670,20075,4446,35520,2518,32056,43747,9060,8169,10298,47088,8588,21864,20086,40008,9237,20792,27787,28408,30153,2547,44044,45504,9256,14390,36977,21041,40629,43607
11371,17315,39598,48516,42342,21077,11017,7127,22720,4727,14734,25270,24719,30880,17316,7510,26686,13746,26014,34343,9115,38644,18124,6310,42076,35884,49509,25710,8647,17149
39479,24626,21585,46479,31581,17956,32103,24097,21315,39023,4753,47237,2353,38358,4378,2738,25995,36569,20161,16520,17312,42757,18260,38434,35453,48693,6817,47806,22261,14563
10019,19670,13574,8890,47527,8736,43377,21155,41496,20190,27428,44132,39227,32495,45545,19014,49697,34925,31142,7158,33574,25941,29906,29252,45549,33110,33257,20175,22322,5221
49822,17256,47684,10309,11861,27279,11028,32182,22854,6344,12258,23192,8961,3509,17195,47388,41312,23650,17983,27420,32060,38478,32731,34594,32190,46113,42736,45998,20427,33667
49752,36956,12594,20014,13235,7856,36019,34385,47972,11392,36869,41449,27557,18352,30601,45923,9102,27426,30224,42472,20053,13595,29867,49467,31731,43995,5533,13779,9689,26155
42960,24662,15426,9501,40458,7569,29093,13906,33779,26615,42492,21429,44841,44513,27255,32823,41593,19391,47696,1138,11451,16684,9904,18431,34349,14706,185,671,47592,6655
4939,27432,43318,32290,39267,14961,18613,842,14935,43836,28576,43343,29357,45205,5652,34767,37750,33061,34920,22942,1735,32325,35299,8012,39553,7722,1236,838,23520,46064
11610,8768,27129,13480,1772,34755,669,27028,41436,48874,14376,28959,43658,31550,29854,38864,21439,4845,36572,7946,24370,2040,37564,15638,11690,42674,25482,13698,9219,41544
41154,17949,34722,21396,16837,11751,20662,47190,16730,19808,17461,11722,43476,19572,36702,46377,24992,34095,10975,11231,15845,29430,28586,48963,38426,25802,4152,4542,13116,19756
32383,24722,7670,20973,38976,45675,18805,27568,7672,6204,46873,5163,13065,30681,5807,6465,15611,1061,46411,48308,47683,29427,14700,6037,17865,46319,32247,315,42103,19656
30406,29621,36900,38377,8111,47595,28916,14621,3663,42506,659,43625,37183,15073,38176,24472,25042,48649,32873,41157,255,23165,39246,48859,49584,18429,49080,47604,629,3523
49444,5971,31027,17899,1583,40009,22339,1270,49000,2821,20816,7878,42072,32409,45478,30843,39649,29699,43993,27547,37761,21946,20991,42781,8164,17476,16778,2303,43475,8874
36945,16350,5529,17052,9030,49290,24345,48462,25794,42072,3433,14208,22822,27265,25304,24467,14954,346,10161,46757,36440,13000,19937,46326,41579,10339,48893,12422,36724,37411
49800,10378,18616,96,2187,11896,9844,11054,36977,40214,42521,38445,41885,32880,47356,42137,46584,47008,37192,21405,5754,37297,26845,16843,36937,39905,2053,34986,44819,9005
37977,26136,2892,21824,22692,39510,20378,33122,11874,5777,10119,47827,46761,48425,25068,5035,14946,40492,37219,22612,33338,24906,41789,35105,34007,6139,49000,19986,547,47595
29420,17817,36517,22853,30460,7295,22121,23594,34297,19058,6616,13511,26521,17119,11012,29398,31853,35664,1547,13958,38938,25225,23950,25214,11178,20327,45413,49178,49902,26803
44639,30639,37003,12262,42106,25653,28997,22018,44364,39169,36187,29973,37057,26269,47705,28195,3080,48673,9663,26686,15155,15830,28622,17666,40748,17162,19804,17373,3158,1059
36995,18708,28331,39512,17535,21223,48095,15764,40068,43501,10828,12386,23675,48263,44103,29591,48755,28972,22982,19242,38198,36076,22418,39666,25102,5759,46377,44149,48436,49926
42140,13506,43916,35888,25113,17584,44154,15926,6969,20547,29352,9132,37821,799,48002,4740,13731,9704,3639,47506,25601,45455,14135,14748,31981,20448,20435,24996,46271,44028
41635,13226,9100,27634,10575,459,10437,44113,39380,17119,22529,15114,36862,38871,5707,42427,31790,6855,32637,34069,13728,49123,35515,48568,19227,7744,38581,27641,2126,25648
40929,35701,13158,45599,633,45174,7966,4817,21898,27699,11510,13876,37593,49373,42663,35603,9735,45062,46559,17567,15440,37614,4223,38119,26471,9714,868,34992,28285,26604
21182,19328,3851,47274,9618,45349,34748,28404,16427,35996,36762,16259,17080,14429,39732,48923,35763,4452,11672,27814,1868,48783,26263,46633,3036,3994,25838,6216,9579,40576
41106,36217,18950,17011,47778,32794,8326,14709,12398,882,45494,33811,38582,3041,32395,10144,10316,22189,36139,26729,1532,22676,47644,40379,47856,23993,40933,17828,29277,36669
20719,44821,21154,12939,1533,35063,3447,35268,8179,25321,33542,44899,40659,11315,21860,42591,48552,45876,36015,20793,16602,49370,31619,1690,2606,23640,17369,44178,28618,15695
9894,45846,18623,1854,47709,17891,22187,32435,5321,16258,26988,31159,35280,44408,18195,1322,10246,9106,4117,28486,9942,42677,24290,31769,21853,5013,44856,24600,6230,14677
28821,12225,34354,33289,32049,47206,30050,25435,9869,11237,845,16744,26467,1058,41127,702,27596,20678,35142,16129,45665,45351,30062,11958,19171,12346,47649,38257,823,40905
4476,9713,29359,28910,16994,11590,49330,30367,45140,48320,7660,43272,3317,7950,49273,15238,41698,17532,108,9388,12698,29126,33252,6673,46017,33626,21004,6272,12063,7771
30732,31395,40108,47609,41322,33439,37530,485,5944,43361,8811,40315,43250,41324,1180,37994,44594,41081,17516,5364,2126,37645,23784,17494,24628,39708,44415,12368,8698,42433
28981,39168,22539,24424,47947,561,30409,22807,48187,5255,26741,6703,6659,37158,5134,44226,40322,25065,38488,27830,5432,4106,8727,20788,44242,43369,44756,15386,3838,31417
41379,29646,20434,30485,38930,41286,8926,30476,48536,33479,30447,18992,16660,14258,38881,42532,47576,17966,34337,6091,42743,29611,17980,41675,43895,18619,139,12016,43852,11327
19846,23190,429,42621,44951,33761,20870,19492,41383,19636,23338,21992,29018,45896,43817,49820,5302,14982,16784,3308,26690,28947,42624,27673,24721,30505,16257,23767,29395,40652
18002,7540,45734,11360,31021,38556,2404,37039,42665,28624,16380,2087,43776,48322,16429,29494,13565,8891,10410,39435,18524,14742,24377,37666,33722,32779,48138,16700,23729,83
38760,44598,49293,38737,4937,20143,21780,2150,37863,18078,30963,1392,45001,6783,20849,8579,9283,40812,45260,46753,35816,30378,27593,25805,21354,21860,48163,16781,10619,34145
3682,38316,35051,26741,43791,37615,43143,43775,13623,6585,23699,3955,49481,40628,36293,17581,28288,31449,43605,22508,35683,28376,279,46514,1935,44323,46055,22983,41603,44692
23065,25864,38814,4340,15223,19498,33948,11331,5110,13628,10505,31243,45163,49532,39962,44902,35465,14497,14136,47554,23654,557,34416,36479,2941,45398,24945,8014,30498,5103
33249,35981,3138,28207,30190,43998,2310,38672,39213,2866,13719,22316,49476,34974,5504,11956,46685,531,3674,15935,6516,18757,43252,37768,14612,49066,40325,10935,12510,16244
4863,31607,36427,13242,36599,26851,11538,31936,42659,31242,15247,14318,17516,37078,13672,12074,16690,27805,27174,15389,22693,43398,46802,20796,31546,6224,13980,21661,31324,21661
20343,43432,22436,18735,48372,37742,20727,16726,38106,40998,12771,20678,14631,33433,48584,13187,33787,36890,36579,48283,47705,4223,33790,15068,30246,8173,2456,9940,27182,2161
30261,7678,45239,21114,17248,38258,5839,13241,2325,45280,395,15894,20234,14120,28421,29737,48410,34497,48968,48404,45005,30301,4819,48835,23354,49897,21039,40782,32370,2784
29617,38155,2857,26301,7490,24549,6897,1091,32146,37257,45739,42552,9472,4537,9918,12226,13689,43392,34235,136,20030,10665,29639,43817,47778,40207,17330,13293,6711,35918
2465,14531,16302,37246,18845,21668,42699,2795,18058,13793,10480,29343,13950,35839,44470,45063,33337,1463,29167,12091,14693,6751,1818,11821,21406,16398,32416,16119,45889,7099
3729,26025,31684,49538,7056,16015,13743,49066,16108,2272,46375,10221,35496,45992,4096,3656,18617,21405,3048,17633,43905,12961,20032,25978,33819,29020,38108,37521,5686,30490
24166,22697,34225,4946,43711,18457,16949,32090,19667,20124,1973,25073,8945,36851,49910,7349,22743,7250,31457,6880,10458,46433,37920,26,27778,9699,10764,23662,12748,6742
18814,27131,32303,17140,18100,14024,45175,16871,18626,43125,38474,32230,15104,11967,21159,9735,17371,46799,41730,34060,6021,38990,20231,41857,37928,26803,36808,24364,35360,41449
5029,30939,3944,26163,14911,44615,17098,8474,35442,16862,877,4939,35268,8280,39946,9218,46736,37556,10859,47392,33294,26002,47249,9646,31189,24642,25029,33846,25594,45289
42249,34265,22582,43222,4104,45232,7226,8532,45115,27682,43913,27950,34726,8211,18310,25765,49941,3851,1923,4377,382,5750,18566,19017,15521,46761,16768,35607,4029,40809
5918,30022,30495,13624,14671,22078,4939,7347,18091,36604,43136,30126,48834,25356,32420,22825,7579,529,37645,42555,31621,20864,10396,6039,24576,11427,28095,5755,5058,28121
40306,26078,39242,18601,39744,26437,18571,41433,7701,10160,25217,13573,33145,10751,37064,39283,33419,14830,10836,3864,10092,15692,45547,36641,44136,17874,42120,25610,31155,6291
38934,14527,30916,14854,32656,45799,28087,13819,28047,5167,48769,17670,39727,42201,42407,11,36812,31892,2922,15507,6195,43620,38714,11155,26650,23166,32579,7134,421,10491
33232,41524,16593,43313,48532,24374,40098,21669,49732,17151,20787,11939,44005,27450,48175,12956,27989,12087,13202,21402,9540,7048,13722,30805,9534,48536,40811,30928,46520,16697
25198,18290,4736,37473,8058,44894,37698,26937,5036,10815,17198,21215,4676,43601,30391,17889,33683,46848,21139,7567,23883,22732,15230,31511,25525,24349,15756,15235,37070,36981
30325,35989,15087,5117,19773,48452,24774,18785,47668,12822,48897,11477,17466,23782,3827,5553,14242,20049,6993,4073,37616,15088,13986,10802,43564,20939,47643,3515,30362,49914
38033,28536,30049,43833,35321,13869,36737,28272,19340,11530,19706,24697,19890,18123,21825,24000,35355,46801,3823,32627,11125,32537,26503,21956,42352,49773,6102,24667,39618,31098
36328,10506,5979,18582,16177,8961,36031,9050,27160,12130,27206,42229,38696,39224,40612,11326,9007,25413,35454,2526,20594,47318,31372,28266,39339,12473,14832,15062,15160,34941
48426,5435,37312,1802,37167,49965,32529,3080,23275,48836,35197,45117,48571,5529,5471,10135,44677,21148,32235,4600,47273,8839,39002,12136,24901,6672,45922,32742,35027,1078
2689,18104,1010,41913,21931,23257,23017,48786,40131,11039,34333,21812,26151,1595,26880,29616,37697,26799,15082,3075,4615,14187,25160,1546,42357,32233,25981,27407,16639,22256
29474,43624,44149,11062,24867,33680,9562,38769,34815,41657,15422,2808,49335,7880,14609,31012,39707,31034,18056,23336,40593,8244,24909,44050,35262,3071,29903,2384,6824,29418
37465,25094,8911,41652,46061,1900,40196,21048,23622,38881,21919,24098,10960,49564,19821,24756,38466,35447,49019,8648,575,43221,12107,33623,7662,30031,21338,48754,23300,13447
42719,10501,30252,47913,18083,30426,37210,30846,13330,44800,17520,39199,40870,47616,35893,12337,29455,46901,21308,28167,7712,10991,46403,19777,24840,33190,44816,35358,28208,23572
12337,30752,47336,49444,39087,9709,49479,27193,40116,23622,25940,16451,21761,32717,40790,39867,32968,4856,2716,21831,15038,28064,28491,27354,5163,828,4492,25452,11668,25294
21072,9578,393,34075,22868,35780,9415,41035,40267,42869,32256,47371,21905,38591,16869,24204,3846,25242,3786,16908,42091,46947,40356,38676,23541,1271,10108,33864,43221,36785
39650,40856,48541,45899,16058,23057,9535,40074,33064,45467,22439,38704,25244,21303,23643,17135,22412,837,31176,8225,31402,24919,47058,48490,32355,22994,20711,33806,11542,30908
31171,21014,13510,27521,24139,25930,983,23980,18201,25206,27688,10783,18005,25912,42545,25514,21007,11414,26773,898,28207,7964,17180,6907,11556,23727,39712,42306,45947,28449
32858,33098,2679,22989,24819,5863,35613,28907,6125,37097,47440,43586,15451,33401,32021,22429,8803,41029,6455,12918,9261,11250,40053,33592,915,32513,26867,24479,19139,35963
9887,30824,41615,32889,38994,5640,14580,4030,48718,23266,45653,32762,35593,34929,30534,13328,19580,34045,32565,45799,7166,7951,43537,7286,27729,21276,41818,25019,43550,31541
4055,23461,18921,2729,15164,4831,3681,38715,9517,34859,135,22988,12091,28331,12117,34896,43966,47789,44724,33561,30471,49680,15271,24982,33596,42469,15708,21716,4201,19063
29526,24836,27836,43463,32351,36381,42461,10001,1453,23494,21393,34716,38208,32134,12140,14226,30317,18886,27278,12381,38265,2282,14128,3949,44187,34408,27060,26116,43748,6906
6784,45780,27203,29496,18583,27504,26687,35367,31470,10064,18808,47971,15096,23714,32745,5741,429,20086,17980,38995,29624,44240,24398,29970,35759,30133,47529,29216,31382,10621
22508,37103,371,4491,34540,33049,32552,44436,10353,10284,31153,35447,45469,28707,31555,35600,5237,37373,11589,40685,37855,20807,35282,11298,35587,38695,40254,31806,23843,23068
46814,23210,17060,21910,10324,10100,39707,37543,34061,45269,717,15895,35758,37838,15554,26440,1392,19307,2667,44318,12488,10935,27770,5229,28521,25528,11462,43258,8821,40139
5527,49882,14518,19687,9921,43874,19821,35256,34401,341,16175,20827,47080,20935,42666,39171,26122,23504,46615,18950,20378,15609,38144,14398,41355,6926,48814,36535,6567,46553
33067,7550,46205,17848,31492,12138,27127,16207,47602,27430,35280,48251,25311,11442,16197,14544,5991,40817,16348,22593,41239,23906,24248,900,38898,1877,31801,45545,4108,49917
42345,22133,28815,35041,34519,11034,42218,27469,18212,26888,35696,45483,11851,34491,46430,32684,41541,28404,43543,44386,36114,26030,35431,19031,20139,46953,24265,41898,23180,33413
11309,18865,44398,39866,4403,29692,49581,47240,32049,45268,34032,21877,25981,25059,5954,17756,3274,48324,48532,14394,41454,32848,45088,32049,39123,1446,30420,26356,34613,9694
2566,23157,11616,29583,43879,4543,45323,4584,27954,42206,33238,48406,48282,22616,38441,48397,30623,15799,13390,35041,23211,43958,5270,46146,26905,35513,2972,2808,28557,3556
16237,12801,27886,10450,9895,13997,26956,27915,38849,19907,6485,45786,39599,14237,39936,31270,14787,280,27940,15013,46907,40592,2651,30901,1424,38220,40459,34544,25025,30943
46375,49157,43678,41351,21556,24016,44991,34696,40976,10788,37097,46857,23959,1133,7871,10319,41102,11135,36814,17934,24670,6135,41339,23535,11084,13699,46313,16797,49426,1178
28689,37309,30373,26541,4895,44218,42233,44681,34639,9722,18602,1270,9013,36564,7197,49256,33607,32651,6015,35784,17488,16967,3013,6583,35685,42283,35882,17229,12324,22135
28798,5526,11182,5614,13509,25092,39324,40790,42659,42317,15982,36739,34758,42256,11906,2210,41210,12241,21368,28941,17168,9739,29586,33811,18624,32616,1143,43944,15390,21016
34346,36206,18975,15152,13508,12620,10311,44835,18419,41319,46516,33830,7986,43482,9892,49946,17037,11828,33103,12563,2500,1672,40067,24184,9691,25492,40355,19578,3459,10534
34259,30279,27351,42538,41198,32615,25423,4702,15515,6996,34621,30133,6758,6806,3129,36933,46317,3926,35198,45873,37647,11325,2297,19589,40159,35095,23609,12246,28255,22183
39965,14192,9095,42638,27511,45891,19355,27880,31465,11729,13735,41176,20987,26221,11002,21554,24977,29130,16904,19174,13151,14115,20279,20780,13032,26560,26367,21437,16176,23344
10404,7379,41179,2805,22616,4620,41859,43148,18175,34141,37945,7883,12848,48452,45262,32300,42070,49674,46545,114,44782,25972,44765,19632,815,48983,3222,20933,32052,21944
23849,1704,26069,41558,20015,41156,29732,33225,26406,45112,22828,2336,25360,31670,28635,47474,4363,14421,123,17211,44896,37237,47962,27602,24945,34701,2320,32060,3123,28887
24436,8054,9014,49659,43192,36540,49692,47781,40074,18827,13944,15931,44844,45473,48854,31616,25322,4166,10350,46932,16253,25214,29268,35887,42676,49655,13044,27270,4730,17215
18540,22963,10841,8828,12619,32541,19845,47159,28103,18710,7211,23427,28293,38011,48387,47668,4517,21889,40512,9693,19792,29408,37166,37127,41479,36589,37328,20344,3889,3026
25390,36926,42823,45297,47691,13010,917,17723,17368,40726,4003,19839,24470,11689,9440,5692,46893,27386,34493,48434,46649,7785,41210,13660,3530,34613,10599,37270,6218,6171
26790,18215,46799,43016,39880,3683,36767,29567,49099,4039,45417,8356,19003,16583,36674,45427,8761,32087,29960,44454,15865,24631,36073,33421,45671,4785,20259,20809,23274,48086
22176,13310,47101,11480,3360,1313,4423,47516,9127,19309,6923,20895,45350,42598,26943,3505,39839,22355,26564,8438,21397,36798,41621,6310,10247,48254,22218,29619,41693,28423
44493,27713,14208,12612,23957,21178,18887,30024,39777,46850,26751,28896,26514,44721,48339,3332,15027,29116,8558,15015,15527,7824,10869,1305,26865,8636,26321,10551,45106,41603
39184,30862,2857,3995,24970,36842,46132,47480,14514,37311,27484,25282,19924,46731,38765,5234,14444,17573,6204,30526,45704,38011,36588,41320,37334,4159,22733,28817,45283,38364
3432,15081,49575,17428,2070,12756,14523,3827,29147,44758,42582,30317,11170,29842,21018,13742,30631,33602,47439,17903,29559,9080,22841,10179,12791,31976,28547,5294,15763,15509
41346,31642,1472,11717,47696,24943,12550,37336,33460,18233,14766,28519,13566,45357,31507,6476,11024,46022,8553,6781,16868,28134,30353,5809,26640,28446,20639,5097,3814,32214
42422,2992,40576,48691,20986,832,44016,7342,33886,15581,23797,26413,31676,19362,20406,25015,12723,5606,14967,5197,45030,45851,40611,48579,29841,6330,47515,40997,33493,21970
21932,7768,20933,44653,10249,9081,21724,21529,39348,38031,33901,23765,15577,25344,8035,15594,27698,34473,34498,22046,27709,30051,580,41016,43075,5364,2370,31398,14652,23346
4320,41778,26555,40481,13778,36444,49728,15244,16861,8469,37015,4955,5541,49352,12594,26581,42083,19016,26963,635,36281,3334,40598,33385,45121,18060,47507,20812,35017,48385
21607,31376,46824,24472,34385,43933,1234,12009,6989,46678,18743,18985,25918,44599,27266,228,2883,23436,25164,13410,12496,3584,22947,6810,40616,13607,12083,46299,7777,25961
6194,32317,3143,38908,10025,25758,40051,39001,12612,29151,48759,25464,37427,36406,35378,45345,21927,42080,35844,33677,38851,33377,45957,31762,36691,25437,13456,40782,45245,46175
36567,30275,18516,47095,43809,24100,12354,31328,39878,12839,43803,27847,19163,11332,34444,1982,47844,9174,34263,5256,779,6686,5848,1815,479,7725,36760,16956,46067,19706
44459,14580,47993,43807,27428,15199,18746,18851,29076,41833,42099,34360,45447,15195,36757,42541,44982,39801,18204,28708,9349,25452,8589,34417,38080,20687,33124,23767,7710,712
25334,34720,29683,44040,34231,7130,29730,20160,38494,10509,39082,34805,49945,36976,19449,38479,33684,14636,11507,42143,13588,15534,12208,5834,4572,12652,27061,11676,4114,25084
18622,7307,29273,9989,6334,16375,25663,28937,10442,45604,9285,28834,22371,48771,14858,27005,2974,24708,32597,47327,26533,27566,23523,15066,5556,17558,28811,6329,31281,32980
16515,6449,13997,37926,5873,13079,28540,11627,31183,14651,11671,45444,854,29703,32061,27026,32619,41308,43517,43438,853,29838,49582,11351,45582,20610,6470,49860,5477,5066
47431,5882,4853,45974,36645,25343,3676,5894,28501,48358,12580,2185,40799,29969,40188,20760,35591,28659,20884,34769,32441,44333,14738,43231,2351,19278,19265,20387,32693,43888
43029,43689,7469,9215,3387,16888,46690,16133,6459,13841,34507,5412,646,21034,26866,551,877,49577,16444,28012,21909,46372,46964,2721,17493,2304,31679,22095,49435,24988
39499,25937,30084,33742,21594,38607,2314,7244,47737,40692,6940,46444,49641,42313,2179,17694,26391,42961,1379,42914,48615,11632,48599,25030,26778,21957,11410,9622,32200,4429
9855,12596,46975,25394,26406,30210,45345,5696,24185,32226,45803,11228,29432,12838,31596,39648,35814,42278,4005,41870,6487,46577,39949,25529,36733,9785,34700,41757,36674,34751
21848,19238,9848,19462,48522,47858,35079,24730,15720,20634,27621,18898,7500,43431,13754,47444,31945,15876,28819,39856,4950,21010,19927,1046,15131,26859,18165,35019,31501,47529
5342,19753,45756,13185,23462,25969,31452,36125,20234,33919,47332,13364,10187,35929,11085,7122,16405,9364,47053,41224,16548,11701,36332,20512,12434,18584,37185,9638,19115,28852
38191,3957,3157,9139,1188,27589,7613,19747,25511,42684,19128,26612,36754,17464,23388,47796,49287,17242,18435,48929,9346,35502,44169,25472,17698,49116,23148,41818,36605,42408
43491,4607,30790,5678,23130,31699,12057,8079,1713,31061,17407,3212,48080,18492,39552,2065,21429,21344,25876,33671,23461,26296,11139,45414,31818,46010,31094,34201,43010,7068
9269,11793,5252,4825,30405,2262,37907,43408,31994,45117,40062,48019,12767,19731,33672,36375,32932,12494,25637,31761,3852,38251,37779,14079,34579,22871,49358,46198,45372,14401
22926,5721,48025,34661,46844,10865,46011,7617,29060,9503,49062,38522,20340,5479,32076,47836,32627,19032,39638,14638,22531,37386,6134,42519,19725,43039,44055,28338,10163,10685
20332,49216,45726,908,6253,10170,3337,39782,25109,13572,40619,1718,32927,29930,41084,45510,38136,39616,44847,13679,27001,5896,11109,12642,48224,31199,25245,38696,39392,36134
42996,5990,18264,26063,15366,12700,20020,13369,18092,1610,39744,39834,6921,40631,27421,19946,2344,10452,36035,15235,19099,12936,34525,4907,34105,25945,10175,36467,28314,35929
45776,5758,7075,16157,44435,23289,26027,2547,22085,7059,40434,34866,579,17098,8508,47165,49870,12455,33458,33800,43603,36288,20976,15456,21046,24831,29898,34458,48344,23075
43394,22293,16762,29274,22041,39047,12473,13345,16476,18787,14928,27824,37944,25619,13910,35705,46067,40384,15497,14317,22953,17827,27552,37300,7597,24001,16180,45262,36241,31855
25688,28230,17576,21463,22676,47358,41476,12792,6385,5012,24572,39474,26875,45043,22849,33705,20030,4930,43300,8788,47041,38314,30746,21944,43433,39379,40243,19964,19304,27799
8451,25496,15929,29728,21356,34883,8991,3397,25331,39373,16652,14114,16090,8203,44291,32687,16083,22673,33699,45098,48280,22331,193,40244,40226,10751,22401,24498,658,42282
38997,16544,36293,26917,40678,22993,14256,26500,28979,23023,1665,14458,236,9230,29323,39409,34343,38562,36330,6662,18477,10513,20164,22961,3842,36392,8130,977,604,37488
46455,20837,24550,43004,3139,9668,1506,3314,5863,12688,20997,33042,25753,34866,38425,48794,40769,17389,35217,41720,13716,17564,34618,21069,16112,27282,8154,13351,26284,28371
5553,29299,31925,18271,10447,45442,14805,26371,29773,1404,36652,4644,40982,43642,39513,11199,25219,35566,29852,23791,24973,45265,14471,12954,13986,48267,38878,11516,32685,14208
20289,37911,44788,31498,28276,3091,27388,30456,13751,2330,38027,18962,41155,48223,39809,9056,43127,31472,16456,24244,12405,31768,41675,34775,16450,34428,11910,6859,21282,11888
36630,13533,6714,13285,34297,42328,4720,5657,23709,34601,18026,42615,9058,18722,5256,12943,5296,21615,18577,30370,4494,25957,35642,37216,31713,9582,7184,42022,47903,25016
24687,34082,613,31706,19751,2385,10168,13765,32177,9867,45078,7308,10005,30064,24516,209,49842,13053,49455,30985,34503,21560,41751,25666,17700,6476,27526,2826,12802,43757
42172,41413,29850,3995,47314,8350,37286,46345,40183,6044,46743,42854,49621,7617,2668,17320,32429,24624,12159,19026,40895,28799,1169,39534,4279,10090,21979,33005,48214,15329
21528,8059,43261,35738,39167,41533,1935,35054,23838,809,44305,30511,28163,29664,41423,10784,3062,42372,19896,33048,17109,16333,17135,4025,4451,23932,22877,49784,2785,19104
8376,1190,25666,34935,45963,12056,43798,18516,24988,12618,31301,41981,29714,48794,36298,28442,47384,5435,26162,45779,14878,7122,31638,37382,5879,9816,7571,47766,46327,3657
43917,1936,31966,24755,11126,11769,15297,34939,25698,15961,44926,7269,41881,11721,3470,2376,36808,4906,26274,18438,16923,24755,14478,7282,10449,1930,41318,31736,47028,42625
46061,23364,43406,35504,3847,3305,18515,2085,47501,11942,33762,45314,20015,30301,44066,25312,27537,26948,43343,18855,16996,11542,42690,45282,12870,13086,22451,41537,19,36872
48417,35684,7526,39753,4419,780,15821,10321,4013,16630,19260,22914,47423,1900,47252,42893,15237,26228,39854,48519,30580,35097,10727,24457,46748,16407,10246,38219,45690,40678
44920,40890,8494,47366,38237,45853,16019,10916,43298,49176,3731,26405,6809,363,40942,42026,41539,14869,11202,36960,47488,19550,31172,33164,26924,2292,42482,32335,23545,32667
34498,21619,44982,43900,38108,23416,49019,38538,38536,10207,49358,20339,23970,47970,28669,29075,22654,29598,15562,8112,18792,7902,7389,43439,45062,22044,19471,3793,27699,49330
6125,1606,2159,12589,18447,13820,17094,19399,2805,26672,33288,5493,38869,15505,16508,30388,23713,14071,27521,20349,29045,11566,31039,36533,32034,49516,27869,47712,2165,5547
42338,18281,12575,34266,44835,1525,6109,32714,5492,34847,22772,32977,26710,18729,5659,13758,48403,9137,48505,14328,10350,7127,16010,32562,40154,25673,44487,8126,14850,25869
43940,32274,36291,8702,17486,33177,34930,18237,5804,4756,48334,22744,26924,48325,34227,48277,40392,19673,43741,36594,36964,17780,3836,33249,37265,3596,28521,48541,32613,35495
27749,49722,48183,40247,14654,8735,22522,38601,46707,15987,7271,21557,26140,31217,48944,7932,8856,22357,18364,28113,41965,34293,31091,31049,23458,6553,9420,31054,28948,4956
33325,20642,10687,44876,13113,1997,4506,38560,39568,47275,22096,33534,39044,44259,44101,48379,24791,1015,48755,39616,574,3727,5236,5616,33549,11121,34142,21910,39778,42299
23713,40615,15980,44429,41678,47904,30469,19654,37703,40717,21777,25573,10406,43311,20883,17410,9531,40120,46537,37732,35575,28179,2708,6000,14978,7382,24764,9566,30291,19911
1195,28497,15184,10687,1735,22511,15371,32231,22868,19199,21643,31071,31010,9491,23295,6785,5392,3109,29323,8584,39576,12951,14314,23416,47203,19496,18833,923,38815,29537
23764,48960,3319,3236,9456,48924,16877,41827,44397,27870,42736,15992,27666,5741,46279,29527,547,40753,21917,42755,46987,25912,31984,41109,17825,48652,17420,47337,48442,31205
20242,35581,11197,20277,27608,16577,42617,49521,48832,37304,7121,36394,21559,10439,34163,44914,48347,48618,33472,3555,14092,30255,24428,41497,7349,6273,22279,47582,41285,22761
11814,10785,39096,20213,490,19789,19590,5617,32765,46986,7547,6169,24042,24692,2515,10579,13014,43281,36604,35944,41937,27590,7492,39180,8073,1180,48611,8178,21689,34717
14038,20050,12034,12646,33626,27158,9272,5698,48654,4036,12049,36921,48306,34984,25433,4809,41465,29297,46005,35372,36694,45139,26555,47143,49831,9314,33347,26129,26615,41618
22396,38774,11308,14535,7045,48700,49303,23143,36828,18359,49824,45640,40324,44149,42391,24489,6038,10925,5732,28278,13324,983,42711,44623,18723,42384,8774,785,24968,45692
31869,31031,30724,26235,5177,9385,13080,5496,8235,11520,35917,30845,14960,40043,11923,839,34160,39922,27929,25326,48917,25602,39710,26957,8318,11868,176,23540,43648,31011
12584,10928,7388,36750,46955,29342,33040,46882,20621,49671,19735,10138,15839,35221,25601,15283,46814,37274,10431,38394,43539,16425,34465,48148,38430,25195,17657,22000,37849,36278
14847,13986,17290,15763,30939,47432,38460,13941,4589,26289,46225,48474,49417,14500,26601,26494,46669,10118,35316,8196,38780,36187,41696,17081,18616,15368,44582,19545,7423,49608
9016,30356,42763,9786,30094,29077,38422,33025,34770,27913,122,43175,5503,27406,31375,31211,13050,21596,27308,9840,21219,34985,37787,991,11924,33474,42072,15766,14590,31284
10155,37102,26162,39003,7778,10566,17451,36688,22002,32617,31643,10822,8225,35735,39322,15875,47655,47807,48218,11456,18125,22972,41405,27933,48317,43216,39374,20130,41123,49606
5058,34914,46194,12952,3108,43503,8803,21655,30330,43927,30582,46482,42885,35585,5227,47994,30609,10149,3875,30253,10755,18701,49961,24042,11350,31316,43452,47203,11926,10632
19386,37467,43831,39271,26037,10477,23617,16914,34674,43614,22771,47417,42247,16983,10687,22618,29579,11269,30194,678,41540,6780,6758,4606,49186,42678,7794,20761,28872,47826
6629,18269,26772,31555,32320,34761,12795,32542,44902,46847,17586,7970,2866,13887,47038,12048,30472,33813,28090,45767,36985,38999,37999,14455,32866,41951,37734,12582,27554,25640
33272,47637,35040,40167,44399,27945,26860,48031,46567,47934,46448,41260,6590,15566,44739,17838,13691,3984,28515,18654,44787,32547,6114,35776,41023,41956,30688,49988,44536,5123
35375,19646,46726,38327,11659,862,1001,2132,908,49012,4636,31553,12037,25017,30029,22101,22218,49853,16190,4294,31032,25755,17733,49246,3095,37440,49428,24090,15245,31315
48408,46618,7928,29081,16111,8421,23543,30462,36283,10432,17895,32724,11783,42025,29166,39790,5203,49893,37457,40906,16477,36028,12695,13894,49646,29827,19102,45926,46679,22127
34507,29096,1045,28156,16163,11899,29237,6125,47363,36938,34711,39151,36832,27763,24407,44286,32197,22620,2894,44750,16194,650,27399,12321,33557,11620,12761,9727,38475,38841
2474,148,40226,28452,27857,32249,3003,49152,12620,48104,5046,48941,7229,769,47570,49435,11508,2390,15425,38562,18410,39005,21674,37651,10531,4898,44856,13874,27482,7997
43381,44987,44632,40070,9100,8304,35329,5914,26663,28475,18916,49181,28478,766,13893,39348,19442,49141,12380,8986,5565,16275,13399,5223,17465,14077,26325,5910,47616,14030
22071,23937,34055,18229,46472,27332,21089,10719,19108,7139,39846,24067,11746,16628,39753,44739,12140,37272,10176,47593,23553,3749,40,44854,40637,1769,30771,14120,31442,43695
40504,29448,2289,13433,33239,24262,49889,40813,37238,19737,21130,45457,47574,28735,28033,12562,26295,23687,18612,21539,8059,38649,36257,4370,24258,36199,9753,33476,28294,10675
8589,35033,44840,5183,42964,1643,5283,42811,38767,8170,44976,18388,46223,25259,22784,12949,26817,48909,9468,42995,24149,42889,43652,11120,10480,15036,23307,25594,5886,10387
39142,24954,42148,3230,23499,562,13892,20383,29073,28289,5313,26491,22660,39191,30879,39453,25276,42803,35613,37569,20417,27666,16683,35545,2282,23230,36281,3584,47860,3723
24689,2208,13355,182,35930,38143,3959,900,17169,37576,17735,24511,40237,39764,14981,12747,47178,7205,33233,9304,14300,29821,10170,34586,38216,15022,28824,4115,23204,29432
10110,10078,12810,10193,2960,30069,24879,37643,42539,39304,47445,12089,20404,41112,16602,26960,27856,40631,34275,41953,16122,14686,8266,34514,24299,28663,21124,47346,47188,22123
10634,22563,8072,30183,30569,13358,30345,1231,28975,45561,41131,48228,8797,22097,22342,7002,5570,27173,3723,36178,12417,43170,37498,43493,8228,34704,36308,2810,17356,10099
11852,34627,23093,26751,7835,19837,8734,13339,13823,36611,36506,26229,43569,20782,15795,25650,630,2885,13941,17328,13445,27010,36579,12438,23226,2220,42400,17181,5561,41206
45407,3567,1624,13316,24064,10999,16108,40727,48167,14372,23339,36378,26798,8929,27368,15164,42989,41811,16217,30576,39765,8570,4486,2332,29070,19745,38972,32786,12006,1049
40943,35121,15654,14614,22622,18296,30428,22699,1513,38986,17417,17198,20825,1471,49704,15205,32034,29388,12373,1927,1985,28913,8285,20613,48486,3445,18188,18658,46196,36696
10849,19396,19373,8558,849,33843,23975,21427,18372,39036,46653,8717,30867,28373,20490,32883,27609,24375,17140,32380,11670,31119,937,27740,41587,19427,46231,25552,109,11413
47264,25279,37435,20483,42087,47471,24159,1286,1452,163,26651,31416,42096,43106,27441,49276,29225,41635,45346,47142,34203,12104,1650,17721,23430,24106,26650,46191,14124,42201
28684,43639,6615,13891,38455,20053,28325,47242,46480,12860,39917,16967,25962,14770,717,27686,10402,28001,31626,9418,1396,37224,14078,47886,22232,9350,2503,46959,8532,25688
2864,931,34370,49977,9639,43056,46783,12031,19262,48237,18274,17458,34001,40758,26139,12602,18519,13250,6224,20279,39639,6303,44535,4994,34017,32759,46067,10006,48955,36752
26927,45801,44894,1946,27794,40029,34998,1932,5848,12317,28257,39300,24568,47463,26003,23654,4240,23760,30045,516,39551,1905,24220,12885,31513,286,11798,40048,38940,4201
23875,27024,12219,17403,20378,27223,36122,8376,5890,13156,26450,8654,1634,38152,35218,40685,32496,20892,23754,24144,28575,27331,28745,42165,48059,463,18871,26738,2329,9222
44327,13499,4761,18313,45902,12053,7879,19168,38924,31122,19479,10265,5804,44400,24255,33662,27020,15077,24650,10936,12757,5264,43805,20798,43258,19728,9661,26780,25485,9852
47159,47352,30369,37443,31898,21050,1780,33956,22461,12114,2651,22018,37914,3178,26033,5267,33562,6535,24521,47878,24962,7153,12409,4620,41944,40727,47025,8382,3486,12662
15567,38835,16461,47636,24306,6631,11160,18237,35484,3063,39217,6581,28625,5232,3297,24199,30250,45051,43308,37764,38090,26351,25506,7486,22320,28541,42607,7348,25052,18981
29112,47090,29185,23136,36713,38345,38448,48137,28926,4180,15181,22306,4560,41401,38432,47995,48118,6662,39532,14624,17590,25700,12476,19389,30341,14255,34780,33641,40401,47469
40016,33773,48361,3533,29905,24128,42777,11184,25778,32377,47644,3225,31381,40152,42378,35332,26391,47454,21153,1022,40223,22431,16186,28435,11746,9923,9929,3794,19743,42636
18674,20255,49623,40943,9178,36273,27331,18972,23667,34218,30146,21263,5232,25337,46287,40035,14409,36791,8961,35064,25176,24795,3117,30045,34137,35172,44270,16603,34393,10570
49309,18002,48849,17938,8143,43163,14969,1881,31548,43459,49660,15675,4961,3956,28767,24614,40668,49363,44943,10455,17874,36020,40638,13886,46907,34699,39583,22297,40020,24542
49057,47504,10356,37739,11982,14601,7941,14544,43113,43030,5442,35207,23128,20629,1398,20365,30037,17934,25889,2560,16165,11785,2548,18807,20614,40277,46729,31943,12802,42503
29421,4853,3765,24807,20358,47365,37215,17841,19923,25024,36950,8820,19673,27418,43646,22601,22633,34669,36087,33565,42445,15944,23483,3839,48745,44622,5391,16971,15255,18241
15336,29988,34646,45864,34395,13806,41298,31311,45288,44095,34707,11922,39221,3889,42297,15668,24108,34653,43398,31128,27886,3769,12434,11341,23640,11343,40222,12321,37344,8915
34997,18938,30245,8912,20291,40382,24825,38045,22087,710,28730,33543,40076,19207,10406,40160,34542,41778,44710,27161,3334,15684,32234,39747,4260,45882,26960,27798,27385,14077
15675,21599,10827,37718,473,29984,45804,26694,49661,8760,23857,47263,1872,33284,2274,7026,4182,30537,23710,4619,41672,27775,17262,44092,49755,117,2093,14077,28400,32312
20282,8399,12447,4215,803,29091,8408,21063,45080,4858,17281,44196,31858,26775,27019,3700,5808,45203,1595,28635,14641,20458,46314,49096,23953,12945,25355,27266,40689,43335
30738,20219,28827,32503,12450,12268,28658,6369,44485,20421,49000,38628,6495,46246,39510,38289,26770,23812,40194,2456,43532,29763,28902,37240,3389,35300,32760,12428,42164,20083
12716,45641,19092,5655,10146,14788,32038,26318,31712,3159,22364,14755,49874,4021,4642,9052,47391,40343,26252,48655,39549,3813,12013,24173,6421,45439,35192,39632,49977,20452
24107,44135,43796,41355,27996,42794,15683,22183,14103,41710,23296,14259,28609,40127,29078,33874,15043,21160,10514,42729,11072,38387,42421,41556,1168,5739,30978,45626,2591,12497
44454,29583,3161,34647,35576,18018,8688,42381,777,1120,31084,41696,1486,11549,27399,36046,16653,4634,29599,49303,49481,12817,7298,30527,42150,2823,10237,41201,21891,31982
37384,29353,4640,1861,15204,1576,32683,45917,18078,49175,20440,45038,45458,41716,31943,945,40177,36672,30586,19349,40444,721,19156,46432,13110,33252,26999,26037,8442,35920
28875,28439,40809,45957,15472,49783,45866,29587,18135,19957,20258,3556,3055,7599,2237,16488,25654,37854,9320,31536,22389,11735,34472,46394,33069,10604,40614,6628,32710,48115
30257,46413,10515,2321,14544,41378,49276,26085,19241,45475,12932,28477,38458,45589,38409,32683,10420,29167,37107,10350,19247,43200,13136,15303,48755,38961,5797,30851,41478,17839
18467,15225,20307,40773,29715,6275,25426,49276,2862,41994,19871,28818,10445,18977,37503,31512,20222,5069,15110,8904,15946,4146,43664,47265,286,16708,30641,38375,10843,31675
25027,24091,26478,20655,34307,25889,29092,30041,2386,18704,27311,33169,33728,25731,15609,5519,31122,1110,37403,16828,10589,34586,30388,24332,23057,43618,10792,36488,9451,47379
32959,45345,40785,26443,21457,3144,13822,47949,47529,4699,44122,44406,29263,49447,7489,10709,41485,33679,37670,21629,38602,30916,31042,8511,14459,41951,8249,42860,13196,22700
34568,2349,14706,20972,16187,23877,46846,36048,48878,21543,28026,38178,23487,45243,31257,37877,4900,18181,1744,17988,19262,16793,20281,16249,3191,6312,43968,8973,41241,980
27438,193,32831,24187,47316,37217,28855,12567,23064,18862,7762,45943,28481,17861,42703,36991,25665,18839,47126,14894,24912,26237,31133,44281,25888,40728,7725,43869,39715,7641
10621,4479,33718,16619,10665,41487,38871,4864,10678,27012,34018,13833,17749,13007,871,16126,38066,24148,47605,10429,48755,40352,39380,28125,42852,35092,29423,4320,3393,17406
13088,42337,31504,46675,26601,4022,3760,41287,36936,28446,36979,38248,28409,34384,11688,38294,29041,34561,48963,6119,47998,22362,9953,1411,11145,20093,10336,22514,23388,48668
39628,35157,13142,41507,26327,28703,37667,30298,33278,40831,36714,11356,23941,26108,37488,2097,45070,41900,19751,45149,10515,48829,2501,36981,41380,34672,1531,20851,824,43918
9071,12076,12390,47317,4077,2553,46367,35437,32402,48922,7761,26400,32454,27577,33925,42483,11155,43855,31137,37044,41733,48168,28077,7205,9639,32709,3371,45738,19814,16491
16385,39775,9241,33735,15226,6967,5712,43623,39943,48190,33963,23342,35698,26462,49602,17204,22296,39129,46808,519,20843,44472,422,37716,17975,13180,7556,41918,47991,19877
3420,39696,7740,96,30574,16761,18366,49737,42482,15296,26440,22171,34887,45993,41516,34123,14590,23065,29456,5304,13953,3436,25148,48334,39177,12397,41726,48715,25187,44790
42021,38785,478,14310,5455,22374,8419,38620,44887,40844,26026,39221,20691,11523,41102,47177,48136,4225,49454,27075,3946,13414,6101,14843,878,34827,35781,3251,31806,14600
31496,26208,34317,7256,6665,43182,44339,35634,20340,30478,19110,43345,3757,19068,14056,49818,34325,5963,9197,4575,11677,22473,23951,30465,30210,44846,5789,15254,35267,25540
24328,23941,8226,34145,14372,13825,29245,25249,49341,20189,17275,29477,16538,44,35275,33494,5804,32543,21800,33337,19876,1384,8081,5600,44241,29649,5266,37414,20462,11207
36343,39565,23874,28307,9954,24085,29643,48310,40142,49839,8135,17098,17232,15108,40550,21415,10378,3457,37292,31094,47261,49637,47192,26125,39375,1413,21643,43449,20030,47331
6724,33170,2558,18660,47364,662,1324,43307,39635,11453,15855,3558,18696,14475,2177,4050,25683,28981,18998,31673,41919,8296,43127,21492,36823,44488,11423,27429,49192,10861
46623,2986,7189,15784,77,22697,36108,33388,42904,20127,17848,32729,38143,14275,1232,18724,22927,44237,29951,23598,36541,14143,12145,39145,10992,25151,46945,24338,47620,16900
33811,36901,23761,14437,42659,14529,13012,45010,15533,44626,27363,11476,49458,43228,10726,22188,33780,37686,25369,4200,41396,29384,35431,41792,16527,26206,30839,28926,370,2080
8171,33032,32752,45044,32088,13845,777,4924,11037,19433,20946,12726,8189,48479,3398,6215,8661,37650,12785,26737,21875,17706,15880,26722,38686,37159,48545,24757,15867,34436
18682,16017,38183,7043,3405,12834,168,10211,24432,42484,16789,20163,3595,14747,40125,12417,10788,9956,25369,16344,39211,24362,26505,25305,15850,7750,49321,46273,34164,23777
5497,14376,46750,47800,32666,12151,44331,15647,10228,35344,47623,37069,13523,14219,3131,15783,41859,11045,12850,4293,48306,6135,39599,46162,43223,26028,42078,20134,23089,22108
10507,24793,12484,37686,41187,22128,20553,31729,40636,17169,32885,44411,34482,13152,40137,32320,31196,20272,32065,44484,31556,39927,6643,34446,12007,47843,32343,21928,9189,30296
17878,36881,22459,5645,10580,15377,26643,41568,5281,10356,33019,32507,30321,43420,29929,20430,17276,12876,31850,49515,42591,18532,18127,31531,40586,1910,3408,23233,20953,16452
29447,5171,47289,6932,40989,25440,15922,41100,15665,48378,5060,5328,46040,37199,24691,9685,42678,6005,9848,47041,9487,22706,36627,31414,35024,47659,5982,25251,14861,28095
33644,37803,33834,33567,733,3928,10077,41179,2511,24966,24567,48938,21649,1261,34018,18410,18557,3038,26826,32165,37740,45174,23717,26966,41002,10160,42033,4601,26668,9079
9657,43297,33329,36054,7423,43526,45803,48717,7298,44446,5386,17665,26230,40497,18041,5419,36869,41752,29776,9961,26442,18869,13822,31379,41404,34173,30203,38636,45386,42376
28671,29590,31839,47270,12082,7602,44101,39039,48041,23898,12255,46646,24433,1517,9086,3810,24357,13540,25728,12257,45912,36827,11537,12463,8716,25521,21284,1760,46420,44034
6011,1190,18944,10377,7439,8468,28844,8883,1049,35923,41037,37515,45546,36159,14388,33560,38644,13310,45658,20629,24299,24709,48239,23708,45054,33442,24139,1777,49579,48640
14552,41155,10292,21688,19999,39978,12931,38859,12591,24278,39619,48646,13744,9811,35665,23551,32732,32933,25459,18532,31771,22321,10406,14128,44989,8722,10000,46819,43237,5720
29566,35623,18196,29638,21839,33311,19219,48958,27001,44646,15267,39295,3194,47773,46185,2533,22060,24886,25559,18229,44423,29790,23326,42759,43422,40306,38911,11016,10382,42235
22911,43683,23244,37295,7967,40641,49473,36823,9568,39438,41560,49118,23613,19449,14431,1518,7638,23657,10419,28799,20148,39746,29293,8594,36034,36564,42007,20052,47173,35172
1748,13554,8403,33196,33430,27470,42525,15481,46515,25545,558,15678,44062,16760,46522,12804,43771,35020,27571,31007,10320,41286,10644,38443,34268,29737,11600,3340,2508,13960
27191,41664,37610,13860,44463,21390,19279,45435,20715,10994,34592,38495,43782,31758,31862,18092,17908,34524,3718,21728,17551,31195,99,46228,30655,20697,41499,49182,41576,14770
3491,9386,17454,46067,17128,23829,11729,11465,344,264,11036,14408,24006,22039,5015,36963,12501,39667,38327,29794,24454,5873,28822,33092,32797,20234,1277,15417,35982,29895
25983,47606,43925,4554,14547,29404,4983,40959,2619,3275,14908,1300,25452,34584,26336,31567,18920,7005,25396,163,2366,5737,16426,13154,40110,42681,11775,24760,46302,5259
32900,22023,12075,48515,462,31852,47940,29176,24605,29161,7820,25547,16985,12208,27929,31531,99,25449,12945,3135,43064,36825,22264,41701,7488,30076,49678,23996,46554,5375
24508,26306,6853,16241,6343,30250,39129,19816,2965,25761,11849,31502,41087,26684,36989,16106,47020,2299,4853,1345,23901,6529,47254,32642,33665,27535,25432,9674,4992,44031
15452,45493,47856,28699,7625,32508,45317,43653,7719,42859,19958,6718,6802,29247,42067,22404,9046,16587,2807,37916,278,26334,37393,41398,33669,13085,17923,9260,47791,47145
25308,17578,37014,16891,20132,38856,5877,28902,20099,24547,9664,36027,18189,23798,23015,4579,46256,29971,24012,14659,12166,2851,43465,45311,33904,43406,43051,47221,5897,31319
5349,23113,46291,47279,21424,11088,322,43193,42324,2361,41472,41325,35886,30142,27536,19814,23479,42134,17287,44163,35333,29580,34762,2069,24595,35808,40872,45430,21868,24878
24571,40587,27383,16533,4381,49669,17251,33112,17773,3133,14247,26517,475,43310,4963,17477,15996,37570,48353,3523,4859,5970,5758,29911,21189,37468,44659,40367,49066,22725
14716,10095,30077,22754,1517,2383,6693,7151,17090,9895,11708,29442,41415,6943,1080,40958,34262,43435,16697,8316,23164,46702,29552,8531,11749,5189,28820,18896,24504,48564
1848,44078,10579,10887,6545,27330,91,30053,15471,11130,45496,43892,5222,10655,36855,346,46359,29617,24833,1992,35801,30255,49362,44369,14563,18210,47977,15709,39207,35599
20886,11826,1076,23959,5747,38853,23874,6843,23883,4789,37767,2531,6112,43688,41089,31662,17799,22010,46799,33384,20238,14113,3089,42987,16775,19705,39657,32008,21062,20367
6494,21696,1409,12589,39520,33269,39634,45457,31845,47582,18055,19825,20783,1922,10634,30920,24326,39920,34442,27220,18681,13911,5553,6448,8524,1317,38109,11202,38802,29019
46839,16556,28890,8572,25740,35771,15175,31253,49559,26868,30546,37360,27976,7899,45520,38925,12570,43423,28059,4018,32471,9416,46765,43255,39893,28256,3584,35178,46290,22626
42596,9324,44361,34291,45058,30451,47260,6100,26311,43755,37125,10447,31707,39162,11594,25592,27723,34418,4618,37882,20237,6761,20164,1570,43023,46516,27536,43525,45417,35542
21974,2995,21857,29383,20587,21138,49148,12164,39227,33558,34484,38117,36092,24782,34334,31498,27032,15067,36565,40868,35278,5519,7427,37934,24842,25262,37158,14237,35742,4553
9572,10495,1247,42383,46396,24287,7151,2979,9421,45630,7429,35561,36555,11761,36956,4864,16853,47595,1072,25274,44091,27782,7168,3659,9568,45657,38226,18797,9720,26705
9018,26971,20956,29613,4932,28390,37966,14084,1967,18581,16012,37760,439,942,20945,42331,10960,9887,1972,34148,21172,18581,13666,40745,3022,47679,20728,16635,8840,43509
2511,13147,12627,34758,19282,11172,45990,20458,48190,24375,44638,30592,46607,3567,4536,4618,43327,1671,29394,24472,40894,16375,21446,36491,3503,31223,39117,32270,11190,43081
18801,21633,36746,29798,24918,34071,46936,37994,4914,27015,43051,26895,14812,12929,27310,30846,29259,19906,18538,31751,34977,23467,29341,39662,41347,12474,41460,41770,8626,9214
30963,25596,15441,40990,13387,42517,44834,22459,49784,2915,4204,43088,8375,7404,30395,3905,34155,48667,43612,13827,46810,5724,11416,10359,49839,29053,6866,6713,9185,4262
45618,41440,4539,16842,43450,36301,10333,45029,17250,39606,16386,47834,48696,21683,14553,7544,35850,6766,33771,32188,1765,3891,18110,11151,22200,1208,29504,18322,42511,33017
9096,1497,4451,11462,42431,35034,30196,6257,10123,39892,36717,31764,28991,16763,43402,32359,11592,34957,18784,47695,644,48549,44762,6407,34517,44268,36439,15371,46334,9254
49732,7,11998,47994,21121,15027,14191,43311,34558,36752,33096,2636,31546,14000,10434,45372,35553,32340,38915,14995,29156,30730,3522,6376,15852,30156,19904,25463,39020,6927
46239,45911,33697,13487,3292,32537,1835,41643,41147,20993,4874,20651,47702,26745,7944,40981,39315,41146,7320,36806,22142,1558,41964,43706,27932,40751,5505,394,30160,48700
30744,7757,22576,2671,43906,26955,6746,35600,36467,26044,7246,4589,25973,39544,35708,606,46423,14424,41770,33854,27929,49034,6773,12564,13650,23878,16372,6114,46758,42199
29400,45389,30980,41165,1746,48954,27490,37896,8770,26795,4162,25479,31233,21305,6011,22063,38166,40038,8485,14549,34102,18543,5723,35166,34880,21324,49262,20872,27857,2498
40328,15342,31052,31408,25166,3043,13227,24159,29786,36251,33967,3412,45632,6515,806,5068,27836,14084,12699,37325,6817,25097,25799,11363,29804,5435,18969,16258,13616,33364
345,42672,45644,13481,20198,23034,24142,22926,23599,32477,20924,14137,41368,44965,48850,45028,34986,39992,5433,8790,33092,15489,35061,12766,9632,47123,30767,9650,48482,48785
5193,1691,9195,1541,5963,19944,13439,22733,16990,48700,28464,36204,11202,35952,40581,23929,47744,42262,31526,30234,27264,3111,18900,47700,38116,49519,38987,2599,45272,12321
1246,8514,14934,18179,185,40913,43157,9418,8050,47883,1125,43340,23845,29696,39800,31282,33673,15349,46183,501,14154,1582,45983,47398,39690,9074,26847,19812,1436,6167
16773,31505,16631,40809,38571,16132,45969,37056,27840,15468,28811,13136,21001,2821,26620,14321,26822,43791,12084,7089,48910,17015,36097,26543,24412,23951,19649,13266,29676,3012
14134,49595,13558,44256,23321,30757,26048,7980,40989,5486,41016,14006,18008,32452,17293,29316,6604,38978,22662,26849,11998,2435,1265,36249,22309,27660,3568,18594,2218,37018
9799,47377,9758,10269,18123,16031,46187,19959,26939,49202,48824,48950,38784,23991,40256,28966,31756,24011,12186,30391,47968,29628,35706,33980,32456,930,9688,15114,42778,17105
35967,14149,46826,6167,36456,13373,25943,43866,31578,24483,43975,48629,29937,38113,3544,31676,16973,36886,20217,40606,26100,22728,17046,33898,5819,2086,46760,9294,46713,3225
47661,16279,35432,10152,34404,6024,12497,1697,15407,13763,18728,23963,27100,6035,12265,40806,26506,37143,14311,37677,32731,43627,24401,36325,26189,31583,12050,29874,45135,32771
39904,48637,44657,1707,9021,32678,42017,23824,47629,31478,14268,11971,41563,38647,37613,7075,20832,25155,19064,30018,13807,32110,41680,40676,1853,31663,21937,20733,43601,22121
34589,12537,27330,41878,4470,43421,15685,44621,25821,43297,43046,10478,47409,16927,12461,21183,30860,46567,6368,23312,47984,22908,19047,39368,20933,31738,44581,30281,22072,37772
27739,20543,38492,30341,38831,24718,20152,15121,33732,3655,45745,36611,29407,5423,32251,40340,26685,46075,6811,14702,35074,39058,1641,31404,42836,33933,44975,45111,17516,7809
7287,2919,10285,22399,47436,38054,12302,18724,47987,43991,44120,5711,16027,30498,45302,19496,2248,38821,17904,11122,2204,23291,32279,2007,23373,21169,47874,38651,4669,27861
18882,43137,27316,18355,23101,14230,25380,2155,30175,19999,14648,29723,10619,37064,30462,30177,19358,5937,28265,44182,23089,36149,20082,43979,22498,45032,44007,11628,21507,12500
15574,43728,2390,6859,18231,32630,12355,43869,33013,5838,10130,15983,8892,45023,49817,19844,22190,39807,12798,42550,13352,29314,27815,37412,36337,35275,3670,44898,11022,38272
19737,15591,13989,45232,44964,1547,1791,13996,11728,27962,23143,18210,13950,16760,980,41969,8891,5056,1665,3891,4072,28643,15643,13306,43756,33808,8842,7925,33517,19356
7986,22990,29473,27384,20685,21014,19813,25471,38818,19374,289,35159,43907,32702,4225,22276,6114,5708,18475,23609,35225,15821,27647,31605,32450,15764,34109,47658,7808,11938
3130,28676,40875,2712,45542,16291,47267,47199,30624,9803,2340,21344,15269,720,6766,38835,12853,37693,43491,41315,7531,36392,40583,39840,27271,8355,38702,45218,9669,38476
15627,46267,29600,39262,37656,12690,47100,4486,46708,47117,39747,30123,21558,31098,23116,39374,37128,18549,46452,17066,27399,26655,16588,21899,7176,4946,3521,20747,45413,19277
27514,10040,17096,31733,41670,21659,941,10490,49233,42585,46372,40022,37561,4868,14801,14622,23658,43261,38476,35839,20603,46808,20408,30257,49571,22019,8295,28294,43614,25835
41875,9855,36677,27302,4543,47867,32502,13718,27968,24534,47547,8022,712,32342,7570,43361,34233,2716,18759,41634,39078,2305,8851,26913,26149,43822,23245,3151,33358,687
40817,10894,41534,21786,26970,38438,49592,21774,45285,20396,36468,32474,10029,15098,29107,17802,32901,15752,173,21220,33457,10413,42910,6668,7933,14078,6221,33292,42574,2129
29958,43447,17720,30552,48441,33895,8497,34421,403,19691,40692,1712,22313,6995,11908,48756,1586,2304,25087,1918,42103,30459,38612,7489,37285,29286,23599,6701,23870,17435
4117,32901,10142,47772,16565,14684,16328,11410,48976,42698,43356,33271,45177,18090,26062,29974,6197,39884,613,24054,45039,28241,45350,10415,6130,9974,19498,45571,14928,19447
7266,12525,38246,39328,20375,1141,23803,13520,29979,45583,3042,29855,35867,39325,13949,42472,19429,45806,29676,2598,602,30918,48080,16781,29832,44804,458,43055,49572,45331
32757,27996,47920,44666,44509,25874,18047,15500,16581,21800,43794,34133,14264,46634,38728,22063,36148,26158,4620,33387,12756,9548,12577,22358,38235,2905,37295,3182,24152,5935
39108,15170,32170,1683,21672,46425,31242,33157,25170,41795,34118,49508,40359,7805,42702,18351,15002,42386,2807,38444,7207,39712,12071,46451,5896,30375,15793,20842,42742,4311
35131,27557,25141,238,19052,2661,27633,44514,35959,2851,1545,49925,5012,24761,47178,23334,7302,3980,36868,44248,28241,35100,15935,35717,9487,23640,28577,11748,33825,14037
1078,34669,3942,48035,1206,33437,34002,9854,38358,3978,3699,37283,39446,32518,2432,8164,838,19121,34844,16837,16911,4479,41323,36252,41097,42165,40843,37357,30956,20636
41416,3026,16657,23588,45821,38199,34116,39474,42226,34282,4543,22754,29784,25878,9634,7362,23893,37160,1017,11501,49625,2970,21455,21528,28706,36751,2414,19599,3833,4682
33776,6539,31913,15902,48768,21911,22736,6150,43033,17464,16011,6183,47449,25976,12738,25382,29827,13038,43251,16439,25283,45211,31363,13652,11227,39878,5689,26846,5099,8702
37687,10753,9592,33087,22684,36395,23865,10885,39736,48024,26429,34368,6186,8528,23978,20348,33052,45471,13795,46101,199,4329,17707,6748,17792,26053,10011,16165,43183,48057
15856,22225,45741,45108,23222,35550,48612,39860,28411,42434,12516,31775,40040,6453,30268,37907,7024,41814,23551,27511,17229,16024,30440,30345,12369,33382,19626,20934,5724,5913
47091,38896,14353,16983,2929,21441,22826,46943,47510,4694,22021,3975,12822,37911,41831,4725,40704,48061,5760,41007,18345,2801,12462,49451,42458,46131,25436,24444,21885,28882
9410,31309,37817,44137,7582,22648,12461,37987,20992,4599,41612,983,25950,25381,30109,16323,46457,18499,49715,25145,8583,45409,12855,37749,30939,23463,12979,44007,37975,5864
19089,30166,11379,40969,20994,41502,26270,44682,31639,46045,33083,4993,44662,15729,22026,31681,23383,512,20823,42075,14500,31980,46394,30376,1585,47849,396,16789,5769,25289
28131,35944,24341,49914,35423,33482,5961,19783,30904,48569,9729,40094,9512,37897,6064,36121,44163,47068,22301,1942,34497,8619,17938,43809,28475,12973,22727,25014,34217,27257
103,14821,36983,8664,35474,30115,42138,37510,10739,20617,33729,18573,27831,43363,24735,17731,44127,49820,13177,28340,40622,28455,46177,45531,36696,4155,8540,40663,21253,24158
40293,40358,47555,49047,36122,40912,37600,30324,7863,48590,21759,48390,36801,4303,2917,18987,22074,26019,42211,31887,11381,18952,28276,18310,38860,8571,48137,20862,34019,20159
23123,17072,26501,3456,9392,2292,26889,33147,34934,31475,36903,40437,17836,16057,6330,5946,39343,6235,18483,32090,32244,42901,27779,27665,21919,35101,37282,38355,10811,36669
15766,26103,10379,36215,49249,37877,21292,49076,20869,42518,10819,49014,40203,9333,47460,27667,41716,29450,2902,49366,963,28620,24612,11096,27118,19233,7946,24933,30678,19405
37400,38586,32572,19908,34655,39024,29319,23198,23224,1817,16720,31605,32805,10632,23510,7206,13712,20918,36210,29833,6594,19449,2248,31363,20110,42479,33783,11419,33195,15677
27301,35976,44360,3390,8686,12102,13335,38733,5319,44527,20487,32167,6570,33316,13439,15127,37316,39533,45778,37475,6856,45678,26173,16838,33740,19179,26222,5494,49449,37461
12276,26046,30329,31116,2233,49442,33387,22824,49485,46714,19461,541,23897,16233,38513,41226,25557,20699,1731,48016,26313,14689,5954,38065,34845,7674,22813,11461,20899,7555
43541,21625,17046,29305,28941,6194,12131,13939,12211,41985,30946,17816,49558,18424,3680,45852,21476,13915,44469,19021,35879,4643,47679,32207,15818,11899,44708,38562,49665,20781
43793,27248,28255,19023,46289,13566,1281,47567,20309,45170,37004,32074,7486,19395,18799,22558,42897,24178,34089,44687,8215,10581,41075,35415,27953,37899,11627,39424,20111,18190
5611,26713,2352,6016,20714,4141,44391,37074,24438,32688,19926,17967,35066,4642,10407,7365,27703,33845,46695,37390,39401,45348,33993,34291,30917,32157,7224,17645,22984,243
34308,30320,13500,35837,20873,16413,46743,13686,2801,14742,40839,25754,21570,8745,30887,17102,41803,49091,36002,33069,45919,3190,13187,40451,40963,10446,35725,41105,31675,25015
23633,33853,4552,40044,8409,37799,20764,10987,20918,20800,23881,1153,10378,43379,25276,5460,19475,48499,26316,36642,16362,28335,14028,17737,9224,40972,44822,34683,24059,6535
4436,14478,13371,40519,49988,17441,40897,36643,41298,13727,23635,39262,23081,47302,38917,41142,46340,43602,36008,47313,25460,15744,40145,12624,42991,15181,29524,25775,12838,30163
34476,6658,10896,24191,35725,25063,17784,46305,32527,1323,10108,8774,3577,30790,44971,20656,35478,19019,29006,4816,42886,13938,27272,34033,24722,48355,1410,25073,4985,31742
35657,26278,27242,12885,37244,38440,41408,1147,19378,28753,28882,45872,34678,26029,33562,24809,4851,9226,9481,49907,30169,27670,44876,10245,10702,7927,47187,40737,14357,41441
33249,36785,23061,19065,16863,43838,6797,29987,12816,301,9010,1604,15797,44257,15379,41141,21293,17938,34475,23491,8939,3657,6589,17084,25733,40426,44310,27680,19951,19909
33268,41772,31153,14012,16422,1828,17752,44523,10695,30932,27492,43550,13499,23559,22247,8389,34759,40053,38864,6798,29122,18657,18856,26170,11995,42068,6365,4387,23197,21075
36317,26681,9398,19910,10400,6426,30908,14729,18862,43973,11504,43473,9398,25480,22428,17156,1617,16022,27287,22157,32576,26586,49365,26594,7005,27202,9993,24266,3725,35184
1333,36553,27667,40700,39891,34149,24230,46383,13082,4491,5716,42411,33144,32882,19299,22828,11230,29765,2113,25332,2391,3479,11060,12961,39627,5045,43298,46054,49259,16885
25589,45548,22393,44029,39769,33290,28688,33093,36695,26130,23506,8385,9285,16069,33806,40595,24713,42252,26289,1782,39867,44666,29757,24168,48553,23769,49926,1040,7439,240
30811,46485,13135,13490,44045,45019,15428,49234,31675,37221,22188,12839,7282,12022,23988,18488,43713,41413,40579,553,1927,11988,1034,12380,20049,12045,31281,40837,4005,32877
2854,36873,46004,24566,9720,23828,5536,21717,46904,44796,27481,8521,10311,32619,29187,32701,45848,8505,44109,2658,6317,32164,21721,9840,15757,19453,25486,8725,42143,8288
41660,11974,3134,23048,14800,47339,24675,33611,7274,45959,32613,42989,36016,8503,24181,10997,41671,18001,42275,38542,20447,27770,40743,38253,6086,5105,800,20049,12049,45124
25355,41461,12204,45354,39057,27357,31625,41352,25188,41110,44353,31300,9395,22140,28505,6938,22349,15372,13273,1100,2664,39055,27491,17083,22209,11680,7917,18698,11076,23408
24465,20881,3007,23591,39178,17099,25166,14009,47243,24580,40224,17090,14300,30187,1952,21405,18966,7929,27548,8765,41693,34154,6670,15506,5063,44105,21588,40461,40607,20024
16624,35578,15986,3549,30853,23153,29686,218,8864,17974,47769,35973,39024,6869,6791,33990,35240,29664,10667,42654,33016,21935,49159,34887,33939,15100,17171,37410,10411,4462
48977,25369,29909,18229,11717,17536,8672,15917,21327,9791,1688,38267,3060,21251,48690,40185,2478,45621,3995,37035,15062,42201,47573,4907,23276,38795,48518,8953,40,5469
1065,1839,20385,20308,11082,45332,16921,39492,25450,25194,45255,28753,17616,20468,10528,29915,27730,41280,16156,2079,6397,23016,7329,30156,21985,30332,5499,25916,17562,1702
23403,47645,33460,34173,4603,9580,10031,7149,22839,11830,36550,21292,22870,12219,29859,898,39753,27266,29996,29714,8390,42185,21101,8286,41328,47777,21594,33728,2231,42906
4428,22820,45870,23793,46257,32581,35064,8705,19754,8248,11907,44957,25125,25028,44574,36478,20547,1913,1106,35443,31813,14032,15002,15683,28752,43487,31953,26442,47691,46257
22597,14327,49282,42808,16293,35844,38408,44588,46707,7147,47952,48900,4670,47468,35640,43418,44926,32142,21359,12981,41258,37388,26359,42717,32525,44577,20501,43371,4937,41964
15803,30908,25701,36738,37456,43870,36992,45055,7095,14624,44038,45978,2894,27631,16798,33098,43843,13679,20566,36906,9688,10213,2535,49023,29413,23185,3578,14393,14211,8351
48035,9024,18121,14586,34042,41491,10488,34551,23111,43018,4790,39563,17995,24969,45039,29638,36013,28715,37891,26092,21687,14499,8607,25340,39396,20924,14242,19546,42607,32340
43064,42749,25625,21027,40059,8348,21274,32037,29781,4680,26427,37228,25352,25716,42822,46295,24742,6311,32158,37770,13023,33400,19190,43038,5233,9045,45618,49666,4662,42681
41174,16379,26699,49323,42342,40109,9564,146,8113,24320,11094,19174,46523,39409,16882,32264,45342,4276,28601,21289,14927,15546,19970,3028,7508,47992,16034,30907,34087,28805
6794,8912,12451,26662,38295,40112,15019,43068,3239,2036,8649,26056,39366,13339,19969,41516,45151,17092,36257,26131,11236,868,16157,46024,48431,2034,35816,18173,19651,25753
38136,10891,48008,23981,23031,35301,18127,13105,19443,20007,11157,3340,37745,6568,16241,20020,47712,48287,5219,12955,46638,31739,46230,1682,37708,30320,32825,4521,33268,5077
48182,16043,30420,75,27401,9982,2649,5327,17346,12562,29252,1578,36925,28952,21087,2381,654,38386,5187,17,8668,12294,41910,45252,47545,31356,25000,17567,12078,22207
49590,37343,38747,8626,34180,20281,11280,25974,666,15126,21361,36011,25639,28300,20973,520,6124,25354,22388,42805,32833,48853,38125,5067,37478,22259,39222,25175,30165,37176
21792,31814,24690,20051,25340,18534,36208,24867,7106,6772,38997,30677,35564,42228,40190,4063,21877,4393,5723,39350,12204,40607,43599,18602,15350,19759,27314,19084,32088,16835
8744,11888,44975,43658,19855,3032,33637,11458,1285,9967,43315,44618,10507,31352,40982,4850,21174,38190,12768,39621,34172,11927,44082,27700,6739,10699,25096,48961,3053,25566
2906,1263,39049,15034,4520,39712,3457,31003,8066,44294,11820,31235,36592,3247,24444,42984,38948,29822,43861,29285,2556,8065,33104,40040,28558,30784,3470,13044,38891,11259
23089,16262,37053,20846,25287,28515,35195,37563,26466,27098,12699,45577,33959,3408,29013,1317,31181,42145,2981,33673,4615,33974,33795,35045,7266,16976,37508,4684,13892,43477
35784,27477,5388,22183,8120,23881,48187,45650,12453,40723,13638,9357,29562,37201,8606,13510,26983,14914,18606,31498,1072,13736,4239,48289,8715,409,38432,41247,3915,25244
22188,15445,19728,44156,17824,35775,47575,6169,34441,4723,18344,23308,16693,6596,27115,37414,49793,10085,9141,23614,2520,14687,483,3888,30249,32794,42546,32478,4334,49108
42127,28324,36150,21734,17690,49489,15240,15910,18073,25491,3683,28581,3108,35680,26927,17832,42408,19372,14312,601,44802,4012,628,23732,38043,131,41037,36501,12514,10897
11475,33937,18073,2974,1714,40435,19270,10085,46002,26159,3204,30148,12378,40395,8922,24302,27769,40701,28911,10576,45785,20440,23142,5619,42821,28906,4924,31789,18761,9108
44872,29957,42360,41560,1620,25412,5963,43136,5919,22544,28462,38739,923,39839,26493,40757,18680,43520,47523,43927,27094,9882,26178,28585,16494,22184,16142,49931,37622,12508
30450,45912,5384,49021,26794,46184,31200,47339,8200,29370,7484,13754,25299,36258,42912,49255,12449,11011,4597,29224,14684,41925,35487,12886,38387,35844,15151,47360,25845,43114
45574,32293,23848,48067,48134,40879,4540,8158,8781,46679,33250,12217,20475,22199,29769,29963,7297,12999,16252,1517,2022,3601,45303,43960,10703,19137,4129,5434,22667,20243
31362,12787,24305,20739,46670,37373,43946,10018,27406,32404,37094,27219,38164,21595,32683,17589,37863,3223,22690,27882,32538,13649,44569,29587,21091,39028,23987,43036,16173,7837
41402,29993,34578,12776,4653,41359,20920,41782,31030,14157,34480,33744,23319,16114,44363,31327,36993,15896,24340,28973,41334,2169,1306,46183,32151,27475,8832,309,31926,49669
11946,49433,37860,24484,28960,44132,49256,32022,38964,30096,26553,17772,4079,38325,40863,29247,38752,26777,16807,6948,49417,43714,31577,1917,46496,23624,34738,13165,23296,38091
8838,7513,5071,15971,2356,28839,12217,36560,33800,8819,21312,18402,42608,8338,48416,12953,24516,39451,43489,2681,6139,48713,32359,46002,43019,34520,46260,32803,31923,3226
4136,21626,14575,17665,36016,36135,30416,49544,41395,46872,21274,29487,45714,34666,26348,16240,12233,34669,20768,39955,38855,19706,19731,37131,39668,14583,4349,6379,17837,20974
46927,33021,36907,4015,45634,40943,39002,7906,31767,40879,36574,44726,13536,41978,40461,2766,32605,21491,46097,16967,2833,30728,15676,28768,9333,45183,277,37410,32317,44284
29995,48652,39588,1289,2997,47272,49996,28263,48069,48228,36197,45311,35884,27082,33050,38908,27029,18006,7161,32609,11007,41590,35439,39675,28707,10651,26372,28391,16991,37393
2424,2356,7586,41280,34861,55,46846,33668,36220,43817,21093,27623,30490,18030,49379,19199,25780,44627,36266,4158,32669,33066,5918,32662,34100,40142,34751,45414,46317,9640
19232,37635,48118,37815,18138,17021,37630,2281,20139,2554,31589,39374,45079,16798,46312,35654,44514,22496,5030,46710,35289,24697,26254,23684,34251,18832,23099,25028,34562,15402
13212,31495,38601,6740,26094,18561,9402,4973,22188,25708,1063,48976,24982,24916,38126,9598,27136,23153,17014,1286,19140,39497,3137,5415,5623,48400,35944,19669,43561,1064
2871,2625,13725,4981,2115,31464,36564,33604,21783,26522,26918,23910,19477,48856,7205,48927,48932,24170,27083,40606,27848,17181,49735,1902,47640,45226,27630,5209,36809,12218
13073,37918,31617,23312,29061,16678,30585,7315,37685,11792,21177,33726,43982,2608,13261,30316,49853,11044,7063,23694,47324,10541,5729,9358,39687,9314,862,15034,16091,36625
2747,30605,22524,44761,1337,36838,42528,27959,20889,39538,20948,32841,3668,25242,26087,10510,25622,42851,17637,29680,18929,20677,31059,6920,46670,37149,4309,32781,2755,24859
20683,34740,40158,29917,9027,47857,5966,7434,244,12723,37821,46631,31909,49690,24220,37930,20097,6496,13340,32460,39319,14973,375,21697,14934,40230,22813,23994,30721,41473
20322,10752,29792,17542,30963,43046,37373,15899,37422,32706,5246,45568,28459,4385,49568,17971,25241,12426,41015,15894,39550,31160,34735,24061,20479,18856,12668,46942,49128,39289
33777,17764,33272,41780,48091,25229,36961,11154,39223,11724,33910,13272,35700,2760,49717,23090,26474,47232,42235,11068,19607,45935,28860,49205,24903,27936,15473,9775,8076,46266
26099,12576,67,39643,9753,10418,40231,7036,19873,6643,29343,11931,16639,46966,19053,35016,32081,24971,671,4281,26855,7510,9526,14848,22948,13074,2782,42509,33821,15942
35589,17587,7698,37386,15709,12831,30893,36405,28765,40031,36697,2929,48147,11667,3120,22605,13951,49376,37057,7402,29772,5939,18720,31314,22816,49031,2089,18925,10115,42563
31025,8854,16489,30297,35388,25921,21081,35640,11771,34578,40542,18392,26928,38132,24643,22877,14964,43926,40485,5361,45634,325,18390,32232,3040,16694,2199,14443,24664,47614
16602,45007,35194,19641,49355,26866,182,31374,38227,1871,36912,19708,16533,42511,31192,11629,756,34950,34934,38046,893,26657,27100,29689,7758,47684,31524,22215,30156,38858
2400,21518,49711,566,10661,46792,32500,6224,20271,33376,39388,3736,44966,46802,17709,6985,27897,38238,10756,44865,5010,26216,24019,29375,4882,40855,23953,589,28106,17595
49368,11206,35099,24838,30168,41890,44123,599,41495,12827,43932,9932,13464,45214,43906,17223,2475,28067,27968,40666,43791,43219,7499,3933,37364,34970,3305,27855,475,13894
42396,3955,19131,36135,8603,30719,33824,15936,44361,15015,18566,40576,47146,14616,40729,27215,4903,45142,47395,31214,34662,19710,23554,1505,7748,16977,22871,20624,40256,14687
12525,43891,19174,8110,30509,3772,38496,25218,31037,33488,14784,13484,23852,34573,28311,31754,4191,14134,6838,11977,1766,40842,26590,14331,22504,27596,17686,22695,21874,18344
18751,19412,4100,35441,21069,19213,19758,6095,48911,30664,33137,11483,1241,17974,10289,15665,16211,24489,23131,46801,18491,4391,7527,28030,45893,32063,41452,39374,1417,41266
23395,28422,14611,25381,31076,32458,34136,49914,4550,47440,44636,491,30256,44507,31753,40306,42052,24106,48790,48881,2447,47158,24350,40219,42102,33891,34688,20883,21376,39704
3133,22854,29934,8197,28498,6320,24912,23000,11620,48095,11657,15792,41591,26274,41490,2235,19571,49594,43914,7731,31997,49597,7740,32212,12794,12008,21420,14310,46561,31936
42975,27196,21415,42638,45116,34279,13099,31383,46021,33352,26122,34735,18903,43438,48200,9891,14831,46191,26116,48531,41343,24774,43309,15459,35907,36079,4934,34958,371,23171
21754,11701,12012,41866,35309,41182,43805,28091,23048,41698,37078,20468,49359,19462,6932,34036,46793,24968,36843,18001,31182,39519,20274,27988,4745,43478,36603,25198,47210,28040
17906,13418,7678,45188,45848,19693,22027,19353,6821,42828,23212,16626,7433,29233,14430,17274,19481,1388,10853,20507,42119,42170,31511,9367,8723,7830,42916,5746,40828,35910
8158,23583,15830,17827,31205,46638,34634,13050,40703,40421,39938,42126,49584,22067,14007,6707,1392,36130,24111,5793,40877,30802,36431,25270,29473,5156,42655,3377,42651,15819
24119,42759,11988,3890,45906,23987,22145,3675,15665,9962,26623,45949,48691,47119,25907,14391,46796,34551,39603,40067,3591,116,4210,4209,10106,32156,22909,26106,42687,27415
28637,13862,44056,36503,48955,33905,10731,27614,46184,8834,25957,34913,23144,35825,43126,10662,45623,38790,15729,33712,40286,26802,39289,2688,45927,49551,22823,45883,22257,4967
26216,44231,2423,27083,13081,36289,25443,29363,40544,4753,15708,16784,10272,25536,48598,40554,13258,35297,30202,6537,3805,18992,5836,28972,49311,20565,35471,42447,26568,39777
48714,33423,39962,26713,49191,16110,9710,31732,12861,41189,40940,46581,29029,43372,38816,39539,19405,43017,31061,2296,23034,29111,28981,42424,36213,40589,29178,12554,16491,12926
28819,34245,20760,22848,21847,5581,37244,24853,26716,31219,43838,30055,10256,7029,14454,28174,15597,15820,40820,8266,1455,24817,32269,2726,40474,41794,31595,13289,28868,23591
25340,26670,44066,38642,25467,37848,21584,38180,634,25463,34913,23362,35189,30358,13163,33406,25002,32996,12894,29588,11261,34052,17782,32283,5977,26460,16890,18842,38734,47335
22220,356,26882,43440,6113,4591,4803,42163,38415,35968,1067,27126,26506,43468,4870,41494,47136,35595,48005,25686,592,47427,49993,9809,7789,19831,47623,7744,8850,21828
12244,699,33857,23771,35174,2083,20286,16534,2679,28915,21718,35667,14376,36490,41180,30170,10120,19453,43806,31358,23853,7580,40244,6022,7426,34537,56,4703,48943,41796
32520,28675,22847,43074,6393,8425,20389,12853,33062,22752,10392,47351,40138,4385,39299,47498,31832,29585,26930,19904,45158,36592,1016,2775,17511,47745,6281,44994,11199,35791
45356,4626,44744,43320,34123,17435,27366,47500,44627,40730,48503,27939,28787,33505,24970,28941,7076,7149,32828,10448,29812,34916,22208,36600,10251,9042,10065,9939,5571,18802
32606,40645,13507,28154,17599,45888,12131,15700,26528,44123,33615,22497,12832,23316,19504,38761,41179,42079,44685,1455,10653,33725,11240,42755,41767,46188,39837,28285,11731,31064
24075,38281,38535,2682,47672,20706,49503,26234,43686,11717,32250,6824,26280,11954,39489,18581,10024,10804,990,31774,2366,49418,42525,14710,20451,37695,32964,27907,14765,7567
34032,20670,27592,45583,49391,26714,49497,48837,24999,21355,34131,20640,35204,7038,45622,14877,13657,44852,10322,24488,14242,27413,950,18384,27099,21804,36412,30586,2161,2060
17480,704,16067,20789,18540,5851,42339,43638,43058,12634,23894,32743,46835,9947,22812,26276,48982,21350,14327,5504,4869,7146,44906,44667,23301,29144,2526,11215,36105,45512
5415,47369,16504,36248,34337,14153,34764,28474,26454,45803,39731,35757,38518,21472,38823,35977,40288,43974,10941,8550,24573,32360,49047,23524,5075,13118,1082,8947,12642,37481
47651,23550,17857,3080,30194,40701,14820,5815,9962,33302,9291,10357,2746,38138,37893,13226,24532,31442,1467,31651,11244,31276,26856,36947,34710,35983,4357,25405,33244,22814
27821,33243,38247,14083,16251,37012,14728,21455,9913,35274,34727,18372,16390,17523,24285,4,2034,27440,15761,29054,32797,23700,42788,14557,1610,8451,47524,35546,28598,21876
5173,15278,11679,23134,30239,18773,49961,12371,11318,29482,39197,23569,16327,46117,16525,42894,9164,40843,13942,20303,14620,22934,34468,31333,36189,11508,30685,16958,29546,10751
28221,10755,3233,23304,536,13206,38941,21253,7918,20334,39201,2483,18267,47933,6861,44534,1307,39295,891,33598,31171,6492,26373,28442,9184,35480,8559,13906,28302,12089
39483,49928,11509,32814,39204,22258,43543,10807,14583,28243,18418,6592,5495,12232,24283,13020,47624,48437,23199,26754,19567,26313,23614,19140,25853,22290,5539,7411,47740,14846
11827,11704,24571,7830,49608,6616,3824,48497,41288,36642,27956,18963,47028,39571,36920,38954,22359,16821,24022,11806,34656,11303,25286,8558,36858,3933,47668,32135,11966,27356
35749,37683,991,836,40064,35352,37021,30192,31097,43487,39526,15608,3337,42108,14238,5086,24552,28131,44307,44384,17184,33330,10123,38716,1006,25259,24277,40581,26902,28824
19253,27208,35406,43014,42551,14121,33829,4358,14617,19904,47047,12404,26495,5828,19400,35746,29024,33582,32945,12312,28339,32224,33223,43763,6388,22148,33259,40025,13249,4925
21051,48820,7020,45058,16857,31643,40942,27743,16611,10296,9923,4330,23619,35030,33139,17617,34189,11719,9331,25539,16436,21128,8996,409,32925,13256,8352,28833,45692,48908
6724,4871,23037,4161,2706,12040,4795,39780,23067,47177,25000,44486,24921,29153,27959,1279,45276,3879,14204,34263,15795,38419,8896,26923,26524,31443,15322,5971,36086,12551
5248,21800,14812,16957,26792,4564,32315,27229,5953,35492,2616,33101,49355,9111,42426,15793,12763,7182,27679,8620,2579,36774,10689,25785,23093,40489,28173,2180,38311,49307
21491,10251,12682,27711,14022,32263,38493,6446,7938,23491,26951,32934,41639,6320,39367,4947,18521,6632,34529,8086,28387,46810,49784,8616,37704,7106,15442,46513,40870,9262
43315,5730,30841,37857,19713,3287,19650,12903,22929,6437,30539,15136,41319,2550,30106,13817,31596,20731,36963,24001,27281,38719,5662,11306,4157,35320,21630,21074,34041,49434
19376,25336,38792,43052,45046,13271,9452,2457,47084,35257,20685,25669,40715,27703,30932,6580,16355,20904,34254,4016,34787,25437,23297,4502,27077,8242,15478,41468,11291,19450
20087,40861,21291,24369,3789,4107,49470,43074,15270,41997,13470,30167,35851,36173,30469,6509,24533,19046,39760,11377,8756,48929,1431,44662,3277,29727,20851,10084,584,20419
29224,11195,36954,42773,37030,23686,2190,42294,7040,45979,19083,7366,45070,7538,13438,39077,8965,12296,43645,13745,28942,29211,48632,46138,49227,34767,32208,42003,17823,47451
39494,15259,9959,37626,12461,2311,43806,1744,37723,20634,22093,2396,13750,32470,8962,14214,15107,6077,23006,34351,40181,37080,14726,10908,34013,8712,24673,20035,31223,44557
47033,32265,27351,45854,25989,28887,46418,13352,18192,12458,15701,5103,3845,38771,40920,43214,1319,20866,3481,10474,49615,7242,25329,46182,10148,37770,46379,8378,28770,8899
27926,39198,13258,34841,23631,4393,34395,46720,15893,48559,20245,47000,6798,22048,26024,18901,12099,28017,3028,33363,44666,11100,48308,4485,1930,2950,24423,405,19198,28272
10922,24867,49147,47113,101,47294,30383,44042,32058,30959,48646,49359,14188,35915,6065,9215,12177,28695,3028,43230,17694,28812,37432,33957,41878,38274,21427,48594,11926,11409
45205,23863,29922,8505,26585,45533,43279,33475,1473,8018,11565,26172,21968,44366,12343,44519,2805,30862,1537,13445,1537,33140,40887,31376,15236,10247,17229,37660,48546,8409
29092,10679,16982,8368,23424,36734,44380,14981,42976,34424,14395,35795,15663,20088,46405,8963,49470,36716,43263,21946,41465,38163,7311,37332,30226,1019,26970,13958,17631,25645
23039,38641,31360,6278,27784,4160,1806,7203,15906,35002,6481,47553,29249,28273,48127,19214,31083,41120,22230,31433,27288,28050,16369,21153,25230,29022,25591,41072,77,28595
29304,6028,40529,44658,12501,31543,12136,1894,3016,19181,16182,24595,8876,48471,26649,18803,32651,4522,34024,31705,40002,30351,27679,29593,28815,39594,45023,20110,45676,23846
2776,21989,17782,16386,22170,47353,37738,28165,33742,8426,39596,19856,48553,5357,11941,2075,47438,10128,46891,17023,43904,485,48493,26275,32970,29517,13828,38386,7459,27038
47633,23638,38831,35525,23696,13879,37772,15996,8933,10540,26004,25972,30868,44651,5388,21946,28165,28914,24201,33909,35906,33185,38055,46388,4253,7759,23073,3284,48953,6744
23106,34163,43897,14495,14974,10477,12706,26125,25844,4671,2106,34437,14831,32585,23499,18958,41858,35530,27833,29497,37121,47109,17484,6497,9175,30936,42372,24269,35167,38234
40295,13644,1979,29811,27454,4278,16542,40274,18676,19873,1628,30586,15547,13185,47919,45942,17791,36831,38571,29904,30727,45007,24508,40210,40738,20230,749,23731,2068,45137
28505,24505,1236,1879,48601,11202,23059,5676,11502,16952,44089,15335,26277,45048,490,3650,33236,8961,21358,6284,25511,15853,41144,16344,29860,12273,9619,8041,10246,36960
17994,11618,194,39859,27856,4354,19787,28296,42976,46990,12671,23944,45838,22763,27463,13801,4694,3194,27213,15422,24892,47788,9690,21819,43128,30760,24906,44211,7179,13728
41909,36663,28819,30954,47877,12530,27959,29384,35601,42534,26970,31530,39697,2903,8284,45939,20253,33208,22391,27229,25041,24556,48024,15485,38123,8978,25222,820,45955,21821
3760,31345,32301,12867,42822,13828,2861,1783,29648,27760,24191,20475,20144,15500,35837,2110,25937,12359,46637,19340,43178,18119,24485,13973,18336,4256,33793,19616,4932,16403
4918,20952,6156,43567,27391,12065,48896,49830,44584,1742,34962,3483,21691,34043,5505,29624,28481,14963,10482,47569,26136,12392,7941,12586,36437,30984,11218,15562,3314,10598
43987,46555,1208,15564,22709,37728,25417,30958,42830,33834,32070,24095,12157,8294,10951,7842,33554,3615,25146,23656,15720,38835,35107,13631,20029,43284,21564,49053,14928,48047
41781,37386,41951,11544,712,49021,46001,28839,4896,12233,6399,40931,48955,16325,45335,46983,25180,42040,32633,43460,6249,33120,10547,33594,41376,11167,24105,42367,47159,8879
26622,48997,26437,49950,10195,43206,12566,44180,27655,48720,12271,3832,16038,35203,45535,756,36182,49233,2062,21923,35767,13531,32385,6853,27701,35692,399,17404,32955,10404
23810,10300,46860,9646,16714,14110,28087,20596,15860,18828,30202,28840,16442,27146,19069,34839,14423,22565,9612,9303,22621,41138,9625,3656,17257,8019,26231,39618,12226,44348
33626,5158,43942,4239,47407,25901,47088,27435,24131,4633,32736,5990,18344,37222,31036,39022,22887,11328,1659,46404,26418,5479,9538,28339,26801,4811,23439,4232,28470,17722
49146,25661,47531,46046,40354,49038,5622,45503,16881,28454,25584,8599,6828,12253,35800,30015,30578,42473,45685,11770,10321,4932,16277,29831,1198,23972,46120,67,23904,12553
44526,7926,23867,31524,48768,36258,44821,48458,28852,20482,24155,28471,45679,22552,5842,25108,6419,22979,30468,27894,48709,2711,6412,13396,39449,35090,35978,32076,45963,12949
10485,37477,18146,43609,15760,30767,33923,11428,22488,5904,49895,18764,32221,5410,37992,3949,43908,12443,7374,6662,37992,2998,211,38081,32489,33734,49881,42914,44612,15562
2041,44598,8498,44312,850,26415,4895,15717,18777,387,49261,18954,17197,39357,37037,20063,12070,21237,47659,18753,18706,45504,7105,43689,42467,37601,31392,16503,40102,22806
9358,49177,19741,8198,650,2505,36027,6455,24634,10152,47078,15011,34001,20323,35774,38327,15656,17137,11225,29656,36950,36710,25625,19737,5073,34611,32134,22754,38529,23838
39818,43837,21400,45715,35414,35361,15633,25183,20078,42684,37216,1,2430,42177,27615,25571,24529,20798,43063,46464,25134,16163,19934,9984,2499,26209,3628,37368,35219,46983
44440,34654,29889,35215,40183,11120,29550,32378,33563,15964,10050,39819,41633,36608,3824,16299,36461,2772,41460,24036,25650,39629,33698,17393,8628,10681,26210,3780,5812,22140
28717,47617,7017,37644,44957,12798,39299,25441,24013,25883,17352,13180,34622,40425,10459,48638,24632,34330,42963,1308,7831,44637,21284,13819,2620,34694,6606,15818,24548,18968
2281,13642,5773,10219,7337,36757,15279,11658,19707,20257,8367,33955,24375,48519,39987,32061,38677,42899,38368,45544,16219,21424,11102,29295,44946,46757,7591,10038,40942,19839
8273,17479,30353,14292,36337,39964,33469,12248,17577,46070,46934,38458,19278,39925,2461,15385,43242,40299,11319,37226,18321,5145,42338,29892,18826,24152,24693,41814,38018,18861
4407,48861,34229,25920,1204,3498,30826,4974,8250,3063,6908,37528,44115,43441,1568,37558,30542,14809,19765,44155,22127,9057,8348,3650,6203,41226,8068,34472,16647,7038
15467,42324,32771,172,7462,43921,2575,4818,9522,34199,47598,49282,42980,4825,32983,42501,25919,24942,886,6741,28387,19657,20399,18887,1608,42721,35102,28485,9606,44062
42282,8265,30382,21915,23835,22313,49489,49946,42440,46779,43668,49440,33686,27722,21409,13562,46821,22702,46918,36270,291,37783,33941,29143,23064,34435,37575,8779,35886,3111
24008,37574,44513,34393,23496,6071,18548,40583,49112,11105,16242,44807,40014,28518,37110,19775,3517,3477,29283,5919,47975,22123,38483,32565,7651,35476,47542,39720,41310,29995
23734,19961,4632,5534,33347,17736,17571,10855,44125,37784,16961,43062,37104,22765,3059,43902,10352,41754,758,41381,3982,5164,43847,48445,1075,46469,36084,24003,1896,4006
25091,38564,22612,41349,18294,33174,8392,26716,42711,44519,36653,26518,20796,32352,41723,33208,45938,32972,46527,19154,22950,529,28717,35166,41910,12425,18863,49360,46502,14086
37175,36711,17639,2363,10474,30290,46293,36437,6623,43356,48643,24824,17252,31500,7600,46631,26489,49149,36470,28546,38587,25262,44433,42340,13376,11108,25713,46382,3996,31126
2123,19470,36204,14532,23038,29096,28282,49536,11212,1839,260,21474,40444,527,16495,23425,779,12843,44641,27288,23554,43005,30647,49999,20930,1197,40822,10474,36610,20613
39656,40506,28826,33811,20802,26648,25659,23895,49821,46905,28,7055,47025,2603,3337,45758,7627,29947,15397,36508,26985,31254,7269,40049,34435,9024,43718,18330,46806,35530
10056,4978,38789,40016,33779,14754,46231,27086,14564,15138,1377,49965,30107,41828,49307,24010,22987,40664,15666,41749,44922,22750,13760,29655,10710,10669,34339,22886,45527,43707
44504,39370,27342,41061,46250,31832,40812,36265,5182,18762,46501,20270,36769,45635,10425,10257,26858,33362,41134,3015,29185,38085,29652,19493,2614,37285,44965,17919,46516,42839
29487,15343,7224,17239,9832,13676,43340,35125,4120,30403,41910,1510,35727,42822,40610,27058,2673,40576,24098,38389,23069,8225,42393,44142,4249,20952,46107,21796,13445,14388
24312,23152,30662,10101,26160,16996,49104,3681,17939,4768,43380,46219,33206,7770,4957,45820,7984,37544,26221,16988,5236,46005,31226,9355,10697,38103,27009,31822,47901,43224
24381,41185,36725,35464,966,40784,7270,24122,5967,40970,17488,28752,12642,42441,25159,17685,3396,15257,13449,29883,40444,38442,20723,7173,15083,22965,40184,49722,20047,9175
29095,2426,7606,47763,48920,33494,4571,6523,26194,39209,34187,12050,12798,22647,49324,43781,38090,30336,36628,15564,2460,778,18211,15197,2951,474,3228,19163,18511,5858
5039,47587,38810,41495,25964,11177,49724,34063,29698,15995,6629,34414,45868,49893,25504,35018,1937,46230,7894,18569,19598,27819,607,28611,37997,7159,7796,2815,15733,10942
37613,15140,11734,1220,34121,43157,24561,8141,6703,21045,3515,11284,23698,47288,4874,1179,4829,41470,22295,32404,12366,37167,17434,32639,47132,25584,19904,24882,39209,11515
9024,44300,40740,48248,23664,25400,9106,43271,40467,47038,21421,23103,492,20775,35007,625,13731,44537,6082,14102,25952,4643,19767,39189,21499,32275,12951,45310,41293,4059
34699,44323,8023,47565,20495,19863,22522,44193,41131,33634,14354,48630,18130,10410,4421,23790,33566,39873,7019,4025,34109,4939,7305,48050,17642,29424,19517,21355,38878,23208
24049,20536,49125,41117,34065,37768,35178,23526,35950,13940,13028,9274,36745,2675,10831,31089,18582,19065,45851,45207,41881,18241,17625,1073,3608,1651,27170,6822,34816,2258
26086,17798,42894,43901,21568,40874,8442,34823,26116,48357,24629,31365,7039,45175,14759,28859,15267,43304,46029,16899,19617,207,35598,29756,36695,22732,2807,12214,20852,192
20604,5360,7368,14247,44264,11373,358,7544,22433,9476,2196,24216,21328,32150,30061,48640,35663,30048,15210,1426,18596,28421,15354,42566,49089,35140,37300,22848,13664,7020
42570,42922,44470,13719,33451,47239,16887,3793,19751,24196,21473,16628,38803,42709,19758,13648,15059,12704,35018,4701,21979,21830,28076,32836,30604,19206,5491,3316,11968,25646
18265,37790,4772,7529,2410,37973,22985,14669,3621,35165,35688,21890,30984,40074,8739,29236,29713,13313,17123,14959,11641,34146,8354,23137,27293,49407,13332,48205,15110,17843
16359,2684,45076,35839,11687,10502,8262,13537,36899,19441,44187,15333,17304,29218,20795,31365,151,39443,33798,14548,25658,2,30018,9260,31045,16923,31439,1618,20639,7698
7435,39905,14034,13589,22376,20175,25404,26125,14848,44034,37681,5135,12018,7701,31047,29787,49065,47529,11654,28766,13585,7530,41715,25029,44276,31289,26186,26381,7990,7919
1699,9744,9241,45759,1742,2037,34040,17839,26442,49331,48274,24122,47055,41299,35025,37016,8990,43957,20268,2677,30502,27105,6909,33500,17532,3113,17011,37748,13294,15008
48214,26421,15394,18636,27096,2766,556,2274,6149,31756,45142,45778,46889,40088,17855,11720,40990,49699,23277,44097,43132,30077,47375,6166,18538,45728,727,1494,12263,44152
12193,21463,18882,20547,8951,49744,42612,314,6956,45151,37990,19460,20076,37030,4085,33394,40502,28509,19156,41337,2609,13987,49558,15885,42656,9572,48781,23831,38041,2604
32706,12769,10888,30588,23873,35318,15114,12506,7375,31419,20604,27962,25141,25476,11386,46410,42840,44881,25891,45402,20119,41731,15668,31090,38012,46289,27306,301,28128,6444
33931,43289,35435,41036,49088,35405,9056,28631,38149,12884,35149,23762,19619,2167,18907,8515,46802,1783,36507,41734,33727,1004,20893,34587,37328,2180,44348,46949,44486,5664
25362,33226,49221,18042,33663,42196,40997,20876,44410,17180,26322,10695,3886,19825,850,2283,3757,21394,8141,5008,46048,43168,33173,21176,18303,11377,44785,47443,30651,391
36810,16952,20019,18942,7125,46466,2794,4312,15417,8345,18437,31144,13179,45834,10355,4807,49473,42028,17930,36232,20184,39762,504,47773,27090,14306,26606,49585,21907,16490
7718,35507,25875,48830,5012,12499,45185,25599,27571,22483,13737,18645,23431,44604,1085,6236,15761,27942,19738,24690,17955,37765,10497,35040,42235,36070,13321,23399,47589,28159
17156,4806,5241,29712,19554,12974,33109,22757,34456,35332,16411,2176,36985,34151,6273,13683,2139,28454,38853,41217,10156,17356,10594,49421,28776,3519,13748,26783,25468,38928
17059,32015,35117,42747,46248,38582,24919,22965,42270,29384,41075,46859,5365,25346,11857,2960,22997,45983,44553,40260,28658,32490,27835,34569,31463,42424,13617,12830,17255,7284
46140,15812,47595,14901,43930,5409,41964,30763,8123,24326,18603,21046,4617,27536,46676,40331,37121,34941,34073,23380,2909,27548,20392,42872,20093,11112,30376,11297,25576,42741
29247,6129,21087,46101,19396,42104,10957,42910,12445,11676,6008,11400,17249,12091,28220,32130,17414,31514,19256,3514,20857,32630,1158,18686,44129,14349,11530,47994,13325,36540
14063,17546,47109,6680,42438,28599,36789,26244,11833,20405,3463,41754,3738,35282,49646,19443,18340,25632,45245,33999,46278,42137,3357,6565,13954,13686,11071,45802,34576,21996
40100,6591,47069,10747,45097,36526,47168,41109,34923,27042,4486,47173,32337,40239,41957,24819,4732,43292,46583,15114,37034,23242,25105,21247,16832,35161,44467,3748,23520,42160
18716,10495,42219,20275,49293,14440,42806,12316,2192,4482,43669,24050,32305,12482,6858,11513,20115,33275,40531,31344,38352,12909,24200,45515,51,20386,5450,39418,28136,10993
45481,47832,49701,22123,25722,36289,29646,36713,4300,2308,27233,27881,33255,47605,47091,46148,32745,11809,696,19533,36539,42510,12997,5624,31636,44430,9669,31953,41116,44763
32192,41753,5202,24439,4974,305,48705,26185,27858,27733,3482,12655,812,1593,39979,11592,29136,39209,2937,29241,45796,10043,2703,36335,43184,43568,17334,16527,45859,6211
13119,31035,45673,17100,22067,33561,33412,42850,8944,45025,39025,38283,37043,14411,26597,35852,38200,26696,4241,8069,7548,22032,9472,4084,32182,32140,41872,43017,49255,33770
8038,33751,1489,15552,8225,10031,651,21512,15032,13473,9959,26104,25348,13306,34578,49407,41286,49072,7097,46589,40415,47951,40841,42063,15121,29264,36160,4461,29151,6290
8896,38515,7,2077,45397,16044,11230,16333,28427,6513,44434,46056,45900,12524,18505,2866,2595,36989,40571,5916,17738,48260,983,21441,46477,24939,30629,32987,21663,6811
4854,48283,37406,46649,18727,46354,32988,18830,19295,18014,25326,39613,33058,15396,39044,38606,42780,17674,4454,4754,24669,20380,42927,43552,29110,29830,49807,44579,23759,1477
29626,38039,34834,17918,35012,30719,48663,18120,5319,20914,17829,45229,31367,562,26336,5490,38109,20677,34081,1615,39523,9514,21557,4647,28355,15206,28085,23887,13882,6656
11316,30597,38373,27637,27900,28654,25367,46105,37937,22280,15477,1116,36889,44397,39820,23788,47917,43218,708,32681,37428,10909,16530,49586,46376,41384,25386,8200,28226,9047
46752,36589,33341,13084,7830,5813,27029,19788,41481,19154,26730,21992,8983,24168,35056,15900,36791,572,43472,28608,10797,6407,38672,32078,16852,9546,5115,25920,26968,31257
29171,5782,36145,11800,26479,33764,29705,45922,12842,32205,3243,37566,17297,3314,25660,30123,22516,31617,19224,8963,7351,37532,1362,10711,18946,39793,29476,40677,8147,48125
5754,22134,21172,11635,49061,49799,44571,18146,39304,48605,38025,23801,1571,36476,29300,49224,24907,21545,8919,46114,47295,26985,27534,29246,4731,28345,2514,14208,18320,20911
44691,17666,4731,31317,48551,34487,25758,29180,2809,17907,41788,15617,45090,43959,10364,39645,1983,13842,31908,11683,28547,44107,35837,15939,26765,45260,43597,22840,13773,15679
20945,20875,37788,18190,48621,3428,37037,7271,44934,8427,46434,22538,36885,18237,42733,2659,35437,1063,10364,40140,26622,58,21635,24095,20831,21128,41996,34461,2045,29137
43768,3670,18363,26250,29469,40464,5780,21006,14874,48819,31158,49398,7146,13585,41703,35265,30755,14793,31137,19667,3857,22186,46737,31729,47065,1651,43446,25566,35188,5355
22769,43308,39472,48408,9974,39509,19991,13551,9662,31071,45126,8571,14360,8738,12812,22975,46972,42389,41837,7381,2218,12271,42747,26801,39916,46512,44125,31056,556,28542
46501,33151,30181,44072,46475,11003,20725,25981,48354,20420,33557,17751,30261,29982,44517,11832,32318,41394,16149,18970,14386,44420,5530,11990,3478,34086,12731,34100,48718,1364
4256,656,43144,42040,14612,43506,4001,566,31396,29458,43073,45343,29466,30722,8686,16174,21373,14716,12760,14350,43476,38944,34094,36079,1519,37010,44187,34997,22924,27349
36045,37141,47442,6320,13383,48108,23893,26792,2961,15407,26391,22437,28852,12486,6283,14526,20635,49859,4455,40368,26291,10698,23773,20100,40630,16944,46230,9487,3015,12978
35532,41355,38624,9499,8153,25090,34785,32696,20928,45302,31035,21246,4739,7615,7926,39848,25122,46646,10200,12109,21428,10229,35220,43403,16462,2375,28046,41695,26379,28769
19030,42640,30947,44061,15471,18867,49855,5200,10448,21839,48956,38347,40998,14668,48491,18622,24837,7569,26284,40278,5087,35476,26078,9921,28560,3737,1340,23998,35294,9296
19658,5146,45660,16580,27402,22493,42254,22340,1437,3975,34966,8819,41275,11677,6417,14500,31074,14190,30214,9896,19305,9208,10891,3880,43976,15095,49839,38728,36269,27468
10323,39294,19190,10845,25699,19674,17430,21590,12517,14470,29485,32385,45641,39331,191,24908,45260,1866,48364,6223,707,42950,21792,17079,30804,4453,2109,35924,40405,38793
46650,31005,37500,20798,49151,26215,19033,34943,4359,27075,35808,7577,7963,46584,19644,3877,13272,30866,36184,45958,18512,26699,9399,19836,44607,25657,46211,30266,2040,43680
46502,35236,48673,47221,24037,32530,42317,7211,12710,43068,30355,27601,5720,23756,48110,31128,11138,9870,130,27626,11673,49890,2183,26270,6737,42229,43374,4266,29288,46215
45890,40293,29277,17297,2178,5812,43455,28176,47432,32214,45424,7868,12120,16467,36689,8860,35935,16657,39289,39325,33805,38855,45833,11836,31745,46984,37160,10014,6500,3208
41793,13814,35488,6286,1811,19473,1564,33374,1812,39703,27876,48330,16732,14105,12097,33368,20147,32300,37834,6254,49845,4048,8487,3871,9006,4640,23855,39977,7201,41339
11410,4458,20919,9265,38954,18645,49160,10181,1921,21839,44401,44355,31248,19849,42399,29667,4659,12000,26142,29653,26083,17116,13401,8112,42904,6070,23059,30755,24776,4190
23691,46686,13636,25464,10696,20261,42871,7045,44874,8797,15853,33557,28048,24463,37326,23200,34180,45216,18692,32191,43274,5353,508,23239,21158,41047,24979,13999,27785,31215
33342,27608,42616,23321,3704,32303,40211,1975,31198,43580,34568,1745,5016,11614,30954,49819,11333,17452,32739,1771,17139,19128,9970,28173,21035,23261,2184,45343,22652,48757
14696,49878,15215,2202,1716,39249,9600,46468,8108,42763,41857,30394,30386,16411,37153,48664,6814,32499,8053,41630,36546,41413,25454,40037,6839,30569,12232,39292,2181,44354
7954,39759,39490,21838,49235,37038,6163,39130,19667,6865,26400,43373,3724,19533,39093,28375,36762,5985,40382,20233,23720,49938,36567,23572,14532,28269,15514,35753,14037,30547
13172,15143,2755,11179,40414,7832,48886,47177,33340,10690,35980,36754,26297,6676,30272,19793,2484,36154,38507,98,36525,19821,47381,4883,32785,7347,31993,30459,20368,25516
9102,32652,37347,8505,42429,48693,35026,37582,17295,29609,33594,22854,14562,41959,42961,21661,12930,29124,5573,1003,17324,42630,2529,22402,4796,13393,30116,41765,41544,37225
15515,11158,24204,27255,5947,20963,24181,48105,31394,7360,4370,38413,40938,44665,23183,38788,11443,40708,12051,12769,2621,4581,22322,21080,24193,38669,6028,4117,7165,31364
32377,6538,21729,13930,46555,34284,44141,19892,96,36701,18931,14951,32975,28295,32303,28043,45543,29179,26051,25519,13152,4848,44669,35825,4742,28571,10772,34329,28460,46508
1723,20316,16560,1467,18841,21541,6451,13947,16979,41979,9424,41342,22567,33383,46693,21457,32933,38796,34454,18021,14988,42592,34088,42579,24630,26707,8121,21041,16896,10595
23652,42763,49677,12023,2700,22523,37594,5970,32431,32199,29903,24577,7731,18153,26712,4454,28548,8570,13782,1468,13889,23746,2415,16294,31876,34193,14711,33456,32854,22599
36309,22995,41334,27102,41099,29213,9706,30289,45427,18705,14691,46517,29466,23634,2521,42427,40929,47741,21167,25385,32399,21352,6116,6746,13381,5022,45684,18652,20137,34829
37505,26422,27918,13056,14091,13156,32385,44419,18764,8416,45565,13618,15463,42983,23837,19801,14867,25252,31517,19426,13902,11481,23616,9363,24697,48909,4153,11625,16993,11961
24177,35038,4193,5081,11426,2654,26108,10197,33807,12302,42005,38559,45556,3182,47479,15700,12316,23684,48854,40680,10644,33097,21882,32599,42029,14107,13493,13977,42554,43520
30632,25209,18862,9341,13610,39952,1170,13112,11273,20124,34230,32112,30347,1054,8214,35144,4623,41767,19460,16468,30910,41619,8986,47964,34194,43003,18464,40156,49090,35148
36153,38305,9537,32105,2389,284,33438,10371,29707,38247,21940,23949,31958,8180,3170,39295,32922,27222,46596,43280,44673,14882,24940,36746,19775,8858,20393,30183,33173,12969
8505,26067,1865,222,33741,1624,29492,19211,43299,36004,3344,24307,39952,23168,31256,11280,14943,13654,26981,47907,12618,48601,43667,21025,9197,27893,37508,35805,39167,17351
40105,2608,19670,30556,36103,48127,23359,44631,27542,48311,2525,26679,40770,21876,6946,23391,17116,25041,28197,34091,21516,49691,22122,41989,3212,27996,26758,26727,33983,2515
5651,17087,33704,4628,27226,32329,7166,6295,40782,37889,46940,15929,42762,30519,27441,26808,19386,7350,36739,47575,12849,21399,46498,47908,43199,4944,8939,35933,11560,43999
4309,33960,21010,19179,47586,33345,47077,20156,47841,4554,4824,22126,28774,3017,47766,4460,1078,33054,228,28548,44375,9553,45465,42513,19782,17441,38077,19322,29105,8212
20270,41927,46931,19586,5745,30415,43588,45024,32602,8015,16951,18652,35454,33832,4430,48026,46967,6398,44180,27801,43645,26122,4886,22777,46413,20310,31007,16646,5107,32614
26094,42780,5627,6223,2523,43400,9757,25580,35855,10243,39935,23167,22406,20367,18535,27494,15527,37070,10780,22921,28990,13442,25695,8383,4932,11736,3205,38042,37858,4885
46985,46671,35234,44273,14203,36304,38546,43388,36475,36791,21476,7316,481,23629,22056,37560,28227,42508,48495,1772,32357,48203,14741,7446,26428,21701,49274,4150,35142,42165
47112,29855,13812,709,13530,18942,49106,47791,40291,14499,32667,2959,38112,21890,6746,10902,5042,39816,39475,37008,16535,48259,15606,44352,46047,34601,14920,8332,41107,22626
31370,2386,37876,9972,1774,27933,11075,3126,44643,24828,16130,29729,7939,30654,19233,4148,16997,22234,8041,14506,17553,14048,49807,16692,36481,42227,40414,47528,38108,10360
34452,46685,22284,30469,21769,21904,30640,10966,39234,12320,30298,18419,136,32676,14842,48968,36853,22088,9163,11827,37710,21425,21209,26962,18586,16182,3943,31814,18323,27038
26922,48010,46766,32634,31242,41616,17294,12712,34204,17995,36483,44403,5245,44978,2285,26256,27923,27923,14482,29783,48629,40224,11243,18234,40091,8095,4530,10571,33433,43757
26833,35243,279,28141,43696,8526,34372,14276,19959,37218,32928,32130,36406,17534,25817,27828,26705,47732,3126,17513,20553,3948,43858,5197,32708,6900,35535,23712,25095,8325
37677,48583,39424,42131,14733,42325,34451,21477,27403,11541,40550,45278,40454,19608,36186,14561,15977,18493,30718,22877,10394,9104,27953,1451,46670,41366,9512,1332,7287,48013
4834,40017,23480,46991,38455,4497,37003,32497,45168,7248,43057,37144,15160,30442,8190,16480,8129,40854,3866,32638,33471,45755,36474,38168,48096,42910,4543,14649,47078,40699
8214,29007,19271,11535,10454,44666,25239,47686,8472,30784,30184,35913,38192,22946,5264,24042,19284,28058,43637,11452,16683,34103,11235,33819,23464,33158,466,30246,40677,3785
20777,260,27333,34864,41126,6677,39844,47991,4960,37937,9591,39624,35654,26113,4716,12575,46498,16294,4723,21115,7955,36645,23181,24879,41393,9200,11422,35637,18627,33238
42097,13219,20885,45386,21317,24096,22729,4848,28536,35427,13342,32125,775,12643,7316,46838,34213,29547,25622,39128,47120,16128,5587,26589,49936,49380,31981,17033,13632,49342
4861,10250,18467,34875,8141,13916,44355,30403,13879,34660,28074,1173,9970,9183,15519,3767,43148,12296,15122,22168,48041,35251,1206,3666,40343,17019,4332,13802,16539,3229
29490,29010,22884,46037,29726,18284,23333,43403,38335,25547,8568,22762,13556,4014,8549,35914,15095,16866,11093,45084,36628,11436,954,25000,15816,48615,11474,17929,35031,2070
30529,35143,43020,38605,37051,31808,11063,18436,11294,17721,6961,8341,37222,33740,31129,49590,47772,33524,47974,42299,9619,16216,1734,2301,35271,26842,7512,39125,14809,38327
44572,22937,8077,28673,49228,47911,858,8413,22976,27652,4597,5370,5306,28631,48684,49427,18740,45635,28669,4728,6388,42083,42561,38937,20989,23326,13424,4657,1078,45467
33906,3009,5913,9158,37911,18883,22817,45923,35457,13548,41208,20131,25285,5896,9912,36134,12008,19635,20290,4157,35824,9082,22567,12759,22067,21566,44904,22649,6192,24929
22579,38516,20881,2278,18754,39357,41090,38794,31982,9169,5551,16622,25655,43517,38252,37739,49103,8456,43993,46052,12780,9952,35545,22463,25478,6033,15051,22604,39653,26302
8411,28729,15863,36506,9610,24085,1882,10419,29551,2612,20567,33131,19851,19966,16659,18166,34756,30610,46023,9220,6565,32935,41574,32393,45460,49601,27358,4074,48182,27451
36131,15504,35583,1932,14224,47199,1158,28173,12642,44966,47449,14117,5271,7971,44150,34327,13604,36740,16750,12900,6966,20797,39988,19442,21535,26950,25801,30338,19691,45938
41930,11593,35705,37156,40749,20681,14828,35428,2740,37733,37659,40064,33867,38626,48581,42513,24369,41237,44338,16156,36841,19490,2860,46447,15843,26185,5037,12641,25304,4137
38522,48409,45378,42137,14468,13738,38693,44164,19132,39297,22332,3768,40137,49289,11154,27459,25660,34217,34697,16528,17354,37409,16587,44544,14396,3510,33461,28571,8092,27728
11926,7888,25186,45961,30063,12323,32213,45360,39693,9659,36774,2050,11407,12026,2340,40126,33495,27622,26393,15671,908,3192,5043,17756,13136,7907,12496,14360,37454,26167
8457,9031,8806,32248,21668,14049,26271,20427,43653,21680,32339,16718,16133,17416,14512,10958,17982,32378,18136,24265,35758,26526,28893,26701,46134,39971,37288,28715,42388,35919
28353,19686,38220,10931,36117,12262,23103,25497,48376,34681,12438,39871,21427,9284,14164,11512,5924,13387,5970,34690,16390,37655,36340,36301,32361,2177,42979,30116,30852,19372
32956,10192,47470,47088,14155,10698,4838,45773,29823,13460,44534,42178,22120,9666,14669,36378,41575,33830,9768,23801,42486,5416,12154,20110,12014,16988,4329,20143,7243,44322
3632,22295,6046,48096,2814,13648,28902,7007,23266,14336,14693,10827,10150,20271,10351,18005,9259,32408,20833,22046,30668,37146,37234,24508,14652,36899,36955,25103,41875,13414
8138,3998,40752,32922,41034,31482,8253,47947,22082,3858,23328,2864,3257,28966,46388,14932,36906,26422,34468,18981,20957,41997,40676,1038,48647,9785,30548,29810,44307,15784
33955,49675,19568,7508,11560,24330,30874,39329,16410,29006,33187,35146,15063,12805,1536,13039,20360,44948,31196,16626,5878,19362,5287,38360,21553,13692,42409,37207,1610,21113
10029,10288,21635,38894,4853,39066,6828,12711,27287,48531,11997,48259,40722,31435,13734,4713,36020,37695,37456,7630,36581,35011,28393,26829,41760,7170,39698,45670,10901,41585
19932,18723,24446,39554,20590,19910,21942,25246,12520,25678,38837,44430,39021,23663,37076,29971,49238,29288,20412,37880,32228,44573,15008,11656,44606,39526,16474,49297,19368,16289
10791,19014,27652,21875,49145,10324,1409,36603,16914,7703,11127,49456,36408,46926,18429,1578,16895,12616,32075,13982,17797,46855,31532,32511,1857,36946,8176,1443,7059,48786
10615,43479,33026,10952,37796,26232,39163,31365,14062,39134,16308,21459,37367,4899,21483,24891,16633,11398,29752,46165,30494,23951,40441,45237,36217,4019,4396,12776,20514,19294
21146,37768,42359,30096,19446,43755,36914,1775,21545,11222,26267,39655,14538,35020,6019,38504,45908,33407,39763,26093,47595,1214,37296,31761,3246,3681,49177,1132,11655,14379
46487,24809,2531,32045,11148,20960,38252,26209,40022,34432,36392,44759,1257,33276,5105,22034,46729,8869,18858,39090,27461,35022,31949,7190,48169,24151,42734,45537,22924,25551
14777,88,15383,47546,33301,38513,23515,36876,28405,28077,6510,18612,39536,21901,21579,11722,12103,41123,12103,12306,1063,42201,16772,32961,2034,15902,1236,40841,46702,42619
22677,12252,3346,8810,42685,25101,39552,7497,34117,16961,26103,38650,47706,17825,4623,46737,44362,27951,42387,5448,46760,34414,36079,43488,39551,44734,33443,14338,36530,12342
34007,29226,49443,22511,43489,7545,41567,33360,13652,38479,27442,24270,32090,33688,14951,25869,19702,11076,21695,38463,18149,20245,31695,26023,1905,36824,46334,36027,16652,12881
18616,1904,19794,47042,10816,7741,43230,13491,28582,35745,471,10752,20165,738,40570,49829,13474,35866,47674,35351,11382,140,34872,24575,26392,26594,26103,9194,33579,15668
5169,37011,42214,17585,13739,27579,36110,17307,1194,34081,1027,33024,38992,22477,34316,32169,44180,15461,11539,38409,2873,24314,28241,16763,13688,3223,10435,5422,11609,42938
16424,45088,6334,11359,9945,47177,3868,46541,16951,29902,27014,38174,9081,12205,20812,15757,12581,27882,16746,12175,38787,17829,35728,27545,38743,30519,45969,12072,17860,45512
12865,21404,48696,20937,19624,461,9193,48682,16781,11635,5215,3958,43306,44832,34200,33633,11396,7408,20381,36441,9078,19529,36164,34836,3393,26985,5885,14702,39636,8388
41620,10345,38989,22752,15956,1591,29409,24700,13746,47048,43248,31346,42280,42239,28176,16048,13547,49892,15605,42802,11592,38765,12188,32124,4549,39361,24843,14630,44644,6888
36100,32556,31213,19682,20590,13089,43781,26476,8455,16061,15753,15862,22743,4164,5920,25112,3131,9773,36895,49416,3124,359,34605,29815,41006,11546,18367,49557,12625,16637
17987,39684,4041,46238,22547,25484,9626,16838,21883,6027,31321,22576,927,34663,7197,16153,46746,26252,525,34465,16274,4612,48192,37264,31382,44186,48778,37415,13785,30484
8204,35020,36940,24672,7013,11191,34455,24748,23876,43251,12765,31783,13457,11998,47392,40311,6660,8886,27108,26853,13751,46733,12041,44545,28229,42344,3553,14070,13223,12187
40962,26626,5304,17257,31566,44236,27964,9807,181,16312,34868,36231,21835,30527,3122,12321,37499,48910,43715,24277,29392,34898,38817,32760,521,24108,34445,18003,10046,16652
19846,6441,10639,7616,20583,46127,39276,4762,28643,14709,38344,3382,17712,37382,21485,43571,8766,30222,10745,4102,49047,6683,25943,26947,27284,31008,32419,22199,10370,33079
40268,9428,20451,14748,45900,44229,1862,29539,1890,6897,43235,43308,30609,14750,29976,674,21587,25164,28243,4267,17467,28862,31484,32829,24771,25508,11475,8123,6512,22677
34963,36600,48875,24344,20467,44230,28680,18870,35684,39834,3542,48508,40808,49253,5662,38097,47818,29978,8450,33730,22254,48884,8696,26727,48830,45181,38710,32465,44073,9100
6123,30835,49398,40801,30971,43025,3434,48942,19924,49266,29676,38385,34485,33901,33026,8990,12684,43732,12583,25305,29585,36346,21144,33303,3621,29124,37223,48180,28658,41735
32937,45435,1557,31333,21333,31654,33801,49290,31446,13340,37517,42959,34657,23611,34758,9746,20120,28207,31590,40683,18097,30628,22361,39129,2183,39298,42332,31635,44978,7957
42008,49171,12542,39371,48423,8056,44867,27732,17652,19422,36474,27086,13520,34123,11453,705,20692,6215,33850,20174,19664,42307,13690,25008,6317,18601,33832,49418,35680,26721
11052,34321,1175,4480,44535,2548,48293,10601,41813,44026,11122,39086,17160,46767,26342,17851,23875,1109,41148,16939,4309,36783,34224,529,32549,47468,39167,6976,49086,27895
38785,27152,27017,36640,6516,15546,49021,39895,1344,17225,45873,25857,10913,31454,7950,31894,18336,42616,28369,14330,45315,2076,11913,2307,27601,28381,11375,33169,7866,15198
38054,26594,30533,2512,34912,43343,26403,9823,22359,19006,38211,15951,40855,10547,47061,48979,40335,9056,39408,49402,25304,22568,12091,4830,16335,47756,44812,7060,32012,47014
10106,4135,28497,12615,12750,1326,1710,37586,3145,19921,30721,1068,8640,30841,43574,309,45588,43629,30187,11640,3179,16662,17845,22863,16530,24102,14975,10341,47381,23018
11220,21056,27070,12115,37122,13702,34382,26560,9322,22779,1876,31696,38514,5266,4513,9904,48647,25076,21996,21132,28908,2989,41601,39936,36250,29859,2870,38107,21575,2304
43171,12490,46240,49455,35739,5120,9235,38729,24775,8379,14392,19044,27031,32447,15995,36925,8420,28562,23670,30692,16688,1817,1164,34508,41799,8891,28056,49799,7533,4953
40926,5445,38925,49815,27751,27925,15657,23935,35860,29541,4900,45070,39742,16972,25704,24701,22768,11744,7288,16708,15533,6030,35607,23255,19390,29365,32711,44682,9860,20003
47228,10641,28506,19143,14420,26949,23610,4367,46082,23046,12806,29891,31941,17269,39482,46112,42444,28680,33784,21226,11760,19272,24602,14745,9452,20417,7714,49409,36887,41586
39659,37112,1989,25077,9060,45287,44542,9554,39233,48852,34921,47318,43885,36467,46164,31598,6793,42514,23383,25135,26280,34990,45506,5509,34128,9457,17961,14731,43785,8131
22127,10846,16365,47431,6775,13027,46944,47368,40820,10790,39212,36049,21617,9295,8038,38861,20313,8483,31934,28196,36934,4206,39500,19207,21405,47756,28470,20042,40120,45227
36938,31599,17302,30624,12475,14496,2081,16908,34557,15131,45007,21936,34913,6028,20733,27069,14248,5874,27037,3600,23871,18205,19372,42154,3824,15097,2369,25497,34138,35442
2700,22527,9171,19621,1772,37994,24643,27091,30930,34733,16274,2767,45127,39261,44115,7522,33914,7556,38881,1069,49089,32398,25170,3942,7011,6380,7662,13836,37705,29506
1860,21384,7392,7491,19770,9008,44041,48159,44970,35102,22602,43978,8704,6739,46162,14838,41644,47747,27157,40421,42819,4440,45739,22080,22978,14330,28241,49578,31283,24836
5324,20869,675,19508,41177,31027,42832,9585,4269,30591,44214,12599,33416,9574,38936,34012,24741,24235,10491,15691,10952,17565,30449,14953,17976,9531,4769,9418,42833,16701
2980,37158,17250,8140,10312,36749,33298,24896,30967,5820,3092,38358,39899,13820,17416,49609,9487,29195,47116,857,22782,43643,5198,17253,26274,41821,37806,13770,25491,20418
42039,37405,42485,46894,31575,29450,10344,49428,29123,19007,9382,29658,10350,3025,25994,7189,17520,15467,35845,29359,23398,2786,37242,5071,47961,24423,49600,45444,45784,3418
37800,28158,7787,21468,9849,5076,34900,5273,46873,17449,10508,23324,42403,47997,29877,6538,49049,26694,19055,9442,49159,47554,36912,19986,35577,43563,13973,31805,38565,7385
17345,18994,9596,40093,41995,10461,21482,27728,47004,19689,26211,28541,8102,38371,2875,29457,47100,41069,20053,4824,3172,27894,45512,26244,34110,19347,18460,46343,27221,34911
42673,46727,34545,25627,10896,20320,8009,7204,24531,40005,12584,47994,179,29674,46192,32536,41809,34493,25729,9,17600,12874,29398,47568,45136,14722,27625,29631,30153,20693
13816,5169,22819,4946,36164,5157,35781,16352,47906,14336,39954,48222,7443,40574,22795,37508,8190,34659,21150,16980,44528,31381,5885,28217,48588,6380,45086,30856,28184,5059
37496,38371,44465,6799,39090,43508,48152,40982,29040,44282,32641,32680,28533,29950,28981,3322,14003,25099,13686,32951,40640,25810,36936,48858,40373,30762,12823,21030,38803,2215
27302,43831,39582,28181,37370,28349,12023,33717,4899,38843,49900,32463,40674,35638,33561,33866,41635,22742,3788,49098,17586,8121,18414,42154,5463,34888,30809,11001,44886,43819
40509,36325,47536,21881,42904,44585,33260,17543,31240,15773,33871,43866,34210,43130,34135,38249,23160,19277,39253,13940,27846,18329,27144,40183,16258,26788,41962,11011,39579,17836
41877,9378,20706,19828,47878,38258,5783,548,12143,45161,32627,30781,44222,25797,22869,25719,41571,16998,36842,36675,434,7255,1092,31497,10790,47697,19239,657,44716,19800
1985,47102,33632,40764,44578,26321,12975,15884,17310,21586,15895,2907,13639,29161,44866,503,13112,40114,29843,1434,11012,42611,33246,46692,42290,48946,40206,1527,6215,23166
32640,33194,31963,36897,24073,18888,39079,13158,21441,3051,18659,29294,28163,27439,16934,44487,11339,42956,24024,25925,46778,1604,28609,46846,48961,1747,30509,13310,41668,34787
41102,22016,3199,44500,13954,34262,42211,49618,4149,6974,46204,29757,9095,23542,8389,31299,21457,19684,47376,756,1608,1417,21857,5846,44179,3662,46889,30807,41753,34313
35755,8465,22087,706,12618,11689,29056,43482,11286,20819,27073,8158,1743,105,40928,42211,31541,10073,25468,6324,20755,47471,35814,33540,31528,26005,37353,45242,46750,30649
18984,44368,33386,47941,31611,9471,24947,16478,13098,40448,9085,31613,30974,6899,38272,721,14359,44963,34933,13492,2048,44550,3568,32970,40908,33490,22105,8782,38958,47023
42069,46996,47009,5942,3874,44783,47748,46674,35499,24400,23819,28360,49652,44759,4397,17965,13233,38237,29120,6971,46013,17831,36393,1398,40850,35310,3318,4748,21479,16148
19799,20556,3741,30512,37300,14331,10622,45643,35822,20521,48354,45041,24144,34276,11448,36038,21879,4293,16822,16281,39813,43068,8904,39066,4601,20038,4170,24678,43474,10880
31651,24436,22596,6994,48283,23185,24143,28387,35273,49188,40036,47373,44822,15639,23286,39781,1120,10995,27476,33404,35062,24283,4778,9173,31770,49961,15542,35250,37480,39646
16049,17907,7703,47959,43064,33953,32288,12701,19052,47520,18690,35855,36718,43970,27320,28633,13201,39645,26481,36659,11570,18181,31042,17681,44405,31079,10201,30598,9368,34556
44892,19573,32443,8534,42971,24289,17969,17851,18837,41867,37023,4993,27369,30763,15855,38492,15184,37215,15274,49795,33781,38905,970,36768,26370,31570,14806,8346,49854,30832
26614,46769,42991,19521,28090,16751,45872,37664,39671,19025,6009,43943,8565,12902,29354,16365,4083,34578,45995,18703,11286,20025,41703,3720,27716,3280,35065,37694,41382,24152
19493,3974,27892,17935,32376,5068,12510,24206,26047,47552,5607,19932,1513,10763,37079,38065,7215,37467,6625,28398,656,11859,41708,42877,5821,38011,7888,23415,1603,18920
29724,45024,19654,44280,40291,9144,16321,46259,30768,25312,47597,3077,48740,34579,18921,48077,5567,26998,16554,26755,10210,37509,45120,231,37113,44616,44246,48742,5808,5902
4783,19942,37877,41219,25620,35823,1209,38058,12473,21542,43877,15304,46082,11247,37043,30469,2133,44691,4379,48321,12810,19089,32140,37884,10860,40510,10777,28867,36733,17116
45129,5032,45347,28898,12215,43776,11386,31228,6871,38736,47367,932,15466,33760,39419,20947,12827,44013,24504,9634,9469,9217,48868,815,47329,15117,31160,23732,11649,46509
3927,48342,9543,2983,2801,5356,19012,24937,17812,21583,28223,10487,48564,11032,47698,34153,14401,49731,29715,29580,3298,2936,27579,32163,43570,33457,12138,6482,18975,17424
10360,18456,13385,33649,46243,16348,35592,22198,21777,16419,33485,578,40816,27076,35288,15622,22188,26819,24799,37382,34412,29259,19268,46126,10447,39004,19752,27462,5761,2681
28810,44491,9129,37703,41147,39461,9365,22288,43570,24435,31118,44343,21377,48058,24988,33285,21547,15210,24803,12840,35339,3440,48359,47390,15242,12488,36902,11002,34945,26724
27239,29456,18880,13066,48995,20053,1250,42709,14938,5893,27606,26685,48673,36558,2478,3942,29875,4330,18778,45424,1928,46273,21616,46939,35355,41298,19110,23727,15593,3586
31736,37325,18476,30619,22986,24062,14380,40598,41902,10004,30572,24211,7532,42560,42867,18,8266,19800,13168,40304,23385,25683,21478,47632,3671,47843,43178,23923,37147,9527
30438,24841,4985,20945,31616,30039,11533,21119,46884,36924,9911,42193,47712,42744,23189,17968,31789,41051,20262,18633,3174,32445,18860,17263,47848,32102,9497,36428,43217,36757
13371,5466,24207,12759,49535,47174,30352,1425,22793,9628,13072,971,749,35365,13328,26806,29151,37667,30278,31471,6217,6831,35441,6875,37191,49163,45846,18422,45712,31503
22295,1454,16838,24994,26215,41437,33609,25333,41263,43830,42586,27929,14589,1804,15089,47527,43195,36026,16713,36880,9079,45301,6669,45442,35745,38585,31496,18558,13465,20001
39759,3153,47907,15946,38266,10757,19456,39366,36977,32804,28675,36039,49176,19419,9982,28799,38309,6863,44494,24596,44889,34712,36460,27029,4035,10645,40198,38230,41200,9870
9416,40262,30997,28428,43669,42326,18820,46005,14541,36427,25442,1070,4892,13892,40010,13207,17823,22810,35192,8430,46779,960,8429,36503,48482,16768,45754,8772,31432,29878
20486,849,2596,5314,40150,33232,11664,22275,30976,9286,37814,10096,12817,18707,9809,31874,26581,8790,31727,1278,8395,25447,21082,26631,39076,810,9539,39639,40050,16718
47079,46730,10910,38796,25873,28949,43084,41547,35176,41485,37039,13626,5402,15585,17307,34677,36571,25341,34781,10472,28704,40122,9529,38568,28722,38094,34209,9892,41035,37830
20927,7042,13545,41000,11846,39735,9094,15916,30989,16004,37261,10925,19226,6882,17153,28507,2374,29394,29966,20669,42465,49479,21703,2016,21949,20963,2838,24783,37309,20792
48117,12663,7053,4312,7320,28595,28864,35631,3530,18957,16943,20055,36452,40257,23536,36763,28395,17526,8791,24597,36283,49670,21353,4129,10502,1102,26037,38225,7611,30707
22635,37365,31443,31098,32955,6441,57,5040,24131,25794,9176,37256,12324,19149,10682,42109,5689,23754,27214,38917,16558,41636,45238,20490,49496,14968,31276,8184,15768,19791
26131,7729,40712,33682,30575,10501,2001,32317,29003,41060,26411,45453,49976,41976,6259,12148,16200,41662,146,4714,32941,46821,36104,46005,6029,31131,33953,36908,15297,6233
8570,39395,18716,1773,31900,46206,10191,36165,41556,3478,17923,15414,42498,32621,20987,6846,44469,11617,10711,33145,48283,32669,13499,38849,11797,19689,28477,25522,17050,9085
49851,42312,19991,210,5774,49003,13103,43591,6168,17878,423,43265,17010,38025,41937,43465,14328,9487,36700,47144,8146,41690,46346,13037,9907,2514,13878,39749,40990,47121
24284,38215,8125,239,19737,36132,49031,2238,44328,27073,26226,1744,49646,22163,15698,30319,20397,49137,24265,19772,43643,43362,35643,33998,49827,31543,19308,11098,47725,43749
33750,3894,1101,26551,7920,2614,13893,48083,23069,1941,24352,42356,39030,11009,36350,46745,2293,14352,18905,47242,49328,12620,31726,2951,24445,8422,19095,46212,10335,43036
36809,39970,6437,32221,2067,9591,26441,6169,40917,18930,9653,27771,40683,45798,6350,39803,19710,48985,33700,21838,46181,31482,48469,38023,21190,6989,39998,38144,13010,38080
6959,33750,45076,30889,15386,31221,48518,20329,44379,32987,45954,45605,37317,21258,33498,1822,14180,47195,20853,15734,49223,45582,9899,27343,20865,41498,4744,32741,8471,30955
20914,5323,47671,39241,9484,38958,22235,43342,332,32962,17010,33074,28840,40049,26321,27993,33637,24819,29993,2445,18426,37448,11147,22654,39288,2266,5911,12746,26621,19530
15843,10152,7372,41036,601,20292,44516,29114,46938,16285,8164,27222,275,34135,42202,29284,13875,34992,38162,17378,33559,41682,30057,47285,27747,25778,49314,48522,49531,11443
30571,49692,18922,43692,19130,40087,30376,11066,49116,28180,8262,42046,14647,43908,40375,11027,31529,15388,17414,22611,11136,46747,33304,36749,19002,26556,24965,32851,25634,14326
8030,31790,15657,9478,17394,44559,38155,31591,34454,9615,42177,23009,18112,10505,22304,97,45389,18345,32516,22137,37905,34956,34816,44990,1431,33946,47486,15516,263,43052
17530,45228,9621,21545,38993,26709,31172,31759,4040,47330,41301,16059,5543,36572,11079,3018,46697,30746,24868,49938,40253,9433,1181,46576,30428,30080,19461,23186,14113,24581
29465,38293,39514,32331,12563,30323,20220,33754,39124,9547,32555,47280,45399,32173,14971,19371,49611,13039,25172,25152,41733,37487,17735,4011,34312,28647,18655,38314,21202,20432
16248,43745,9904,14856,24627,33215,31839,13151,25264,46948,48198,27115,40972,13505,41717,42207,6304,31222,33589,32272,4918,43819,45536,2873,21080,10061,6839,9768,17638,8005
9233,22442,29024,36676,32128,26862,9783,8163,39573,18448,11708,422,3954,49180,43090,36030,8115,38655,25447,2422,18188,39775,35161,35181,20146,4298,10312,6744,16157,43201
6345,2358,43942,32566,49437,43281,33535,37728,268,22280,42391,48030,25045,2935,17085,30672,44817,20838,29832,25701,33433,10110,36999,45157,19500,32297,2266,43353,34796,23717
3317,8732,13069,21645,45878,34231,2070,44812,17273,12300,32234,7947,9454,35687,1217,17149,47503,49924,33922,13315,32216,40714,25715,30170,12231,6951,28794,22246,21592,30498
19020,13526,17114,31354,40552,33219,32573,24350,21231,24364,10830,29953,37819,48955,35668,43850,3569,22274,22665,1956,6088,44993,28703,7657,24924,21531,36768,26209,7470,18165
25176,31534,29835,16220,22560,27141,46467,36534,44537,1566,42067,26427,34963,39137,9962,47867,15991,2560,17522,9569,1033,18374,28664,18554,30217,866,2721,27386,33257,2165
40330,18317,47483,16904,1141,32869,44472,13445,40708,2394,38634,24185,45479,48417,35674,42365,26241,20106,10071,43895,25377,4261,13086,36489,47029,4858,2266,20270,43099,14203
27403,31172,31258,430,7426,15081,26902,8988,1702,49485,18368,243,34357,14101,22964,12514,31679,10180,8013,38861,475,37395,22398,1606,2163,39124,26170,44225,19593,35264
16271,35908,37726,43193,45184,33265,2610,25067,40018,36172,35257,20411,22452,9380,30209,44048,8970,9355,15531,16310,5465,31004,11628,37432,7935,34591,6179,33368,28637,4643
10467,3492,3572,21120,21492,17663,3799,15013,24045,30236,43096,7376,10228,37805,9462,48005,48604,14282,44232,38319,13921,26039,7457,5106,40719,33766,44308,23672,13628,13783
21459,23725,109,34183,31586,11503,1503,11348,18915,5899,21772,4238,9789,5314,7310,49351,46652,46428,25492,36209,48249,7972,17691,25717,30663,4820,21245,46006,32592,5771
37860,16722,16477,11499,43995,27920,39534,31651,44358,33677,45720,15744,42399,32326,1746,49360,44513,41441,28788,33987,32258,7389,29683,1233,31025,21189,10317,33423,27991,38192
47260,45443,32715,37263,38055,39548,43619,34830,43314,8673,888,12360,13910,47084,1778,14406,3771,24439,24446,11009,36942,6180,17001,948,22046,9676,45954,31445,18656,29883
20495,37469,26745,13330,39308,7336,15837,30889,22879,31205,46568,14921,36764,15034,6323,24323,40173,19955,15233,20729,8103,15563,29363,36168,44221,12006,41707,31084,30567,45092
12441,39330,43330,34702,1803,7705,44836,31406,28592,44315,33134,40801,23931,37471,25770,35210,2737,125,3322,15660,18073,24218,15097,22599,19103,31446,37336,24981,6039,36512
10443,19773,28011,9025,24108,47579,43530,46680,34746,44835,39010,30737,11029,44869,37591,34093,17176,28442,15111,5120,27958,33742,22742,47846,6801,8384,40339,21571,5954,31264
32655,2557,1269,20212,42606,49639,4726,37045,48246,47558,25768,27410,29082,24104,13655,32498,34339,15229,42272,35355,35517,38407,16048,32613,31911,39375,25571,3008,31840,42842
33734,21059,21354,48823,40616,20604,14382,46343,4853,14174,19372,23560,30154,16853,5531,8148,35685,43699,36908,12926,2112,27518,28225,34219,30273,14358,49259,19707,4571,34013
30594,29808,6980,25756,47036,24700,34160,41488,34845,3626,31232,34535,17303,37824,31084,40689,32996,30914,25810,39974,36626,9029,29611,8027,45781,45464,25141,28937,40694,36473
32687,39066,27588,12558,21889,12378,39503,13944,1024,28369,20712,4494,17144,24497,10110,29386,49288,42422,16354,47035,2512,25635,22281,49320,11371,26842,46536,31901,31131,9387
20221,23503,24508,9636,2723,14648,38134,14043,332,529,18703,19807,43399,12957,46489,30224,17012,27415,28321,12914,30814,17390,28760,29938,11140,19196,32591,47606,41823,43200
32596,23570,29823,26679,10819,26122,27244,18391,24788,17290,4853,40710,13165,45042,18001,36391,24746,8440,2604,8988,42395,30766,12333,24942,36245,19068,42951,15704,34820,45987
1519,5822,39972,41223,48596,45493,11604,23126,25661,6629,26738,42965,4742,30681,47854,20483,26036,9755,23481,870,1960,2049,39682,12299,9375,19838,6456,23492,29678,7033
5902,22044,26193,42761,44689,2730,21049,43163,314,16512,329,4053,16044,21031,10436,44721,47340,47721,44085,32708,880,42729,14468,7552,11117,13796,752,16103,20407,16689
25772,46216,32709,35763,8700,9751,8770,8681,49327,14050,40683,47540,39787,49556,29541,15037,44310,22306,15153,20929,13268,36921,1517,20531,21488,28836,8601,1799,12821,766
33125,9714,29992,32338,8499,4308,7813,42369,47090,46770,34002,42240,47262,47601,15700,30591,6811,29243,8878,12289,20285,20698,21973,27538,21407,6614,13365,5554,45323,25498
29966,11604,41210,36236,18259,39926,37823,49663,5803,684,39151,11465,47772,38764,44171,21079,48540,37197,38570,27955,7475,18354,44815,41130,4920,34403,11903,22458,26312,43701
15777,11414,14844,10740,9770,11802,18182,26717,36011,20552,19925,10522,46662,24648,17556,1711,2367,36950,4954,45248,11023,39338,23647,1517,2494,25062,23827,40309,43565,45308
14100,24130,27393,41962,27027,24194,35194,3487,22312,48790,1014,22632,6596,18358,30114,11196,28547,3262,17182,5099,15577,37928,41242,13752,12495,43796,44964,11563,6532,28968
38231,33956,31993,16070,14275,23138,16685,14466,15901,23349,4293,34431,16430,25059,37116,30145,33371,44766,44061,33647,11233,3812,44507,37334,47406,44080,15058,30417,35165,49747
23128,3574,48827,17344,10308,42663,42960,44662,32204,37827,22354,16581,39976,13018,28821,27183,5022,10906,33958,7028,23743,2553,25009,6353,46551,42252,42749,30905,39710,16567
3189,17485,10958,34949,31769,28215,39974,31842,38489,1854,41376,16760,31696,49254,674,16656,39261,2219,37603,29864,45141,27871,21979,16468,49010,15831,13917,27222,29774,37938
3313,31415,40389,21921,18826,18441,39542,38652,18643,28607,30997,46715,18900,6673,23947,25963,27075,14568,42299,774,2712,26659,8955,21494,14230,14031,36627,40999,18111,14614
18439,14117,3159,8040,13956,46956,13296,29110,40062,27849,48963,2067,39411,17982,36878,21492,3363,4303,18562,33287,43913,31476,31923,14714,22478,10251,6170,34233,37732,34905
32434,31365,7567,10604,8743,39457,27128,17333,25734,5794,41281,12030,18969,16093,25369,36815,28059,18216,47812,18755,47494,4677,16759,12938,26670,27163,28222,16783,12074,9459
39159,35048,33996,3980,25337,3889,45590,23660,38485,7108,41960,963,18107,2024,7572,20122,7329,42902,48044,49646,33198,46099,49713,39632,16261,48936,572,38821,9227,45979
42878,41993,19353,5793,15193,29693,4176,38599,43898,10223,19367,21687,42628,40286,22249,31675,1492,24294,24836,44302,13466,30176,44210,29849,45138,40244,5961,22649,37414,18132
44075,13556,33259,29863,11345,28482,3411,25387,47556,6181,10667,21552,26361,46037,38793,186,564,42214,33163,20264,15390,3327,21816,10345,11311,29582,23082,31327,3630,26020
30841,36276,46108,12579,24800,46954,19742,7269,22181,39691,39359,19715,29448,29703,14069,27062,18059,8156,16794,26570,42421,6951,37848,29276,48784,33210,48137,25598,2179,1904
18727,45905,41052,44627,16553,1509,41827,35737,5714,31662,4255,39797,12119,10996,13695,10736,31653,48809,4118,43593,36251,5016,27551,21922,46942,34453,39728,42195,40261,14857
35173,12427,29856,12036,41913,46833,34347,36396,5787,39343,16980,26476,44819,27273,692,19721,45804,18719,43986,17004,30955,39628,10350,39807,8606,15253,24257,29618,47784,9805
536,4239,26879,47726,1673,47218,49684,9867,4685,22372,41491,17944,8215,946,8346,15896,26837,5099,25233,16464,27238,47084,43964,11048,48033,27845,49737,34209,35931,37919
7045,3581,17820,43276,3133,36227,14203,19850,18986,23832,34020,48211,33564,40206,6808,36959,29299,37767,24854,41204,49908,43620,40530,30692,5274,12436,33695,40277,44164,37608
28242,17555,17366,45365,14218,2385,32630,7634,49085,24273,33465,15267,28927,9853,36760,1774,26970,9168,13600,24830,24953,22638,13173,22722,5339,31391,34025,7240,26115,19550
8778,32942,48481,12713,17088,1033,23473,12102,22316,26505,41252,48947,48303,34603,47824,42030,28946,13913,13420,32226,18059,10640,31104,14665,19479,30257,34492,39158,11477,27293
17333,12378,46242,26172,31555,45804,18774,2076,20993,15901,7845,34856,11900,36205,6666,25517,47171,41802,30180,45507,12882,8465,37789,34913,16699,31857,12657,33575,26717,33890
47678,39422,22533,25997,366,3343,34307,25599,11836,44317,31401,7515,7194,5804,18573,44317,13115,30795,29017,22324,33032,46219,26533,20339,23337,28677,49545,36807,36701,34848
23972,48928,33308,19782,28215,39727,7034,4486,34154,42280,15752,42721,11950,4829,40937,39408,40553,3461,31117,24886,30922,28265,44423,21857,8503,24495,23977,16273,43245,21530
26428,31572,41233,36337,47477,7730,8972,40988,19143,4651,31860,20147,40590,24423,13012,24254,20316,16956,24305,5363,31985,14072,10645,37829,25524,25380,47033,12180,1901,38720
23983,15413,18818,2246,31382,2664,31845,41123,12458,41358,13448,1815,33816,9355,19106,2004,48925,49294,37178,31865,34153,39220,48194,34241,9322,49866,37608,20080,29777,13041
2966,41229,41743,31096,38471,6817,44106,17931,49820,41595,2470,37129,5240,29674,25911,39843,6807,1444,47630,28432,28182,24660,3819,45545,17880,42209,1101,9140,47596,36501
26253,28382,35515,8616,20307,35769,45936,19034,29644,402,28122,49113,15006,13146,47910,38972,14033,13581,29599,15612,43661,33285,16320,13774,985,37594,7305,33339,286,33107
3353,7921,13976,13030,33310,7334,9822,6516,26013,18945,24496,25270,45575,3741,30125,37262,35970,20261,49849,43745,20701,37909,45823,46279,32594,47833,44777,27100,28664,19513
37374,2186,2380,16940,16081,35163,18653,8502,31660,17915,42126,14645,11614,19486,24106,26747,28689,18513,40925,8200,34929,24312,31900,17990,48693,18099,44329,32791,3029,2007
36820,26594,20212,26599,27264,15973,22640,40291,39898,28337,27112,17494,8122,15824,48048,28098,25629,39856,9406,35039,38867,49853,28514,32438,45310,39610,37469,6640,45599,48591
12757,28017,41238,48957,6496,941,44302,16390,30461,31445,11338,32722,446,10903,32718,36125,18280,42127,14013,26005,17835,21069,33000,10108,45485,46040,49678,6134,45189,13894
23759,16691,32376,44352,24137,35553,3961,38833,30261,43310,3295,19406,39046,49950,3103,13610,39577,43213,31303,31604,32814,46873,44871,227,34168,18447,35116,16861,34729,14445
36257,46765,22496,45670,26086,9399,22871,33100,21788,19203,37308,32803,36657,48135,40661,10040,35470,17726,28078,34900,46135,20350,44783,15029,15497,32658,25470,41696,44979,42891
18914,26103,9257,9935,18723,19769,33933,21251,26363,3195,27651,19809,35749,977,14022,7070,26970,33561,4328,29063,28294,43618,7969,32787,36051,44058,8926,43123,34176,10202
4819,23991,23090,45130,36200,33153,38049,48525,18866,834,38690,34906,44485,18069,39540,24894,35176,43219,45309,35888,10137,11819,13154,37808,5455,8643,22478,12632,26312,37796
25320,35440,8654,24612,19959,31399,29877,25768,41555,825,27229,48556,31824,27657,7979,41607,21766,35163,20858,42021,391,44206,7346,29178,32966,3820,1555,10932,18128,15462
33047,30736,18181,10468,1142,185,37926,32988,6949,47969,35837,6630,23080,3221,12493,6278,47979,24220,32881,40215,43973,31884,11381,16728,31402,43218,38600,26380,28526,39634
29515,37695,5605,31780,43511,5400,10347,31541,46558,9909,19652,49333,17039,23309,23898,44211,25510,36853,20004,2348,44067,10450,23197,25105,31661,4817,24145,31316,45927,37968
36036,20100,41381,17584,4378,32820,32746,28612,12935,10721,28906,48421,17402,48102,3254,29169,28382,7637,10631,8512,33944,17115,26705,41329,14006,44205,23109,36613,10827,26354
18332,22217,26218,17893,28323,39237,13235,37138,26320,31506,44156,15771,6160,6049,4170,5731,38303,43473,2843,18264,16551,21785,14985,22977,13927,15583,37563,25772,49460,33191
40845,28654,17603,36048,14579,35681,17729,9773,2608,34701,37221,31946,2010,37406,5774,16736,41653,45076,1211,38415,17177,6342,7289,37711,46291,1098,18851,29641,35230,41183
44591,38374,28323,46363,12515,40588,15752,9032,35653,37180,20272,7242,20056,38179,6473,44093,38475,37029,34943,26787,37397,38814,49019,28660,11171,34713,47327,42134,49209,23552
40046,26464,35253,5313,6471,37591,49389,20658,49280,46464,11489,39957,49844,5870,6184,26126,43816,12714,10866,32045,24909,33358,17143,3177,49448,27115,12295,43599,22132,1071
7787,42291,24357,17976,45060,17401,24878,24288,36740,6069,37456,25405,39293,16947,18131,21621,17755,16927,20410,12727,47488,2803,24455,29498,49431,6575,25095,22076,19478,26837
8433,17664,37932,28512,35949,31095,665,19353,16625,27646,37309,27098,5524,7997,12632,32218,1437,18392,30706,5060,2568,28782,12053,33126,25124,35478,35912,35116,42756,272
6337,9811,35289,47435,38487,12191,38533,39522,488,13838,33656,9092,7846,16205,45634,48426,14720,46448,26235,33894,26697,45332,32955,17106,12806,39009,46176,13682,4548,15000
25815,11026,29338,17138,25611,14114,18099,15948,43588,16759,36554,39258,2940,23582,38810,32396,42549,33314,14294,43133,16396,46203,27587,1249,25079,11624,22424,20920,1737,32227
24458,30956,21946,15565,28215,14316,25095,37687,3940,45501,13177,32974,38110,1618,23140,14284,43205,29003,3439,32624,44135,7377,48197,46346,17334,36076,49204,24270,49687,7055
22223,41175,42521,8728,2435,21829,30151,27317,27880,36104,17284,3912,45316,18329,22139,35725,19013,3501,37206,19433,2107,16603,40555,40770,23674,38178,30907,33824,15135,43410
36559,1186,2196,41807,7509,45608,44726,6943,17883,25086,26240,32321,30869,24798,628,20096,42637,2476,45153,38883,17054,2219,19704,24005,6946,6182,38892,7023,14538,27008
23961,17815,25526,16274,10728,5547,27374,12571,20363,48091,45504,16040,11488,17183,7640,34839,29529,21723,8199,16345,46035,8096,31649,5001,20264,34990,43230,38407,12294,37566
49478,30236,10770,28051,45471,43994,36172,35128,35819,13840,41495,11272,18088,17910,45645,4641,36910,45904,29271,21814,8384,14178,48474,11565,41094,23878,32242,27622,16779,35991
9455,35074,21496,5927,47744,39037,7063,9187,49719,6886,41328,42201,44418,37621,4858,29340,12213,44527,47897,11277,47778,11831,21623,35848,20300,43666,41995,39885,34139,12722
13046,34861,43965,21295,34937,38202,8487,19908,33569,28274,672,26103,11481,44454,30011,19804,29194,46643,49170,10244,49645,44401,29306,10294,23464,46522,27822,20634,35951,47880
39484,7341,34682,14460,38812,32645,46302,18718,16998,20587,36542,40911,26845,21343,19807,47403,43105,33026,31675,47984,45451,35187,36285,9712,9690,16056,11934,18453,36948,4953
33366,41891,23690,6018,38989,7257,46363,41631,16072,6896,40590,2713,46066,13459,49810,9308,33558,25704,3655,36300,45811,15129,15021,22941,35227,4715,7641,41896,9200,2200
26306,16738,43838,47670,48004,1331,47751,45350,44408,10041,6924,20061,32397,31508,23394,15763,39416,38018,47875,29028,36163,39601,35186,34448,41446,43181,42232,42365,19411,19251
32774,27519,22235,42493,7978,30567,16016,6753,20655,43885,15015,7560,23739,42405,15045,42968,27155,24489,46183,36143,42777,17892,34368,12265,47506,6682,41415,44672,45959,28906
2639,21472,46987,48715,46351,44816,6983,16951,13734,19154,47549,18558,25417,34557,43961,9878,10012,31704,601,1811,46650,30273,11915,40909,28614,8964,12550,27228,6968,1809
2970,17115,30045,511,42551,29153,40326,34770,393,13235,12360,830,38221,496,1864,301,15357,24136,28425,18376,31266,34331,30479,8402,49319,43475,39665,43019,6194,44511
2551,38486,17327,45446,18684,1833,41316,10707,48516,39389,15453,32967,34564,31446,991,34183,394,25191,11370,43608,12668,48088,30735,42096,34881,41157,29905,1323,31973,13247
8981,13713,4759,35352,4541,2757,21633,32307,2528,49591,22787,13107,40006,42476,37270,25805,6959,30340,24440,21407,38887,8062,42549,13648,46102,13640,27765,31478,29839,32912
46766,28062,1751,15478,46121,32735,39376,24570,25059,7905,39337,22597,27523,33337,45682,28221,38398,39529,6482,36226,46619,19839,12569,24482,19817,20398,18095,32673,21511,20469
21827,43402,33007,19229,48285,30111,31878,21389,5749,37958,10224,7138,37477,7065,8236,34285,39595,36491,37536,2519,10757,25462,1533,38452,15938,44578,8636,13937,324,36535
31048,7969,28484,14336,37518,13568,34735,44956,16399,24799,9129,31596,27925,38815,40791,47201,8256,20192,18691,21235,37734,35440,23562,14259,1089,17986,15417,45976,13390,44284
34035,18633,21847,18687,15237,49150,35104,27832,27932,32149,25304,5460,27625,48705,49406,23633,3667,17917,41116,44539,3171,22886,28254,31730,36325,28183,40302,11122,48228,17204
29950,30134,8242,7600,4978,7681,40368,5741,17417,8412,11899,1409,9413,1223,47109,7750,31176,43560,25935,1571,21722,40270,9488,7463,36628,607,2240,16082,47987,12971
9761,40011,42132,13979,27658,38002,19896,21931,11709,20806,1370,29874,15806,15129,12748,35646,40466,7483,13782,10756,30354,34057,31256,6556,17916,32419,4644,22907,5200,15943
39732,18718,38279,41899,29533,26294,3346,49356,20574,5529,21925,14396,4661,32225,26792,17666,23230,38730,45682,21042,20739,1215,43804,10625,29696,33249,43019,32087,23820,30853
33785,28018,16622,15494,36191,21221,46758,26196,23917,26962,7116,15874,7797,23164,17601,38002,17131,14566,40710,22666,32105,36383,9068,33398,46503,21363,11619,8360,29515,32147
9161,24729,25927,24474,5524,27820,24304,29824,35998,47552,19773,38877,23813,14020,37089,42082,21823,23229,36388,12942,38887,29277,4167,48905,31406,34968,37611,15300,14401,20534
21494,2045,31952,23360,32482,23638,35681,25444,4733,22135,38359,47424,40479,7306,23378,40092,29667,31186,9561,20500,22017,17564,23846,9639,19226,36673,357,10726,14706,16920
40179,20891,5585,9653,47175,48294,37533,49776,49517,20093,4520,2882,46646,42464,48990,2472,25321,25751,29718,31865,22215,26657,47688,5690,8754,37209,46201,16139,11651,14067
20876,46760,25141,40948,26578,10431,18027,21049,10797,39929,30631,40239,41281,39725,44624,28933,36072,28072,9235,20779,11500,15405,27850,33378,36567,28691,26495,24613,49845,3549
10650,44916,32471,8682,5104,19254,44710,40755,11059,36413,11062,7580,1543,39555,42954,14973,7043,12537,47144,14558,3103,1909,21008,17182,13531,16486,18956,18831,23122,7031
25753,23931,13952,22984,17854,27148,29511,23836,21779,44000,18740,20476,40745,46019,27023,16388,47599,34249,45807,20831,9630,6539,39135,24696,15935,14585,42915,41957,19062,14637
40403,46560,47801,16126,18413,43982,28322,48545,42598,1642,31425,29562,43510,48121,30652,43274,34127,32691,20772,20157,38745,7889,17169,32622,38396,32055,22817,6216,7021,228
48453,10825,13947,11552,34247,31663,22722,16521,31208,8694,34187,15135,8827,5509,38063,48503,14279,20152,33216,38593,39514,47947,37259,46858,21252,18479,32374,22156,26717,37345
19611,16235,21127,12993,14777,37265,24156,4749,7085,49403,9078,11623,38226,611,40249,23734,6995,2358,40875,19081,17850,23766,15886,41201,1490,27838,43044,47693,30836,16411
38911,16529,48307,18263,2660,16257,20614,37622,11237,17452,814,1947,49257,44573,4372,18125,24765,38463,34569,32484,21902,10751,26569,5567,20077,39952,40635,27325,43597,12806
22045,46376,21355,961,31329,19399,49554,19062,7721,39305,29291,14289,22433,37342,12916,12384,39436,49823,11852,31253,37527,37814,11361,47373,26990,6945,37000,34466,49922,49516
33248,49310,41851,47467,38314,29802,43829,13863,38136,13905,44721,25194,8383,28470,14235,47703,3100,34749,47974,11404,584,33730,19297,48947,38241,41954,1049,38836,6781,43356
33405,29599,31841,29413,37410,21949,10440,46263,37214,22748,14162,8142,21096,25344,18120,33414,46947,3741,20422,15900,14035,22896,18051,34083,8158,22481,11930,1953,23961,1759
34888,19610,17017,19493,34428,25255,6174,18817,45289,139,21676,16607,1098,22572,36537,29224,43165,43801,43262,19280,23188,7060,28485,23021,8057,44567,42689,36275,12045,18579
32103,20331,12825,40693,17221,34569,33169,22901,25555,21804,8225,23049,22848,30023,17981,44667,48667,34438,7431,41768,21030,20659,34877,49401,29785,7754,21709,30299,7846,37124
46448,20069,14166,31021,1404,20466,2101,1563,19581,42138,10216,23703,21837,14315,16441,43139,6923,7789,17600,21376,296,17003,34540,18508,17232,17567,2133,32337,29203,34776
36892,16481,1158,31931,10163,28439,22389,17589,47037,41541,41065,28719,25302,19894,6308,34098,44030,32693,41317,17934,36822,7430,889,11326,4030,49594,5744,17134,33982,29659
19648,32151,21858,1750,2714,40144,32638,37163,40300,2365,33779,44441,16750,16343,19187,3272,4893,2480,36513,13166,5428,24674,44302,15657,4513,23752,37809,34435,13301,48979
31123,33753,3798,32039,44507,49445,17423,42165,833,48221,42976,37005,29040,47879,31961,19391,16399,47965,37162,2294,25972,37628,22257,42423,30258,6211,36817,26775,5806,23030
1091,19305,33704,27551,45614,21588,45087,4034,23308,41386,47978,19702,24882,39006,43289,15958,1632,15285,11129,23374,12165,16498,27900,7246,30614,32041,18746,45822,28005,31530
24141,48119,48948,12789,26489,29031,8134,24445,25073,33745,20583,15985,16819,41817,13100,38781,1324,17537,28636,14114,35723,40838,39636,5898,20599,22922,43772,6104,2350,16403
21709,28742,31700,20408,40217,203,11052,4178,49394,14590,17665,40208,19234,8642,21305,26036,25462,6137,7743,14198,307,42337,58,30295,38342,38501,6251,37352,10578,20210
44159,21342,34446,46838,2,9811,45251,39612,39048,43876,33225,13432,45645,18657,23878,22807,45174,21048,37046,13088,43191,6212,31911,29057,7083,21669,43713,9356,19068,48429
7184,26424,36350,16579,29674,47994,24457,44568,15525,14959,27949,6129,19409,1823,26805,47385,13360,31390,10532,25438,47683,40905,25907,25003,21998,35985,44986,11471,36334,11817
27299,25917,40176,10945,33860,16187,36232,1924,18209,34521,25683,27386,32732,5409,16463,43510,496,28132,6423,34019,32555,4092,39495,47452,1108,5421,18237,35119,44646,25625
38254,5157,39504,39025,8921,40214,46917,7808,31031,3278,11778,21657,29356,5752,31163,15004,26114,26850,27283,15782,34581,34480,44621,46318,8294,12410,29195,18846,14096,6716
20164,11139,18616,16033,15312,23489,33268,15274,16287,41553,36954,43337,34470,14879,12348,13686,16936,11550,49823,17132,30326,24626,27591,26998,40856,36634,40769,37867,11589,19884
47535,38467,36279,19171,48492,14556,6363,10544,7177,4973,27705,2001,36748,3218,25252,8371,40735,21244,5921,29511,13232,16899,12083,6104,502,24083,46469,5549,12171,21053
45092,3471,25903,24633,24134,7779,43664,15416,38357,44536,49595,21174,41412,42042,38236,37278,5071,46226,17043,36768,12397,7761,16849,16608,36640,40940,47120,7392,48561,43032
41240,39461,15181,32667,7697,20064,2700,45056,22757,30628,42337,5327,30202,18333,27145,29031,1868,34482,884,2010,5750,239,40070,15285,11382,36157,21507,18638,32176,33224
1747,19615,6424,14232,17372,5292,27692,45975,40819,32299,15644,8750,16173,35522,5362,8361,33733,38859,48842,27930,16598,17558,22202,36649,7086,9868,33220,37416,32951,26857
39120,49204,20789,14927,19602,49578,34649,26050,9159,20596,8669,11743,45978,26373,13319,41383,5081,27068,39174,25015,34338,17667,12117,32794,2781,16068,47513,21151,22468,8731
31103,21803,22683,553,5131,45521,16054,11053,19079,41117,23311,23586,7307,41678,19889,14595,18910,45836,38523,26010,4937,36150,49643,8620,42052,31631,21217,49136,7629,25521
17402,26633,46374,15388,29520,31688,20773,13593,39560,17944,18661,26323,47166,16022,44447,452,8724,32982,21136,29499,6396,12089,26718,9813,18905,15529,525,23196,31626,41653
42965,3585,7898,36739,26318,21380,23278,3376,7132,15175,3221,49296,48138,47587,1156,17006,27249,29167,28360,10029,33456,47883,47028,31410,30035,17562,28765,32206,5630,2354
37911,47982,43056,13488,44352,6514,44742,17770,9502,8099,15560,20293,9587,22472,26267,17566,5173,10844,7677,15361,5089,39237,29405,41162,11080,42297,22353,34553,4252,8368
37856,29580,39536,11001,25428,21307,42483,3280,7159,11192,39463,30559,12309,4338,2849,43949,11022,7669,3522,22245,27863,8082,27414,7016,20932,17746,33917,15560,48283,197
14913,19205,43634,25584,32647,228,33605,14194,18128,13750,31833,44314,28711,45160,7107,28440,20675,48985,15892,5384,28704,32222,12259,18764,48871,47565,38481,47462,33538,26617
47278,7805,222,28886,48278,26037,10217,29229,2057,36626,15314,8622,11678,43535,7062,26838,15001,49263,33672,42585,14364,38714,13001,33807,8867,18593,43178,47021,28619,46973
3366,7271,35469,32247,6715,13134,43782,49311,12253,3131,27499,7577,35691,25441,4951,32654,12593,24649,2481,21816,16957,35449,47082,20125,23141,4798,15185,10677,23560,36224
38242,12065,34635,18162,9821,34550,3822,8887,4128,31463,734,45568,19587,31630,4302,18734,31359,34653,15076,27734,4405,42200,9188,262,4152,47616,45921,33034,38118,22598
31487,21939,10130,14313,40852,17890,34699,47848,34235,34071,4762,37995,48237,41195,6429,48106,36491,8666,29485,11064,16663,19312,37289,45484,47614,8724,15033,33566,42131,15845
11175,47060,31710,6757,20757,35386,16743,17577,2906,12041,23086,15973,46229,16341,38714,16531,559,28883,730,23181,13424,16004,22450,12118,39908,24340,19636,49079,43349,37071
34357,43772,32766,36624,47253,16181,2937,27924,6628,44588,21877,2370,47393,36485,43597,5974,30694,12541,24187,41201,15377,33250,35989,28129,43665,4933,23554,23706,29093,20258
41224,41661,448,46333,1254,9131,30422,47668,27120,10666,43362,43665,16106,47176,42095,678,18086,32947,25746,49791,14023,17915,28255,31168,2567,13485,16339,1520,38734,33331
47264,34291,10003,1764,34736,48174,40218,22185,42758,48402,34932,27433,27280,49726,41005,44330,30761,16881,8322,43646,39841,6275,38430,37662,34724,7919,3626,31264,7865,30922
40616,18944,21577,46750,47163,41981,9350,85,12324,8057,9699,7992,47266,34601,41420,46555,17373,49385,42367,22720,24850,37614,38983,18812,48679,41655,402,36132,2604,1421
24917,45366,8938,1084,30133,2116,48386,2123,17180,41505,43368,23603,26997,1718,11897,38661,1769,33133,36827,46805,34755,37549,36852,32977,27297,39803,45790,29170,30211,991
9685,4325,47451,5636,45837,3836,9590,15171,49640,12084,22920,46514,14352,38013,46820,34071,6857,9266,44495,17343,12284,41738,21803,26433,13172,24947,23855,34253,34014,48775
44613,15232,38774,43302,23284,20186,33958,40205,17779,25235,31991,12679,10054,23381,27659,37530,46295,15423,11551,11296,6921,1351,24245,6179,31937,13991,34485,27735,11608,40020
15873,22578,41210,24077,27821,8306,35972,19564,43932,3745,39569,47206,13348,2757,5836,13387,21259,15375,3219,1419,31667,39711,26150,24281,47884,4454,45626,29419,36517,31577
2070,6748,46519,14923,18520,39878,40700,28886,18672,1332,3961,16520,23083,12400,15399,43878,37822,46040,30772,47980,491,9472,47613,46901,1319,36444,6008,1552,18753,21421
37524,34051,25285,44388,37438,32729,48551,20847,18057,21278,16419,33834,3818,37832,47804,13321,6147,29563,32583,31682,13671,44005,45964,19432,1239,19281,1600,35046,33872,16569
45910,7134,46208,36054,6510,34237,49343,46750,18136,24984,23435,49040,3238,43047,24884,17673,21558,4381,22216,36476,44645,47453,27381,26331,16046,9481,45316,15606,40212,15994
7203,40626,45446,48583,17749,19642,18597,45167,31764,194,11011,24853,40332,43488,22984,6854,14091,31010,35975,15295,5017,24080,13084,1753,19247,42159,5147,20565,41673,12740
12504,30506,5739,28825,15950,6526,40499,28166,48931,25323,2783,25160,42834,4679,48946,21439,16522,33818,6788,8543,48063,32456,3236,18383,33519,41202,5788,48537,13151,37044
1242,24109,14953,13031,43267,32554,36428,19428,15780,6846,46423,12762,38827,35527,21843,16206,26429,8987,30883,49164,5453,38451,4538,48598,27960,43680,43311,32030,9457,13150
28904,8657,28281,42185,44097,28265,16930,5731,43961,46950,15609,10611,46839,41021,19334,12465,11304,24218,34663,1324,30079,35663,2791,26407,9399,24070,12302,47636,46040,10810
20559,34152,36670,25433,19330,12768,34962,26723,4146,9685,41311,20257,10934,39870,38308,20859,28662,35183,21264,39421,48988,13347,46803,15504,8915,6273,37737,29188,7127,14243
27446,43196,13234,27681,42172,48117,9629,37472,2404,35536,42015,32650,23258,36303,2535,5740,14056,1341,22579,12061,47452,9256,14570,1500,43983,49072,45582,28516,14557,9283
9925,25357,41231,30411,24375,27447,30936,45192,42019,9774,26773,18237,40248,22588,35024,3051,39638,36878,32396,21241,16650,22149,6245,10395,28924,7989,5379,14942,24100,24228
27064,48509,23318,5861,1119,7390,7679,11155,49286,16685,30982,9037,35795,47113,41337,31518,962,7698,27043,37659,18032,39916,19904,9973,35603,47377,48965,42408,9057,25907
45253,20505,36198,11858,37282,23839,20212,9450,39438,30821,46594,19864,1247,45776,49042,40207,23433,49268,17246,23871,13535,10956,12406,31497,39287,2051,34556,11333,32979,49539
13363,38738,12662,22668,32233,41040,10617,32232,25917,39826,14015,46627,27077,7567,3696,2970,13954,45891,42926,33341,26685,5926,23171,21646,47977,35484,1050,15511,32331,33666
26895,3763,19694,46051,6592,25664,35482,43140,13695,31186,31358,39764,43508,8582,39583,32658,27027,34585,23120,39988,14919,10191,17713,48725,14294,19826,41052,15016,29798,37728
32888,29264,35536,7736,41260,30382,45160,37683,49898,22762,12227,46571,35079,10540,19419,28839,18512,25624,34441,6353,18708,18308,34737,10162,11238,12636,38627,28658,31450,37056
40074,18821,15473,28065,6162,12099,10504,28288,2750,37571,42804,35987,25908,28431,30142,33792,45149,20996,44489,17298,30270,9763,5672,29238,10348,5182,41474,7344,23155,5473
30908,49515,27728,15298,17405,18210,12438,26769,15082,33995,9558,45140,32320,42056,14960,37352,6000,28286,23985,19755,35272,40638,17133,2651,26252,15429,32224,37992,11103,29101
48224,15150,9353,12540,37079,18740,31211,6636,32773,43289,37552,35618,7597,30623,44697,45180,20449,33281,45430,25310,7027,14811,16736,6681,35743,20809,44584,10024,8373,35019
47672,5913,3205,28167,30176,2213,25488,8969,4543,33173,28478,525,1696,27747,37738,14873,27403,6747,34586,29310,7918,33463,38190,48693,7075,1942,25017,20176,47382,9291
4082,32874,43539,13570,22287,38656,27492,47239,32535,27390,31857,42340,49719,7037,43271,48493,1664,8559,17031,12462,37497,39090,25003,8239,19883,28643,3300,36604,17588,19914
46254,14878,25842,23110,35433,38059,11184,25135,36658,24625,46988,48670,42887,8816,9303,23288,23325,42629,45520,32526,7310,27280,29473,46775,45353,6475,45479,39587,32195,11969
9050,20672,5451,14868,39476,44905,14734,44646,8784,37223,43954,20549,47431,31449,7241,4183,258,37107,24421,12004,41891,12104,49774,25260,25326,34741,20875,33576,7892,28404
33993,24931,40334,38630,4091,18819,8131,38303,2680,2152,9328,23817,22491,21319,1327,5184,31760,15890,17107,15096,12458,33231,14252,21664,21947,46665,3518,11117,32170,35091
13589,8595,30566,11922,11839,15879,40994,40172,49289,19380,9752,47871,5008,13816,28315,7109,31140,34529,36227,6649,7601,32514,31991,16827,47999,43514,35352,32819,48589,32658
36759,19097,8323,31076,13773,2115,4663,40378,13392,18321,26470,35023,21064,30489,9313,29923,33869,3559,32076,41144,35152,20879,46635,29720,27393,25359,35873,48665,34579,6151
21303,6155,25276,7264,19867,19091,44480,31279,42077,14576,26828,23064,33650,38646,22102,21747,35375,4388,7885,47246,32855,2701,35645,11917,19030,35563,35417,48366,34902,29235
43400,32086,15690,30502,15586,22278,43617,26217,9879,42754,14768,28276,45968,32565,12804,49109,38642,19660,43441,16509,30473,31706,45490,36144,33982,41225,2499,45905,10413,13970
31351,8708,18290,6891,9327,1585,48826,19605,33997,29666,2246,10900,32496,47377,44170,40308,18572,13341,21620,44890,39482,22105,44251,34837,28793,239,4991,8965,6946,44
34438,8669,37416,26845,45138,32140,25515,2331,47758,47699,490,40270,33465,15609,47348,549,18488,17211,44659,41360,46614,49192,34299,31258,1588,42637,20902,6119,16548,31839
24696,38473,44155,6832,20042,37334,24768,31279,33346,12056,40579,35465,7708,11440,26304,29527,1195,37900,10324,39506,44290,19300,34918,19328,21573,14779,14986,44606,3629,17244
20563,44709,29188,29020,4219,25175,11359,34339,13246,28876,10169,4591,37175,37755,45755,17540,21971,6853,45372,36563,21558,33163,16187,45281,48626,31889,45758,48732,11552,39163
11350,10428,2117,7799,43392,45525,29258,40500,39604,23438,47647,36812,48933,10369,49866,29656,25994,23421,40245,4017,29161,15797,46967,33844,49688,25234,38887,28925,7853,4112
30125,5333,33774,16856,45321,43713,3472,3894,37332,28856,12513,5391,36127,25384,2795,1845,26942,33402,29650,38561,21929,37818,16594,18057,47491,10661,35201,5795,39399,29378
34940,11380,18496,43888,42272,18133,37418,47641,12985,20804,25091,30618,19688,42881,25223,25899,6437,14181,20956,31077,44302,9370,20772,13799,37951,34798,25580,16220,16520,28757
22435,11451,3373,1601,27326,42138,29832,48561,18316,4166,20869,13360,34041,32055,27516,33796,12296,41958,22002,43703,21973,48457,26946,36560,11918,23464,30526,16737,39407,38830
35801,46808,25899,1331,37856,27561,8867,19793,18463,25632,30515,26960,29690,12101,2921,40891,11483,45934,40813,36451,11374,49133,11674,25945,38395,24784,27920,14611,28192,148
23219,41885,36743,34458,2451,39530,21149,17868,11806,40229,18090,43414,49984,33773,35282,28333,42621,35368,8009,38966,44880,2085,5060,48827,1343,5578,5572,43610,26983,44660
44294,22975,13084,15553,27451,11547,25338,25190,14265,26116,10649,12573,14244,39620,31194,46619,24889,42544,18956,6824,396,43619,14625,13966,10781,1680,1083,21319,5298,37738
47247,22951,32803,26913,13329,43787,46120,17399,33921,30765,13435,37321,45935,7679,46422,40640,3475,20520,48477,24049,5639,33690,43885,31143,35710,30947,14593,3602,18922,2404
44614,8113,44784,12130,49291,7270,9021,40761,21868,38446,23795,29791,22243,32049,37590,24246,12419,27496,14696,3348,16712,4957,30628,42172,12916,1024,1982,7614,44279,29303
42160,33502,2769,3059,41517,38817,24478,23013,1436,42169,49109,49503,902,20353,5383,26752,16200,10597,19332,1437,38145,6333,18358,1315,45622,10002,29729,37046,7940,12168
45437,15352,24917,36745,29861,372,8039,13445,21627,4787,15639,23399,9304,47158,42076,42091,32536,45145,28422,24803,7137,13312,4303,47421,13079,18894,22113,40447,22714,43494
17326,36123,34462,38593,46439,25286,48963,31963,9113,13467,32765,9350,6893,37557,21486,36719,46494,46652,16201,49356,16237,21838,32204,7680,7251,828,36364,28685,14796,16096
39982,8117,3367,6955,9592,42529,34873,23928,8781,49984,7606,21100,23219,7995,23284,32498,28082,22964,47150,35662,18131,36159,1134,4935,45731,42350,36310,37076,33136,9023
31732,44478,42403,18126,38363,35166,20193,19449,12211,30471,13470,6288,6423,36272,12359,44989,26765,23735,42234,932,47356,32864,3948,48275,11888,2400,34646,4430,45912,30769
12601,9979,26727,33367,23033,36533,13323,4448,10191,14668,3309,32817,45814,7687,27711,21188,18316,3719,7932,27622,4015,45690,43122,2463,13384,26599,6778,20843,499,31006
16156,16865,43299,2834,29211,24477,3508,1640,27598,17477,37114,41812,40682,47604,42355,18436,36895,24851,1961,44244,15328,17424,44084,518,21687,29465,31705,49044,30459,42636
18285,943,12014,36763,33632,47986,32516,43324,37049,2947,6879,33476,17306,16819,7273,11111,27755,4852,30181,15074,21865,4351,40710,38793,2860,9731,2614,1626,21389,6108
36575,42868,14939,45366,40930,5900,10994,17727,19863,32890,30616,23730,1777,45201,48591,42839,42541,43831,43026,47157,42158,2398,29208,4849,30648,4580,44171,36130,12001,19420
19563,45497,49654,29414,1525,36468,7269,11643,37850,38173,43994,1234,19604,7017,26151,36535,19784,34896,6583,42204,34109,43095,39349,9416,35990,16013,47767,39236,3372,48929
14737,38740,25792,23350,906,43411,44739,15865,2948,3493,19235,6528,2156,2380,36023,36111,16475,8013,27312,11729,10519,43154,44111,2176,16308,1570,6233,41832,31238,2782
19505,39090,49885,25430,27637,45209,34991,47801,20657,16756,5012,8724,7043,2305,33492,7657,33984,41234,20723,1047,29095,25767,4946,19748,14272,22275,31068,3535,35851,15571
18941,35266,20732,37516,38533,13164,39251,32421,49441,36719,23348,39850,16449,24943,41332,22643,128,14937,39852,24222,18497,25535,24173,26470,35429,25498,32403,39348,7930,23399
46197,29347,14408,17392,36063,37133,35807,3043,43381,37921,35175,33191,10929,36659,49930,37051,36838,36259,27077,43330,28015,39542,41446,7113,44695,645,15091,36337,32769,40983
13585,33749,11438,43488,6047,28857,4655,3982,22084,42603,18609,24202,21702,36533,31302,44416,14175,31145,7857,15183,37102,4186,47097,22874,6344,8364,48064,40277,36628,44707
45236,30474,44609,36104,18184,33365,12867,533,3300,22075,23205,33226,22206,36791,11763,44733,15548,12084,15383,10044,5671,18101,20929,13601,12022,37749,36405,34921,3582,22958
46203,4784,36064,6935,35064,35378,21413,7978,37196,31698,10749,26850,4785,14327,45926,20668,33494,43809,22996,30922,46087,38266,171,40683,8735,20086,26374,34436,11316,28999
32048,21324,46214,2617,8310,34642,28056,36631,29757,2125,18382,47669,16501,37780,34232,26852,16095,42771,17944,758,13924,48258,42975,1471,25019,24643,18085,5177,24548,1243
20778,27786,5952,7044,26383,46314,12679,4028,13685,46289,39776,37453,26748,21237,13652,18662,13641,27734,22652,2737,18081,25062,2588,8555,25056,25338,41244,27516,32661,38320
31445,17388,9694,47933,48483,48585,19337,28812,17213,25847,26185,28182,46557,12039,47955,46029,21934,22343,41292,13331,24816,38000,42727,9057,30909,17347,44471,2887,42727,5485
22860,16816,44963,3711,10494,43536,18233,41689,42811,33420,12823,6660,25512,9353,19915,24959,46501,38580,16804,38865,31054,2437,12576,20142,22816,6931,701,45537,47599,24276
36733,34433,12106,45569,4753,10137,29585,18773,41578,31288,7410,14310,37703,27011,34787,14660,34945,27461,12835,14515,18557,14675,3141,20509,9783,43922,41,22900,43549,32471
47295,20166,5704,41120,49957,15876,39187,35560,5915,42011,14790,19443,6576,42960,22029,10559,32689,23014,24510,29408,10821,43068,629,40393,25395,48902,30025,24579,44326,10232
17922,26376,27195,15947,18769,39503,44900,15671,20163,99,22537,39522,19915,17676,6197,46134,9601,34930,22778,27435,36523,24402,19089,12687,10992,26446,46875,6127,3472,15078
18861,26672,36202,7918,30374,23089,37740,1550,30156,10870,18555,23877,43983,10385,1425,30287,42061,21971,42079,45325,3488,14612,19362,22658,49547,25582,31239,7315,32322,32884
7988,42324,42916,46438,12046,35751,1430,17795,15345,14109,30010,10875,41883,30244,21084,45554,15750,8073,31390,204,30327,42545,28599,29408,3429,45759,1152,19447,8261,8885
37584,5232,21156,5873,1536,31353,43334,31235,6641,27592,20175,29599,2902,20689,35720,28610,25521,29559,16155,26146,26954,40259,487,47064,15876,17633,31029,4754,32754,29418
44344,12665,19701,10271,34593,41873,16592,16612,1126,41202,46194,11264,49605,32491,30844,9868,48057,47137,33529,15703,12336,17843,28895,48801,35539,12367,33482,36158,34585,18922
35599,20387,32804,2379,41735,26134,46969,1452,37422,1293,8479,11836,9276,25871,9917,23890,39789,3552,35430,14864,31026,6684,1612,22619,47909,28864,37125,11041,33005,29146
24884,18294,37299,27400,24851,24390,15924,25343,24589,2914,47512,40477,37979,6890,20442,1087,35813,48273,25215,9556,22889,38832,34745,15376,15951,48753,30704,8180,23872,16308
25857,43003,13241,28854,2314,27652,19469,8530,24486,5240,47618,43255,33331,2170,20626,36702,10138,5207,28126,22451,47589,41631,37324,47534,36384,42178,40402,29430,34497,13106
22619,49254,40014,1717,11600,18887,42117,44474,16033,2571,30513,39383,13089,18661,49766,16960,14754,38837,30305,41311,5442,21927,5397,7224,43433,3048,48569,19704,21205,14973
9600,24614,13740,34618,49647,25857,36806,26005,4051,42779,21669,41908,48825,49650,39644,7553,5212,24739,8634,9876,16221,32125,49462,18546,49627,31088,13341,31288,39765,3195
19036,19364,7006,4950,47226,11030,9549,42435,42608,15623,28925,27740,37557,26954,47886,28749,18986,14158,24077,8434,4458,19687,14093,40872,24733,6372,35798,35414,48727,28420
2757,5315,34146,15715,26718,11850,22087,32788,43728,13122,960,48330,41081,2428,45804,19987,49267,27645,5887,39361,37301,36620,23216,33126,45727,49327,5357,31783,4121,3836
18851,28605,9939,38834,48656,13492,19674,18803,38110,10198,45783,40708,14791,22087,42964,1798,39772,17895,3806,24664,11155,37960,42100,41718,12055,1483,31230,1539,17051,28757
46802,7431,11872,27470,35517,32628,29399,46783,13506,39343,8583,22812,13065,35327,29519,35521,9941,10749,42456,12429,10710,10572,9165,1887,7173,6219,48663,251,1813,39468
5180,43667,33945,28026,8177,23405,45591,48239,39786,49144,28425,44820,25222,10595,23191,20956,36550,26021,22387,7774,21786,3055,21061,34395,3048,23866,27443,12296,47054,49315
22700,47772,43038,48191,35730,35459,2570,9151,36857,34179,1712,2196,27831,33698,3840,47433,45533,21014,22867,43777,46710,38104,1320,46490,36182,20602,7452,26487,7812,16782
28992,7222,43680,4253,34679,40565,45280,39604,9135,37042,45372,39421,7842,48430,26628,40326,7601,22781,36589,7663,31860,26862,19194,11485,47493,36514,440,9296,43121,25494
42990,16672,31270,14809,13667,16787,13868,19782,15514,23397,22984,15318,4362,43204,7819,39802,36456,46022,324,42793,22774,29384,21968,43024,44673,38705,10294,38528,25296,30925
16807,12324,35274,6092,40887,27564,27588,10825,31256,10082,2972,48715,27279,14934,43653,20453,166,48578,16326,34942,8325,31460,32683,31317,26576,31361,37486,34745,10363,48516
48978,45931,45056,9819,47733,49883,25380,4015,29076,49882,40238,47747,41485,22796,18154,20978,21449,25924,528,5099,16967,39604,48491,40944,41380,9706,30448,19684,30127,42646
31397,31127,20947,11585,26424,23507,3222,5625,10647,26477,21463,28136,26096,41834,27795,44214,11198,29864,11935,42382,43239,481,17899,33914,23581,23947,13846,5577,44768,1135
14024,6231,12088,47325,17478,24906,47887,34942,10388,43355,3219,768,2904,46745,24889,38376,19952,44634,4116,16235,10333,19109,35307,1756,25685,29703,27727,9332,28802,13060
13243,33522,304,33035,21307,17265,43421,1530,6300,45034,17940,1918,10526,38617,23337,12957,40511,7532,35471,7308,19909,19652,37834,14845,20220,28586,46407,25618,21798,35126
35297,22741,10066,8141,37373,10998,7040,16097,13583,29054,10821,44335,38596,31267,27798,23185,33073,23020,45116,37619,2547,4708,19236,43864,22151,45626,16728,18711,3642,4927
17769,35103,48028,4109,23067,25858,27648,32969,31582,34533,29133,27694,29036,5442,13506,10289,6670,2285,39878,18404,8247,42791,41764,45214,34241,3643,37576,26137,32351,46060
36833,35592,33635,20043,42789,3545,31032,30035,2604,17089,17155,12570,43549,38130,45765,35488,32691,18638,45667,29989,49870,1044,563,36703,47842,10987,31906,14450,12744,31289
45625,25062,49000,38095,22416,39015,7556,44395,39427,43116,18773,39959,5884,42998,11067,42220,47046,29730,49969,30707,33543,13697,20649,1760,12427,47891,4918,13815,48372,47179
17801,35598,5977,42358,27337,2911,41552,5694,12306,29744,33463,23172,24719,2487,32323,19325,30399,48675,18980,14719,35980,9495,47560,41775,29568,28552,12072,23559,14835,39958
8997,31730,36469,21943,25318,25335,9402,9269,25397,11680,15577,7556,34618,29880,8730,28952,39349,4472,11489,11263,49471,38280,12242,18741,1697,33091,43349,30282,23208,31126
7159,7372,22958,15720,39443,35318,40851,10420,6012,39474,48382,34120,47268,30626,40196,11665,1607,33030,5499,43773,41268,28712,43183,10734,31882,10562,18946,18653,16513,38652
40350,3220,28100,48080,34042,28887,27768,29999,15320,40627,7135,14927,45445,22318,14081,45595,13314,42620,14313,13205,44857,39306,18098,7680,3168,38691,48167,29208,49195,19007
48556,47140,23507,28981,4783,21288,16666,35737,1911,2866,15549,34470,6416,20629,28430,18092,4841,4126,49850,30292,48883,30206,41710,44730,39994,42494,16118,19416,43817,46461
38459,23784,44144,30078,23996,2369,12978,1542,36580,46668,13670,28583,11970,11916,8654,1957,41374,28249,49559,7303,38953,27023,46765,44200,15627,16542,20954,48721,20889,20421
15682,32566,31237,8892,31486,18060,20192,23773,36931,38771,1566,9905,4798,48744,26730,3775,47219,17511,11996,15160,27519,12535,40403,28608,27124,11001,43173,27751,29775,22139
15890,32427,43386,41150,17412,46966,35490,22280,15114,7472,40078,15058,32721,5074,21274,12112,18690,9518,23708,38077,2631,7586,7058,21622,26551,31480,3021,17602,13423,32736
3327,3000,17798,11687,37631,43846,617,30108,43545,43528,5673,43310,26035,2201,11995,49715,32985,24814,9419,17459,47862,48549,49194,39377,18522,8877,7453,25861,4673,33070
43899,25537,14280,398,42202,25136,32507,26954,6823,47991,17886,28942,40061,7444,5726,23169,44296,6751,44276,13130,29008,36965,41005,25092,49571,7114,15569,22001,18436,36450
34803,13147,9020,22184,7604,25451,24731,4288,29362,24974,32027,15307,24075,10382,17312,37289,3437,22688,9872,33842,46705,1534,27691,12835,28271,36525,27144,14657,13002,7411
14790,41226,29518,23530,19821,14828,33761,24951,11287,19004,36320,39345,40511,12957,42575,25757,19889,32736,22388,9794,34793,14917,7009,13696,12379,39706,8245,28007,4996,41610
41809,6872,16019,11074,8207,25399,42581,2451,21846,33224,44614,38892,41401,1870,45123,20593,40453,42393,35516,8744,10106,12759,39885,39867,17201,20237,12260,33501,6987,6937
15260,33041,42117,46099,8845,14787,14081,43685,24573,39191,37724,15512,37391,47447,17100,242,30214,45728,12323,33102,29212,34577,4443,31635,49905,7550,39292,37313,31206,33960
3441,2618,40615,23709,40641,24259,13184,12820,16531,32547,47459,12711,6621,15461,42101,44124,18554,36821,40204,22953,3523,18590,44316,8296,26903,48423,32156,46570,21264,1506
6567,10800,35011,36520,9708,1619,34557,26212,18033,37875,3138,11964,9317,2129,38860,5944,11463,15977,24198,27509,26310,33792,25022,32417,36048,14065,43522,33646,33444,6080
27087,18856,36014,6084,10628,8182,44570,45968,40989,24510,18235,35545,36756,12138,47689,18289,5500,10803,39009,26666,39,17022,7114,13190,28132,49250,27936,46391,7685,10783
21647,13621,42186,31512,34158,19231,13959,40587,31521,2244,6664,49551,47721,17359,7260,32673,25809,25850,27877,13589,27938,18130,22471,26960,32818,33219,4078,11745,23527,36311
47013,21043,36446,42293,44040,8123,5773,24331,35157,22147,34619,10613,16627,261,26493,5833,12689,43180,40744,24181,1123,36306,26068,22958,46423,45768,14925,12772,43635,21345
30960,2280,28522,16200,33063,35090,47476,45651,39796,35908,37830,22111,45544,35731,38188,46549,19587,29042,43653,25785,12892,33989,20477,37993,38539,18368,28410,2288,4486,31981
6590,25469,17106,6961,26450,40426,39280,21974,13480,528,25046,39572,27333,47907,5700,42584,33933,23552,13106,39776,27125,37973,45414,20579,43689,14043,38259,4655,22594,14323
44643,27133,9399,30489,4536,46397,35319,31095,29670,38943,30574,5556,12236,23785,6883,28409,42479,36197,16446,35110,32228,5778,37120,9049,22851,22357,14152,48225,2136,7807
9010,36374,10702,38997,41710,7530,43740,7149,30583,44526,40301,4489,16600,28730,37031,10929,40507,30119,39525,43466,47394,12529,14464,23683,30486,31790,1212,14831,48998,47997
340,24803,7366,45190,33207,46886,38484,35278,31031,1888,31189,15833,7179,24030,8643,48286,23600,34912,21620,27545,21968,25101,23125,8377,5927,44207,5123,559,12768,46882
36068,5816,32313,31472,26504,27069,10483,25726,46993,31600,12092,3651,17305,37532,12589,29997,33888,13112,14782,41883,16329,1073,23522,19885,10905,23823,43659,35184,42309,46412
10351,33812,5000,27228,44356,41081,26462,24672,23916,8737,34069,44028,6738,2352,34055,46033,3859,49744,18464,36049,9143,27898,14825,10837,12089,49262,6017,25123,49386,20622
26668,21276,35042,44421,18490,42394,18476,6237,41308,12354,49478,994,29908,42516,5045,38848,39877,41277,31035,15713,494,23577,41497,4355,35543,30469,43541,26441,1081,2287
42788,17414,15512,15152,34051,26003,26277,19759,21759,18249,19059,37506,40041,33521,18197,18289,44474,1553,16783,45480,33251,22838,1031,18354,29676,28359,39509,46299,48257,33926
31176,26201,42631,43418,32047,16877,3514,24937,26843,33408,11515,14112,41954,5053,12757,33454,26607,47095,38758,36084,44894,28715,11937,34368,33462,23274,12985,37263,2790,23796
31291,39279,7510,40024,5634,24205,43667,25411,30453,8685,4844,19796,36465,9999,23138,43958,21916,27244,20213,46153,15306,46576,510,48578,14754,30174,44355,23984,13009,28534
42634,8352,5437,47173,47951,25025,38904,18522,49572,33828,15709,27851,21141,17144,33335,5298,9304,28729,1119,29576,43104,37232,23661,16904,715,37520,9904,34774,24618,28687
13072,48028,37881,27270,8281,23843,20982,19023,4413,16402,4304,17019,22997,4233,17016,20877,2947,21398,29310,13574,21056,45424,9871,17087,23827,9889,39051,22719,7972,23412
49540,10909,15693,34026,7104,3417,48756,39590,32770,34733,39428,32851,42886,19813,34618,6372,40343,18103,46683,16140,27140,17879,34511,1117,29793,26265,42047,43265,9586,34666
18825,30131,43686,33034,1590,22512,37222,45266,25060,49724,31188,8108,42173,16013,20208,22293,40922,36996,42780,15913,49233,45398,10046,37809,31874,38204,20979,45991,39548,48638
21049,9812,47659,25832,28032,44890,4080,42087,12337,9127,38896,23990,14033,17722,23628,30522,40742,39564,16059,14440,20520,33226,5404,515,23169,1967,40942,16126,7874,4672
18705,24712,17626,4191,67,28016,46606,31961,14267,1362,40319,425,43474,27179,11168,34109,11811,18830,14135,41058,15849,22907,19311,47851,36260,7127,48218,32389,11400,48489
42330,30513,18695,9794,6043,11045,23210,4012,7274,44005,10861,4514,40173,42587,21295,24465,4064,20933,11044,41912,3507,37090,7789,46323,30287,15454,39432,42895,32224,46756
3878,43029,22975,31671,6984,42755,47280,49594,46989,39240,11009,3414,13771,19767,35863,10825,33821,25214,43235,42682,9615,7661,35082,48490,33345,45969,26238,20686,29742,2244
5863,23721,103,11053,49807,32843,11275,4764,47449,7106,14389,35640,13325,29851,37964,17461,42243,23962,35066,4962,30616,29344,24125,30279,19750,25012,15062,17639,21740,18956
42750,22133,13068,29143,33338,10671,11520,9170,36914,39470,32443,3671,11689,149,4128,7049,31317,49393,27226,27751,20747,15395,34708,20467,43138,19394,45038,30442,10152,26819
37627,19824,24842,21548,6824,27399,42395,12609,8554,29068,24594,28858,49969,42772,41639,4849,835,25463,48578,17584,28848,27740,28227,17643,46996,13513,6933,26656,42520,3880
15219,8580,31250,46535,26487,46401,23138,8613,6715,26622,25505,16843,7375,48868,34693,3737,22530,7898,23604,16920,45294,21697,7794,3472,13800,20913,22072,3667,389,16384
35072,41001,16740,15351,40825,46167,44342,26906,4203,17985,23814,44565,34030,14776,35224,45300,49848,45762,27651,2644,14888,29477,27276,2745,43585,21907,33712,13083,28765,34447
48411,8907,3721,45703,7949,1798,15905,38,40807,37501,5521,8410,26035,35185,11779,46064,103,32420,32982,27608,10841,34485,4645,16696,10079,48010,22209,48604,32059,15400
47391,42786,35073,10293,49449,16541,42612,42168,26440,12311,35894,24435,37522,44103,11198,19964,32547,46190,578,32069,22830,35578,2267,42145,18537,40302,45549,28145,45365,19392
2445,194,32898,24885,29114,16931,24318,1776,16882,22337,16909,23927,34663,27916,28736,48240,47886,2989,41109,20291,13573,26897,37570,31239,23626,5134,29323,49575,49828,20974
11474,250,5573,38151,21115,22682,41724,12084,9200,4989,29965,28760,45002,31535,25582,27065,8385,43669,1548,12855,32504,42769,28736,19067,19507,13645,26334,32112,11936,40787
27387,5568,37804,6656,32039,45223,42182,9870,11527,41132,15963,535,46502,7678,46372,35896,14867,4318,18693,30779,5379,39843,18294,4773,18229,36758,7479,34014,26337,20143
11521,27323,34252,47038,16336,3846,14713,23791,18436,37867,40974,15007,29246,35764,28993,37115,49808,14808,40621,5480,42066,43902,44449,13477,46638,13214,8423,24340,22603,39446
2382,20320,27929,17277,37956,46847,17807,682,17636,6622,30582,24709,24750,42237,24725,12813,19035,9729,40036,35505,18546,25394,21293,19173,43084,16495,23039,8981,42330,13084
26018,6513,16583,33668,24852,36986,7787,49948,10255,47204,39797,10977,48169,28728,17142,36034,4127,18440,1138,35663,36396,13472,40941,29144,6099,31622,18739,23457,622,27032
32466,10812,6981,5822,48766,47691,586,14458,8411,43877,42546,25583,23432,46917,16129,30300,17411,47101,40863,8708,13970,2360,34864,2133,18010,48956,25488,36918,46889,6524
12211,22424,11443,20958,1123,31837,16446,20711,8706,45153,41313,29509,14978,22192,22996,5732,9645,46462,30797,13724,6357,2071,32420,43597,38909,34389,5203,45288,36429,38548
49087,29239,37622,38235,39886,15422,187,37008,5810,1823,43364,7350,31086,34117,8066,24292,26792,14649,44211,39195,17637,17136,12006,1839,37527,32973,23195,45539,8863,7349
18971,18328,18372,32308,20693,40372,20414,24153,31597,43831,42153,4819,43143,21933,26759,36629,22897,46384,2749,15792,12430,38986,33377,49249,33851,26349,18618,30746,18838,10580
2456,13055,6888,28133,32034,6645,24755,38632,4617,23677,16888,17410,3746,38416,42477,46148,20925,11432,32123,53,8742,32621,2088,31377,39784,16124,23550,23733,13377,45980
608,45258,10332,28241,15836,20444,17161,4148,41494,11931,28682,16605,49009,19207,25560,45142,32534,17613,23753,40017,3062,2453,41605,15973,44499,38777,19903,33029,13597,9247
19556,27517,43967,41288,37771,43941,1955,39768,10110,34156,24670,29025,12918,30723,27445,7755,7834,42981,41663,42835,24845,27346,45041,33565,594,10638,49090,15747,16647,32575
37222,46941,8031,13981,37708,36731,4772,38544,16120,41473,26885,38766,28430,31766,49575,38294,28360,13228,13450,2469,49593,1546,9355,12425,41295,24617,7376,15096,14610,33553
39504,38796,45050,48738,4929,49550,47848,14857,9473,15423,37355,9894,11384,35906,17311,39423,39906,44237,47709,49821,28141,26710,17843,15071,39688,12207,18144,19887,11152,22089
7033,8355,40392,10784,9516,4698,32567,38334,32818,10928,46828,46632,18827,31887,16597,27396,10107,18015,36453,6690,9482,26228,1327,20681,12571,37823,48247,47193,2892,17908
21958,6219,30705,34660,8963,28044,19396,22648,16311,2267,910,36236,37612,46895,34145,41285,20291,20390,22056,40927,10193,37609,37699,17183,46842,34662,27919,24776,32784,28330
18650,42814,1571,12478,9170,31881,36984,8159,16014,11940,20706,22813,34079,23909,29950,2460,49469,43183,12897,42874,44190,41830,2747,14438,33318,3055,35353,11386,11113,18628
29777,7763,19396,45266,10050,36099,26509,36192,34353,9580,42374,49784,24662,27876,39067,34918,16564,32841,32614,17934,46616,23742,31134,37924,37282,43919,47120,4783,40220,47107
42030,42474,11289,38812,47552,34581,13322,28607,34715,11067,33349,5620,48564,44038,8151,12584,49523,35473,28668,9961,3415,30820,11778,30206,43517,41831,795,12764,32474,33877
35606,39780,10521,11041,46705,24900,9502,20895,23299,25901,49327,34225,14310,40925,19435,14662,26774,10202,26848,43076,23126,22053,46383,24100,30762,27131,14494,25148,11738,20537
34362,15416,42263,37430,41343,23152,17861,36165,46718,7119,15092,38880,43181,7982,2246,7,23173,45584,20736,48459,21857,41519,15318,44244,4058,26030,34111,8529,28486,4931
32370,8472,7577,39721,32311,33437,38399,7573,21148,49417,24010,18744,13138,35652,45627,13841,8514,32951,7239,10455,2993,1388,1431,11994,29130,2411,37080,4268,21316,37449
8795,16767,36185,28114,31302,12695,2403,45809,38318,41065,45620,15187,18442,1140,7767,43123,41075,3251,10350,998,7945,23960,7735,43817,1340,23943,18142,35589,37647,8614
33045,48686,9959,32822,26947,41645,23204,10746,12713,9816,48455,4464,39607,15938,41946,27048,43407,21319,12360,40781,37255,19840,41574,5398,5891,17399,46797,6854,14452,15779
30673,44840,41163,16734,36228,37652,38903,21623,5076,23868,3069,28926,15733,35197,14560,11391,4489,37080,20339,715,26538,41281,15548,35605,19396,45861,16471,38219,24841,36933
17881,11415,33643,36888,21696,30211,31251,31819,33704,25554,28584,8532,30948,18892,31869,6980,30944,14281,33722,40147,45425,15872,36359,35631,38699,14755,49881,5199,1028,25458
12637,35584,12346,12099,45409,13551,9483,38613,47658,49409,41977,36996,17580,16099,28968,28313,43166,38727,44449,36715,49282,23797,49020,41876,35589,17410,32720,23330,20446,40163
7383,8598,36339,33053,44219,24898,35510,1936,45609,26020,48272,8847,33155,37501,5298,39787,40737,18177,17810,37979,22428,29032,16934,4123,36956,37343,24934,43958,2025,1076
21672,23923,7917,32607,11283,31498,41177,46545,6209,29949,26899,40128,22573,31174,22711,19184,6612,5015,31436,4436,10448,6260,7780,30482,9355,1472,19420,26016,47144,14652
10650,30999,30877,46303,24933,22377,19511,8989,17146,27569,12307,34708,22089,4423,21212,46764,27404,38213,39065,15614,18507,645,48767,45630,17738,3891,16940,9484,14372,49961
47915,39126,7903,44568,30815,16230,24784,44141,36445,46502,33622,18836,45883,24557,43282,42755,43855,37782,46158,27395,43622,29402,91,6965,38288,33666,27531,48415,2087,6649
30076,35798,34773,24822,2168,25483,3660,16489,16056,19377,6525,26177,49136,9922,46158,1595,38796,43886,13495,25967,9680,25710,29161,17127,17207,20472,14034,26077,23587,19372
42487,15985,8585,28146,42131,18311,3881,3458,35376,6050,46809,40198,47493,44584,23469,31612,45381,970,8719,28214,38471,35061,46915,26175,48945,35209,35848,44327,1410,37024
16861,42743,15858,3801,4745,35857,49492,30765,23869,46145,10431,8845,28060,2259,4984,38161,4675,13143,43559,14038,26351,27943,7915,940,45138,45314,7986,810,33872,46984
47095,48107,38540,4420,38621,46968,11826,46205,23079,886,32564,6371,11628,36517,13826,24893,4951,30935,19784,35960,34908,22959,11302,7005,29883,41831,28165,22966,1279,47937
12203,23409,46948,32877,28333,25997,22208,42950,27581,24407,25152,1190,20933,49646,38948,5502,10227,15678,39530,41925,28825,22354,2918,42569,20228,26500,4444,2405,18747,36936
924,37097,37889,31714,14270,24888,5351,41085,18834,32099,49698,17415,47528,36618,49846,39067,27388,43681,17800,3928,3427,25396,18865,12255,44354,31814,13280,27073,36952,42224
48275,772,2355,26217,36014,6510,17128,49691,10030,507,181,33506,24640,44430,37011,42000,4483,12601,9635,46708,8525,19616,35407,30986,41701,39773,30461,4633,48853,3750
22093,16583,25604,41768,3472,24198,16604,24064,30179,26446,46872,14754,12675,49191,36560,27604,1325,35602,17571,1014,14142,10697,25490,42765,37770,9960,43476,40287,85,17135
19335,43850,28720,42970,1331,147,36790,21103,14663,32422,14345,47457,11626,7320,3042,2743,13723,15641,37452,34977,22278,38313,6916,11378,25564,41170,36614,22628,4892,18805
37211,27039,36454,33558,16864,46226,6951,49082,46962,24414,39553,45383,19382,22417,10912,49612,6097,41843,46152,47808,9462,12205,11299,1954,20788,45450,27469,20113,11590,30493
44198,23327,32567,46553,26917,491,47831,45447,34187,46327,42090,19947,37321,2738,34870,26084,42010,40678,8673,1638,14748,47662,16569,6641,34779,6182,29196,61,22577,21488
49630,43327,23908,28047,33573,15345,15019,14630,49621,45726,39679,43750,34500,7226,18723,36843,29802,32393,40198,16281,49927,10924,12124,8866,26704,20752,717,36288,1077,3309
12660,3917,9168,1562,14672,18006,9737,11351,8933,2066,45389,20361,31447,29100,13914,48053,20743,48757,46397,8011,20359,22299,23808,27183,23352,16276,33884,32405,30490,10783
11502,8912,41557,9717,9076,2878,13732,12329,27325,21943,22672,11711,24338,46296,27296,19487,211,45095,46312,29968,8850,28012,8442,1535,36620,14739,14293,37330,45578,28676
40040,10854,11175,44966,1870,7524,29566,8738,3499,31023,8117,101,25694,7113,38421,20103,5394,45740,28548,15565,48883,35083,29870,41017,16003,44397,20265,6413,7320,41383
41860,42252,28885,38016,14287,29372,31270,30494,44510,40012,32734,21530,37926,31572,27536,19907,14175,40095,40298,18911,37174,11674,17228,37874,23255,12715,5543,11913,5525,15248
26575,14041,49614,39534,44329,21806,6259,26337,46920,22187,44113,36521,48064,36525,2809,24751,33064,44398,1727,6216,31899,32164,3257,22113,29285,23579,31779,6181,27226,7435
28030,45599,4294,29253,14129,30431,29750,23575,34108,39386,3922,14067,27118,16431,313,11712,12029,13024,38695,47282,47564,9398,26522,15511,19142,4469,43152,42982,2388,31972
33770,38154,15893,21376,15027,47781,21296,22609,6582,29450,32764,26963,38260,30615,42259,40309,6543,40325,16290,26032,18823,26831,36915,410,44951,32658,35769,45872,34433,20381
21492,47273,43917,19535,37993,15669,40203,13934,3825,29626,25097,13755,45114,34880,21913,22826,12312,14390,4618,23936,23425,8356,44314,4407,11026,6756,6106,14518,8007,31699
5685,13450,959,24578,4036,28166,46001,47748,36109,19135,7059,42133,33752,22805,15059,40759,42694,12039,33423,15639,9449,20064,173,32250,12703,23480,36493,40667,29191,30949
26270,31586,43419,19145,33419,37176,5021,21259,40117,37771,23206,168,40680,21870,44029,32312,23591,10833,8236,45842,5318,47977,41819,11350,24275,40305,10372,16213,18203,28657
43861,30298,30215,6520,3848,500,14853,41650,38074,45738,47115,47208,16119,29739,35884,41822,28796,369,31906,22293,47188,11334,47261,29644,6490,4879,28095,42353,22886,31548
6252,29807,4187,6053,24418,18426,25249,28623,37807,20621,21339,3637,38147,30258,32449,17362,8766,48189,41160,49199,24045,25489,33417,3903,37987,14394,27796,27968,49902,45597
12110,39852,25039,40661,16662,29111,18186,18416,42256,14973,40900,6964,20445,37374,6118,1038,10148,21154,45282,22360,30542,30656,29373,27212,41068,5997,28792,38987,42962,40317
9216,20752,6363,48318,42694,25580,48828,21727,18122,40700,16029,9768,3899,41118,44017,48235,23530,39369,45761,36929,40334,40825,17040,28751,6281,36115,9689,49644,403,6150
31291,47700,39380,18770,19075,21322,20054,21990,48486,18699,17621,48357,32878,33179,45820,4901,36434,39275,19153,37433,17579,41494,23505,36665,48982,11578,33305,12919,35526,12709
21208,27615,28819,30561,28304,10289,39123,16387,17701,32858,9784,43407,30469,6825,45874,25634,44368,31620,16379,11559,21494,36479,16865,29123,43423,14074,21243,36807,22732,44229
16257,368,11502,48960,20380,23781,33719,17373,43125,37995,22754,40728,23628,2363,16090,4705,20972,40452,3279,13371,2747,36088,34530,31905,35180,28162,45661,44096,42759,34843
448,15712,36955,43115,4439,21109,23524,34568,45483,25613,43146,19264,7763,32337,19251,21425,22512,22862,39100,46851,49196,49468,32644,38950,39569,26892,28788,25362,9150,43273
17091,33140,33898,16685,1786,24405,43989,36,24126,44801,33766,10115,4207,29878,48369,9556,25493,16815,1484,27978,21033,4060,26064,1258,37928,43345,33244,32620,23284,48510
25138,22462,44327,18860,25184,49470,19751,40234,40028,24512,32121,30063,38809,19506,38423,2313,17821,18669,27788,33220,26479,31051,27390,4234,48011,41001,46570,40804,8527,41791
15436,22453,19241,38387,46340,23023,13050,44493,41341,11808,5654,16478,3925,3166,6368,25284,34401,40203,40689,28282,45079,24487,34054,11135,35032,12869,17307,15659,24235,27124
29278,25499,35734,27509,3383,15357,5490,13692,6477,33522,46420,21257,12789,39286,19126,1147,36954,21546,18049,850,16679,40922,27903,35488,12362,18976,28395,24361,14882,22127
49399,31018,29823,1896,2745,21828,44384,47051,21279,11152,40911,38133,42557,45809,20547,42079,13725,22122,37691,34053,26294,4391,29715,42783,41910,30341,8375,23590,49689,21598
17498,2813,876,48733,14502,47746,25535,11948,41402,26573,43632,45988,43853,17883,2080,30744,7722,48368,41745,9832,145,40927,19987,14357,22189,5843,24377,42956,24,38099
21603,31181,29772,30194,7528,46635,37808,5191,23323,30275,17294,23446,20788,31803,33080,12334,7083,44673,3146,37383,14312,4654,20209,11138,28094,17679,46128,31396,38349,13580
19789,12392,31156,44988,41287,16945,333,35881,25511,31866,39201,24798,42816,19741,49915,14209,29840,9691,14198,999,41062,25950,46926,47296,35081,20046,43676,34471,6369,49035
38173,28102,19110,26468,49428,26760,17179,48207,34327,37998,3774,37108,35627,14900,15741,23356,43549,17174,14968,5542,24960,35449,6273,45458,37531,23796,49015,17365,34733,19856
47375,29372,47972,45783,12320,2099,25958,24394,44031,35243,17591,34092,6764,48246,42239,32687,553,19065,5944,38898,155,35380,2045,31021,39301,12127,5752,2868,37557,23819
37545,29462,33479,48479,718,47608,37119,46369,49260,8672,10516,26246,22807,45440,5305,45000,4574,19943,44358,20082,23188,297,29159,2942,8222,9917,18092,27512,9658,15155
750,3314,48985,38889,16893,12549,20971,10242,42252,35952,44317,15854,1420,12383,15672,35819,14369,47438,7489,33109,13751,6604,14063,44511,43410,44253,27279,30921,12563,31218
17142,30075,10621,23409,21120,18759,18488,40532,11910,13809,36437,48897,49173,17228,10293,43861,27585,38335,45410,24466,46515,11747,45000,6279,8912,15979,1617,3932,35796,4915
42840,10077,10825,33929,39289,48353,10259,8586,45323,48947,32308,13741,31713,28458,39320,16922,26388,48769,41814,35381,7460,47423,24612,10394,9604,47854,7243,5637,39548,35630
23564,33142,40837,35317,13723,36112,42791,6887,40556,38491,28532,23753,49776,15142,42085,22058,25125,642,12609,19708,48637,49645,39662,15858,923,3633,11451,28382,27676,34234
45402,11632,49280,12304,31058,3940,1518,10378,22903,25767,31817,46800,47704,45943,40449,9892,49757,46155,41494,10134,17665,41645,39412,2659,19114,9979,7678,30261,35732,14163
15487,37402,21686,41270,4613,39023,1842,12890,20021,16864,47110,3602,1191,39354,30522,37030,24182,40221,9115,11804,936,14478,16855,5610,33278,10309,7228,12092,46921,31540
4072,150,20511,4449,38534,11281,47314,24165,1619,34968,47174,42155,5503,10982,5823,31405,5071,11491,34024,48222,32479,44273,43846,34015,13808,42168,42381,44826,21196,42003
43765,46752,4966,11069,6059,25871,39339,27919,22753,39828,1730,38476,17109,17179,416,13499,18129,1002,48978,5119,41925,1626,47272,17819,5328,21390,6244,11207,30376,5367
7748,28160,4825,31337,15593,5305,17544,33334,38015,41758,41899,26527,46161,27821,19173,27045,44410,9113,16182,21928,16050,43841,47316,564,28480,17633,19630,49142,22090,38056
30501,6241,6125,16284,36295,17734,42830,8640,27935,15832,24598,1082,21664,24693,34104,6513,48033,18865,20117,6752,24871,20433,17078,13438,7623,12833,25105,26985,18465,20435
20107,25206,23634,10237,47218,31017,46813,5855,27328,7155,16924,26797,20077,2094,4916,40469,13542,13432,439,33659,19106,29404,34288,11024,25153,49723,43094,13796,29399,17453
10468,3392,9709,45398,9309,7204,33590,7094,14193,7573,21319,48435,22863,2058,10601,20394,17682,48523,22384,34722,44948,11623,34879,7009,31317,40160,1212,23587,40916,15379
26570,15798,42556,142,8019,3618,47219,4643,15726,11807,33095,27917,44562,4740,47261,24824,24874,19361,34804,30927,23299,11288,12813,36109,4819,30134,26644,32807,13755,5893
44963,44553,12794,9385,41735,3399,33671,27436,29921,6466,29297,24162,33885,18720,18740,16983,12711,2519,26845,7062,44514,25766,43283,22423,27373,1674,17997,37722,6399,17853
32934,32801,38279,10477,23028,9850,12453,36627,36505,825,24632,34416,9916,335,9856,9663,21921,41321,19529,18617,43983,40836,29678,40780,36693,22275,45542,35585,43714,47664
46109,47448,15071,11507,39945,18780,37861,28800,19001,47898,16686,10667,18202,48872,29287,16861,20372,21828,4732,37632,45795,5110,22848,8689,8606,14039,15606,49426,16353,20685
20381,44678,9339,24255,37400,38376,35215,39295,11173,194,12076,35457,20109,42010,45694,13838,15088,10195,14942,5512,8324,13604,33213,36517,23198,49990,46797,26866,11731,752
45239,22534,45914,45046,47827,11226,43296,7627,648,5708,10677,43416,45175,36120,29096,3814,21467,28003,47645,36594,31063,8091,387,35881,18111,13938,33083,49889,25985,29675
7695,10890,29247,1536,9606,30855,3276,10619,2067,15374,16777,33614,19016,13054,39862,23408,19922,4763,28354,4235,17203,41212,46065,6789,42069,19227,38961,25537,11414,211
41859,32537,43035,41003,17885,34199,43584,36278,19776,37231,45941,43311,31438,22227,4508,37784,14988,27172,31915,11880,39298,2253,28836,17250,26039,45324,15437,27726,44101,48431
19336,11341,30229,40387,32798,44781,19301,477,46334,39620,18004,9563,29205,688,24842,539,22593,41081,30580,799,49412,7401,13559,2205,49244,41626,30481,33795,8939,42042
24088,29076,23943,35512,14822,25259,26685,30783,13223,25928,12977,18397,22156,31197,14714,16140,16674,45369,36446,29081,33473,8678,9767,25937,14269,30021,39096,36728,2752,24938
40281,4146,10805,27199,35936,33569,5972,21009,33338,730,1098,29469,2459,4304,38849,31601,33197,22189,5410,41120,27593,34170,25303,32293,46385,42947,37727,2609,44802,5738
14474,22153,3961,4186,36455,43141,34294,15299,1320,11653,760,38312,24163,10386,42137,42267,3665,23353,36519,28200,15790,11218,28973,15139,49994,9434,2160,1670,27211,47749
14361,39817,34609,27911,9770,44898,7101,11223,45547,48898,8064,19278,43412,22201,15775,6372,28155,48909,40856,22193,29313,523,12603,38299,34679,18713,3049,5837,6011,24579
8754,10501,36454,18867,30262,5540,38201,34817,33367,13811,1543,35616,6259,44751,15104,23862,20793,841,44894,36368,25461,30886,1808,21261,17279,34511,6901,43949,15381,11136
31339,31588,49019,36952,37103,16367,44395,7195,49386,41273,13806,1926,22868,23770,28739,13861,5888,28203,21031,1106,36064,30309,42585,48464,29524,2422,23347,7292,49998,48511
10040,20051,46948,21559,1877,32485,34165,24303,34376,13127,14294,37693,28209,6313,28898,42355,44409,19320,10641,40459,47550,45836,13924,38518,44353,3571,19767,14950,18314,3709
29818,33479,10396,13481,11113,47427,38147,23614,2203,38589,7931,35083,14963,45335,16511,49321,40591,45465,49239,13103,15275,42588,10242,25472,11563,45215,10105,20504,23307,35590
49004,42212,49816,2752,16294,20635,31650,26211,42985,18033,26131,22456,26771,48369,49203,42843,8297,8945,15652,42934,34671,49961,9021,31898,35819,33673,35095,33288,11475,25587
39698,42143,48682,10287,33508,28106,30583,8595,5574,14259,25018,27655,27226,15033,48140,28880,12360,16371,35593,16409,45622,31537,41915,13027,22129,21060,16801,39146,32317,29501
24486,10855,3634,11418,27837,34812,49820,19542,5814,12621,13931,3314,9710,49267,34789,35910,3404,6845,22192,24629,29056,21746,44525,46328,41215,13557,4084,37924,1594,3807
27253,35697,48977,34058,36260,37259,7175,20190,21388,24385,43248,29204,28660,34345,23452,11421,2939,47640,9378,26888,14682,45644,11271,14472,17895,48355,46158,20089,38111,43129
46003,18250,42416,724,12670,14641,14675,19096,3306,15309,33061,27277,6726,49229,9254,35376,47144,30953,34937,17240,15287,43207,40937,16238,32109,17905,14874,40453,23348,12580
35995,26149,35030,21674,43211,14822,14286,7749,26424,20769,40941,4787,46559,15184,32529,22718,35754,16224,44361,30612,11750,10225,34701,17708,15424,22352,26035,1534,15164,8927
30857,6891,18262,16895,3992,19276,42160,16017,49662,32061,42549,23317,35911,13530,44908,40450,47574,11011,30722,33736,18843,38981,1891,2735,12637,7042,31726,31425,24099,25419
49634,37440,44593,16862,6242,19756,26648,4198,3527,25474,1217,18947,13333,7656,49982,1696,19758,25681,45434,12203,23209,25152,15819,10200,34958,4944,26609,31569,30180,45050
35227,21007,47461,10312,22435,7753,41804,11967,9503,47641,13758,16155,706,38249,2534,35283,39564,38199,10473,44270,24110,28622,16684,30609,21716,18889,43903,2960,3712,16818
43523,22915,23941,19553,38382,9958,41850,9308,3914,16487,13597,4810,3921,38150,13912,7584,1401,2335,40144,4567,17840,47583,37858,46776,37585,22123,43204,20319,6398,44346
14314,41967,26332,29477,47060,31808,29739,7532,42221,11295,43030,12863,35093,25413,2029,29370,37596,40766,2125,46143,47782,42021,23838,30677,14862,13797,40615,11712,2450,21153
49930,16743,8128,11828,42323,44321,23758,14658,48752,26350,21709,19364,14802,24262,43895,16828,3335,28819,49005,38322,19619,39209,29519,31731,40142,47143,4951,1518,10842,17000
16218,12544,13120,42003,14498,4606,3400,44051,18082,13413,5950,17849,26325,37960,47608,49839,21842,28118,16122,6363,17611,24966,30633,1125,21519,25597,12476,46615,36603,921
44587,38102,42761,42118,34525,12895,3864,23560,39344,48930,34130,29701,44275,42655,4778,49702,49145,24704,33027,43948,37219,39010,37637,34346,24227,2166,28839,49005,26571,40514
49463,3734,11117,35012,30138,33811,40997,38709,38932,21420,24264,43502,41111,31915,9290,1880,42043,39183,19996,22770,21321,17896,7186,45478,1073,9619,42283,30873,2722,5796
39048,13712,19287,26819,22192,26175,16963,35805,19225,32100,22876,8943,1996,34198,24250,41229,3162,26995,1315,17986,8426,36103,44529,49640,34493,38698,34139,47458,35192,33929
5366,5071,4916,21820,27764,31631,24685,20584,27310,9266,6018,36486,49020,49332,19642,43349,23068,11110,18263,3989,39395,48607,809,38498,11260,39095,49533,22519,45848,42667
34440,16519,20166,42709,38687,34669,16187,33227,44941,41236,25908,9177,40007,12384,36874,25169,45597,46192,36890,47802,34083,5030,41069,9203,38748,10017,12794,11093,47086,24394
29279,26721,34715,22844,16023,27742,24587,14484,37662,43030,11424,3754,9739,45958,43760,36028,28578,19594,46645,47490,39991,23747,19420,450,41838,46574,34408,5271,5424,18662
34615,41103,25326,45149,27325,44077,1828,32698,23167,20020,34225,23366,23817,45775,26789,29672,31948,21203,1000,21577,44934,34743,21464,13476,1658,43474,25790,49029,31975,5569
46123,38252,25100,21819,36061,13845,28162,2192,18843,35596,45956,41020,23624,27879,13443,36541,19275,14944,25458,8559,19411,32299,265,28866,11396,11207,26920,28948,1481,23742
23710,22647,38194,37051,35860,16943,6832,26021,36585,39806,31373,41057,4410,16381,10473,42337,17333,48554,27109,13326,36999,8186,21351,20986,47108,836,48990,49370,15363,4070
5119,41102,9173,20251,6384,16536,47882,13629,39383,38287,27410,10500,16418,809,12416,15656,42591,40009,43461,14335,38315,10120,38720,9301,7469,17219,16906,32330,2964,41652
36974,4869,35995,26810,28942,2969,31936,23480,28550,37963,21006,6017,28480,18052,16350,29983,46185,37717,31788,44658,44868,39405,10114,6086,24352,14419,7562,7532,16190,20186
7354,14427,14422,8669,21976,25088,43474,38217,40918,23216,49604,15512,39518,13247,23047,45119,28980,5127,5640,23102,26855,40888,5489,29036,22996,12492,34892,40761,30508,42876
4048,4759,19136,27835,24820,39877,37072,21623,27511,43033,11162,14216,16149,43725,30303,37264,14282,40917,42891,49256,41169,5514,9435,8463,1289,17922,3063,41624,15162,39576
35891,37607,110,28350,26089,24799,39933,9902,1950,4144,23170,42491,42682,9613,23296,25154,5190,30064,43602,19828,32278,20782,20103,47569,33945,13968,4449,16071,25240,43990
33128,29879,41723,21583,23754,18486,47415,3901,47188,42533,42026,29241,23794,25326,30059,41510,14803,40184,12947,36406,36029,40503,38127,23993,23912,49237,37753,17918,49037,6864
13249,38094,26262,38764,34704,42266,33481,43407,27151,36687,44155,5742,13555,39925,12553,6052,18436,13402,26418,11621,43108,33221,15692,28720,4169,39394,4130,46190,27644,29893
37533,34654,2689,10873,28284,33797,40688,45506,375,40011,5437,42548,9614,29454,37050,43707,44839,36692,8933,30328,30045,18225,35621,46390,11912,36800,19494,21573,8312,47281
35171,23183,45136,13987,6201,34680,12784,39520,19993,40840,26928,1311,45372,10174,24361,9545,15194,22546,2139,25986,48297,41947,2145,16557,49250,15440,35160,13375,12267,45441
9821,16903,41987,38396,26765,44588,34974,40045,29791,39479,13502,22249,25359,45772,18627,40812,17649,23654,36823,30414,15119,3001,29429,19508,23110,41252,15618,39722,10909,21972
10784,44931,29678,21361,45799,43187,24429,25651,25743,36759,9676,15286,35282,25877,20638,39212,42489,7378,47970,21365,11102,5739,19833,33936,48748,17663,21065,48895,28492,33686
21504,39391,17765,26460,40807,46409,47178,31491,42224,25581,20066,28458,14590,37973,20206,46713,3142,17398,20401,48103,41319,4583,43561,8608,4628,49391,17231,24424,11519,29386
34102,19874,25483,39528,41991,11175,36463,23307,46645,1842,34324,31741,35645,34362,42041,33943,47727,21713,1449,18184,38451,24463,5091,28623,6869,22556,23028,35593,47399,3880
28957,47339,36461,9930,26125,959,45701,37257,33800,39995,18928,29251,20069,23325,12770,11292,29613,5189,2851,10001,43786,4666,12283,9030,40624,19041,25755,19423,39048,15464
7618,991,46420,23367,34558,27095,25674,19621,43387,49255,9180,13035,49205,36599,26821,36794,27065,14281,41769,15423,28613,37768,18935,38231,44671,30926,39526,4333,26599,20107
44584,15746,7574,447,12588,20519,14588,36404,5687,41353,22034,32061,44464,14602,32376,22606,31446,17571,28715,7150,33226,20615,48718,18034,33198,12892,36618,40245,36764,33628
13462,36783,17955,7663,36876,4730,39411,49421,30738,10071,47820,23096,43991,33521,28591,23839,40302,35076,1472,27242,41681,7194,46012,15565,10251,36070,26769,44669,35526,40943
46984,30937,28618,34361,41146,11795,9069,30594,8012,34209,45205,7291,8176,36594,10028,2105,24288,2102,18978,40374,20738,6123,11107,46403,1511,33877,22312,47849,48505,19537
38218,38533,509,2888,34266,49182,41281,19161,8706,15386,31552,21809,44330,35753,42889,40318,31948,38576,25416,8644,21260,39246,22255,25271,33975,11761,28860,21261,32566,40301
32036,6612,47868,39625,19465,16597,38488,38783,34794,20976,45244,14921,26862,42137,10132,20275,28199,48618,17935,45448,35570,22196,20506,17912,3158,18648,46899,43043,15233,29150
5960,45247,4693,8113,16620,27330,29461,14125,36911,46250,25823,37674,845,12726,43363,5291,35331,36411,16196,22266,45707,41820,48369,49854,33884,32049,39056,7939,28164,43761
33448,3281,26373,48780,48581,11248,10788,5172,48887,7197,41385,27813,40781,17819,9832,43240,23402,35880,45601,8083,49878,20604,2254,2150,48961,18472,3018,49722,9420,44218
29196,23839,47266,1383,33563,10019,16232,43770,49349,748,1641,4593,24346,2950,31889,29036,31009,26032,46526,21626,9506,25430,27337,25863,16187,20921,3861,46526,16983,14795
3647,29472,33173,49882,23694,45990,49650,29921,43552,28241,28916,33664,42906,25028,49322,16890,18012,30582,668,25064,11429,6822,32293,3983,6058,47908,8022,8637,2901,38960
29717,38008,14650,4962,37929,8423,23958,16357,23787,23535,44630,20587,38779,44405,13258,49527,30534,26408,29134,29962,6792,19995,41141,47821,18113,47466,5904,39620,1391,8076
8648,19609,31037,37859,36806,28981,37720,41715,34338,12663,3588,20879,19164,25887,12983,9052,43877,29993,20908,9004,47679,8683,45332,39363,47900,21660,14243,44678,26396,43998
33637,48065,13142,45075,18471,12430,46505,15600,24336,11563,10368,27733,43197,8049,41726,25192,49349,31674,38607,46040,8598,5433,10758,48093,24045,46750,14909,9717,46167,40631
27226,15942,37271,6647,14140,13773,45217,46127,21521,19505,28309,18045,49460,13216,5003,38338,13042,35272,40329,15148,45764,29673,36374,44232,6065,32413,9787,4209,7717,31954
29937,9032,15223,36388,33204,36697,8859,44912,36981,28232,3231,24630,16201,6290,49166,42638,24745,4075,2719,1607,20373,30392,36517,21659,4129,48425,37831,14036,9861,30963
36957,26683,4432,22487,6045,25237,4772,28611,6335,37084,32168,24168,29692,31720,30769,34392,40286,47588,5934,19989,34935,23463,4196,16805,8939,34364,8055,21506,25434,46426
3784,18422,16118,35636,22987,28323,40145,32,24135,16924,3746,9399,39530,31655,38536,32006,16977,40527,11155,43517,25547,17556,41900,19537,6438,45102,42660,46934,26640,32538
36622,41197,47271,23846,4937,17654,742,33471,11204,21209,32622,16426,11584,15378,18826,9317,14313,13672,40709,21091,41083,40876,7736,5544,41359,40798,8558,40026,38655,29809
30303,33209,47274,17951,5166,8161,18040,12743,45549,19484,20942,38165,15307,14377,35124,30637,17118,44244,29978,43443,5750,5472,48048,8355,41763,24381,11037,21027,23335,28880
44091,28878,47390,38163,45143,18522,39825,27218,2654,11523,43926,1063,8718,5479,28348,33331,29225,12371,24879,40239,2394,40065,32843,222,25593,14995,15202,17737,41358,31151
20197,7458,20112,45176,14600,19323,44389,45001,49090,30845,5799,44397,17412,15261,23559,29962,20318,41695,39126,12992,6482,45148,39240,9034,26714,14535,37979,988,20172,47006
47401,23963,45479,46282,12419,42639,12500,41287,44055,38852,20038,47871,43070,36699,42564,6547,38079,11240,35408,11743,3724,45694,11371,28858,39756,3812,14250,44028,24950,12607
1427,27868,10380,14477,37028,30381,22431,27652,35483,18156,5116,47057,573,4988,15917,2339,22848,18429,6323,5333,49209,26350,34249,28116,15596,49169,17233,29028,12606,16767
25949,44536,11615,4921,26266,32726,37854,6319,48937,25231,1475,40784,36241,1278,2995,1393,32837,24823,44606,13019,8308,2700,48368,3792,17715,5,13598,15813,4886,21179
16677,49823,33369,15313,37664,4010,15041,34197,32498,38971,26521,27410,47444,26180,28586,30073,30455,24208,2283,1844,1696,15599,34566,23958,5782,28231,41974,25864,24961,14375
198,47734,13288,39359,41914,1814,17708,82,8080,8373,44419,34563,2226,31488,20907,20055,1408,35186,9074,41693,14801,48334,890,25456,23193,22195,15513,48708,31651,32497
48878,35679,44808,37730,35915,13301,38966,29961,2028,27274,44124,23986,47155,33846,39301,5744,17276,31816,23056,27523,8685,20467,23347,17066,42010,4400,2980,9677,40196,12562
14281,38281,21089,42026,2889,267,46607,26935,36259,13184,21776,37834,48187,34610,20584,695,30116,12062,19799,47499,27634,12437,23007,6235,13711,37916,3380,11639,11942,30407
37901,27229,47854,2518,42167,28587,4667,24034,27111,38250,15045,42730,28138,13133,7196,42763,47355,1385,15211,3669,24464,12437,33554,19689,18395,13488,40589,44433,43343,13132
4787,6684,759,16660,3828,1211,20241,20708,24906,30791,15214,47500,48965,12137,36616,20041,28386,9830,46360,43890,13607,29867,35757,32708,25340,23027,35307,25411,41239,17007
2969,41730,46281,8013,989,6804,27791,9424,3671,26166,40778,11370,486,3595,11272,4590,17507,11866,46412,12907,21026,10707,24701,33848,29603,2783,10053,18626,11312,18934
27768,36808,251,35774,29779,35223,11709,38307,29728,36806,37972,13056,8258,25204,19965,401,10109,7814,3016,16694,49246,37036,20533,27352,1754,6516,28681,6989,1379,36559
22580,49491,42409,11139,19148,27408,45666,105,29447,27021,49187,24432,44268,10577,4473,17856,25484,30781,14072,42506,19766,27714,26712,32304,7544,42442,3051,6055,45304,26518
45901,22687,20069,2907,45955,49172,43921,44138,32477,25608,7568,19185,14299,33236,25483,2547,5255,31980,33710,16329,31272,28391,35264,17853,31514,43400,21826,11371,39104,1624
4179,20830,15530,48420,16503,42961,31154,44813,25148,16543,49796,31158,4130,35248,24920,16356,13517,39360,26246,49641,44091,20103,36513,17622,37491,42361,38432,28982,39611,27880
35466,39132,27141,12241,13881,11137,19601,23014,21511,15360,27919,49835,21867,43067,8914,17484,28254,3825,6479,8899,22333,33451,18689,46785,1133,15972,30914,41217,36474,22507
3949,11144,10638,3597,33815,29047,31708,46015,1726,8906,13157,11514,23422,19712,46326,40638,29391,34817,46981,28405,11176,17926,28106,15205,40641,12023,27325,45722,7314,47367
4524,21179,10234,32464,36063,18985,30668,48649,32231,39065,39917,30907,36194,19282,34121,30857,31203,29211,31413,26810,44401,49203,41,27422,44392,13367,31245,27311,45939,49846
30938,6235,26288,34546,27118,30032,28128,39191,27518,9526,47603,27315,17984,9245,49431,35891,420,997,20868,27250,26152,20149,3788,21654,46621,33087,32826,9380,23141,42483
2080,8233,29290,27034,35528,47926,45770,7717,42542,20239,27945,31151,41092,45028,9010,28111,39770,31947,25484,41974,48709,45092,29495,38741,11012,11364,41753,46795,6958,27109
18815,12529,6307,15392,20295,20853,714,16082,5625,43215,23566,26642,35744,14868,29466,33476,3356,18499,44516,45855,11782,34035,5531,10921,23302,47053,45040,16570,27329,2624
26796,41717,2871,23353,31644,27135,45754,19737,28742,12632,13347,44854,45988,12180,15017,48280,7722,39705,5367,27674,17563,33323,18924,9253,28998,27324,19552,9437,30791,47233
11796,17963,803,26980,18957,30010,5426,27107,41268,24171,36688,48838,49580,7541,28064,8925,6145,31718,9707,19198,129,11384,17420,33744,16510,36716,16894,26961,36839,38623
8876,47066,41777,45796,19997,29101,5811,23790,25487,46860,24076,4179,44071,8813,6404,35140,46478,22501,25029,12549,23374,23728,26148,27736,24829,30046,9773,33947,20300,17080
42043,33386,16692,15219,37591,49762,44161,7086,13193,33881,35752,49431,48258,11154,20730,16816,118,17498,14959,4017,32393,2434,7009,39576,6694,16091,47653,30998,35961,44029
47795,13923,25785,27342,40099,7411,16768,17089,3263,28144,30921,1266,39262,35510,35883,48698,17513,28003,1927,42392,9752,8779,11171,48673,11332,13705,42204,28297,37533,36072
42329,16265,27577,31949,48487,39845,25217,9569,34229,30054,43657,46277,13889,38398,40239,28668,25414,18813,22510,13457,45369,47529,36582,6566,483,9807,5802,8707,18403,31343
27549,16362,38670,7935,43257,32109,28729,30316,33392,36109,22187,35351,39574,45302,3712,34763,11607,5617,22124,1871,16530,45434,20768,48686,21432,44453,20174,13919,39752,25480
24541,40226,41343,37098,16562,36101,10474,138,32897,22143,44283,26285,33994,25681,49350,9263,4209,15151,16880,43846,10972,13442,14390,32945,12662,5857,13273,33770,36330,33499
25067,46668,12800,35121,4545,14413,16031,1133,32852,34063,33495,29483,41320,25747,13762,48025,14137,39672,8729,19242,40016,34918,21261,20052,37790,24170,21736,3987,11776,38228
29396,1750,16942,11188,34994,17118,4464,22425,419,1787,47101,19870,41741,23767,3038,29708,9233,36397,25734,3336,5737,3251,18026,35233,34412,12778,46591,46997,27053,10026
24740,48614,45632,26785,31531,3887,43736,11412,38144,26030,36012,24486,19610,49209,37093,39678,6492,41715,25664,9222,27159,35907,43803,18361,22342,26707,17435,3760,10372,10677
24619,42206,5888,37579,9312,49409,19660,1373,17533,44511,23190,44663,35647,23506,42428,36029,45638,574,31980,35842,42449,2932,26141,45647,14935,42683,43520,44286,3943,43151
5260,47404,10770,40082,9228,138,19260,20373,42603,32361,40931,4165,6441,26583,45140,33053,8967,22632,27452,48973,15006,39256,37077,6739,46003,1985,37238,596,32580,30569
44744,13487,8241,26294,39379,37749,2531,17584,5805,46337,12356,7231,747,38085,49864,46358,24453,35850,48595,14814,40143,45065,14805,5894,354,37940,19700,49488,24857,12018
43372,41945,42679,3222,18291,26227,48108,29172,9426,49666,31253,35667,41172,21887,33779,27978,1563,22390,49790,1354,35824,507,32202,19442,20647,6811,7375,37548,960,32065
35344,4993,8042,22024,20461,3760,36680,679,22111,33561,9981,29396,14947,20077,15826,24720,22198,14140,24414,17469,1840,30841,28047,1735,41841,14904,37910,11527,39029,16342
8716,37427,6579,37906,48115,42392,35817,31909,25883,8561,39549,13215,28145,23774,37001,23706,37910,22133,49407,6130,7534,16445,5494,44369,13726,49501,31738,14641,9065,16792
42831,20886,22259,3136,19117,43835,19497,48002,14338,37671,8975,35938,17509,6062,18893,33493,28419,35704,17261,40587,16904,3670,21835,24397,42484,7257,30962,4885,45132,1731
22792,20117,18171,7327,16970,33561,43462,42402,34138,4757,13802,47127,18552,17805,11295,16346,31527,9906,23287,42413,32958,49148,37267,20974,49972,21748,21817,2717,44622,6330
7775,14760,11157,28646,4622,1871,45389,12809,49547,8729,23552,14407,15274,8029,37288,44487,34690,15760,31853,21975,21693,29018,45182,47308,2506,41462,46641,42536,38866,47679
11697,9656,43684,33439,23629,43691,24536,44773,25803,2940,31932,19510,45584,17369,823,16586,37902,4589,26873,10245,3727,6104,1299,10644,22996,29716,10445,13382,9358,914
35210,47946,22204,33180,35574,32897,30523,45301,4233,25292,31617,10983,19270,29043,20518,735,39080,41099,23933,25135,12144,45837,23220,14985,45389,23995,9591,19617,29609,39016
25760,13908,34526,39398,11700,6315,17840,23965,2287,18791,7629,27417,30537,21189,40324,24429,18720,37761,4350,1919,3484,31522,45608,3441,18041,43562,38410,40212,43516,47906
34659,4034,44312,49596,22630,49857,26061,17792,20714,22829,33686,18199,18041,30875,27127,34265,25966,32891,14105,3064,4794,42033,12837,5030,40409,10403,23823,34361,23657,15176
8346,43408,11143,40322,8993,8996,29435,28534,9695,14059,48348,43788,2087,24052,7775,3042,20988,5595,13387,47253,8124,4646,24455,42313,39904,20194,33318,37361,30043,23330
47701,33781,6566,25610,41009,39533,21170,35871,49819,19010,46202,36719,28226,35958,11975,41691,45198,47778,3740,23505,31247,49228,30637,48719,6294,9993,15668,29268,43387,3302
14595,49017,5937,10585,40027,2384,6377,21858,47267,27267,23850,47679,38364,35465,6147,1897,40006,13833,5687,30074,15897,4641,38563,46343,2048,7860,46789,24310,17980,42397
228,20646,9739,11295,5402,37377,39923,10230,14766,49263,27055,1173,2898,19092,27277,39455,15109,19420,8485,41977,35260,31927,9311,18429,16234,30449,36889,4796,35215,44369
49557,29294,13353,535,21772,30401,45963,24125,44792,17858,25527,12721,10486,18897,1196,18329,34504,42784,38482,38289,25231,29972,46216,6538,3390,2055,20219,46017,34775,24951
1490,10984,22353,14577,33724,16123,41830,48734,13611,41155,34609,39482,30648,27451,38495,34816,17429,22759,23989,17904,19478,40619,21151,28839,6258,21705,24978,42415,17472,25582
19554,28408,44745,32920,19047,20927,69,37285,12308,43605,43502,8594,47168,16072,40643,29026,25629,36837,12035,26456,42945,10687,30737,41131,7163,21042,28002,35205,39115,47559
30344,21229,14872,24483,49937,30599,9206,46850,21203,40053,37145,35868,42395,23376,8444,33281,44904,9754,23291,29682,16235,22938,10657,464,12162,24039,4736,36528,45678,47025
44139,46685,48661,10218,5557,23913,19286,8790,35423,21796,20612,8999,34909,7852,11327,6664,38930,46956,5287,42841,36783,4628,28017,47253,44642,46865,27120,10573,36448,16845
47127,42561,18984,17190,324,48186,20038,19189,4341,45073,38748,30081,548,46820,5384,39920,34031,48947,41273,17846,41569,49264,45513,35837,28624,6796,27700,1101,12526,1324
35681,41104,47289,43974,37689,29339,34213,34125,11042,5453,40301,20220,17210,47300,19453,13849,22107,16665,49224,13183,26481,8708,3301,4224,3536,32933,15173,38471,21482,17792
27796,49617,9653,36485,39198,24400,29083,15284,45634,41098,41859,12347,23960,24962,28865,17604,13093,29963,18026,40808,23951,30602,27193,25539,19590,28252,15598,29480,41370,28341
34861,18561,1281,38682,36024,4498,24821,40953,29477,418,34037,35311,155,47729,33930,46955,2646,8006,28139,24395,6084,16902,18767,40648,1290,823,16601,4258,22170,44557
24857,27090,47869,9812,19105,43564,17601,32838,40860,45631,9895,39909,17217,35075,26666,30475,48204,36155,26695,10282,40220,5548,39981,40028,3406,32255,19873,34814,26046,17082
15052,18736,1214,21716,11127,49316,36215,42449,37282,33400,17312,11058,8891,34505,43683,3247,31539,12129,10089,806,13456,24034,43428,9413,7681,26076,28901,6008,12270,35152
16221,41829,2337,1403,4878,27255,49878,11027,1737,8662,4911,37276,21341,8673,41860,11402,30550,2526,15677,29078,49477,25948,20393,44506,43844,5826,17276,12251,7412,42473
30188,24813,45843,28017,40126,29097,33362,4517,12709,15350,40528,26526,24575,15939,25926,1797,36437,29172,11615,47316,28973,22801,41530,31183,31333,28947,41027,27694,11992,244
22686,36463,8465,20480,13915,35482,4264,47317,31107,43689,8195,38488,2256,12388,4037,40367,16694,27359,19577,47610,40477,40067,32136,18557,24409,26710,16145,43882,46655,4814
10167,41095,31431,1711,2957,17672,43080,49892,38286,29668,9667,13306,15270,38669,1689,12204,25196,48961,29528,49076,4136,24169,29869,14477,29386,16920,17289,15666,43301,35848
18065,19977,27424,27748,25764,8084,15184,8863,26722,20136,39937,13275,23453,20044,25109,45847,6988,832,2886,35483,22830,32512,21643,4154,47971,10628,6398,45173,5068,9124
12353,46618,3283,18307,1853,45978,41354,20920,17976,26125,9352,1919,48668,45102,38128,39346,35480,9389,36432,9212,24681,18525,29364,40938,32858,45726,3652,46833,18426,6664
47516,33373,47433,26191,37427,21468,30495,20839,7422,32410,46937,13153,14793,46371,20626,32293,19674,25353,36036,21912,34574,7615,24217,39529,36799,34882,18821,30812,30557,49730
7396,13760,359,1663,28049,752,31341,33584,1087,17850,42060,22117,49863,19484,17915,29712,24751,22678,14572,16493,26326,5456,5104,17751,14883,26201,36233,21607,24073,19177
2112,34412,41706,35257,39220,32196,45295,17603,20435,32251,25798,22433,9094,8811,48670,37365,24675,39695,24659,49434,49388,19099,40044,15203,4315,14167,24425,9774,19910,47155
43267,9260,20670,42964,11799,37372,39559,10645,43732,3010,19505,25755,27916,7306,36051,23759,6607,34856,15863,68,25359,25505,43462,45594,48025,15317,38902,42086,27116,15005
27476,12154,48294,17226,20155,34026,3821,4235,11777,42394,24223,28632,45528,41411,17791,12759,35493,20665,35033,12834,16121,43372,36616,2183,22249,4102,44210,25296,44323,33864
40300,29002,32704,43116,45060,34812,35276,23832,15202,4175,14784,11513,21726,13476,6833,19557,16194,8367,25888,5534,37324,18895,37086,27283,21526,12330,40697,4594,41241,49589
1026,21512,25806,30747,30436,44713,46906,43202,24335,18516,45746,34040,16884,47157,45913,25600,49449,6217,48830,21232,26132,22555,4813,13063,9769,20126,25217,17093,40795,38356
15773,44066,45600,41936,22107,20725,38403,39007,26046,6241,21375,48644,388,40610,28554,36930,6798,15616,26526,13316,16344,19506,39605,4630,13915,22512,28646,15410,10483,5931
13506,23645,35981,31235,7737,35970,49992,28461,35923,23390,14325,40486,35073,40529,15815,29336,32053,3164,31236,40599,42339,14662,24302,7465,26379,16886,26869,40012,7111,45098
4410,43815,131,38012,49683,30672,1934,16036,11076,32971,8276,23228,2995,12648,43088,37210,36869,25349,51,37486,15489,17633,44250,30026,48946,48741,32357,14970,47313,43989
6613,3763,3996,42582,15997,7288,41557,32207,41475,9414,75,49082,26827,2690,39807,9598,17512,45998,31854,26054,10286,35897,41062,3467,35606,26611,20382,15178,48064,26719
38925,46375,19108,38069,36326,43759,14966,6441,28302,20690,33304,26,38734,40193,10442,42741,18555,13828,4144,23994,20912,47325,41052,2264,33556,31779,47540,13270,42856,20061
2201,44434,24396,11917,21899,12307,24305,34529,32742,25373,35906,36735,6553,37316,15808,28314,3139,46300,47706,36386,16382,15882,4180,46802,11707,9564,41799,16329,22721,1752
29258,14636,27068,27097,9602,28931,5551,1469,40093,35094,35062,19402,9150,17998,24187,39576,40216,5779,1178,2192,48333,30502,13882,35912,12445,37017,4850,2192,22863,21787
39177,2380,25536,29213,17011,4509,4435,13420,33645,5948,40880,3415,48643,24607,37834,44750,37677,38675,19299,49992,49198,40983,40577,44556,26543,1604,16264,27989,6248,17365
44042,40617,48527,31648,16648,16210,34656,7514,2243,39979,25240,39923,9382,12666,17915,7377,3896,29518,6508,21340,14484,35438,30559,24176,31269,16630,31029,1131,20327,3594
46091,37302,15633,18975,4378,13111,19419,46908,20713,3883,48441,43949,6879,27601,15931,38007,40822,8334,33683,32245,14866,9828,17123,27788,18715,9862,45150,20669,30985,30733
3191,48328,30149,48785,27251,37672,10575,38495,26495,26024,21334,2902,7996,16105,11328,18267,33284,16939,3811,20456,16177,42483,21474,43456,5020,18877,28643,14343,29460,24930
16039,31333,9135,17174,10045,41636,29334,22208,37441,19435,17850,43531,45073,31243,45071,44200,46444,14913,22296,32620,13156,24691,24660,6428,41262,19360,4566,28589,41526,7518
48533,10155,36213,26900,30223,18418,7241,10659,41035,11673,47858,3457,47952,21944,16917,45989,3456,2983,2439,36835,43012,38901,31365,25890,36613,19136,27456,12854,33218,34243
2900,45633,45801,5458,16526,11558,38925,15657,48294,6251,20063,25306,18956,47609,1274,2183,35704,43790,32643,5626,18995,1965,11626,1669,1408,30767,14856,33929,49012,11734
26363,8856,6895,6438,44160,32494,23328,36844,44716,37495,11258,554,35010,16369,9163,14432,28538,26394,48413,14319,44532,47498,12318,9249,14775,39952,5637,21173,26697,33397
28768,46752,7967,28183,41946,45252,2267,13399,40155,26789,30492,41496,25371,15832,3747,8124,47736,39850,9550,41989,35789,19300,34552,13902,5190,28790,11460,3168,21216,48500
15358,666,43335,27124,24817,29014,21421,659,24718,21140,31463,23679,8383,2803,10096,32501,6904,27402,39510,8502,13956,33854,16746,42692,19648,24524,26539,2350,10318,12741
35374,6076,5662,44422,6973,14144,7505,39402,17200,40940,41153,28645,18553,25308,15548,46523,2907,23258,25263,45947,19037,13658,41071,22573,25240,12139,8391,20090,44086,20085
14239,31635,35509,8064,29576,29805,46838,2306,29828,40185,48135,19934,17304,25323,36528,43245,32816,3314,20250,27462,41725,47847,14225,28822,44183,5470,25541,24965,42705,35154
49440,31740,23517,47400,15650,20593,36653,33980,32060,9437,16375,9527,7054,32217,11423,495,21908,22867,7858,18935,27836,41550,33699,6539,1615,3613,34071,25602,46380,23217
3700,39151,26415,2513,8837,17864,4,28559,20591,6041,10848,7122,46445,44322,32275,32173,22255,43426,48668,26925,33457,23151,23042,28436,6846,7049,5902,41994,24244,15197
9184,4772,10513,4826,28383,40011,42817,30862,31212,6674,7597,48590,11108,35120,43482,15243,44473,43032,11912,5820,4993,49030,27197,48688,24258,27088,121,41933,18889,45599
33024,26752,25390,38738,40680,47471,18624,11211,18278,16414,7695,2297,49353,18012,13165,25555,49427,25646,15658,32459,30278,18455,6098,7719,12494,9212,2958,28453,30638,33975
18958,27022,21731,46459,40840,33762,18994,15288,35942,34648,41087,20519,6824,47360,41830,17785,36416,15583,21127,33379,41813,33222,32805,48465,39267,6577,18387,9898,26275,34600
15347,14826,40340,19272,12809,11579,48336,22667,36081,42750,6989,30125,24887,18451,42470,5806,47829,44743,34852,40224,47950,6440,24549,5172,20546,28347,20056,39013,9758,32101
47941,36826,21796,11945,23041,45649,21887,45904,44348,20278,32298,24647,6591,21225,49904,21485,21196,26079,14403,30545,4659,32093,7848,3538,33592,44710,35324,41504,49486,33559
37756,27143,3135,16694,31101,29382,15531,10459,12966,36133,47543,24839,25036,48966,37720,39697,37513,21515,35089,5190,36886,17823,26776,49047,23206,15707,2038,12040,9636,43796
20900,12548,40978,2324,13768,24140,37832,41516,41659,22747,35718,24704,32977,13566,28452,37830,33991,13307,17641,24788,17552,42972,49121,33092,16180,34637,20999,20135,37293,29516
37846,34656,7508,30157,5446,14940,35012,8931,5502,19797,21461,44620,14222,46450,32056,12227,40879,21536,39861,25711,47008,9131,37950,13832,24714,17654,15817,37695,37084,16606
39186,22786,3354,40285,37334,3623,24995,19235,39084,42400,15489,33081,9077,32886,47212,29682,31290,42158,5034,33792,8930,11233,48050,42000,10512,16335,36217,13077,43787,26784
44076,41159,18117,42753,699,33806,19493,24959,48339,33395,45542,18489,42717,39042,43625,1063,17822,18072,28092,6747,6005,31520,31138,39251,29211,27060,1454,19354,12296,32436
21016,16641,19761,15207,7277,583,23779,44864,21811,7689,9133,23586,38976,31466,13813,36105,35660,43985,4982,33762,35493,34688,2925,45480,33454,20461,48611,30772,28125,47282
15526,527,2615,6510,46643,19344,1013,10646,35214,26688,16361,26327,30134,25448,9073,29782,39356,13628,15629,28324,5015,4418,38897,22718,35085,6684,46848,36736,34767,31259
19777,3626,16240,43673,11770,12018,31120,10557,2908,7919,5343,39432,3573,8374,10280,16154,34793,25350,12678,40615,16690,2471,25263,26128,35987,29691,47786,45164,27550,17149
9389,3543,6244,19358,8781,31609,48991,48106,3029,39372,15629,12843,14889,8807,18709,36213,23617,19462,6606,42169,2756,8201,6697,31769,14723,35768,7983,45423,33020,46967
43268,31997,20562,19778,32853,12152,18183,27891,24215,20962,2752,24560,6782,31138,33030,22488,41106,42434,41053,5448,6444,392,7219,23126,19212,11073,17411,41456,20961,12160
34161,49675,28981,49207,24804,32063,34156,36194,36605,48195,25459,30911,7491,9971,5194,21087,27441,32957,8120,33290,39316,9890,8683,43682,681,23367,1455,1937,33518,18959
14487,27847,33162,38933,17329,19052,10405,32245,47824,11508,44314,18732,6490,14710,41697,47622,7581,24370,9721,44430,4958,32684,34455,13584,18049,33562,41704,34321,39341,18598
27104,11583,28477,40494,8292,33458,48020,779,2486,33831,27534,23190,36933,11609,29188,31225,15977,49552,1986,47428,3131,35267,1720,36574,1362,49950,25232,15601,3974,7957
19694,48255,6814,8833,43072,10093,19434,40769,9017,23424,36177,4682,18514,17052,3137,1055,44144,29972,35494,12632,3753,16350,32097,38891,47927,2675,23207,41981,3630,13293
18033,15589,711,49539,16095,42405,18203,35593,19420,38833,1500,26226,34231,25500,48011,20107,6905,29525,33801,1648,49951,4706,40900,11961,12178,1850,39603,32613,25272,27596
3995,11077,45937,15573,42752,47793,10,1575,38844,17016,4949,10828,15047,39769,45907,25724,35100,28991,14136,30034,3584,12302,40128,12455,49815,19190,19160,18183,1628,29969
36486,25615,39959,35167,20775,35670,43135,48371,12789,4028,27519,1202,32580,23031,24821,27026,22529,27639,7679,12200,34139,36457,11022,36824,47327,38628,40675,49074,25953,48327
38776,27078,17936,48376,9341,42863,35205,23747,45649,14258,16568,32853,3639,7225,28544,15662,40206,44644,8532,7950,25229,472,13037,18981,31372,45376,26193,38458,22284,43592
48183,28848,17533,13582,21065,41933,23443,11532,29382,16087,33169,21530,4768,16972,34582,49664,29987,44808,24385,27983,19979,27025,2424,42303,11884,7699,25507,41919,37239,7539
11478,36279,39266,22943,12709,45239,8433,12754,35372,6493,25369,19492,1917,13397,39815,49487,42484,3873,14538,46336,5416,29952,39223,1039,37666,18391,15831,27061,21697,33983
41026,41113,12920,7850,14289,29285,9815,14256,32969,43864,5101,17903,22375,38500,15854,5102,27157,33995,49491,12870,34542,9025,27433,25893,24158,39573,29764,42525,34919,18849
44483,26430,38932,26659,43078,45146,20862,34070,27728,21627,15950,45499,43399,25261,16860,43122,22870,445,8450,10109,548,37168,49988,10614,4950,20985,8798,10549,44351,36243
27998,49651,7194,3562,31545,46550,45222,16042,27458,18644,47405,41998,7068,858,34099,39313,28430,25645,19557,7344,34646,38528,369,37429,12517,14806,38557,1460,47740,30628
36429,43481,17329,40747,36899,24126,31742,10306,7386,47385,8082,48311,31175,18655,39426,34505,42984,2976,21575,8130,41766,15439,15047,10782,8964,44332,40782,22021,4239,48434
32482,22137,1454,14015,1606,32572,37353,6843,3760,13049,32748,18256,31309,27498,45217,16687,43944,47935,16397,27866,97,13807,27011,18598,44025,41818,22437,24710,43775,49256
3073,35583,40881,32078,47555,41138,12952,35931,30552,7096,29532,10809,16533,40266,9111,25163,35630,20410,14060,29160,6735,13853,48533,2707,33982,19666,27647,14116,143,16716
22572,38831,10798,10374,7239,13024,38760,5605,34415,35360,44534,25299,26646,26289,2294,43750,38356,37198,24836,9242,7266,40435,15688,4521,44189,39852,29904,41320,43702,6387
42161,23700,9599,30061,24603,48175,7083,7861,8413,38016,23228,38888,1090,39113,36982,18770,44740,14537,47545,12172,12920,45891,4018,22819,20026,19474,45236,21734,16386,16377
43998,24162,33668,30923,44266,5986,17205,20672,18100,17227,49605,17869,12327,13730,22931,36395,6561,14943,11583,49161,43887,27458,37034,426,7645,21933,42270,30392,34587,48286
24980,40905,26035,10428,38058,45260,1011,14708,48352,30043,39604,13782,11807,43433,1887,46824,23580,14248,43513,27663,11703,358,40965,25941,36245,34240,41706,26130,8774,727
34372,23297,45198,41042,33154,42938,4246,9465,37148,27930,12680,32566,28471,33480,26758,9275,12575,40709,15889,17203,1663,5938,2797,10985,48132,11835,45270,12927,13448,4168
20889,35478,40894,8051,16985,15842,40255,28026,2071,33147,33972,31427,33889,6965,33289,28608,22347,34280,18045,17106,30350,38725,36746,6625,29836,49187,11116,7166,33745,8469
45634,33713,8776,31546,20351,27191,22630,36925,38231,14397,47603,33044,29074,25374,25109,10104,10180,1344,32892,27010,39114,13707,48148,31564,13692,11394,38134,13563,49772,4082
27285,38640,20561,23580,20454,34125,13002,25862,10773,3026,47242,41133,40965,14319,36295,6546,22211,16908,13221,38950,3438,9242,37975,3896,44344,26270,11901,16987,37554,20584
26756,32046,2507,22499,48513,6927,26993,27206,17540,19655,42783,12277,25071,9251,26801,23240,49716,47777,25740,2633,10600,23650,39972,42199,29198,16126,47,23357,28978,10368
9780,36972,44975,20248,16745,46486,3887,41489,41068,46058,41108,26432,33438,28222,18942,31922,41992,21291,19474,10805,22458,5596,3818,21792,19232,30871,20210,25106,41835,24994
19654,43999,25088,24463,37707,15862,6087,23218,7746,12845,12021,6405,32691,46217,36505,18379,24486,49184,32674,25463,45377,3174,40275,22672,2327,28266,40064,14289,47422,33890
24672,16378,8375,36233,17682,20747,44921,40535,23628,4229,22652,5392,39331,48690,4001,28550,39605,4531,27185,27981,19839,14805,9166,46675,24187,9421,16993,18203,18397,45862
12051,30281,31608,29889,23560,43077,4489,48230,7599,13150,25969,45871,9237,49792,31449,705,34246,13205,2268,8071,32153,40121,38495,11445,21476,20630,747,35870,938,18510
49442,21607,11406,38149,40449,567,49772,1000,45259,9299,15184,18221,43315,45826,27572,7416,31621,37337,12366,48412,14255,32599,17497,30817,8295,33039,19787,47625,44815,39075
35254,24485,13874,23403,13173,3186,39326,44314,5156,33560,28675,16098,17621,10501,44131,37357,11833,29012,3808,9789,44659,38323,27962,2388,2092,2410,38906,28462,42434,22177
31033,31070,25262,47135,32715,34352,30988,26167,1953,16105,40509,23126,30773,11608,5451,37854,8149,16804,13673,25221,27486,18215,35050,18045,41130,34230,13554,29981,5672,48632
15793,45097,27049,20767,18585,33107,29458,48887,18840,798,17536,14493,16799,28288,296,40392,26010,1075,23521,8405,38470,2720,6481,27391,40203,49795,18535,20125,32687,19409
14769,988,10417,48007,8412,21248,41143,49968,25141,1465,29123,18917,27810,14075,44328,25147,46863,42202,857,25871,1538,8793,48645,38949,47408,22558,25050,8076,15379,7910
19710,20355,9311,6704,12289,6592,7023,22741,40303,34163,32278,47510,17884,6005,12564,43591,30643,19536,49404,14299,25180,49960,27620,40961,47886,14723,7056,37626,11284,6715
46372,45058,43216,29912,4220,3098,9450,4274,41693,37896,8201,33524,29896,32468,21124,3106,48284,40337,47946,23376,5591,45480,35394,15161,47063,24771,35269,21030,29339,11994
9461,2735,38511,44647,49697,39231,46352,23158,8873,48228,25459,23314,26498,2046,43693,19989,40189,32334,36288,23070,14871,38023,7814,13994,23162,15160,32448,32450,23880,48358
30345,24496,25984,22049,25359,3111,30897,22381,20055,22326,53,31196,16510,37739,2559,8464,40069,13594,15237,29788,26158,10861,28485,34026,41005,11821,25719,10565,2899,48579
3777,41464,44793,29770,32875,29655,21913,1424,27503,23133,1479,16156,45482,20026,20235,12528,19605,18735,21901,43935,37612,35788,23592,46098,42434,25367,19419,20450,43378,21572
36857,16206,27794,45022,47316,22070,37968,34904,21291,12172,2440,21510,29402,891,7627,45040,37063,11476,17857,11189,18475,35439,7603,39651,22175,49072,46841,42162,21585,47806
27046,24571,44681,20376,38094,34620,40594,1813,49291,4071,620,38147,41483,3828,22607,30430,34088,27751,14529,6902,12764,44175,9452,37880,3237,10203,49178,5039,8133,23520
27297,19985,19821,26260,46993,32638,46495,6111,15594,27945,26457,18045,33669,40713,49511,12058,10040,23808,9504,33203,17878,6276,46757,10985,7228,45960,21115,27309,10852,8471
36523,23631,49638,47583,38344,47793,32662,49679,23635,35514,6703,427,10314,33415,1042,8067,29665,6033,28868,11759,5608,2449,31558,30284,23531,32624,48893,27117,25569,16660
34734,21118,20450,46904,28409,24163,14127,13093,25954,6882,11395,28562,10648,3372,2156,19917,27992,15437,12948,2558,13199,49284,1512,16117,1940,20305,39756,38240,28761,19166
8788,26197,1825,49660,43885,8575,1669,7609,14574,25424,37696,22646,11803,8354,47710,31907,43441,20320,28213,48164,33531,5465,1355,25119,22009,10666,30337,15562,17830,15598
25456,18219,27598,21036,8599,7958,27648,18119,6349,29155,44927,18855,6627,33118,43712,7035,23325,24884,49979,28577,6073,28096,9715,33065,44122,4918,1152,32217,29493,850
15916,30650,6036,33389,25670,15653,18278,17418,33327,24218,37263,30199,47778,47553,35632,49429,32047,26563,9363,8248,34026,10680,1476,48751,32399,11038,46068,659,10235,37544
16712,20882,38739,15656,48440,8913,28904,38246,41035,7245,23453,4103,39037,12210,25363,6125,34671,2494,9151,20775,15497,7952,49912,2028,32156,36953,18061,40827,30383,13295
13326,25229,42394,42810,19632,3338,14735,9745,49065,36071,7765,26315,6472,33002,15441,20534,8521,22468,28017,27649,48180,5486,16318,32863,5213,36617,7695,28815,14074,33341
21645,18570,11940,13974,4668,4903,15772,28199,33288,23021,27333,8200,3473,36885,43296,16734,17805,34706,15884,27545,28044,2754,29823,13392,17650,41534,8648,32859,18716,22792
42383,49305,49566,35805,20801,15388,18941,31629,1370,7757,43438,49277,20051,39858,34382,44908,655,49755,22903,28547,45164,31708,25747,44669,38044,5095,35052,49030,30963,8151
5182,45318,25862,29064,6349,16566,42067,32589,48804,11452,1649,33071,37977,31639,46878,37839,15093,41665,48419,5547,18095,44553,44334,4694,32367,35797,44139,3172,15356,20008
29478,8907,5836,46207,3949,40519,13732,18128,16584,23033,18766,44130,47085,20461,26983,23415,21983,27734,37561,37169,29708,44213,45441,14232,22983,5994,24040,41233,22453,28651
24319,37147,2154,32733,40578,8547,46674,22890,44121,22251,19982,49681,15354,5105,26288,18400,30597,30955,3306,24568,39951,45370,36250,14031,28064,47296,18895,13545,20237,26681
6060,25598,30584,37804,16556,8650,44975,33500,2221,27474,14792,41097,9112,9723,7489,43825,47223,25898,11725,28332,12986,23127,11139,41073,6337,25039,16974,47630,36449,31513
35104,17442,29465,15571,39464,15748,16342,45163,23591,46705,5008,26673,17575,25436,22072,46673,39687,5061,4322,8602,22417,20921,27949,15737,13464,24535,30556,21078,27397,18883
47487,27484,33495,35868,15220,7488,6516,28610,38828,40392,17643,44490,23023,36194,34403,2363,30576,39262,29107,26281,26245,7288,7453,39612,11099,27785,10380,35375,36313,6658
12484,8093,44446,33618,16545,23966,27398,30508,21112,8741,20194,31620,25093,46158,909,30746,6840,5602,47825,46816,41478,8780,34665,22717,23311,11217,39930,11852,20085,44795
3378,37392,21063,47283,12884,21248,14012,47688,8526,19828,7033,636,47342,32956,24182,9149,43833,44111,25033,10604,15884,4540,13356,47420,37110,5004,34175,44690,47583,33949
17594,47440,47727,24559,18109,25960,4438,24165,4948,8690,22003,49310,46966,39059,29527,36681,14981,49154,31982,14632,8431,9910,33127,33423,9445,44741,1796,16392,47759,13641
24719,1439,10639,31353,21249,26981,46182,11460,30777,33274,39247,13965,25740,27680,39907,1134,42000,40892,28286,7360,48958,21714,1494,48998,12528,31549,48207,40762,19272,11277
44150,9441,4118,15486,30353,39430,19603,15758,41683,12531,37430,15333,1498,16990,25465,18384,6068,30744,11779,8604,35009,2500,21152,6550,45209,35986,36797,16026,21260,35805
39648,14753,46638,32507,40886,26484,37910,1140,48864,46444,43053,36475,36020,47220,13378,28852,49439,34628,27042,15764,38220,12479,44994,43372,10346,23259,23578,21482,14987,19983
39514,42562,4035,32245,35048,26387,47310,39161,24257,25321,25055,45105,37093,44030,15284,44438,5033,5664,29529,12993,18118,16805,287,7747,36056,24676,38875,2084,4049,34221
2592,34260,17688,22734,48959,13246,16462,1196,41700,2435,33916,5202,36006,22211,43063,11237,27342,27950,1977,41256,25536,46100,42908,21895,11041,33130,26335,10805,42554,24014
4770,35803,46536,13763,42372,15938,8857,15968,15308,5721,30709,28097,8473,37006,48206,42385,21978,35378,26081,13315,41204,10825,18089,1868,8557,29742,6948,7385,38781,26909
12332,44366,33972,49499,43669,26290,16525,19310,23512,25126,12432,47729,31820,1818,9553,31961,10824,22129,42221,15609,15592,37246,1029,42021,39396,16635,16824,26994,11002,3725
49919,25503,35875,40787,17613,27077,18064,49221,44817,14251,27889,32280,29816,3464,6922,31150,10712,38811,30643,36503,26520,11283,20759,43676,44007,29025,30175,35066,18324,8534
38508,13098,7192,37871,3175,17186,49071,36900,14077,2822,3863,49236,45790,4524,31431,28990,9887,44403,27254,24881,19497,29597,41872,33790,20251,16673,12787,30382,32830,2712
47469,33429,39650,22662,18833,45749,19051,16783,11910,41757,24254,21443,25682,43010,47037,15966,44730,17871,28054,45663,276,41422,43291,6789,40890,5284,45704,10858,35500,19599
44005,19658,49574,42428,43094,37155,48701,19792,1475,12547,11024,26309,13433,49147,43863,17180,42653,49106,40118,13305,11983,37504,11121,29317,7901,47992,14675,8622,31474,22609
36625,26300,7555,5996,6583,9173,27241,46065,26922,8976,18975,23931,2988,10474,8154,39768,7170,389,20682,38719,26118,18228,46964,4665,19751,3946,37383,29083,19201,20126
14223,752,22488,39492,36786,27008,16802,10861,34695,33866,4354,2995,729,13698,11870,31293,4147,31274,22944,5646,21002,32429,35393,18219,28180,34824,5795,45372,39994,44654
31418,37163,35180,22759,6079,41794,25389,32243,37304,19016,42169,759,6205,16313,5379,27396,45168,42780,11729,14848,32939,27138,43851,19136,20129,15232,17702,19847,45371,35096
13690,2925,42421,18424,14501,11474,15357,959,36480,16281,27018,21008,37152,33393,46513,32333,26710,26842,21205,31111,34757,36864,17382,5702,3053,7233,18961,16429,40171,8387
21822,41724,20977,4314,13871,44986,19839,35577,34046,3048,8916,47301,33717,49525,8984,46535,19616,6503,37264,28159,1846,41298,43137,21617,23700,2791,49285,31907,38546,1951
19870,3750,64,39459,15761,46531,35776,48406,1605,35248,3304,35117,34368,35873,893,26558,38381,2307,5167,3758,31599,14794,27830,1876,6336,14501,47328,25696,44737,20640
1005,39973,38748,44502,28606,31911,3691,46708,44425,43003,33848,23014,39613,8372,30415,29235,14188,26662,39355,46018,28392,7468,36914,7195,4029,48783,4246,2123,6545,40587
13882,36264,43249,28713,1952,15202,8854,49705,49082,46700,16711,32052,30143,41231,5522,20656,6320,36234,41817,33827,44335,26388,17333,42475,112,28904,17283,10185,14110,22503
12454,33985,25235,42816,48684,11402,5869,15622,15653,5462,46973,15029,21222,48640,47492,38573,27624,13734,25581,10433,19875,33499,35217,45152,28207,33426,22347,48663,49455,1039
48594,17006,28026,16959,27367,28839,34683,38386,25535,41427,23428,10057,17036,39323,46544,16187,41988,2677,9395,41113,46380,8019,2643,4829,16100,41308,40100,189,45554,24741
7689,38203,6753,34799,13701,46104,2317,33062,49609,19793,37434,15952,18619,29812,37134,29957,18943,49973,38166,3633,47902,30330,13591,4820,29814,35922,18294,3576,2735,3505
48948,6386,15684,14151,13935,1603,17116,31469,5620,6618,35812,39046,21577,8687,24224,19074,30282,31048,18515,30773,49571,37653,16833,39789,43357,8607,47402,8227,43130,26973
49436,41785,12270,36845,18130,9069,41465,43660,29161,48712,21763,15544,44752,29146,29126,41861,40647,33325,3887,3093,12653,33555,24590,17030,24552,3095,9105,45476,21319,3663
31387,19709,34188,38347,16131,46625,1536,23686,47973,34745,26057,35104,41818,31820,10591,42852,16617,28750,48571,6259,15590,21241,2373,32798,15669,36882,1007,879,2803,1284
15899,15338,27613,41506,9555,42581,15758,45911,19445,15021,26286,187,16005,18921,33001,7670,6901,16728,39938,29695,12908,2147,39285,17032,7930,28880,25218,27085,14936,31691
45589,43553,11274,30261,48232,44745,30201,43561,1004,44018,41629,8074,31152,12761,44521,26542,11205,24255,12970,24858,8807,49439,40285,17926,8762,11916,45052,36814,21539,28892
39611,4008,9924,14093,38420,1383,11089,35261,41214,8809,35969,45872,40737,45552,36430,1846,39185,44679,18693,6290,5449,5201,25379,13909,14533,48238,4612,1911,47326,9057
46123,26496,46057,19783,33166,2336,45825,16646,33167,11039,19488,13274,40371,23160,14517,46604,3342,17949,7023,10229,22426,48377,7943,6038,44834,24152,26286,49077,35102,12287
13403,42092,31980,11198,46811,42937,26028,17913,48246,4262,9146,14083,920,30067,3128,4338,5091,15855,25832,10370,12323,43712,12847,48769,43866,44023,6956,38179,8730,19488
25994,29845,5629,31440,2439,41327,38623,27641,30666,34660,10455,6458,39935,8120,19249,11744,16842,11250,41101,583,28325,30245,902,7744,7131,18625,36844,11148,27931,43983
15685,14044,43387,35681,13311,3399,7018,41662,33818,23809,18257,47983,5431,10647,10001,7694,40836,15929,49304,19520,17714,24166,41923,48089,49951,5721,7896,30043,33962,13899
36182,13442,13255,34243,1967,12361,728,36787,31223,1673,6058,20453,37931,9667,47044,34898,41628,7424,1319,42855,49764,41683,23570,46389,25704,11876,49981,5467,27212,41299
21078,48859,12378,44339,27218,20539,49210,2460,1670,21964,47755,670,21890,14742,28097,3816,19827,8323,22804,24057,13048,16801,27301,38353,18450,30462,43424,18292,16759,44626
18551,17978,13604,2163,48286,42193,940,3243,1624,11111,12385,43449,13364,5225,7049,30178,11646,23299,37162,6780,12981,18112,10666,39026,931,37438,31279,20945,13976,29491
24948,11983,10393,43870,38014,45258,1594,40591,13011,35157,42412,25925,45201,3517,4893,29257,18583,28472,27382,39620,4375,49047,8942,12363,26179,38815,18689,33608,47226,35114
30557,23671,33773,20387,21463,48403,11751,12295,2153,29077,21943,43731,16166,28925,2480,22292,3347,17534,28748,46042,24302,9691,30443,49997,2865,5674,29164,37878,14739,48050
34974,12963,14483,1577,40437,11616,9493,49038,45348,12663,9029,20032,31884,5965,29876,25609,33626,14693,49033,13229,35226,37038,18978,21954,21375,43797,13002,19100,23825,10072
42515,28183,22350,25300,24986,23494,7451,10043,8603,44891,4783,47135,38442,9574,717,47223,38820,19340,24110,7798,374,11560,43073,10077,12998,36290,12510,17031,22987,19659
23545,6249,41436,49066,7894,45635,33633,5485,1636,19197,45649,19770,31596,13664,37321,411,42244,35715,25407,29632,47654,10328,33880,6062,38116,44226,16085,24679,19436,47396
20213,17924,40220,1885,7806,26168,21679,10197,33417,37656,8124,29748,46176,39883,48777,30624,22211,20191,48473,18910,48852,38298,31365,29883,40312,1407,10370,42172,471,11697
17142,33275,20046,10392,35181,22354,12995,11615,10372,30131,40218,46514,3565,1586,29585,5130,18937,5924,18569,40306,11375,1057,41414,38541,9869,15126,32601,35070,46230,45062
23570,37815,38336,47399,9775,13757,17993,13361,15116,639,5716,38771,49993,37941,22450,27930,28924,10203,19498,32626,24921,46066,23056,7447,23581,11761,8597,10993,6888,14987
33608,41075,15109,26715,42942,7359,11282,7001,41196,2540,43848,42815,20947,8946,22539,41078,39299,8042,8002,4957,26064,26438,26878,14012,45715,1538,36866,29561,10923,43941
32590,44787,20679,26957,4722,28083,20091,2858,30820,46001,6701,21501,19045,11028,35929,43011,41418,2789,16540,16777,43593,49747,11330,15450,13927,1383,42471,3277,44329,48118
30541,33041,12227,45790,18183,22628,18440,19072,18888,36517,14626,2855,7421,22284,20985,3542,38879,39754,14406,18171,23118,22343,3187,12679,26716,19032,29929,48497,1907,21520
6463,38039,1018,16859,42293,10372,1964,44810,32972,28439,40977,45699,20181,29982,34389,45519,23696,47638,45404,30881,11149,36710,47019,37038,16224,38173,18908,27488,21618,27251
47345,30244,41224,5103,46025,5833,25166,1274,47297,26386,36242,39756,38971,16556,48838,1933,34623,42588,6207,12632,8338,32917,37016,38421,4116,39586,11696,24390,19969,20797
30769,28202,6683,9139,3013,20517,41897,16839,6361,27921,38148,12109,22745,7351,48000,49709,20680,32837,40217,36401,7057,12375,25035,600,32316,25372,2881,38889,34167,25028
49915,23546,16554,9928,1816,24947,27743,18372,46307,5009,29510,10262,33254,31558,23786,36354,33079,9779,7006,29987,43357,22305,18066,8141,7877,28153,23945,31589,31885,46231
20987,23996,29372,4126,21850,6696,49352,41685,42001,33322,1291,20559,20817,43766,34012,46689,39957,8302,30421,4838,9017,9874,13853,6372,6026,19080,32820,8360,22868,42521
13313,9353,17123,41527,29044,46528,32528,5960,6020,8262,6355,3608,44939,22981,45534,45772,26056,34340,42391,4947,38568,49874,49428,9253,12412,38161,40592,39957,7926,10348
24295,1325,37561,28822,7699,49720,29866,19146,8480,1744,18476,40935,41682,990,2893,8409,40251,28776,2953,7127,11389,22736,36909,7768,32601,27856,30496,12408,42042,45671
20508,24807,46812,2574,39169,33162,20988,42656,5280,35836,12248,30315,39879,41977,30413,44798,23235,12560,40954,21426,10520,13167,29141,22890,48440,9744,25248,46500,11460,23166
27128,10891,36767,23417,26116,47912,13637,11640,36757,1864,11212,27098,32638,5069,40956,18109,38687,3819,29820,41691,14923,36830,43449,39101,48553,9260,36383,16303,31153,39449
2997,33626,33768,40783,20256,12861,12543,25943,4021,34140,44665,16926,36577,16543,5448,13517,3906,14057,39232,46146,37678,49913,49605,30911,18900,14026,2204,17947,8565,45725
36866,3776,44331,41156,15020,6855,39611,23342,10909,34291,7002,49578,30330,33474,4237,1847,20984,20075,6774,37381,26713,10719,11123,5806,43109,26833,6386,6959,46419,33033
14502,18543,31123,46592,14376,48988,39748,29432,3693,24880,35299,9958,22167,47054,33779,8655,37754,31210,5448,32484,24436,44362,4400,32992,16720,23740,35910,712,47651,5183
48579,12436,25129,20642,719,20182,12828,10567,27254,28882,9072,47336,30645,1529,33385,42700,28521,19799,9293,46032,24217,25023,31206,23977,10633,46100,5198,892,32352,16399
9564,45369,37384,20944,18786,35889,2989,44403,3976,35358,4425,7186,45941,14011,25798,45084,46758,49656,44975,4884,8801,26212,1032,34031,22977,12697,45033,21984,42908,40548
1063,47158,31036,47338,5557,17882,30960,45437,43334,4524,20741,14225,34324,34016,33662,21999,22289,18937,5258,156,13170,24026,15092,7139,13148,25,26162,645,41232,12504
17091,46595,22421,33785,45352,35228,8661,24007,49789,34216,28908,12937,49126,8446,15921,3787,32829,3294,3277,24841,11635,18055,18630,18733,32701,36056,28770,1991,18437,42950
36262,11969,12717,22747,6103,10773,39122,31252,11455,14865,22492,42028,27234,10356,37529,13111,19924,6575,6553,42859,18363,8551,10005,10637,47944,47484,46421,1515,34265,41511
38276,35863,11021,2370,39906,40481,6094,300,28081,3050,4495,35596,49095,29189,9955,40719,10891,12430,42247,11653,32,24357,9702,3629,41523,7628,31863,40798,5429,36027
37955,4646,28218,19197,25585,22620,36740,36738,22545,1247,38617,13160,17949,14389,28994,10497,3469,44577,21543,12053,1166,32525,17732,36166,14529,28141,24515,1734,46495,973
47187,9133,36507,37004,11035,42138,40649,5726,39051,23193,13433,17456,49720,48600,28019,6826,4242,2021,2771,46795,20031,48241,37132,34106,45989,342,18490,18840,41882,1391
27367,32131,15139,216,15487,19510,49899,45509,10890,6809,28020,29746,12324,13740,21546,21690,7852,30568,20876,24631,9552,9266,14453,41632,38781,37547,21864,12978,9932,23818
19346,24505,26588,42659,1273,17567,41922,26006,43701,46757,23715,15737,3770,27263,10271,46720,35309,32801,28147,20958,27961,44886,17286,3793,26304,45848,35767,24940,16326,35933
9989,26904,34067,11566,40880,45132,8785,7607,33259,21860,44048,37342,36530,6595,40397,25302,44568,13795,48823,23179,28967,6736,7070,46577,17041,1132,24768,35887,16021,46957
12858,18327,49035,5141,18285,24698,24650,8303,29631,23907,20771,46171,29427,12602,27834,46420,12867,9843,13141,40087,38359,19917,25691,22901,35411,7178,897,25371,24058,21962
21619,26638,45133,1140,24295,346,389,22432,27238,44244,10843,42665,10702,34219,28262,44505,2987,1988,23117,7755,12214,41833,41183,10739,47399,13375,44974,12509,25559,1782
15075,23561,21044,19183,16578,18195,29135,14495,34041,12485,38257,10051,45633,14798,3571,16631,15053,12744,28983,21933,22335,21675,14057,12458,49929,43727,18585,17216,5741,17883
24894,26769,8775,20472,21512,876,17149,19274,19698,15851,33730,17747,13014,18919,47968,40378,11705,44933,41876,20696,28115,5802,32127,47451,46348,25223,15074,42264,2570,47529
37342,27885,19257,23372,43287,39563,40239,32598,27904,30478,14067,4060,44938,46262,26045,18104,10166,30816,1322,37533,31382,41111,33725,38632,30557,8746,2526,38122,27361,32173
16105,20834,34724,10416,49250,19648,23600,27023,44882,7897,43398,48654,25657,32303,42979,9804,21546,3086,25226,18753,45058,30424,2345,4483,19554,37239,18128,1832,24618,41678
32723,35179,6445,46153,804,26722,6000,2305,17534,23623,41164,46809,29147,49127,33152,44433,41322,45950,4055,16672,21525,19943,7444,12191,21228,72,47210,46943,27996,35575
36087,8193,39758,42070,44321,9592,41444,23974,17670,22096,21487,13162,8689,28304,33621,28473,49840,9888,4931,36065,34446,37855,47330,30421,49752,48209,34446,32049,18437,16482
42901,14490,45480,42062,750,17982,5817,6261,40559,33573,10175,32329,30016,38121,38011,29463,24645,11834,20374,14047,44842,45068,12276,29573,40818,1684,44600,48793,37769,23672
44883,31761,17980,48879,12936,6052,41543,37344,40366,17475,19457,27565,12698,48293,38141,49445,16280,18765,33094,19474,41944,19624,42286,27458,42877,3756,42487,43476,20229,24552
22123,12981,41300,21463,7323,21606,31370,23368,48120,4212,34489,28902,4455,6172,44832,2105,16760,22339,2738,46497,31796,37345,47943,3890,5771,17403,12145,37400,31602,39014
16865,9315,24249,31502,36666,27771,24165,11318,1554,45744,42380,17727,2967,13447,39879,25178,15143,5868,36384,21397,30431,45796,49354,22784,9093,16321,17947,4679,22120,25541
32023,48378,26670,6434,17884,29479,27343,2406,13109,43828,17379,33275,23079,20952,74,16213,775,28002,44685,28621,41277,12973,42154,35935,20025,17384,4290,43757,28941,17403
47420,22357,24713,11300,43260,31657,5171,22784,12614,12411,9901,49028,45489,34618,21762,34711,40562,9373,42698,37278,32561,2086,771,22732,30017,34487,45368,1735,3413,13907
42055,33379,36007,40059,47474,34794,13601,44508,31116,25502,24489,19158,28667,44654,17028,31670,41072,30636,11149,20795,28525,26129,30839,13178,9403,28344,23043,49237,37139,18569
48471,27906,36433,31330,16750,49871,7645,41205,41281,26635,7621,41441,13548,13653,41344,374,14455,45666,40088,8081,34111,12186,9103,19886,39036,28755,15742,18050,18896,10054
32152,2191,44237,30379,20066,21631,41983,49934,37427,11503,38349,33658,28899,30595,13539,33779,13439,17909,20545,48592,10329,48165,13558,2591,1951,32831,32014,37891,35207,24046
30201,17248,5971,44739,46230,8321,33897,34466,15184,49645,33813,36533,46147,133,15134,38946,1664,36919,7591,19289,8813,47148,37102,6997,21851,9295,32186,19796,3488,14821
11026,10090,46062,15538,4768,44520,30961,34085,30146,5535,29093,23708,39514,31366,45192,4273,47241,2503,25547,37512,42914,39553,27485,31271,33575,5251,30339,46920,18466,8196
48023,23366,23529,37619,13275,22672,43931,37815,17812,17084,31842,31163,31863,28849,39007,49608,2757,22090,1261,21023,16386,44107,29448,43764,38944,29874,18399,9670,12464,21955
23081,2832,49775,18258,39210,6608,42238,14221,13928,45905,2924,48385,43701,33646,21680,37155,33142,40236,18288,8557,18938,13253,33428,39010,41769,17645,5890,31858,33169,106
11093,33017,6957,33438,6976,7712,21765,719,17738,49841,15790,45587,5394,31494,19926,38979,18177,42383,23494,38215,47626,34222,47451,48048,5397,49313,23326,39410,24700,48047
9173,22249,15211,12331,36181,11955,20714,14532,33255,31025,8126,38583,9292,580,10308,1469,4523,22048,17245,7050,11385,31431,41424,49788,44950,960,49210,12941,28427,9419
47207,18631,48578,27630,40238,48655,48093,8836,25295,20866,46619,5585,24033,15960,9293,27798,36829,49927,31936,49331,37167,19553,31825,42359,24713,9805,11560,29515,41703,8094
35819,14536,22167,8903,23702,45632,44255,16786,46709,12838,42454,8294,7477,5640,44658,10701,48407,16326,5086,39,47611,45567,23103,12342,32916,8739,5591,7210,35768,47000
32003,44822,29495,46978,39388,48659,30797,11288,47207,20127,23148,27730,17419,45416,20005,32834,29350,13619,23496,16760,35901,16290,34389,42312,35629,17325,10778,40027,19116,49351
12062,36321,18920,16217,42759,22358,32039,4098,30249,14541,46381,14273,4974,12322,41352,45031,45429,23049,25542,26142,28876,19428,23829,23482,30381,35041,40461,41768,8169,13896
35530,29341,48192,8881,11972,19164,14959,37544,45951,5657,19270,31495,36041,11121,43666,36868,14166,19915,31185,28567,9575,37155,43860,15147,33494,20179,46430,5101,44208,47051
42062,17439,15682,34576,11082,25694,35857,38589,24368,29818,13750,6962,41416,7391,23396,20241,40743,33620,31662,30971,3333,41908,22901,34017,40591,11759,1170,43392,36593,39708
3850,28535,24236,43159,25497,41660,29395,44530,41531,46271,41665,36510,45265,19743,36522,24836,21929,13208,30955,31486,3712,7373,34094,46865,42143,41394,34507,29447,8077,32676
34338,5464,48404,32564,762,4788,29849,49398,21579,34580,21346,15880,34339,21887,20840,14189,16942,19471,10561,22290,13811,13047,16345,37935,12598,39092,25487,36415,6375,35599
2217,47985,21020,42257,1082,48129,4905,11159,45659,47617,3956,20516,47182,33197,33865,39575,28747,28,10748,21143,27437,20071,29756,44133,27759,35223,45471,32250,44988,17195
4872,11951,34061,15656,271,44025,15130,9862,49125,21405,49110,34713,31242,39460,34549,46804,29792,3735,37537,13792,5758,43708,11090,6802,4410,5290,23267,38983,27799,41274
43793,30684,45113,12051,9411,40664,24710,26360,45386,6139,10982,45686,1206,17206,25772,19600,20351,47879,21453,49372,16139,1693,644,17974,47052,35542,26303,11256,14924,1707
3180,24821,4953,48850,5038,7865,36955,36096,6397,48772,36635,29723,31703,10949,36615,31992,25888,40165,1827,6737,15465,2613,983,2140,2651,48222,5681,15392,22042,48005
419,4592,31229,956,506,39225,24989,17111,5854,33194,4793,19531,13849,48941,11939,20853,30800,46509,9854,18129,44132,12139,11855,26766,10251,35835,21081,37806,45482,28264
27027,48547,4589,36990,33358,47878,26401,38579,100,14539,11068,35458,29311,45165,3553,16616,31285,23171,16496,49306,22943,48284,33599,23926,32956,38839,23411,15660,26592,22625
9011,9883,43971,18665,37610,2013,39110,23403,47018,49079,7995,26607,43513,45607,32123,18690,1842,29562,29553,9425,32332,32485,23705,20959,16355,25124,14114,23454,28957,43903
41334,7343,13104,22588,12552,39215,44316,6458,30548,8914,16750,9487,28909,18152,39033,6469,12264,44230,4603,29563,25094,39568,28068,43409,28586,31447,45222,31794,30084,14883
15168,36835,17291,25410,39052,31175,41724,33273,25739,30567,31553,5697,456,25245,18462,42916,13559,44510,46697,28454,21587,3051,34213,5788,6928,1593,25601,4906,17380,40614
4455,11426,27215,39519,38305,34396,46501,45743,20990,27497,12200,27682,33503,16704,47329,20786,46453,4307,48824,41596,35177,18641,9211,9756,44137,2980,49948,10848,2380,19983
46346,8545,29234,12287,22581,31330,41432,40963,17238,29948,12028,3209,43239,29826,9944,2685,31979,37088,26240,7248,9988,22427,23807,9382,10899,33789,22349,8864,20923,43069
9898,4480,47973,11919,30964,24136,9377,5320,45287,37413,41666,47640,5273,33830,35056,20057,7031,24539,40529,15721,33008,24093,40359,47514,7943,4952,5638,28769,49614,12014
600,16788,8704,5013,27231,35749,11777,4591,42793,7796,18517,13430,49029,27952,27821,23050,31285,21248,37906,26374,12309,13615,47788,46332,28326,620,41009,29608,35054,44038
14335,20583,45077,41400,16252,10083,26072,20846,10323,42618,29468,4208,10441,501,9196,45381,29927,10231,43992,19158,34166,21992,10082,45984,1968,31844,33810,7643,46558,41904
33144,33543,35803,48553,40118,11152,28480,39526,41568,44056,10781,15762,38999,2480,41259,7589,12672,35838,48897,24480,8300,32989,7461,6114,46383,47172,46954,2241,50000,49061
29886,20461,8664,49175,36942,25638,39041,4524,11041,6398,15641,31119,14768,10369,27951,6352,733,42058,16853,47488,47361,12843,5144,36569,21871,10784,19772,21906,23671,31852
24459,3302,42504,39325,43993,37176,9773,9093,29176,49761,49931,1182,28572,34861,3944,45437,43599,28699,22470,1803,42543,22936,25596,14182,10529,6179,31310,33508,34541,30607
3962,36096,10171,37147,21397,48026,17819,21001,7908,37758,3468,49032,20174,16960,48070,1809,19998,1005,36634,35017,5898,16138,20901,18458,41752,46257,45832,28765,14542,45505
40491,45079,44186,21360,14591,48041,21958,1225,10017,3866,48707,42646,37970,15930,46820,244,29414,15975,28459,12887,44567,31958,48931,3797,6817,24672,36084,26324,14108,48371
41795,14473,3053,18011,29665,39368,38540,27781,20620,40667,25419,37666,34038,48704,5647,14697,1276,27204,28289,40323,18142,31664,35284,48047,49315,3839,17318,6063,38036,7629
43697,48087,25272,42927,41807,21529,8003,42162,29878,5825,27406,18709,15344,39700,14342,36461,19155,18939,32466,15128,5540,43419,16857,9303,24960,53,40311,10939,1507,29012
40405,5749,12459,20710,44997,12135,20350,19586,8627,20007,41419,5076,47521,20088,34017,37847,2318,10867,13883,5944,37911,36675,6918,7529,14724,14596,16326,48544,37808,33576
31668,47726,3425,1810,41430,26370,1322,33312,12738,43461,31364,41333,28663,740,11996,31994,18463,22746,25386,5072,19896,4929,30506,4027,23885,4059,5895,32370,29970,121
43207,17511,4066,18961,23129,34968,36355,3793,36374,44882,14559,19158,5136,39675,28286,38256,17061,30587,5944,38372,27748,48116,34572,37638,17534,23118,15257,26966,44490,27411
31973,23450,30701,49614,17528,13412,2357,15455,37643,37237,23035,12160,39971,25347,10430,39757,12874,41399,7118,40274,12602,47723,42577,30651,28270,36623,18498,18767,22223,28212
1031,28041,43917,5270,9276,16157,17372,39327,498,48894,48104,18752,3748,9448,17410,10615,33616,3123,15597,12687,19590,43406,38891,37906,26257,37040,18257,16881,42471,21946
434,39286,24367,15295,26093,182,15944,11151,8618,17176,33859,47378,21319,46627,21149,40500,37372,17491,46822,36613,26260,30824,24492,36442,42019,1024,44913,1131,1986,17515
34880,24939,8487,43683,22319,29619,21313,34032,41248,3007,27356,21047,45871,29541,44485,46998,11496,31156,23996,41089,19381,26200,13790,27089,33339,39591,16038,33932,24879,40998
36153,19859,39833,22289,45034,13430,34881,33404,18312,3949,37592,14828,29064,30691,41642,17158,42364,31761,15360,6871,6438,10089,46500,27275,42380,26511,32009,6958,43730,39822
26958,1646,43585,20958,38044,36716,10009,586,28988,18107,13263,20048,44149,48749,5387,33940,44285,41063,29340,45028,31270,33417,47790,12087,23192,12611,47636,49524,35710,36221
777,8484,26294,6872,46270,5834,16620,25981,8360,21520,1391,4042,39170,34528,36013,25520,46306,44086,45032,16188,46334,20329,17572,14162,24728,19476,267,3777,37485,4253
1097,36118,44724,17177,34329,35824,10658,33397,8932,18469,3987,49176,5529,29393,36088,13593,40253,10681,44043,20134,15019,33948,35064,36519,37949,47855,1708,33986,124,32341
34696,40592,22679,8012,6152,21250,18947,22652,8920,38256,40312,25029,47011,45673,11807,21762,48383,44424,8115,34819,4924,27358,36261,48096,28278,3954,37460,39627,2302,24810
47330,45802,11764,16247,1923,4316,28880,40899,5278,31609,9422,47377,23719,23792,45017,40774,47671,9055,40757,19736,28401,37355,9510,7026,38088,6527,45454,37989,40482,5203
18006,3684,14636,11539,677,38003,30930,16729,6467,42045,47601,36049,35941,31596,38612,32900,28487,37197,23902,19904,10304,42955,36622,37139,1913,34439,9354,47825,40115,36454
35111,46850,18057,9285,26403,532,7404,23072,44964,35640,1445,33466,40020,12931,37675,7430,4343,29497,29980,11497,21072,39447,34645,44457,38463,19095,10946,40300,15756,27127
18789,24317,23836,17388,19563,4631,43483,49113,46388,37306,5039,14373,4365,17369,6653,49731,36788,27640,20539,47193,41508,5288,12458,15735,9396,35436,41712,21337,24781,16034
1124,14833,12334,46801,40671,15045,39038,22430,655,30482,25645,32703,13184,503,24207,8179,35332,44297,35170,21429,26748,16232,34804,29680,23463,25469,30687,10165,40361,16791
32914,39086,13562,3041,7759,33400,6560,36178,47584,15941,12649,46781,28643,13555,46099,41379,15874,9697,20097,14942,49630,14624,15116,6545,30591,47144,42326,4267,17919,22012
45735,2237,42260,39603,49409,6618,14580,45009,29577,9124,35747,26607,11224,4592,13800,5420,9602,38731,36822,25033,16271,24841,19008,8329,3108,11982,26635,35902,6597,36475
44174,9981,12471,17476,8906,31690,5263,39067,12102,33703,15423,31044,4753,8809,33924,23996,26090,5048,16288,31666,1427,15556,44348,40613,37591,35555,38956,9995,13065,46950
28219,14816,1880,13396,27590,24799,7618,23694,30390,35138,27372,12418,23037,11775,8045,14903,42959,37138,39354,3894,13616,47937,27454,27557,20194,46713,4482,41571,48048,48944
11749,21813,16277,17068,7257,36387,27817,17361,28445,11505,48344,5718,49558,18644,23122,33966,34237,22547,36401,33968,5714,19719,8464,49449,25496,9179,9861,14591,1955,28160
7014,22124,24256,44267,43327,41344,18187,8781,3406,7590,44529,43418,37645,21187,41247,3491,37754,11358,11186,41943,22258,17353,38230,21713,41458,34037,30784,13850,1,22146
6313,16519,17387,30675,20327,8599,31343,3327,4511,44789,21251,10191,4925,30304,28653,7727,31084,46844,36760,42471,39576,31868,32074,39836,23448,34999,33895,15048,13601,14932
34367,10782,36748,3880,370,39924,28347,41791,43542,3264,4737,7911,26301,31454,15438,20091,27425,30736,10482,9409,24639,5614,6219,37461,42771,22096,47129,32422,10494,47532
9759,14879,5828,2973,8836,22615,6316,12888,44809,11407,48972,4209,16142,48030,37673,44531,49638,34837,4834,32364,4265,40738,29973,47285,19031,14515,1588,17769,27047,33844
15793,40879,22696,36378,18391,46279,37840,35626,6892,47775,25986,44988,37311,30278,7915,41987,25575,27536,11823,26067,39879,25891,22201,46880,25866,47446,9760,39820,25694,32136
12579,10240,14772,28605,14534,19998,15047,44580,43668,6680,17876,35426,17329,15304,39336,28073,31414,37984,27965,49147,45660,7902,23437,48092,45552,30348,7945,16510,44080,47832
40618,30832,1542,45803,24636,681,28775,34968,40444,57,30600,11029,42637,26696,35888,42468,38904,1882,16992,42587,9753,4365,46228,49983,35287,16108,34317,7007,26699,5439
34502,32464,7212,8623,8750,34120,12443,38653,12016,17440,38741,17005,32434,40733,36263,40886,12105,986,35466,12876,19349,41493,2120,35703,38898,24959,36737,19353,10933,44593
16543,22806,35219,36189,22927,21474,23933,44977,30001,40688,43144,2585,7193,10224,24327,9589,9735,9537,2715,28641,7948,47678,13158,31596,26350,42970,10198,46481,19401,41372
23229,14443,3065,16258,13478,27964,21372,41351,35488,1633,20385,997,25604,4235,35623,29767,47292,34597,15009,7586,15931,31197,47455,3269,47970,39767,22059,3006,33931,9739
17520,13640,10180,5130,20267,31359,40419,4351,42933,17924,5611,27909,48148,39612,46637,47836,40622,9016,15428,35861,45195,37854,47363,14394,39851,45792,4253,25697,45830,20367
26012,27411,8595,43188,46778,9992,1568,19878,4794,19367,13438,30649,745,25578,9126,10168,9063,31191,7262,19920,4244,13853,49787,19183,44033,2938,29665,49409,14475,35867
5179,23097,31091,14095,8723,49354,42777,42673,31910,3550,28990,45012,31849,25924,2685,43925,39552,522,42007,19588,38348,29899,24235,12651,40857,4622,43317,45474,29582,18073
24449,38730,8969,17857,20624,1663,3215,40974,23785,20923,36601,48663,38387,15417,24569,14812,33278,47161,43708,31037,24436,16295,49326,23636,23981,23909,11326,33563,40640,49700
26610,40693,29380,26169,45871,39767,21663,23754,19742,42955,27402,13854,43061,49346,14356,7964,24391,23258,22904,5930,15282,23204,9555,29149,28965,13725,3951,23911,28210,22078
30081,7219,15381,11190,47541,7504,5471,5541,31745,2823,10224,42753,18033,2021,45347,33238,10825,10519,43355,32247,31765,15918,32123,27210,7333,43078,27243,24192,18320,49564
37028,25189,1668,29397,47328,18632,828,38855,46364,49640,6275,15896,40698,19767,21494,14946,46440,4170,33274,23836,22443,45018,46968,38,34588,27757,14722,13822,12037,45039
15939,29123,15040,31975,29483,48490,13187,8406,4688,31006,42025,8094,36821,46017,27700,11896,6241,49489,9559,17994,38550,17645,33892,35672,49768,3270,43413,24944,3480,42801
45695,16539,34357,40671,47060,17185,22865,43557,28443,12541,9210,21263,38352,31996,41344,26291,31111,47052,1725,8042,1961,47222,29237,22254,19243,21238,39481,12750,24194,8163
14802,11815,3470,21245,13800,35230,48844,26193,2926,51,28457,7130,4713,44809,25631,45650,18969,14053,4409,26136,8850,16723,39691,37837,1627,34429,19311,15775,32561,42973
19660,12871,24340,34253,3563,34566,40177,13800,37502,8873,8689,25140,15902,1807,7927,23250,38845,33923,31667,27946,30438,33234,7826,7873,41318,44948,35652,8671,13609,34347
44830,48090,21343,24485,38768,4609,23358,28048,16567,15164,35312,11121,47108,16613,6445,13265,30947,27838,42651,22622,35593,32114,37757,3155,22028,8982,43866,33243,18740,24281
5284,6300,340,604,29891,3419,32093,25900,48879,12444,47667,44775,27993,22541,7821,1751,10230,13971,32932,13303,7219,4903,24764,10154,3760,42878,21033,17207,4156,10173
42844,39018,31050,38821,33470,24817,46559,19697,3459,10081,7832,29770,36907,25654,17031,47880,27350,35200,2483,38582,10541,26345,38138,7415,17331,22355,30548,42636,46217,49112
42592,46683,7439,21777,44415,40948,32339,29565,10172,30834,30359,21956,44599,47398,23742,17698,45852,20907,11421,24394,33188,31818,40818,8728,101,18161,21051,7729,45930,31647
49781,38419,30789,47622,22182,4932,48428,44789,48296,7837,12151,380,4549,2156,33590,13971,27686,33166,1644,13132,48114,2321,16078,48050,46667,36637,7268,33169,33663,24380
2077,38245,18947,11817,29851,8083,40765,33307,35712,24495,30430,27827,18104,26518,6845,38646,9165,31733,217,35740,7799,20762,19256,11547,45163,32621,23632,18354,12156,1382
6128,39918,15867,42590,3933,3484,7001,43546,36664,32023,23784,37088,45548,21693,44220,39320,1778,26104,40436,34578,42730,18134,18625,24264,18903,36086,29937,32060,14741,44959
26561,28597,29052,46952,47276,38542,23299,327,20197,36511,42454,5640,23826,38505,37179,45991,34416,18875,42621,24432,36423,48954,20575,43233,44416,31460,33970,16238,47027,48860
24856,38582,7091,12427,40043,41738,38870,45152,25983,7722,39172,49229,1741,20612,42626,44148,22410,49937,31458,11454,1311,6452,33284,10638,32047,31381,42202,13091,9657,19840
24719,40375,24393,4509,14063,35366,32807,36069,44247,10044,43593,45235,25308,13321,20102,26423,20767,17641,23302,11760,30050,29807,44804,4281,47980,22324,8906,28660,28955,22095
36222,24136,25700,48947,5886,6617,31513,40177,24711,37775,7924,25576,5076,30238,28356,28961,9593,45899,24692,43223,12554,15380,27635,29090,48139,21279,12841,19553,44471,4631
31196,26601,48665,42382,2281,20314,11437,7244,28613,41446,21705,42476,15943,37152,1590,20551,38755,18754,26904,7882,41394,5418,12809,16942,27741,360,20560,8552,27645,35245
3678,12996,43214,12946,44714,7470,32647,11574,45034,48235,26988,17919,37811,35284,666,41402,44822,25123,607,5532,36987,36529,3526,17278,12477,4894,17802,5298,28787,4575
41730,36282,13222,29422,8650,29188,48067,28461,2169,48161,47804,10109,44453,5068,6442,32089,43225,10608,25061,29755,30076,16203,25178,33265,19775,31972,19484,27445,7519,26269
620,3912,43094,43884,14717,31364,35471,28361,17515,2781,3449,34823,13124,22105,18438,46670,10097,33881,34626,3980,12328,31277,1781,242,26082,32447,30955,26157,25550,5703
46062,43718,613,17478,40444,38597,3140,22323,40672,31377,46802,34141,48708,17759,5828,29946,28674,39319,48070,12776,38778,31910,525,40171,39641,22659,25980,29877,33662,40046
11232,18973,45477,42513,46145,41009,26845,41702,2300,28694,33574,5421,45333,33451,16367,7457,8692,14355,47723,42336,34121,40686,42571,47816,8848,39268,4400,35714,38875,871
5419,27394,5687,2046,4273,21003,4459,16686,38109,8234,42168,9433,43568,921,43022,4343,32565,42188,47635,23552,41469,12328,23924,14811,12385,31391,11904,32474,10886,4007
32759,34257,33830,39323,35662,13805,36333,49026,21792,39857,47361,23191,4525,43125,16062,3811,23294,38910,22642,4135,31764,12680,42363,41843,4040,44185,29704,33271,3831,29667
28437,21877,30545,5821,31714,29807,2382,18607,19179,13905,39549,24546,32981,3438,41022,38678,16820,37337,19757,1583,38258,42827,14953,19918,22963,7137,45930,47552,14452,43521
42265,6446,14470,4130,5843,21917,41233,35159,22193,11107,22270,31102,31073,20205,14930,36493,39917,4133,46735,1175,11894,25947,20156,21000,45885,13445,20627,23400,26058,12127
21711,18458,1274,13633,32419,49095,49703,5307,29164,40810,19227,49164,15632,8224,13222,26160,20351,47701,26990,30071,7993,6980,44425,25596,28684,48716,5714,15574,5211,38483
37084,26528,5744,18646,36165,15673,16137,34924,3458,9379,19746,18873,7761,49728,6878,27501,34441,37100,21348,21035,15105,24061,47923,17638,14650,12754,41371,21946,20635,23409
6250,3181,37287,19219,47770,11171,31694,5903,29077,15312,25442,43511,30842,22595,40014,39696,20064,46675,47466,44359,2435,14090,41323,30995,26822,25725,29298,18099,45942,5538
34614,12084,12665,7352,49643,22623,42054,11653,4970,30988,12337,11586,21792,21190,33757,43450,2946,28623,1121,37989,38004,13356,29707,40517,21217,28045,35259,47957,41334,42264
2789,42067,9269,16398,36980,3993,5606,30343,3776,23402,43655,17434,9269,49257,26487,44048,49181,20736,382,19995,20565,24199,30746,5927,6132,32807,41480,7415,11707,44017
15058,27544,47796,25872,20589,7518,36741,14707,25703,18503,23834,9590,34217,17209,46055,13826,7068,32123,49595,25581,31160,17254,13048,47765,18073,41837,9689,20046,10097,19039
13856,813,46404,8490,46425,10292,25908,9481,10739,15175,45541,4330,38851,49396,4823,20998,18287,11458,7271,42193,37461,20417,48627,23310,24328,11452,2226,21503,21337,30681
45370,5575,22470,11544,25550,865,22723,23957,43247,30359,32504,45517,7702,33022,17903,48857,45897,8160,36752,2254,29441,39626,31981,31410,39519,3703,34333,23158,43781,28258
37145,26257,39472,10028,32285,5240,32550,24478,34393,18866,35633,4385,28376,18464,44078,48330,27307,17834,11481,11764,39141,22473,33048,970,5737,10260,842,24045,18838,14715
31163,46236,3146,18996,24367,17397,48594,4304,47367,26080,4482,39045,35069,6286,6228,34579,13159,16769,2748,1266,34887,9595,30137,20068,13653,158,19637,43541,28502,31048
17767,13621,24266,5509,7592,37328,6618,14564,6643,10922,12599,32205,2180,44936,21793,39493,17523,14568,43272,28402,29107,3160,44176,36825,38507,42266,13013,11527,8164,1259
3052,35685,42304,16972,40697,30434,17450,10010,9771,42151,15040,27944,47573,28026,29250,22039,43497,16768,42273,38002,40442,20100,9065,18041,25539,21059,44546,6382,23097,37521
4873,20100,1302,16961,38960,15581,30888,33647,42326,29266,30938,24770,41045,38697,13427,10491,18373,27230,35161,5818,47972,26116,43793,28235,25068,11464,6771,420,45829,27539
44855,47705,17217,44452,46485,31508,5330,33194,45775,6608,9945,26376,35167,19763,17454,6544,37911,46327,42626,35362,42885,2314,25692,26283,34667,20387,46297,35125,13902,16352
18375,4062,16195,35543,30665,19871,32916,29331,46167,27055,16119,4330,36215,14477,2295,24733,11062,25595,34622,31497,26281,38595,36748,25922,11063,37244,41199,36819,40545,31195
35589,41402,35104,31594,32355,33923,39007,22687,38882,12247,36006,24454,48487,16086,32121,8417,24482,21019,45043,41753,2841,13074,24408,41735,35233,25570,21463,46817,31538,6300
36931,1070,29934,2676,27584,28563,28562,14842,3622,13417,5310,44200,32659,14944,24614,21808,46035,15265,24261,36433,35253,22293,15736,49651,38480,2674,15576,2806,30717,47626
43130,37332,43901,43524,29859,44510,43652,48977,43497,8466,37805,25397,22247,41376,19060,25321,30031,48861,46446,13667,3512,8642,22304,26952,43420,25446,49414,49222,19442,26236
2157,3135,10211,16496,49944,9950,34554,1398,27034,14065,48965,14049,26056,28648,1160,12710,34582,20632,11040,27466,1591,44564,30782,20820,30063,47878,46419,15292,8718,40874
11755,15435,25950,24563,17821,18701,1451,9983,4865,19623,23420,38211,31933,8606,2801,32740,1040,44963,49406,134,12769,23431,20224,9283,43851,43251,23979,5199,42447,3289
20611,5963,43499,27238,10788,37468,46498,38671,19119,49521,44917,37337,13546,36037,49574,37795,2174,13435,49724,13596,10379,28765,19778,7503,13441,28920,22627,44992,12813,30986
1027,11961,45616,34603,45794,20923,38382,15020,840,24657,15703,43563,14325,42842,27098,36559,4011,363,1210,26303,46382,4262,3850,3245,40994,25181,42632,12113,7032,10654
13577,10122,22031,22100,28083,49694,48384,14323,28179,48722,6671,27034,20632,35477,30928,37372,16225,21446,29467,49547,8331,24408,32291,47224,19582,12864,37033,24185,8323,3328
38472,42392,32837,48609,4452,28219,41884,40529,49150,41544,20823,5802,8968,9762,10531,11464,34418,49303,7339,22569,37094,10401,48012,45845,1890,40455,37525,3520,49074,24306
9450,4802,28889,49406,25133,41682,33706,32450,48510,21941,45834,42642,37009,49269,18233,27227,10544,35740,9876,663,47744,38300,39775,16301,26806,46217,16473,25413,24011,10507
49300,9233,16122,28045,11010,16914,13974,35573,13490,31342,48805,43392,1412,3406,41851,12337,38060,37783,2585,33077,44943,30166,39181,45863,8806,32123,2654,1812,28920,6833
46709,49939,11723,36093,1466,4440,34299,39836,9705,9416,27968,44179,49087,29793,30269,9714,15078,27353,47648,28622,49444,12851,40793,28608,18966,16930,22671,11899,43954,9710
26103,18352,7818,37307,11902,37471,47726,39047,9221,38588,20589,28318,1371,37595,29496,37352,4910,15903,10788,7187,30264,19617,32581,28970,10064,31717,40608,17637,24861,42192
5043,3423,47758,31223,4206,30541,41395,48136,5328,46314,10844,28574,7733,42291,48372,33284,21040,35330,32711,48857,45451,19994,27564,28330,41453,38369,21877,33800,49774,10701
19614,40089,2564,47996,47797,23574,12732,15522,46842,7096,34494,28076,27867,49884,9460,5343,16723,36402,4963,18068,8476,14590,8670,43826,361,7169,33357,43653,49038,32322
10647,10385,27604,2978,40126,11617,18866,113,47396,33498,27716,37699,31822,24924,22948,17712,25174,16082,45722,47411,28479,44672,10613,10193,42058,3353,5927,34802,10562,32905
36960,32355,12945,40496,6513,49239,39691,33285,28484,33742,911,1406,40156,8233,25923,21426,18391,25262,47720,38945,43844,41961,25076,29059,41758,17036,17158,18086,1932,3107
15760,34797,4400,4641,2479,23781,108,43738,32545,12569,14960,14973,19447,5829,35014,21218,45484,12273,29660,28961,43721,25604,20383,25407,31635,13516,3863,16119,20663,41502
37139,832,6303,28997,8920,3513,26936,6250,337,6582,2993,40552,29709,23290,42896,15035,27710,20067,5337,40647,16396,15614,6489,42138,44265,16855,30697,10732,26718,32771
25504,15032,39063,25562,13773,23806,3344,41496,39953,27072,22431,35215,20916,25706,21132,27217,8534,19461,45399,35100,14813,16850,8602,33989,16705,30210,30203,46811,23525,19494
44371,41606,9781,5410,11192,42477,1405,8780,44673,14838,3206,4491,2431,37121,12543,40426,1036,35032,1717,38979,7613,29394,5339,42898,40715,18273,1513,1077,13119,4134
35427,33557,2926,48448,29842,33293,45763,38444,25756,23554,2708,22228,44068,26851,5799,27856,21109,49070,30079,23575,37169,44932,29604,45495,33567,49907,18473,32658,29838,21202
21741,33058,20972,8545,33552,14090,3276,29350,1499,36602,27434,34160,23622,24696,48270,30719,17307,42678,27011,21642,27949,39104,6392,42123,22835,41922,15243,25409,8461,35375
25156,42711,35917,29318,4479,3753,4191,20567,29117,15330,4515,2616,18283,41982,23356,38012,48622,41613,9663,43228,25539,41256,1214,11563,19691,18490,20968,12732,35665,44049
49520,13255,40561,46915,17174,1389,20927,17018,16299,14167,33569,35664,44176,12295,35503,26896,38997,26143,14998,16442,762,19955,24186,33144,256,30093,44642,46972,43161,49523
48480,17445,8678,1727,15960,446,44551,48321,19879,38452,8624,35654,19012,10420,18904,36182,23569,34660,2128,38084,46045,3520,32095,41388,28078,48744,24312,6687,27726,689
9172,49860,22876,36,1903,15287,9499,30357,45601,43790,36645,26268,15920,9993,33344,47640,21612,41834,33367,17234,27432,27106,34357,20184,26884,7341,31260,28527,47359,38583
45175,37236,12399,46883,38143,33163,14227,37832,38559,38751,42943,25613,10979,11613,31542,30221,38663,18716,12392,13590,35063,6077,3843,32784,48499,8243,37941,8530,21764,12443
47459,47794,43606,7254,31177,19974,42552,44109,16825,44691,3223,45934,37637,22802,23301,33337,46199,16363,46723,20059,47885,5543,11192,11554,34356,19574,22062,22935,18569,19447
5140,34261,37422,3945,26802,38030,15199,22030,37338,16483,9663,16897,37586,22872,49767,20729,13892,47488,14956,7428,34936,46479,37778,31461,40930,40829,37668,47528,40913,21736
32820,15071,37875,5113,16240,44981,16254,1538,2582,39178,48499,27472,33886,10849,33057,7915,46872,41356,23583,22620,33736,8486,17178,32894,24713,36374,45796,5064,31587,32897
48855,22106,33043,18505,35119,17865,32114,8352,22863,8308,7564,41836,41045,6737,1288,28640,23944,21710,37579,3689,10699,8753,30698,7553,519,23130,1257,16003,35084,40561
22667,45305,19649,10011,10849,44197,29489,18514,34620,32352,46349,38190,49122,34285,37620,2529,17052,24384,13941,30560,41014,26558,35548,14732,1702,3289,7281,30441,6269,37638
3520,24270,35258,223,30028,48374,49005,8639,13902,4710,8687,37102,42389,20576,34911,26970,12196,39609,49886,2595,21447,6568,26309,847,13589,34971,31467,34335,19428,46071
6402,35878,35199,19579,41698,49707,44341,22479,14742,7776,46260,35119,2623,38792,15966,4661,35851,42304,11792,45539,19742,27280,33622,40776,20139,43114,41479,42079,43845,44652
28646,22701,15517,15774,25366,6853,9594,45678,45280,40038,23544,1314,10427,29551,34251,26496,25681,45806,47299,42592,136,19936,11939,15220,46150,43351,42302,35629,34179,20227
15214,28885,19022,41000,37928,44688,21438,9671,10564,19203,33709,36494,13353,22778,11324,39343,44616,35256,24770,15253,41530,4145,24702,16300,24207,29201,32856,22781,14957,35571
4982,4632,16056,41035,38232,1373,5741,1735,29597,13743,31620,44998,39128,39323,41350,40668,17269,40476,18444,1023,10454,29856,39707,12804,31977,28810,35023,5178,31570,23814
22322,40957,12212,8568,5170,13284,7053,7287,22856,321,30817,19950,17737,1947,9853,25277,21519,48113,41725,32950,8216,45362,18383,20589,10629,36387,45560,37927,25791,31542
39661,1201,49555,4896,27919,34681,26910,35781,2303,48285,5274,41471,2228,26556,30817,1224,1286,2945,47364,36868,14935,26413,15916,11806,38906,15867,38659,28358,40504,43709
40231,31230,18838,9124,44177,29937,21718,21878,11491,28983,13634,39553,8227,16652,42536,11311,37799,15868,25045,16644,11969,25511,29566,44197,3283,42507,27476,44250,29247,21051
39034,5600,5413,26460,20721,42646,30534,16264,40182,35458,15942,35202,43202,33292,1505,37675,16763,6983,3908,44505,14172,43357,22399,20435,14723,7418,8430,14376,29272,47601
25999,10465,26903,21776,7559,15445,45792,25497,38896,34402,1199,29314,19491,4123,47210,4071,33300,12718,15450,19281,26052,48471,42269,11118,11791,39141,31732,4361,48991,38055
21390,48123,28766,4999,38846,15523,40840,26774,39351,1899,18718,17328,12781,46002,12118,23894,15089,29463,1487,11880,4291,25889,30056,24870,6441,14498,46728,9976,20046,3036
1942,26804,3630,31155,15708,25321,33617,2492,29472,13355,6579,21237,37156,44232,5672,25668,38823,13834,46951,45260,10784,31199,30836,6329,32395,31124,14210,27530,42290,34522
41558,30984,5039,17179,33054,27548,1350,23300,47785,31058,47615,820,14024,36478,13024,32686,18937,12715,10092,49420,8789,13200,2348,41974,4413,23406,20419,11509,4828,33184
17913,24485,1883,4092,32850,42789,20481,21257,32332,25792,43431,27538,9845,10641,44602,40828,38198,28170,26162,26826,6450,6741,32381,32454,20238,39182,7474,28,159,17850
29528,4728,6367,5495,16536,23430,16444,21674,2703,16501,892,9505,21802,2540,34203,30212,15887,23795,46100,8816,10176,26551,34254,37934,14968,1641,22822,36512,18822,23017
32153,29220,43776,28053,16699,22941,9571,40866,24938,11073,47852,39794,28709,35119,12304,21842,36562,20820,31892,31798,24567,12650,3354,44139,47782,47941,34220,3283,11104,10438
14952,5525,2125,42041,28920,34598,16667,15565,13774,38916,29984,19023,2159,4303,46000,22529,1041,12769,1464,24040,30301,11173,10377,21000,12911,19367,26072,9261,19852,39482
23319,16386,49708,2168,12085,18323,33923,38882,29130,34463,34286,23192,22187,31257,23537,12172,12008,24493,33486,7719,37963,36193,26941,19637,23460,17140,44792,17164,45934,17076
36244,10239,32920,29718,28746,29439,27227,14894,1198,4607,15236,11795,25962,5098,31642,5953,24809,13165,13764,28566,12054,40039,83,11400,34325,33436,24755,11239,43272,15599
24604,39166,34927,13438,27315,16652,34909,28289,46675,46863,4022,32227,39448,44184,18860,33110,23998,29839,8176,27095,9864,41589,18645,21698,24018,15698,32503,27164,17598,6534
28302,5062,11931,41097,32865,20231,2566,22017,17052,31392,26468,29180,15981,36680,38295,23810,49747,23788,18470,31468,48595,12626,38876,34723,3109,36978,44181,23287,29496,32536
12173,24439,3633,14192,236,16633,43574,889,36801,3595,15973,47088,32679,31678,6422,8214,31214,29577,22049,39124,42236,25715,19259,49179,48941,26109,32188,14810,19705,21334
44545,3049,13093,46383,24466,37707,17010,36001,44630,43920,4339,7952,11120,33551,29417,21252,3631,30187,13348,23342,44112,26672,41160,28317,43339,2608,25519,44266,9785,43320
38396,42438,14402,17268,42311,43592,44564,48216,30077,2923,41268,16807,15477,44265,40735,5431,49545,4642,44026,37867,6587,39829,10272,46722,38462,39092,40994,20086,36211,42466
43298,40696,16307,40575,1057,11660,26855,14955,41090,29175,47069,28291,30268,26582,13965,29205,6373,14162,44046,33335,27667,30929,8514,18790,17733,27387,5115,33955,4598,1408
24909,24290,48052,46500,28669,42216,33127,23071,35750,2336,36518,45354,20793,24965,14122,307,42767,29127,12399,21059,3252,2163,10395,24884,45856,36142,32044,4823,26596,49646
5617,26584,36365,34822,31222,19602,25320,21865,33964,17122,38005,37831,32292,6084,49075,33790,35119,4237,34462,37855,33998,30417,7618,2967,41958,36040,2337,17513,41804,32107
40542,23731,5122,12906,23785,15202,20378,33104,30228,18738,31860,44359,11902,37591,17563,2484,16971,36298,37130,27588,3858,25178,28688,7045,2019,22936,23504,31842,4568,42456
19358,38041,19790,7940,30874,35470,11192,40471,20622,48861,20779,22766,14195,37307,38671,43599,20166,27318,16621,41500,837,47465,45569,4814,44339,19055,3049,34190,2800,48887
16152,31429,20318,1377,19914,38901,28691,48168,666,43677,13995,31140,27976,32307,48334,31002,49707,35327,3343,46507,29608,36140,7213,24282,29372,9954,218,46153,47094,10860
46735,29418,16769,29833,1314,33938,19697,34157,1946,40381,15396,45334,41730,19009,14168,31465,773,34935,29892,49217,21329,1157,21873,19487,11541,15638,6885,42375,16788,3364
4818,1087,36305,19007,39651,49888,27060,4581,37732,20396,12221,48887,31043,48917,46151,26867,47642,30558,9381,41142,12139,32761,22188,31550,9459,13334,7887,39480,32768,23969
5377,19821,31083,4219,13171,2975,26924,1555,29683,20652,4044,24969,28126,960,34339,38408,44449,41312,23441,35422,19603,46770,40321,39840,32467,20824,43331,34832,47750,14881
17562,47189,31369,24326,4463,46894,37727,6493,8258,44713,45729,33738,48845,29872,35306,46941,21875,6006,39290,47902,14846,3855,28660,1345,35475,47430,5909,866,8470,7000
10108,24450,12877,7592,25093,18032,21311,9770,8738,30144,40419,5389,34951,31728,8607,7516,45926,3698,5047,39501,16661,311,15553,41226,6342,30253,29224,43990,38012,45265
24904,4658,35371,17279,5813,9937,39398,48890,36974,43837,3377,29498,31123,38771,4238,1704,29968,17981,17740,14549,25408,18888,48846,23917,7764,9074,32251,39892,47151,12005
46641,11541,11768,49512,10049,49398,33658,39529,12893,13917,14471,19415,41612,15718,18206,43591,42221,15094,27636,26710,43941,14896,42631,24236,33923,46013,33725,38846,3569,41171
41544,41180,98,48420,2470,35891,44804,7887,13185,45836,19581,15653,28425,38241,16391,36638,17827,42035,2684,46676,28777,19974,25745,15135,47592,28056,47047,35529,27090,29975
10111,49476,22742,4108,40191,33507,4858,2385,15573,21308,41217,25660,27193,49499,16767,16614,8919,4769,6079,19292,26730,48011,2733,1792,7449,45051,23633,41558,22738,5370
48475,36306,41480,16824,1076,21079,1224,42103,47785,3299,46308,23881,36829,25459,36083,46044,36689,24471,44724,44852,33757,18642,49849,8682,2146,5566,46791,48422,19504,2436
25535,36095,28817,12771,35755,2669,15323,25368,14150,2630,41937,41544,34547,32657,15806,6427,8004,41715,41234,12265,37733,20930,1347,26676,3421,9370,7884,1701,44593,10175
20754,27212,30929,33803,37004,29268,36880,21559,18625,41190,40968,42762,5346,44411,33209,4333,16526,36598,42797,41442,47968,23357,21889,18745,34638,27420,7350,19366,45269,44273
23639,31958,8367,34132,20853,47420,41558,15366,44599,163,5039,34661,23359,18607,42814,25659,21526,33698,16029,883,47178,20608,12495,47332,20559,40234,36425,30373,28491,47125
6983,42882,23840,35977,11327,48368,31519,49552,25788,43886,26547,27695,9083,28104,34928,49716,26475,41736,48407,43390,5330,33522,37123,33320,37585,43666,45655,19001,32193,18926
5998,6143,10260,49287,36418,5449,5848,11417,43869,15840,28418,41556,38078,13751,9589,48075,38525,2282,26745,34345,20992,36062,31302,3195,32719,4562,16489,16787,46995,18072
341,13121,4496,37167,42068,621,21023,38458,24139,25601,29352,15560,12144,37496,14382,4441,35850,24783,47177,11903,5804,11811,30269,33386,13634,931,30574,19148,26221,22305
20203,43490,32767,17032,34344,36906,6793,3843,7189,22199,30197,36230,36295,2435,38216,23898,39626,41886,21799,39543,43444,19427,17409,29784,15730,7300,26904,5118,47210,17914
29147,37484,26760,25485,40083,4350,34899,45513,16314,46183,2207,4465,18818,20421,7186,49757,32862,48191,38341,20895,19574,17294,36081,42236,26850,4614,31100,37435,23968,42176
23588,27282,10541,48492,40075,18957,26464,7848,9554,45833,47407,5361,11377,33956,34955,45003,39956,34297,21925,31051,35744,4472,4228,1161,41998,18046,37426,15392,27596,27348
49896,15026,39126,12244,25089,15812,33104,309,3455,33126,636,36273,28589,13698,43403,8697,44450,29386,15561,46774,2889,11490,41061,33545,24333,26293,5423,2841,43533,30723
17680,45903,6933,49386,10392,43718,32012,18089,23382,47111,38674,10099,10446,519,37503,11655,17270,44554,25582,10836,3501,35402,38632,3912,18556,27279,3570,4069,35350,34214
6700,21167,8171,10593,10465,48687,14380,15799,42667,12272,4655,27351,23824,3484,4143,47160,41625,10842,48299,19726,8339,6080,49996,15911,34573,40784,23105,10165,3488,46478
8684,8286,18668,45274,10234,44735,11736,28101,40336,35009,47407,45840,32410,44187,23211,2827,47531,28318,28248,24192,39260,2757,23587,38898,34586,23709,31824,11822,48384,20636
5722,8848,28019,10461,36217,13527,37052,38660,47293,49826,19890,20673,21706,14566,38800,43120,49518,44645,5952,27166,48082,29718,20202,13121,22217,37557,25256,27679,42165,18952
12281,13126,35482,33507,31798,15235,19221,34825,41205,10022,31316,21505,21454,39034,48543,13489,16195,13903,6387,34619,41383,34253,8900,28562,46746,39635,9401,44754,14644,33298
28245,21615,7386,321,24235,7447,1898,37896,46285,39625,9097,36710,26611,3358,10627,8867,3726,27153,21027,11917,174,8850,11300,49800,40286,47563,41655,8957,862,13031
29416,14241,2391,757,34698,46507,36729,24462,9509,4391,40594,18373,15409,47106,42462,31441,34394,3380,20638,26379,3201,15226,17288,18489,42167,28094,19073,19827,17408,17321
36503,10905,20592,14116,38175,5580,17973,48449,1907,44193,21182,27878,8654,26323,25158,40497,36254,3566,33463,25497,48779,44787,5788,3619,17784,4803,7043,35251,38420,13991
36356,29755,6635,48335,28802,22050,19987,3388,29134,12153,39351,43718,13046,19056,9153,21914,38123,14594,28143,18152,6444,49922,45303,6091,13974,47117,32947,45998,18287,23712
33584,36221,45686,18025,13836,11750,13239,1716,39782,21433,7890,14508,7727,37965,18635,9293,47737,38039,13266,28281,29968,34310,36257,41664,39135,31585,26845,8108,48998,34970
26742,39513,41927,2883,44084,33588,24158,34360,6714,9462,16779,15202,7422,16598,25397,37926,22635,16850,27725,41786,38672,47209,28544,27823,7340,24273,15062,24239,12805,29729
6770,15222,29491,1414,24080,33949,15649,37025,10689,27629,22334,36154,2483,38176,18791,15833,9345,6416,15426,5011,30311,25907,19667,25562,15029,4194,11176,33081,33362,1102
1722,3454,34588,7747,21348,43031,22021,49203,18967,10629,16918,33545,39672,28653,24851,47422,8426,26878,45361,22097,33650,19228,44466,37638,24795,35866,852,18144,18240,29195
5874,40107,14256,19443,24063,17985,29199,28607,20558,38501,23811,44333,1958,26025,20385,42780,8506,44205,17522,20441,27124,45823,30348,20814,22103,43714,11651,38990,18526,22142
23195,28120,14889,5822,48656,10737,15135,28772,34246,15181,36792,24776,15249,46470,18769,23893,42568,47395,41655,32677,43900,37758,49380,49503,15893,38173,22818,2253,7030,10938
36322,41317,44838,22095,25011,17520,3683,5856,35818,30342,22189,24467,46756,14165,38415,35499,11901,19618,45254,20080,8199,42504,17629,21533,12446,22069,45177,20676,27996,23352
6100,44947,8145,44660,36627,27394,22945,49650,13050,4242,34723,4140,33003,25749,35525,43293,20573,40002,39244,41436,906,14064,23192,1509,32336,23415,39936,16915,30405,994
39121,44752,3497,11056,35420,5625,42186,26584,37169,35169,17195,243,49183,47470,9680,23089,33985,3827,21445,48305,9767,36169,902,20742,2024,39351,14573,32439,34746,46499
39194,14223,44052,25383,13681,25834,26789,48950,31767,23447,5873,48374,13780,36739,16257,26127,20052,33996,5122,47633,46135,37975,16598,11622,22932,36308,25132,5980,43751,36643
21262,43754,4505,38290,38931,27539,37010,665,35618,49866,40969,24062,40135,45302,40365,28516,34369,37031,35314,12729,11966,17234,5881,33650,23281,17540,8083,19185,47891,12815
25247,19841,40466,5779,33176,49079,41467,26436,26534,8643,3210,44350,12415,13455,37452,394,34836,24262,18293,25818,6474,27958,37534,22176,9266,7630,15018,10717,43167,14370
809,6531,41020,44119,20177,19280,15691,20630,1388,40046,48762,4794,12875,33349,29391,49142,788,3237,14928,16097,36729,12889,23980,41159,7308,13344,4654,9900,33474,11149
19127,44803,20609,11979,6964,6998,7843,41965,34094,33376,11462,48495,41835,5959,12651,20332,27383,42070,30547,34417,9201,45702,41271,9873,4855,47972,32326,13374,19191,39845
27120,37356,23774,34014,2921,4950,5393,31037,13234,14400,25855,14689,43010,49963,32802,6981,12443,3582,43975,23742,44424,21349,17892,10308,19475,47850,28762,25806,44569,16967
25415,38968,41143,8560,41416,1647,48252,13058,43508,16878,13223,24368,3244,11974,7798,1210,32929,45762,49234,40625,18972,33492,28993,20641,26255,44945,47486,37107,37933,21480
5551,10702,6553,19251,6704,13112,768,31599,28271,26662,3675,14444,22799,16541,22347,29660,37681,35925,10720,11440,35886,1950,34903,40987,20745,36432,5706,36186,4792,35081
47504,32813,43050,3650,43520,36233,18652,2450,25697,11515,21840,35783,36630,33875,10457,16585,38120,30167,22615,27065,13193,18800,40124,8084,41345,7234,36962,49591,11957,14975
36670,29872,25190,13265,10922,39924,1311,41074,11247,43004,27020,29508,32376,49544,18537,30641,13922,42550,49096,22078,30119,6544,47139,44966,13726,10888,37558,41554,23999,25571
15909,8875,17629,11789,42007,11831,45831,46087,19383,49549,3600,41722,21127,17865,8388,7143,48476,15431,46067,25922,20433,553,14166,43221,29835,34675,22794,46385,14288,46732
37484,46046,40916,47513,40453,33317,17907,4073,6650,37275,43939,41802,1448,48191,15553,26128,19844,45957,15346,16166,22206,23361,25526,21587,30560,35525,31030,7646,22432,4395
34152,46657,26960,14799,34822,32003,45255,9960,7486,14867,45331,44470,7401,35552,11303,8895,46160,10634,5460,12178,33377,3400,13569,44515,16877,26758,3426,5351,49408,12995
11114,16978,4822,15801,12912,23502,34313,23167,20153,36623,27707,31741,5371,20236,14105,18834,17401,12481,42095,23983,36924,11562,10044,4486,46772,29056,47204,43743,19254,33694
44913,38599,26946,16178,38247,36846,46153,7020,22515,2744,19227,14078,44725,41056,41647,3382,41491,26520,26033,19750,32673,27817,11298,19418,30929,40809,12369,18515,19694,39977
24952,39431,35890,16366,4889,23146,45030,33676,36202,21449,4652,41635,42117,29093,45724,9348,45771,20139,24816,47439,32619,18409,37660,41391,18351,21933,7750,4372,18444,37622
11109,22332,12775,36928,3586,21235,5197,3794,43216,19700,25044,24770,16288,40913,20299,43037,1919,14677,15170,27916,30860,20083,49821,28625,14871,13867,9302,42591,2189,929
9100,24565,5397,37628,10971,28401,45149,15612,30006,18048,22554,6204,18480,28097,36605,4915,45387,49360,30263,40469,47107,24900,10707,256,37953,26873,46102,28971,38747,33000
17624,31664,21988,36630,17388,120,25256,49018,47658,47502,6379,440,41925,5625,40588,28946,24890,41239,6474,9993,10541,5934,8813,37058,40271,46333,36879,22794,25538,34735
19735,17200,45128,24913,8272,16802,35746,4684,14230,35395,22062,37158,45043,37413,40154,27329,39150,12621,16137,2223,12043,49303,10011,35704,26680,24720,33910,5184,24664,33494
17591,14264,47920,7691,42772,4023,10763,21605,15599,980,12016,5169,43819,33398,16676,8193,43469,24408,3196,5946,580,32877,31494,38807,13985,48378,46789,47284,33094,5233
32318,9899,18425,30445,16930,22242,41493,12839,42160,26268,31732,22629,31302,42105,34915,27899,44901,18115,39965,24752,37247,13001,44523,1754,22581,27943,45561,24491,33203,21997
9564,32295,2024,3111,6618,39867,22884,31915,6214,29078,5502,3039,15449,34814,27030,47497,12473,30530,36852,12443,27154,25257,26174,49980,49402,12755,18288,21329,35125,44284
4147,33509,12454,46882,18919,2169,24896,11540,37601,24587,40506,36714,35268,7409,40594,27410,41029,35853,4780,18220,38585,44835,43140,28670,22461,10442,17379,33052,34689,7246
10959,18685,35141,48926,28794,2660,14690,18432,37965,39411,26386,47030,37046,23367,16483,26761,29195,47003,46454,29358,43939,41754,14132,48632,40392,41375,8880,44087,7434,49199
28487,28646,36733,28999,3708,6758,41271,1181,38577,19268,6068,13545,21802,23664,46591,20469,40186,41141,31663,46846,4341,9092,39876,5069,43489,35314,18730,29263,49462,12417
18086,871,21057,47661,21450,26948,47533,34380,6905,31136,1022,16277,2884,48473,13728,37827,21640,7562,42184,21494,31798,23609,49913,47569,44224,16984,15642,26797,29276,35422
27598,15411,15387,46745,44048,19863,46820,23862,14191,38689,43062,11235,22596,26254,12789,21068,291,27220,44060,26586,12957,30282,5184,19342,12140,13114,24898,35819,41316,33926
19645,27260,9070,41284,17986,32765,42136,22548,34533,30477,11995,46836,23497,37661,49219,29536,22351,26811,29210,24286,45530,20490,25780,14997,4982,34258,42701,27850,20034,31241
31735,19517,44498,3613,40762,26769,7169,39130,18615,49055,34858,35503,16203,21441,20413,13499,34544,23746,4484,41855,10747,29612,27102,42777,40944,8333,48224,29690,36079,13570
5042,13253,11957,46348,49973,25906,1856,10863,29701,31706,19616,49418,28569,31157,24819,23069,43810,467,29701,6695,7344,35646,39518,34394,32374,7790,256,22356,18115,12774
23667,8334,31084,43439,26962,25380,37706,10229,44730,29428,41676,44354,16767,16955,45544,40058,5525,24785,10601,17423,4206,15948,2096,4441,22178,41913,28768,37053,17006,47519
16496,4584,36498,31409,48500,16687,17314,25337,22651,20216,39038,44778,24920,23600,47977,18195,26102,21119,7908,29124,4737,9092,27237,371,31666,19591,675,34640,42397,2927
16161,45901,28921,18985,15722,44262,30772,32387,33112,25147,15556,36737,6134,20877,28872,1530,25905,48232,29526,40092,34971,1946,49580,3683,5842,24459,36755,34098,12262,39234
47245,21172,40764,42505,11918,36198,20625,39179,30997,24554,44875,47272,12243,5091,13337,2496,11991,37491,42728,13147,7104,41875,37774,10630,25371,19826,49421,44773,49006,36153
40963,12859,8123,31208,16197,48016,21999,5205,13331,45029,17098,34088,25412,26496,17055,16582,49316,47475,36782,43403,40059,30807,1697,29067,12874,41728,11933,2017,32945,38335
32493,32254,22431,16775,7011,18498,17229,33242,23203,29090,368,8800,5818,48362,22384,24903,6741,48292,13259,29979,33438,47041,36680,21881,14636,23302,40055,31868,32891,7280
38916,45960,29394,36724,47310,40716,29985,8049,23006,31568,4726,32752,27482,22587,34001,38190,27607,36940,16100,37262,21419,2578,42295,24876,8526,23677,6329,27845,27553,11954
40415,2052,48664,23248,15461,10132,20663,10460,34268,34714,46796,45023,17367,16902,44202,16452,13721,33729,47753,47032,29136,42893,20578,4451,28894,20487,47129,32107,30034,3315
12816,21918,1501,38483,43307,19286,28171,17037,22631,22739,6227,45358,5281,39985,20297,9800,8501,33814,20258,6693,3746,19461,46287,21146,39726,15798,46298,12732,18614,38008
30007,43336,43085,20906,5562,14944,16086,1477,46316,7825,15186,38809,46205,35142,18536,15643,34944,35019,7130,38045,3746,13550,11570,22310,46017,22458,29000,14817,20543,6925
7011,7114,14853,48884,49369,15762,14787,27222,22492,11784,38484,39172,19764,30874,1073,14806,33582,4500,26296,9273,14743,35598,1446,36601,11712,16757,5443,28749,16855,12834
8880,10166,9507,31036,15068,48931,19748,18319,8416,29846,40460,33522,27103,17382,46709,5171,583,11425,7629,35937,19356,8371,22312,46729,42029,29863,45020,30003,14968,11042
19967,48020,18789,41869,39249,25854,19226,48964,43699,49022,4791,38548,47600,10524,41585,14007,1578,5593,7865,8086,41834,568,21680,1649,15296,23037,21366,7094,31018,27164
444,8672,43357,49162,14945,45456,8443,20695,13987,27390,26481,1246,46339,10386,31379,35906,3750,18243,2547,21606,2516,8895,10542,14349,40958,8718,48191,32390,6178,9543
25933,7738,19495,39136,26441,23730,44519,46990,39260,27180,33874,39312,42381,14477,46985,21653,31045,28748,24353,3037,16137,49012,18093,36284,22645,24146,8229,8068,10591,26494
21773,40096,38197,28623,47934,30204,44393,39637,21940,260,10050,5545,40824,32879,38984,42770,13749,35830,39375,42877,30748,41603,38256,13448,35111,25204,48956,47129,5076,35961
40645,28996,25932,30865,22605,30320,2124,35879,33663,19152,1752,12729,2183,23218,45596,49015,17143,37301,5854,17706,13621,45161,21438,23544,39944,30655,30952,7524,9917,221
24897,19887,22269,31012,48597,29553,20820,7393,19800,30705,16012,47457,46778,38809,32642,28467,5353,790,15868,39401,7526,40564,13781,39994,6090,47754,190,45261,4328,36251
21597,26061,46502,3767,46315,30277,21445,45319,34333,11676,8093,6869,33164,39181,23887,14401,25558,44491,18131,32817,46620,1831,20621,46047,35696,13078,21554,22740,33451,43321
28851,4352,29671,41870,31811,20973,6356,26351,18080,33363,49572,37464,35664,42193,24624,2614,287,19986,18585,41972,33901,6950,18236,22973,11161,15232,43176,7209,45488,47447
21938,38237,33402,31316,48509,37739,41388,42253,18158,29350,15415,42501,23747,37464,8752,16000,28165,6169,8517,24752,18179,6501,3303,24666,15478,3805,37525,10394,28151,26809
28221,35354,7867,13554,22122,13116,35560,18852,30381,31940,2127,42058,9100,35345,31843,11194,42238,43326,34005,34768,2157,1351,48016,12410,16869,24021,26329,1059,10837,36846
42667,4832,5911,12043,9554,21051,25657,17981,20665,18754,30692,29753,40956,16982,20026,42886,39041,21921,41960,2595,8839,21244,21609,46458,22479,46259,10367,35830,29898,18551
38955,14114,7830,24623,25616,1165,27138,30527,7504,29534,39929,31822,16791,24691,18889,47992,4198,18383,26128,47510,9445,21536,13249,40686,27596,20111,40839,25706,25775,11135
8922,21570,33708,46147,9252,20615,42410,13573,23413,35290,4534,41857,148,38871,27696,16963,44423,5227,3457,17787,42716,40551,17830,23615,46526,24731,41042,30845,45715,15463
19690,38540,1080,49225,11017,2987,21028,3021,20380,38298,12004,27486,28178,13505,16704,16986,25445,46135,9941,48231,13685,6814,7484,35121,38590,5000,6534,26973,31829,3307
21016,32783,35822,27983,40952,32936,863,31826,39693,36423,26908,14521,30890,41760,45407,46211,44170,42974,2329,19,43562,198,11044,46424,10722,16446,2679,17306,5863,23906
39533,39106,32548,14538,29919,18047,42337,9834,11918,36058,37469,10994,46975,45194,39941,13022,49844,49197,28092,45622,20513,34378,33388,39693,32961,48392,10659,29711,38911,23981
45567,4536,44530,49956,43316,5949,9761,25543,22372,38539,21304,10513,22489,18047,2348,1239,44561,669,1033,19922,42704,14328,41083,11778,44538,32951,45424,35680,1003,1804
13164,26878,25717,754,31495,6341,14376,30717,22969,27988,8457,5136,11214,9744,47285,46839,46240,7242,4623,28007,12614,27748,22532,12079,5662,1666,42506,17162,49591,48092
31393,37806,8909,11722,8306,48393,8931,4078,7138,44450,5537,38016,44320,18862,31338,20667,18724,18516,34134,27505,33921,12958,33403,43716,15107,38919,46286,11032,49911,19860
20591,43803,7079,47408,49827,38905,114,3572,23404,44312,35792,41425,7406,22667,44326,20960,4375,34990,4536,33993,17209,47395,38327,12596,38844,21435,10375,15689,21882,22807
11642,13449,20515,37930,36809,25244,3009,18604,38768,10095,40979,37378,693,49666,22403,38164,49938,145,46226,39921,25737,32641,13683,20786,35632,39772,2914,24217,36104,7085
26100,22144,40961,24070,15246,36729,43060,42197,28133,17460,43064,16034,31981,49530,44030,35542,30656,24589,11874,21684,35499,42909,39718,2284,31320,6521,47663,40177,24568,40523
20916,10873,19365,37404,22852,30904,8367,40151,14645,45217,49897,11979,21687,22998,20365,12651,32373,37869,42647,12905,23062,44155,30046,12941,31496,18332,18620,2114,20164,24602
19101,947,33885,19711,13189,31119,27891,4923,9262,17601,6589,44856,1160,29508,31216,9794,13852,28946,6013,10844,41988,26393,42981,1490,14899,33015,19793,10341,34771,26307
48161,5246,20861,12735,45320,32950,25741,12472,15941,8093,366,37016,20527,10320,1156,5377,39012,19554,31673,43117,13845,14798,12517,29704,3049,4528,48368,23993,48675,22183
45545,37616,40833,42229,38293,35639,9757,30938,11233,28706,23755,28198,32333,27830,21410,24597,40801,6875,12750,29806,49269,46141,37677,30191,38179,4405,1362,35588,13286,898
41478,32540,25890,40840,3075,16717,9801,4177,18822,29559,35229,25394,38327,8816,27163,7040,26524,25220,22686,35149,39443,48020,21851,7018,19307,9815,22986,8000,38094,18484
32179,3831,32329,11640,603,24587,15894,38166,39344,23351,39149,4971,23219,27303,9103,10964,14143,20973,36916,38454,30076,45433,48967,49501,20866,40756,11828,1624,41612,16007
37741,31515,2465,46142,5987,29447,7536,40624,33644,45878,12306,18683,23397,33,10927,25583,40375,17432,10090,14017,17,49988,8250,19903,16501,24540,7940,9836,16821,16345
15888,42833,570,3528,33822,23160,18292,20177,8232,10546,36553,12650,19287,18924,28785,2641,2351,25900,18542,10226,14336,6581,17483,24947,4752,262,44846,4720,41746,41856
21358,20987,48726,40842,36432,43293,39651,39731,39757,32057,32565,6321,34743,925,22136,15720,49375,5641,14560,3561,46115,34782,23892,33039,32810,24710,36982,47842,32361,15512
24646,32176,4955,17563,22811,36015,41892,18245,6455,31575,45142,29319,39719,28229,35419,1997,7169,6486,47996,47236,29309,2199,23858,28661,22933,28324,24983,43064,20183,10911
18370,37308,41478,33235,26346,36190,49403,42973,39273,25643,42965,47528,12327,19758,13264,5301,20539,16544,49956,8429,25424,47132,21157,510,32787,42967,46603,37403,166,19178
25752,39683,20305,18273,38803,4808,16143,38325,19313,10779,8980,47914,643,42521,35669,11037,41892,11218,26482,32723,25593,20624,1207,46248,30841,43229,6503,33610,24978,44431
23922,46755,10836,29113,26300,41036,29279,13826,40081,6997,6820,37514,23707,6019,7772,32924,28296,12668,47197,19672,1615,32180,30497,43287,17189,24950,1546,48997,24845,188
7464,37944,21125,43776,3296,24083,11419,29880,21261,42390,33070,31836,17690,17630,24358,49418,25069,17984,1095,12920,22112,4056,18242,44610,28142,38317,27104,179,9977,10605
36953,19480,15110,38279,20471,26132,26997,31616,24898,5701,22015,377,6417,15908,22104,13722,37773,8040,28531,44089,17599,21718,17516,45749,46777,30137,48016,20555,3343,24116
13095,38854,33422,32993,31106,17729,48320,43627,24246,37373,7248,13587,1135,38580,35532,69,20634,9548,10044,29297,29237,21624,9113,11816,47273,12064,10443,21220,28807,32301
38813,42416,1569,12855,3425,6269,28258,9927,10145,19431,1107,29454,20641,21100,29259,2544,19436,14060,31858,6806,21837,16938,44219,12124,43011,6411,18102,27853,44545,33699
35759,11157,49004,15869,35958,36834,24346,20072,1710,30633,18711,18973,47089,15711,43525,25338,4651,1598,12554,49996,42896,37738,37129,31320,12334,22303,2642,39575,22238,29737
11792,1761,9659,49531,6736,49275,35731,48560,34931,39365,21717,36599,43012,31052,7406,35267,35611,3070,14723,40767,25031,44833,42566,10285,4668,48466,40521,33108,48944,41822
44677,20144,7275,36559,47825,35697,8216,14390,1611,42742,49677,19357,5269,17859,27668,25870,43692,22980,44119,2577,30813,13635,17450,46580,40160,47567,47012,47565,20475,35804
36052,19196,35468,27153,45134,40641,49322,23569,9257,9126,14633,27159,29362,43972,29793,46809,13342,24064,39039,33648,3215,1410,45422,5661,28843,10603,44847,30553,23262,20107
1764,6498,9225,4404,32798,29231,20378,46242,22368,21700,35314,19752,18134,37436,32987,10236,20527,17826,9874,1560,34232,48865,6403,44879,950,5120,15774,37994,19100,30776
47659,37729,3346,26172,5736,8834,38833,48750,9634,48214,49019,4750,32865,3387,36698,34245,35335,3184,3641,38993,34198,11363,16174,28349,29572,41069,47114,44127,13569,44478
30253,32230,19493,6613,26126,38671,1342,13928,1833,32594,48181,48766,21785,18627,46128,19309,8904,47921,16984,25270,6387,4960,34016,8684,25895,49057,39388,1733,29331,8198
46424,28107,14738,48258,18907,30841,604,44522,8470,2744,42447,26625,44307,17328,34908,45978,31621,17714,42769,27060,43850,38581,35277,20636,30328,3368,16187,41696,34696,37256
13740,16948,2728,44990,16418,10192,33008,24416,47558,33493,16883,14728,23300,32999,46467,29968,18659,17405,31723,10883,17457,31116,10090,12688,10321,28110,21852,21595,3377,30749
28735,21558,10514,28123,44017,45518,28138,25662,23668,8471,22115,12284,23782,43272,3569,35639,45930,13544,6299,13513,44098,22939,19169,6792,30306,27359,3057,40577,46429,30388
19093,13211,46896,25537,8169,42528,3646,12778,9741,31556,43220,36951,28048,15989,3697,18047,24193,4007,49636,17659,9713,40458,27454,22993,6414,18850,12627,39805,773,14520
45406,44921,11799,7252,44136,36468,18671,17914,36621,26814,34132,4139,41354,36808,12351,39775,31459,44497,1276,42118,45771,44133,14488,12607,48070,46193,18579,37541,24359,30474
4533,31118,19699,37417,26470,23077,34433,42279,26628,33045,5152,24995,11217,38616,23374,27731,30207,6481,9390,6645,49090,30093,35538,31684,41911,35123,445,43574,39732,27247
26814,1427,29006,43567,24676,3286,10384,34289,15481,35101,40784,21581,49361,28116,46119,7057,13580,19130,22930,26262,16595,3063,24619,17548,14549,18305,11123,6983,38134,45567
44105,16170,39008,10695,48157,19189,16304,7933,29106,19251,44440,19089,36620,14469,16032,17617,46265,8675,18328,42429,11713,10958,30299,13210,39192,8030,23589,35740,44430,21707
32723,31560,46298,9546,49524,32274,42048,20547,32377,12651,11382,7990,24494,14042,33135,5357,45560,11313,29329,16947,16270,14530,31258,28388,44657,39507,45207,5302,40737,31732
9122,7312,23066,27725,38289,32236,15716,31799,39179,20930,12039,15650,16530,41738,14636,6233,36563,41224,32618,24491,2878,12525,20571,34334,30705,13072,11109,8677,46068,24945
41507,3461,443,30526,23787,10550,3642,2557,14145,2797,24503,14566,25257,26746,20704,18577,2146,1597,16079,31073,17915,20743,3093,37620,23509,12496,2675,441,32596,559
19847,19524,30693,44508,9588,49703,5933,39042,27776,32264,26293,22979,42633,28283,37159,305,7228,36247,47700,34446,32733,7196,3308,47421,40592,5216,26209,33999,12896,30571
15862,7230,17366,13032,40387,38061,35856,23121,26737,11258,20141,40381,6414,30662,15752,23077,112,9331,2887,5037,38219,17202,10410,3826,33978,42270,37252,44715,14323,37994
16560,24285,21570,45117,31608,8793,31814,43173,25917,27547,6292,36682,32569,45382,44843,20776,15119,12564,42706,3784,27616,15861,1594,2919,40794,16148,29918,37003,49310,42319
43167,25100,24847,43886,48188,30811,22744,24236,40401,39108,19690,37854,20838,22925,2402,12111,48308,19669,40317,6474,1738,8511,28435,22625,10790,19565,38703,32277,10147,31750
10102,6947,13760,18964,3797,47741,15154,16358,24168,35729,26004,35806,10491,49192,30444,31920,32971,45021,12254,17568,30435,46919,49505,15908,20182,36890,43877,22812,18786,18659
46874,8805,36019,47732,25493,49900,5220,42606,24871,11728,43638,27021,38365,8894,48485,39372,21036,22939,15005,42792,17860,47412,46173,42236,1440,24110,4111,28996,25025,21870
27731,4792,48454,7611,47961,2338,11601,14820,26582,23504,40879,23209,27993,1884,36481,6686,44746,44523,32185,31814,39183,40105,43076,1157,33074,8641,14139,48791,30743,27975
24707,24163,17052,5065,13509,15891,8507,32749,11234,17669,11392,38335,24295,42709,18075,39183,10249,24082,47501,35446,26109,15501,12550,24492,8008,19185,21710,12947,11768,31028
4848,11525,45084,37247,29054,34822,21617,32021,7119,39372,15693,2742,35931,37159,3024,15040,29571,33482,34242,15979,9494,17465,34977,28771,34997,46717,16876,18533,48252,13114
29431,44708,15420,38081,23556,48712,3954,14219,45163,7085,36140,43284,26683,44499,1533,11509,26491,7922,16914,39195,35626,31035,31959,21439,22687,2772,45703,48358,12734,32120
39187,37677,35155,28220,46480,25725,41509,28764,49022,30408,45154,513,3468,36795,8799,34253,23857,21869,10240,17883,39023,45291,22829,12001,46561,23465,10290,1547,11197,21604
31408,17927,46014,36896,21754,39291,48054,17527,1362,33569,11754,32955,11150,48710,49119,13870,28837,2444,733,42707,6036,14530,10881,26113,15226,42586,3003,7670,17432,25097
38158,21703,25600,21757,45272,18627,24300,23544,27485,41060,30505,34065,28428,5139,38480,36612,5479,43113,43271,47620,32109,39999,45619,42537,40793,30573,45250,6202,23914,41517
26268,6933,14620,21163,5157,17760,5311,46397,44211,10381,27841,14757,37006,31570,33234,46616,10160,49264,7710,17313,44204,11100,1832,46536,235,25310,5371,19116,15292,40827
35021,22301,799,48041,36244,2887,12978,28146,38697,22759,49387,23638,48561,21352,11538,43384,9327,14735,30313,49019,15041,16516,20537,22263,19297,46444,47230,13703,35868,33377
33202,1559,33749,14456,22961,29338,35220,7564,2373,30154,39290,19536,28744,1687,8934,12524,16514,605,28477,49448,28227,15290,38663,21944,42973,10003,40487,37689,6112,15054
45332,49690,8125,48350,18768,3385,15042,38923,29926,1093,48390,8463,28783,43902,2398,30888,38039,32207,4035,40088,10077,12314,13397,37529,32576,15985,7250,45218,1521,24028
27414,1869,11537,47393,31524,18312,14212,27369,31556,36162,39842,31845,9883,43829,6299,17467,4370,12101,33301,28254,38355,23334,21101,16512,33415,4377,36503,8734,47487,10552
35629,32996,8128,48457,37644,6729,36216,20688,1036,1678,33626,970,17440,29839,2788,26893,41398,22217,27921,6061,49010,33384,12560,35726,5577,19219,10381,1143,15188,22414
2410,682,40107,30104,25574,35587,42959,35772,40639,13382,42895,28663,47238,49705,44457,34295,47833,4441,26232,36153,12766,48193,35353,47246,18274,47136,30679,20684,22397,34823
23563,44562,6219,44944,10050,10466,40964,26784,48659,27518,48956,9925,33840,18779,30357,1468,9359,2524,25521,37223,14092,22654,28460,20157,8387,49750,49915,36703,273,29416
45983,18460,8639,2703,18908,44091,45580,37628,37781,21887,5930,4047,36669,41657,39938,40805,7995,34923,33007,41443,19392,13438,35427,20983,45049,46364,44053,14949,1054,22341
35187,40804,5193,33887,17914,40250,31010,2225,19242,10371,35238,17033,34691,14503,23987,15648,8099,28794,2532,49120,35885,16655,24376,47120,23424,46748,3287,29916,17684,32038
38917,23555,25952,13610,43188,36295,7741,19632,7074,18245,38384,39198,49043,21471,42110,43526,34774,31071,7131,15579,29032,42032,16445,39247,11339,13673,48956,30407,37372,26575
41824,25301,1645,48694,2257,1471,3534,34318,30934,44839,17536,29165,49337,1515,5599,825,3800,19187,26712,18548,26587,6281,19652,27911,14946,32818,26821,4734,45198,46854
5570,23561,16218,35525,13962,22487,24430,31381,3821,35496,42446,25121,26982,22150,24716,5385,39579,15964,21837,13206,22010,42044,21995,6623,34745,37563,34430,12818,36267,39214
7168,12338,17027,4514,8917,29917,4041,35894,38454,5589,44400,46115,21886,6849,22720,5397,19178,47110,40112,29457,26694,3529,31177,28866,25269,17704,41084,15349,24683,4956
16269,3510,10959,16958,18759,29987,26125,7044,39630,29748,15626,8212,4136,10600,45203,17898,15080,15772,46235,41079,22368,20720,4703,31812,41970,41953,31769,17204,23825,31587
43097,42311,4693,11643,10641,13427,33144,47510,36923,43331,40014,41116,35514,5875,36710,45931,18673,19066,45289,12375,23883,45992,42556,1430,25903,28699,28099,29550,48581,43361
43562,47847,3907,26337,34665,29293,36565,20266,39822,36914,41214,1017,25075,21849,571,21681,36406,18305,40935,45857,7286,28738,40847,24449,14752,41104,40108,36529,25426,43049
23266,35753,41822,3558,36804,2591,20014,36400,19572,18875,45410,38132,21230,4721,31242,10975,39787,35395,33922,37192,1107,13804,13986,45427,28369,1564,8911,8626,39483,13588
10902,5689,7735,24667,10844,27008,26271,724,46488,30164,37838,1503,1786,2683,6733,11106,20840,9410,29574,43158,15432,23132,7974,21344,25694,33126,25895,42810,8559,5345
42402,37042,13086,11829,4758,28173,19758,19999,38238,4850,16174,23125,28414,39400,38561,23512,29632,27040,39139,45288,1639,25697,20623,37243,13658,7892,48992,2177,16423,24655
40153,10794,17855,48172,20440,1376,15989,21179,4692,13027,32750,33307,6247,14485,22611,48325,46699,35293,31617,13042,39976,14047,28665,23812,40766,10724,34274,31186,30973,18673
2904,45943,33798,36338,31824,17676,13982,42286,20269,2531,43912,18214,21545,32679,23410,19321,43251,41988,21381,26130,25091,10788,6971,42361,20138,8748,7085,35461,16792,34629
36912,31065,41987,30742,4823,15093,25473,17420,46094,40949,5484,24438,6720,38359,13041,42577,12,27116,5319,36807,10140,37706,36068,36900,2377,45834,16523,8534,1524,46455
42273,24131,4581,13766,38257,22285,14496,17066,5808,15792,17845,6539,5719,5358,554,41576,1344,44628,22,5538,2511,6353,2111,36107,885,33275,3334,35013,36251,49982
44399,45788,37254,7202,14432,20579,8521,20216,26038,3576,33167,35927,45308,37205,14635,20932,47550,22750,21834,13323,1990,14533,33060,29435,42104,35594,1803,5067,8389,31877
42385,24127,13213,11126,18162,10329,30848,47510,21136,40165,20209,17880,46466,11628,40043,38298,20612,30303,543,20219,26787,19980,42981,9818,46227,3705,33927,33215,11145,13741
26190,22520,642,28489,4502,39523,10412,37108,43789,3066,14305,15179,11782,21170,9821,13717,25729,41705,4276,49392,22525,33891,44603,39465,4531,25603,5315,45241,31128,6154
49328,36444,39881,10030,48880,32015,21562,21856,26061,39949,705,22222,26298,7337,40027,7598,34534,18256,18483,33750,32907,1858,13259,45995,19548,14942,20406,44687,10668,17830
21732,5478,29521,22365,28470,34517,48924,462,11854,4431,15597,23998,44157,34201,19361,39834,24143,8631,30494,1117,4934,33903,40074,35408,34648,255,8210,21379,12147,37691
28211,25508,1803,21517,23084,27674,45036,14578,48746,41095,25708,19876,12386,27234,48584,36672,1039,41161,27658,2062,37617,32585,35142,39636,6850,48450,3196,1510,8840,17788
6944,41148,11904,27953,41924,38029,41755,40204,33826,32650,21052,29980,10840,9783,1006,1595,3455,20085,6438,49118,38889,26483,34712,34592,42933,24345,34401,21402,13896,4740
692,40514,35152,42918,36305,44405,22720,4208,10499,49680,10928,15450,35477,30356,48688,25412,9981,27407,23025,27022,12096,35301,31085,9718,9801,33506,21140,13304,16583,7587
6463,12073,9332,41077,27976,19582,9230,39821,36984,21999,20432,36645,1300,13699,5193,4358,47047,8406,23800,10998,32870,33408,10721,21837,48096,10170,17619,722,48120,44148
16957,45935,27968,34137,39595,21056,47201,11106,5794,4418,10533,4338,13593,19562,15286,23620,19289,42751,25832,39567,49563,30001,46956,43933,6631,20127,19290,18568,49769,29216
14550,18031,23960,15423,293,39752,1483,34636,24665,49136,6708,18453,13741,32891,24788,9432,8249,32819,10409,22774,7680,35930,13745,4685,7051,25470,30253,33417,16936,27805
33468,38895,38291,18384,3869,22799,29501,23570,20398,19643,43001,8374,45896,18866,43452,33791,10294,12946,44876,49548,11129,10219,46209,16913,36659,4667,41329,36183,16787,28798
48946,45932,28091,294,48021,34258,49826,28743,34756,36402,31381,2974,18346,5071,21258,37843,34018,6471,27739,26109,43342,23473,45709,44691,31688,28221,15486,1632,8064,38286
34000,22667,38142,11394,42273,38431,14610,28254,46796,17864,17093,19022,34595,23074,5664,41947,40698,10858,4913,40344,40373,9252,24344,22567,20727,37978,13997,46509,43459,15961
36569,20296,11525,12096,6918,2925,8468,35747,16391,43732,33036,37108,103,47768,29146,30888,6175,14872,41082,49679,24495,33510,20867,44044,33291,25536,2642,48253,8278,48189
38045,40448,1456,26365,9264,31635,22609,13715,14557,42655,14859,48093,16229,39972,19331,48409,16280,7446,40144,29615,36598,17130,10002,42676,30247,36858,28513,32358,23521,33227
45067,19039,47078,15179,9703,32387,29105,10597,35187,17532,41276,11257,12771,40907,25612,40233,36626,16836,31890,15052,3609,21596,17274,38902,38570,40790,38500,21346,31912,32472
37699,24748,42186,35707,6456,18557,19905,15814,17547,8737,91,12732,23096,5218,1550,37841,26828,13771,5635,34001,30027,45445,4210,15663,22310,15665,4898,21560,12690,41878
14486,27949,13075,13205,17011,4792,14792,47099,37369,45963,46321,27616,22338,21296,9569,6096,1551,38586,25422,21863,45371,12864,7950,18599,42221,17522,3655,45724,18717,32529
29215,33176,47765,13986,14647,42044,29840,47450,40098,10823,9293,24008,26510,6957,2338,11607,9086,28238,19619,36446,1887,46759,20989,4925,20868,48311,38889,26574,41577,29191
24519,34038,19148,40404,35787,29187,10530,41273,29333,38119,16979,43955,41814,45360,30151,42145,2428,24978,19673,10849,17011,7339,12841,21343,30482,26982,277,17817,35219,32550
25634,49982,44354,20335,15626,10618,40426,30862,43019,46929,46878,29845,46818,23099,8444,27957,7565,37076,1645,43000,1113,37413,25720,13975,17164,37642,28952,2148,15438,3141
30348,48554,8994,17016,7009,13303,18725,23977,10153,37198,37993,24842,4726,24963,19171,33413,8202,966,32202,35455,33174,15598,1368,4747,21115,42813,6385,21022,3455,27867
44536,19712,7143,14760,20595,16982,27569,47311,26540,43433,45464,32808,9672,21822,41,45235,6986,7331,28952,7754,21207,46771,32,23789,22046,25105,39834,39710,19082,34057
38574,16266,25165,41244,30626,3744,19436,8698,36563,24333,35044,48298,49830,13769,37054,38668,12124,5412,41505,8369,16025,25220,4629,28965,13596,1991,48051,17084,19515,5565
45249,43283,5026,5082,16508,33174,15675,13932,35695,1883,41533,17529,32878,14799,41789,6680,18248,39915,20448,33586,23858,13468,16181,23178,30486,18681,15965,26775,31499,30289
32799,780,15390,45947,5205,33750,47571,41744,32036,48894,12718,15881,38139,26082,49101,44,7861,4240,46843,44511,6932,41474,41024,35415,40341,40222,22308,36097,33832,4406
9880,36090,23570,40412,31831,22767,9469,17750,45305,13179,21878,33972,13500,21456,22523,1207,23504,6737,37418,2057,5365,22540,9004,28023,28924,44076,1964,30884,37624,49195
22608,591,39538,34525,31534,22833,23327,37702,13660,40491,40396,16815,47898,42510,23150,36355,5256,44246,17583,49836,24608,18751,3667,25505,48410,47578,39317,4050,13791,21954
1610,21071,48245,40924,23269,19951,4314,12492,41318,22380,7180,45205,25396,31104,39978,26586,36560,6994,13640,14758,1875,49319,32928,3280,2913,22102,43157,7897,27818,11236
31639,30295,3881,34442,13444,11469,4414,8027,34403,22292,18969,36736,22401,11410,49416,32002,19145,33486,24626,6396,41010,20751,42604,10291,9371,48137,32185,46103,18411,34230
6852,9229,36407,14850,29269,8019,49134,7518,40550,39297,45248,25383,45172,32276,45804,8694,20642,25081,39971,5157,42886,32869,808,20801,42722,2230,35626,20608,18733,40604
19362,34228,21055,49325,35358,13708,18437,236,23702,15763,32616,44461,26067,41608,58,16481,48147,31810,29493,38912,11954,27554,34506,39609,9869,15342,1760,2054,21447,10700
27262,26566,32462,29669,39065,20540,20966,8543,23776,10857,20765,23933,12965,37131,35719,23146,13651,10193,24812,34844,33700,8687,38900,37525,39340,7301,29080,1610,35974,23429
5627,45609,18590,9543,32642,8998,16619,6952,10231,36020,19620,47901,2830,11738,8941,42860,40900,45575,34332,14353,197,33513,19536,7152,30418,45750,5936,15904,29692,26255
7607,28175,14779,4669,47110,38331,23866,35296,29875,47888,30903,13562,922,3887,42194,44334,7401,48425,19972,3186,36132,43369,21767,48282,33199,16666,8341,41295,23907,44089
47852,47263,23687,27173,43740,26298,7426,20466,16689,27406,38858,11953,295,6091,40073,20614,23768,34061,16731,27007,46948,29136,24736,19346,10644,26467,37669,40514,1410,10578
9285,43020,26403,35654,22076,10616,6231,31538,44441,35105,12207,13040,18813,19900,12064,28552,34712,38512,30056,46088,2503,502,16438,1632,18392,26243,14505,35852,4661,6748
22829,7318,29427,21221,42417,25109,28093,11542,36635,26896,37513,8611,21744,49004,35449,30017,31394,8055,15178,6241,11267,2341,34196,1337,5655,9975,1273,46183,25189,24755
20441,41388,3999,18077,18187,27987,26598,13837,31374,38909,3599,36250,23838,16969,8511,7569,193,15370,9285,3627,27523,10492,17477,21016,38219,24224,3013,19786,16148,22405
22484,32260,1785,31795,42570,35422,16662,18488,13565,49311,24127,43374,7913,18616,15996,36014,19070,4133,31569,37293,10803,11909,433,35991,3565,31796,15168,12232,29706,32459
29841,15852,47020,12442,14753,31830,40419,6286,36066,25025,27406,1427,3598,24102,26754,3433,1475,43927,27912,26463,15151,11203,23363,28227,17301,40305,25869,22258,46451,23832
13558,28056,12552,40460,3293,14642,46135,16919,47252,97,49128,18836,8770,29731,48406,14445,20197,16027,38151,16097,48345,30681,49854,35269,42613,7264,4020,25099,42940,2167
34152,38507,2716,34931,10707,20122,16001,25371,23812,19423,42437,30030,2257,22954,24659,48252,41561,42959,17507,119,44682,43500,36757,19610,41723,6621,40435,39908,35919,34713
31650,49211,38717,31810,48126,6390,2846,7090,7792,11559,17156,32046,12556,45844,36081,33970,33406,6039,39758,42048,21707,7393,40824,8100,33096,20335,19939,19673,47942,36295
22827,38353,38870,26229,14656,10438,40131,31632,37751,9422,36614,30437,17054,25568,14459,29673,3953,30140,20740,36840,10286,47033,7809,37930,5618,33236,37126,37449,6699,14472
31206,39965,2574,37189,18281,20759,26255,15906,42163,28531,20714,29537,13166,18071,11172,20526,6734,27807,12889,2505,23256,48590,17189,23534,40527,42500,17547,13861,27487,22215
6398,15494,49115,35605,22282,7317,32402,31153,80,43504,8297,48710,34701,41809,41052,12993,6886,21112,18584,39891,10280,3805,11840,26760,40693,28194,20209,38102,18286,37121
28716,47871,35488,5774,19044,29181,7870,17080,28650,37019,26967,30651,16029,28438,48255,10956,24352,24493,9777,37776,44344,48860,26578,27697,10150,25934,29964,1142,4309,35609
47317,7075,42733,22090,45766,17249,10735,5812,23837,15108,41720,15580,42452,43090,49375,48810,37480,11439,4857,4602,35276,30132,37252,6606,40140,39270,4786,19588,19958,6268
45664,14083,16709,32186,39764,10041,35383,47274,23862,26699,36448,28968,37281,21812,8914,1682,41648,21380,42074,43378,2641,3460,24747,26927,49472,4430,29852,23210,15479,13288
29652,17616,33033,3601,47162,45515,6461,18121,22390,22941,24055,49456,7767,15903,34380,38242,28982,31062,42584,9055,12727,35871,7536,20255,7840,32712,41392,25348,5490,11570
20901,19832,29297,10772,46216,17356,19744,237,36024,42122,27540,31920,26857,22129,27312,12133,17278,17032,29111,16570,36393,28753,5966,19385,15737,40344,11945,12663,46527,19929
4403,32998,41875,16436,35170,16767,11804,22621,34152,22884,46165,22358,14316,30319,44792,38790,21854,3492,7543,19610,4328,33968,32765,29039,19023,37975,24267,38978,39469,45269
19679,25899,28666,42037,44773,39655,16739,26984,44937,13378,4917,40286,47010,11784,37297,29001,7849,20362,17106,18996,9659,19331,42691,36435,2673,17559,4301,42548,18875,25086
2929,34122,5468,14765,9326,47136,43260,29149,48309,11114,48566,49438,20696,38312,48272,3923,27816,17115,45693,1277,27136,34939,23540,18864,31819,22083,21780,25029,29692,16393
46582,18243,849,27369,26007,49269,8616,44487,7245,44406,45065,38714,40238,45134,11,14101,3409,12451,12061,7671,2336,42357,12528,11997,47807,30775,32120,21729,42839,11112
7543,24938,27475,8058,36313,6644,17339,631,1050,3148,8659,11065,24016,15594,8036,15707,47365,9569,22109,30206,19336,37126,13547,31898,21112,630,33320,16037,38109,21308
1481,3835,6337,49633,40159,28214,21332,34386,25593,8093,47231,34846,42769,9815,35561,26587,11287,25535,42118,45305,45490,41495,7394,46904,32571,23895,31548,48639,6568,33365
22484,44462,22663,23676,27635,21009,31107,2217,14929,36439,11395,26659,353,20232,4082,45060,27663,41732,17153,17506,17904,36246,23221,28687,13854,2782,34405,11458,24563,45242
42466,43176,41858,24660,15813,12061,40597,34085,12238,49358,25386,10870,14867,5127,46747,34656,22619,35120,26682,32476,14694,39322,25200,12902,6718,21455,12073,20818,29295,24527
7168,14413,36016,370,11243,4928,33577,19705,24878,25153,10494,42197,35149,37575,4994,18096,46736,25777,41110,5045,30168,48859,45315,20813,9081,2449,33151,13671,18141,23250
44378,47504,21215,46097,7696,15193,38456,28435,29548,37663,24011,21825,3096,31862,34397,27197,48894,44980,39525,1630,40692,16773,27996,10993,22941,26700,14225,29686,48341,41995
10772,45045,18835,42163,37165,8237,9036,23324,42093,13356,1925,20740,49203,43207,27645,11634,34686,37653,27457,46157,9362,28913,24254,38740,4958,25113,41174,3212,9991,18144
48529,32145,41195,47626,709,10425,25289,12374,803,40084,5503,7266,36326,27619,16710,16083,657,5436,12098,29006,24599,3657,31696,34215,20953,31193,10130,47672,2763,1738
15986,16496,46547,10742,16897,47976,24630,34211,17403,2287,10193,2786,22745,16676,23276,27533,15876,44977,8547,40740,14629,44494,5907,23667,14315,26219,46827,38388,28592,41726
33817,36498,20170,37966,13679,15050,10861,13201,25712,48134,36190,31011,18306,175,23723,4788,38066,31361,4367,36543,14538,44549,18480,41717,13944,16110,788,44687,32834,2030
11433,6337,44441,20710,44108,2086,18601,20525,44335,13567,43916,38184,6176,26424,28585,11782,13437,20842,46187,10600,39160,20714,22202,38123,390,12160,12658,11929,4479,5930
36170,43248,31149,16840,2433,34370,45883,47431,10470,36876,8107,36427,24476,2619,36863,22446,12386,38850,32203,19633,11343,10963,18289,40283,27353,5916,2597,16041,34014,36488
10495,16392,29158,22461,27594,49217,10041,37501,45199,35014,18356,28061,25457,12664,4151,42338,22049,34368,23205,27202,16441,14317,37984,104,3006,49806,21135,22600,47419,10034
21692,5147,14530,25362,43002,301,37390,30309,2007,40066,47921,19276,40523,41259,28240,49212,30191,49098,28775,35953,5227,25039,28338,24277,38538,35052,3628,42545,22325,14046
36691,3223,37686,43051,44071,21628,22573,9760,28575,12641,49845,1396,17854,39062,40451,23790,19794,37286,41968,3676,37422,48328,35442,48163,8191,34197,6847,42735,45315,2732
27943,20745,28290,15980,37333,37750,48317,38473,26850,29739,15545,16229,38089,8515,17924,32068,10092,15591,28685,19431,33235,23925,12440,45333,3555,29661,16056,4687,18830,33578
30282,2099,35940,3093,42451,3654,41141,42834,9683,17818,20610,2507,37927,21346,15780,49322,16059,19002,34669,34930,31686,2360,36898,44845,27368,1085,18268,20180,44816,7019
15195,34065,16261,47688,22360,8484,7974,31916,30153,29111,21555,623,6735,37531,13543,22782,42700,46252,13602,2757,25668,6384,45936,33393,32058,162,34435,38139,36640,30726
26546,16756,3350,28818,3080,5750,41388,37070,44654,29726,42183,10349,48501,23820,1715,728,7392,3693,26095,35471,27927,30859,2181,6381,31181,5078,30209,21493,15241,39067
41272,15398,47816,48290,48787,17925,24548,48013,18860,42882,3744,48483,33291,41125,49297,25925,17952,41793,16669,42963,48023,4162,17829,12113,18225,37144,15739,10098,36349,3032
12089,11884,41786,12876,37839,2031,9243,8825,27768,42168,30409,29955,9192,32129,36299,42826,48210,27217,6109,11717,31933,36979,11688,4951,23177,28204,43009,4121,41485,11335
12216,45365,12380,34154,9668,41400,1554,18945,33782,16108,28922,27132,22868,43251,32721,44366,12261,32910,15403,44036,37377,4328,45364,4498,23250,11855,44128,14764,46700,11576
41975,2886,13600,13867,3807,3524,5867,33281,43267,28845,33000,48877,1795,49397,17265,29486,7092,30608,22279,49034,12100,30158,39408,30610,47358,29714,7845,42148,7727,23859
43078,47410,2188,6388,24213,23943,44886,21435,7382,34330,30200,10276,42658,46276,34706,14984,18597,35128,30255,781,12227,8649,37435,31116,23246,28615,37106,26006,14530,38682
28321,43611,26362,5574,10103,426,19700,43681,17550,12456,42098,49052,26360,30000,773,6195,48879,42496,4314,32401,23405,24388,31273,46121,3028,7317,25173,40714,4480,25890
25925,26550,12513,28362,3069,47719,32914,43985,46258,6037,10570,45353,47345,8455,12059,8739,46277,8520,16034,36824,32893,17907,13885,49286,24474,44313,46860,40354,35155,48126
1914,3262,4758,41828,21816,37854,39948,27634,15493,16815,14099,13542,38295,36787,12813,32120,28229,45795,18200,49185,14462,6717,21192,22483,12166,37314,47241,47889,13862,16668
48326,27437,46918,41955,11420,17513,49964,1945,37037,37070,26473,16490,13300,18109,35018,15523,3392,32992,34436,17762,22833,38508,43766,8225,22860,16181,31858,31502,41916,11548
40247,49054,5461,31136,48182,19225,8727,16376,7933,336,35457,34978,43217,33603,46155,23855,13393,32430,27831,21941,10517,12415,33887,38412,41066,7869,39024,19914,32113,10834
12932,45450,42377,27944,35183,245,16523,564,26505,46043,2654,29560,23600,17352,40319,47533,37300,7712,23796,22528,35087,40456,35615,1958,27239,21182,3205,25721,46422,14773
29464,4342,1000,3987,42148,11369,10105,33101,16906,35204,49313,5580,21785,20033,12856,27764,43779,48191,43509,11490,34967,14200,39113,28687,14983,49455,13445,49342,41137,1471
38811,18425,7784,5814,48238,30097,1234,43692,44565,8621,32951,2929,1107,11579,8001,22378,12022,11490,12656,35173,39287,23306,35445,16992,4930,43849,26772,39082,26738,25116
28152,36829,6257,46707,43901,13731,23505,17029,11862,25235,6974,26961,25326,43911,38004,35697,6170,17314,33778,19709,32589,19322,29632,43700,48260,8240,28326,10907,5817,11156
25483,40454,7066,30256,35541,15725,40782,28135,43943,24453,18048,546,20043,25250,3308,22703,27488,30947,18179,38959,28110,29853,19601,7646,14334,40086,14900,14047,4873,18933
292,20045,10440,19673,44675,20693,46192,44659,40811,8292,31339,28493,43170,3192,26222,44023,18113,38611,47111,26392,19460,42246,12895,7676,6354,7811,19365,40646,10983,44821
46186,4229,37478,3232,49270,25207,13244,7051,8952,26374,27335,4405,19400,19901,33955,32327,13193,3106,13051,3830,41618,41380,26938,20148,49797,17808,13612,37367,33634,44830
14077,10202,47292,42818,40305,49912,10455,22761,29194,40379,34486,16674,37739,14106,33811,30104,41664,1345,1961,11218,14776,31728,17300,49503,5185,8938,41593,10778,23948,39172
13487,37459,24382,26462,16718,20270,9689,34385,43935,20499,6121,40280,47133,16621,29047,43512,20244,9460,30220,2107,1923,33762,29512,27224,5252,10726,39403,22703,37933,48550
18242,46383,23025,22576,23146,49624,19804,11573,14166,7312,35880,38454,49029,1602,28919,1316,4502,9096,4222,20191,25814,7398,37824,43866,45532,48073,37103,36439,29002,35964
49305,27872,40138,44944,40836,7968,45205,23907,29946,45869,18932,23568,27603,4301,45068,20601,23157,26970,44056,34806,30991,13299,17807,12436,44647,32697,34809,30784,49845,40478
46122,7386,15571,32807,22441,6810,26913,4067,24132,29611,9760,26717,34438,29969,24998,23306,14547,45482,41479,7183,21639,20271,33882,12179,23032,38571,35082,15234,44084,13986
4101,33549,7469,45579,49327,5227,22078,44174,23884,29375,31972,28262,19176,17823,27777,27871,42679,42494,29427,8870,8797,15889,44010,17806,40560,48794,39266,39321,23233,27455
37838,29614,24238,7533,10754,29523,5438,31571,39936,26262,1813,39986,29129,32243,48825,25187,4847,23442,46909,21217,16910,15740,4094,45294,20824,36308,37330,49963,30025,34681
6669,46256,474,29408,120,770,43339,33066,25999,38693,48843,19487,29241,6242,42635,22491,1265,8992,8559,39112,8296,10954,23818,36584,41695,8022,19105,15690,47430,30130
35186,4735,23990,8547,45483,11538,43297,42268,40142,34042,46993,40413,25244,9191,44191,38913,18788,21655,25780,5145,31437,3993,45035,47692,851,39443,7487,6654,31078,29306
12253,22377,37116,7961,24282,19199,817,8106,14943,11398,47406,1246,19590,41976,16028,32324,24907,47495,36734,17796,11712,30142,9998,24541,7810,14010,44971,34388,21742,6648
23973,30468,22129,5177,20941,12246,26631,41728,536,46913,46601,3880,44602,29107,39446,20681,29954,36710,20648,39736,45164,36685,2469,45603,35083,13978,2872,18475,5734,19079
21364,29399,4346,35720,2056,5537,40962,43596,13837,9774,37204,5328,32453,33428,44621,47067,42733,279,49032,8524,32332,15392,38697,25714,44689,7140,20534,7477,6568,42833
12916,16307,39502,9529,7989,43925,47865,5159,20447,11567,17618,41082,34605,33270,29614,30002,48680,48989,19776,38941,8668,27934,31985,23452,1255,17768,4854,38050,8002,17769
29987,33745,3591,31306,42088,38289,9671,1376,25041,47434,3493,46906,2474,16819,36695,15623,26995,19883,43384,32815,32078,3294,10709,13220,10747,4696,19759,36241,13107,11628
7469,40024,19726,32329,37351,35751,19837,20041,34345,31303,18658,12239,24290,236,22610,36104,34576,22031,8357,3345,7096,36770,40925,27651,39318,13125,30558,8803,44890,19371
17194,25612,17042,29845,9292,22132,28753,33935,758,6287,33558,35843,9787,5773,2163,9768,41151,30146,23840,46624,1556,12093,16786,4424,25055,42523,7339,5834,42963,11976
43956,5270,2166,41249,15815,5322,19487,6882,5062,19154,35804,39409,6208,8643,15631,45118,12716,8299,2907,41671,6121,31905,13418,3831,47759,27687,35213,37397,23015,17374
32079,24341,44094,33399,37291,46178,325,7372,38825,34239,9061,25834,32033,48612,36085,13188,16065,22644,23576,35612,21910,789,27402,14946,2904,24492,1819,43178,30684,42180
34585,28262,3519,17967,38017,32211,40784,32768,39091,19637,48457,22786,30484,22895,20660,46716,15124,3391,29331,11445,728,35932,35737,18178,30849,39326,31895,5499,27781,27334
41885,9263,29104,25792,16030,29005,4593,19292,7205,42839,25962,28018,48959,46552,19323,43660,3743,43807,20976,42003,4892,26392,6673,37333,41278,24629,30794,45941,35289,3179
20540,19347,34036,31305,342,16180,48695,33109,12804,40853,29667,45827,38232,27820,10431,41677,8174,31145,29665,23166,27458,1886,13300,23050,30881,38359,4137,18298,47520,38361
39124,30972,38366,6740,6970,32161,35799,43111,9087,10531,24043,36803,5929,34715,13472,13002,18995,44637,1717,41956,23033,48600,33764,35264,31869,23045,13076,39667,2238,8646
25470,42804,44915,15426,9711,17076,43561,20271,36096,6438,33333,26489,30941,30674,10972,29843,10837,9175,19650,40553,37211,1426,37992,20434,16719,41559,47127,38532,37105,1747
40063,46560,11625,25969,44365,49383,33728,20593,1413,49319,30008,9065,43021,5823,3672,39157,6984,21505,16991,24737,10980,23554,44255,4907,27728,1623,25667,30064,18852,24248
25726,43242,14809,8703,31792,36153,24902,29069,44290,42833,13950,38812,12048,18624,3996,24330,36269,49639,20799,8118,49223,10133,44959,31992,1886,7651,37245,1055,23968,11735
38470,43506,9700,35262,47414,38187,12982,45797,31958,18788,46449,19640,40812,1036,31409,21019,32314,24113,43315,4347,48707,6306,37646,22129,17488,25662,22709,4360,37591,18256
7487,34149,25424,23135,19145,48180,6070,37526,22949,4421,49590,3002,17924,48315,20846,21977,7132,39759,22125,36958,46694,13803,5764,6605,3819,40661,3658,21440,31728,13917
22802,30732,27220,17002,11969,21019,24034,27164,46965,25952,9213,31761,41768,30291,22649,29724,32980,18868,1696,2797,26898,15268,18242,27491,907,33273,14712,23531,13653,25180
23068,16763,1861,12370,48952,20108,3289,6721,15519,41268,40189,19580,5292,34280,12334,21891,25347,19983,35509,46144,23734,16590,18625,9905,38441,35798,13532,44077,35041,25291
30007,15602,26602,25292,7409,2733,41688,14464,15177,27095,16097,40326,7492,23030,16556,28345,29002,38551,7636,17471,16986,22862,31959,48131,18167,24430,26241,42972,49780,17474
40460,35137,16614,5076,37141,1898,30867,38657,38276,30475,16266,43334,41198,7125,24925,32044,25512,8039,12923,24602,642,45458,29185,6658,24652,18698,3835,29824,15236,49114
11307,31522,33971,43845,29133,25148,34711,1743,14871,41983,39266,40457,387,10978,47722,1640,9403,735,20149,19047,13582,32775,22546,32495,34629,45502,17512,40221,27394,33487
44145,37484,24489,10152,46781,21125,1001,28742,14819,31751,26638,519,49834,6853,16756,42896,48943,38866,3928,13280,3197,25331,39418,43548,38235,40928,40344,49951,17028,33499
46268,38178,7931,28672,40848,12454,25125,23687,28107,14756,39662,45651,25944,12578,3931,40109,33522,11450,19671,35714,32662,46518,779,8148,2402,2599,1622,27947,46952,46581
19494,6027,17281,41351,25888,37734,31053,45597,5373,23332,29469,4731,34263,1592,20,32731,49520,927,9440,46751,38315,27915,3486,18126,12707,25106,46762,47698,18134,14823
40271,12561,26334,7523,43537,10919,2337,779,31238,11109,37412,47536,2789,3376,39837,17998,9720,28348,30942,16983,25967,20994,42268,33546,15030,30771,44010,23314,32741,42151
38678,47001,25727,32243,4185,10756,2792,44248,25224,13283,183,24136,6700,23035,46639,1340,27193,36497,22996,12448,32586,17807,28248,10227,23818,41703,2356,357,21821,33062
5555,12737,5339,22884,18906,37921,6171,12393,47725,32040,49342,44698,39394,34065,14110,31405,31013,2376,21337,3217,18528,5165,33874,8099,37623,46567,33699,13332,48813,31429
44048,45142,10542,43255,4306,8018,35437,14028,30502,18963,48935,48564,21591,43190,28249,21791,11349,13145,41759,26420,32899,27780,23846,10260,19570,28949,22060,5784,14643,3283
8779,49119,34607,49839,7068,26792,4288,27461,12743,2998,39222,49267,5760,46773,22215,17395,39822,5238,41433,10329,17703,13060,41804,3154,36020,8225,34637,48010,40636,442
20525,40403,30590,28961,11735,31859,36269,39036,12137,28356,33695,49567,22557,40298,31913,37226,17865,1714,44033,2363,44656,5208,32945,34612,43989,40162,29513,36175,42949,23202
7725,23452,19038,35727,1532,11072,10271,36896,1353,45631,12318,22944,3675,10202,7988,43529,11054,12462,9217,15831,38326,28445,12011,43785,42894,5428,23788,45995,48157,36974
15636,38324,38977,836,44655,6441,38005,30241,48244,47477,9562,6881,854,42780,2692,41178,20524,49833,80,18943,26853,32696,46883,32556,22452,8888,43658,4401,1445,15096
20014,22692,11835,20177,21090,5419,965,17298,30741,1687,38548,24297,45618,23299,12805,17810,25477,46694,42867,28031,15593,49063,46258,29085,32887,44380,12412,25551,28866,26723
7665,42673,32531,13950,30728,6467,21214,15240,10789,39876,31774,3810,35799,3680,12490,42732,43691,33816,5524,23240,19637,28522,36197,35703,19278,3814,19311,27569,37282,9507
11997,2408,8525,18761,20111,34924,46191,17700,4242,1758,6755,26106,485,10202,47705,7805,38983,36572,16241,23874,10709,37007,29323,2020,1602,37053,49260,11582,12758,30235
24465,17387,16719,19243,39456,38234,37508,27520,7961,44440,33779,26925,29422,46625,47120,213,40025,30010,34469,41597,13882,26093,49142,10762,34651,14434,4271,32651,38163,802
45446,7285,18491,43140,4489,42607,34468,17602,11374,48457,6864,48156,17376,27969,33532,5530,48420,30671,32467,32897,38304,16340,3348,45801,24584,691,635,36866,34185,21438
9265,17103,13413,6216,25308,28817,22384,34905,701,4545,28266,8472,42366,13731,22650,13958,11406,39929,9558,45600,12726,6413,21960,20379,34,32048,20559,24261,39005,29026
33478,7055,30888,12867,40215,22765,29258,5345,782,36208,16377,9462,27886,37917,18061,20322,41783,32338,24932,29150,733,43121,1355,44331,25835,42036,3799,15525,7014,25529
25459,27756,47491,19106,31229,1434,15300,23030,13052,13635,20903,28533,23159,9187,28968,49102,24324,14457,18818,21037,32159,12701,21408,26507,42205,23905,20242,21001,15515,23627
27410,37788,45306,42032,27777,34346,39576,28946,28619,7940,30472,40410,42445,36523,13072,43106,29876,10766,4898,41029,20572,2873,929,42709,43419,9180,18370,3151,49362,6684
39088,19969,17267,22859,27949,47505,24271,31606,16147,11722,48493,24492,19325,7654,28141,19809,37728,32197,3692,28988,16616,24136,36340,1414,12442,44162,137,15765,32524,11790
9036,2428,12041,9592,22475,18407,35610,41112,38361,27183,47383,43434,34819,29975,39239,42146,49200,30298,6404,963,24368,24892,47880,47789,18457,15592,6828,18791,48572,16269
37671,3265,18373,33781,35044,37466,24583,30281,1161,35609,49920,28961,7915,3694,45430,47118,3231,11537,9807,49776,28130,13790,31408,43558,12784,15130,3025,39807,4319,7287
25147,16980,38590,19317,10423,35990,3498,14160,17051,27121,16757,39697,11635,8637,49839,46018,24074,38696,25356,42924,17786,35339,29303,30892,8596,953,46581,32072,29216,5047
27725,26147,44015,23801,9246,33771,39924,20025,31152,42803,39491,44196,9389,48615,6822,48742,41462,24925,45797,30995,35381,20938,49428,47459,48878,14050,12211,3369,15347,36610
12174,14109,37276,12005,48471,36566,36121,25678,22966,44329,26854,11443,46228,45813,11099,14717,1509,17132,38890,49733,33044,29124,40584,8796,42544,46293,11991,24979,39280,28997
31895,37958,49698,18821,29044,11971,26086,11801,14897,40064,27463,40851,44545,40322,13644,40327,25949,44091,28,2711,22997,3034,4801,22806,47497,24318,45812,45687,5784,10105
41649,2824,41626,16472,2422,32700,49224,6956,19121,41356,21358,36038,22867,2661,32058,35992,17064,41607,28051,45277,24123,15176,15358,9949,1030,30850,1896,6691,42421,16360
35218,48410,18542,30781,5867,977,25582,2953,40429,23732,2585,39405,8529,46524,27624,20717,10604,34950,43770,3610,1426,13323,29124,43360,13105,12698,32840,14270,26278,29347
45445,30748,17539,30713,11254,30219,7145,6855,5052,296,37940,30539,5064,6936,25463,29795,36244,17419,21492,13004,10396,3694,30944,3667,1567,2541,33696,25951,15952,3073
42288,8453,47328,26273,49223,4467,40955,15462,37506,39045,45546,6596,8035,37233,1291,15304,13562,18473,26576,12608,583,10885,48786,17630,31984,30289,14968,40064,2253,37543
11354,40529,46082,4646,34372,42401,48769,37203,40933,47469,20254,17462,5766,5514,24783,35472,22032,18922,707,25982,18600,15305,12647,21944,16678,33412,26054,49192,39912,26547
36367,49300,46930,48083,8107,16020,43636,12279,9286,2229,48181,15355,23487,10150,14841,38678,21635,36862,3008,10919,25011,24242,2096,15387,39827,27682,47100,32847,12848,2892
10936,27095,40849,43079,49821,17651,20107,42675,15539,46843,48694,11342,23127,5792,29764,10602,35432,16998,990,49786,29220,48654,4865,37601,18017,9083,4834,21440,8144,44642
32090,44206,966,9452,38642,7367,22237,42801,10770,34092,27627,1870,48991,40182,38592,17615,10929,16154,6428,1740,24032,39932,7906,5582,5319,33848,8163,3062,13343,17135
18930,17740,40132,8050,22806,23968,10771,22211,24080,44818,19540,45832,24824,6131,21814,39153,7836,23362,48615,15166,36886,16730,31733,18900,32248,10883,27240,18884,12779,6807
9195,48300,17399,27904,30730,22343,24822,12508,9372,10068,32134,2865,32532,430,1303,8324,25399,46320,21650,43003,29252,10336,663,3151,43547,43094,16798,15935,1197,26900
12262,17799,34251,41778,25065,44605,28983,1596,7771,38919,28441,49297,15094,48403,16986,18960,9315,1971,45309,2879,32559,36650,14972,3263,10215,43688,37489,22569,48338,36768
20617,19644,20002,12700,24040,18904,10173,44188,34284,41419,48514,44020,7963,43498,3714,47480,43225,43866,11684,49232,7290,21460,19106,4334,2591,29499,43756,40973,3707,24502
29557,12636,39344,1873,49821,42086,28367,28817,10433,34915,24317,12419,40121,46439,21262,32229,15581,45265,21253,25084,1316,49664,9854,32115,27586,46870,12337,34788,37989,29287
40594,26157,326,13864,3022,30457,39641,27307,3974,10509,2022,25059,30944,4825,22003,30922,39220,13585,30335,25747,6666,14631,20178,8306,32722,28097,36189,48712,25498,14018
3514,821,46671,24389,16218,34561,39006,11562,28331,32291,2860,47355,32128,42152,49830,686,13647,16864,34349,34017,41098,8928,47376,12270,1649,12483,17526,25844,4517,32188
23530,45783,42779,27701,41030,7055,33129,20937,13279,30802,47636,26491,41966,23644,43362,30282,48332,3352,46235,20160,7768,14512,19819,39634,24915,17091,48303,44893,16374,43809
629,8835,38982,28187,32127,32656,10271,27218,39088,1187,40092,36096,7768,4180,45591,25771,20874,47480,48858,17371,39799,12942,10543,6078,23860,38017,19663,41280,24675,44074
31760,34609,31364,2602,7655,15967,2858,1362,2167,24773,41069,24431,26256,13995,26912,14801,11055,22398,31565,2524,39333,20462,3585,11348,49379,44643,3660,29610,14319,8170
8948,6426,39211,28105,45530,2196,21049,31865,48893,11572,44260,47087,32381,19046,1889,23746,6462,14845,38395,13198,41894,6733,7677,14486,46357,24170,42704,43384,19391,26979
12788,37697,32574,19809,17019,898,23943,34743,4845,22340,44982,31564,3517,11227,39547,43748,27028,45616,11483,34655,3910,44588,26122,30274,49690,15431,28858,37909,21499,9384
25163,49981,43549,49215,7702,40830,36820,16427,126,35732,24130,1242,29017,20029,563,13564,31993,22344,44800,5312,49742,12145,35189,43284,34678,12496,42679,21325,49126,7967
36804,28745,16381,26692,7926,31807,49803,34930,6566,40487,37973,905,49882,15611,36375,34012,19760,12018,9923,21554,25687,4164,30049,31416,9432,14464,15811,22601,17808,8049
33125,32866,3221,8120,37937,28664,36098,4200,26777,36373,45505,40848,33913,31482,45527,21472,17898,44684,46965,45098,18670,9336,35544,28320,25425,17797,35387,29992,31776,29714
42800,43861,13739,10237,17053,5441,2900,41483,1551,17691,32520,6944,29069,42131,44090,37274,37768,49612,9439,36903,11316,16388,30585,5848,13359,41792,29353,42743,15785,29021
32439,29973,7217,27544,35684,1726,34727,15152,42418,32769,32646,29218,6232,8380,8138,37085,13281,22413,44080,28744,32449,29696,46129,20728,31514,30089,35096,3232,1058,8569
26814,46981,29057,25906,3188,10929,28965,45081,7065,36049,4484,34148,13915,19584,15952,39746,38180,12301,1088,33588,32168,45533,46753,4414,3851,45011,9173,24966,37003,29081
44873,37262,12517,5141,43641,27441,18678,2543,4513,42505,35758,26517,26511,25601,40842,30445,27649,18987,10548,5683,26300,32835,19865,31596,45507,11,10475,24418,15360,30894
32226,16361,29439,13704,37793,46803,39262,18519,33523,6292,8713,34757,9343,16387,4533,9384,6007,18162,43584,14237,18912,22657,27274,5415,38758,28453,38008,36016,32320,25670
27239,4857,6329,33379,4874,36795,2843,49592,5958,16319,27724,29943,6380,31096,42227,22710,2531,13606,35409,42229,29578,5878,27184,21574,5129,28137,30212,27333,45822,27189
46540,10706,20063,27534,43753,19001,5576,23554,33143,27392,17124,7876,30464,43900,29852,35899,13672,26663,30191,44734,44747,43890,47685,35812,11808,10215,24273,24458,31803,4097
29089,34486,7608,28377,11205,47247,13322,33992,32826,13301,47666,34257,37657,5453,8322,33624,37450,6661,22685,2816,19525,14535,8331,24374,38960,33842,18569,45286,5976,8954
32028,34670,42305,44007,2859,3736,28427,40942,14364,42672,5372,10988,34185,5923,22899,21636,17059,10545,28448,15167,35584,41465,3796,8821,34621,365,27504,25182,2794,6495
10962,20053,2467,19628,7507,18336,26737,12398,39477,37608,6138,22803,47983,13676,4087,27571,16386,3627,7721,46939,4058,29500,4923,47394,8365,14677,18174,49256,24219,31153
5418,2544,28955,6488,34111,16425,41534,35058,27794,42361,44152,9857,25736,30388,39906,18078,35353,15366,41799,36777,36789,7215,11641,25035,720,20895,17685,11462,20248,26325
37054,12109,26282,48480,14482,3895,41884,19269,5992,7689,27349,40823,41033,15973,27749,33243,22542,15956,6131,18956,46191,26499,37622,23674,21235,19513,14476,39985,12200,15185
2023,31735,47223,4603,32378,16635,25260,47020,38021,22616,47711,35183,48109,6397,8797,25517,48695,45460,32716,16968,17057,14107,10930,11127,3278,44467,38746,20193,11928,39729
49877,23392,6906,8184,8402,8086,45618,36971,42959,36055,8033,38003,23422,22118,21047,38042,5596,7518,23353,39232,12237,8334,16086,48930,28845,44333,24763,6246,17047,22441
14453,3566,43001,15296,36581,6916,29943,27878,29063,7482,47176,33172,23470,15668,8438,22909,4476,22847,7106,16658,29101,13738,29569,40540,10961,19268,36037,7197,9276,39513
19143,38289,2672,32072,17759,34466,11198,44094,24871,11160,43725,13048,23543,39919,14354,30104,12796,21541,5086,8606,46514,9299,14730,18249,18614,31217,30946,42644,31261,17533
2143,12024,37467,18764,12475,46991,10086,38550,10585,29144,23393,43569,33862,2191,35053,9395,25870,12212,41219,16229,31320,34147,20307,22313,41241,46050,38824,28176,11477,18124
18013,18384,1958,14431,15460,42131,27509,26250,19233,31230,9128,49641,5697,33061,29216,11460,1683,4927,19434,31797,11678,21737,18495,11079,44355,33674,22678,3514,28123,15270
14736,7570,33857,7835,39288,17921,19894,36629,19965,40501,26942,11919,40124,37437,22773,36564,35331,2712,26789,49649,8516,18007,19133,12643,14800,35351,35895,450,16626,5758
35233,35530,36472,28207,49251,28836,26366,607,49528,5713,15477,20298,14882,3381,21682,3373,9817,14886,10160,35027,10069,23326,29270,16799,20214,4364,27136,18744,22728,37346
18919,40615,27265,10280,29425,11480,30103,34307,15156,2568,40643,29733,1429,17664,46679,14286,7039,3094,44243,36523,8821,36458,18373,37304,409,26314,23348,28484,17212,38196
11024,27516,32832,8257,13851,36822,35954,28172,15190,47886,22665,33584,20804,18971,2680,16901,25531,23279,42948,33848,29036,12891,19554,15738,20535,27085,7961,6765,4480,25472
29972,3107,41453,17946,48477,11961,18589,10911,34535,48431,10432,13976,7275,34519,46438,15375,40360,46428,37945,44523,27767,21450,35960,43915,17973,4397,11888,48380,14065,6545
37071,37710,11204,11780,14523,10614,22888,33738,36185,33589,18213,2400,40133,29520,29417,25144,5294,15600,20326,131,26745,46446,14525,39988,15460,40857,42415,4476,17920,43878
48662,23000,7643,15370,21173,30385,29256,23864,26342,27722,12401,35108,20458,26973,45611,49865,17075,25722,21287,4305,16266,24834,5286,34463,30903,7742,34030,14141,19777,37816
32461,45305,44459,37017,8684,5380,6274,45041,36047,28086,38966,47299,37847,9186,36924,42770,45224,45263,34854,28380,44904,32602,12560,12685,190,47493,41588,33817,44900,43157
36027,7831,17669,22619,35267,49696,29457,7789,7570,16673,3063,39455,27247,42633,15553,2443,18236,3287,17318,41259,7513,47043,21452,34723,15822,37317,20761,19385,45256,35047
33477,542,35385,17263,11853,33775,29490,8431,21804,32424,9209,21004,12072,39078,19881,34777,7250,35414,30391,20235,22940,723,2733,824,18731,3901,18692,25254,31511,6240
7420,40868,37365,23783,14242,3168,42262,28882,19772,25427,13031,11738,45350,22459,7447,7362,25535,9777,6385,45695,1981,31530,36683,33452,21050,4338,21430,44278,30478,20972
37534,19672,2924,24837,9793,33368,16769,23219,17947,39339,18859,44039,33134,13401,25237,16022,30000,11152,38833,25467,44516,47382,22779,7150,41404,8037,1924,17326,27637,20221
7485,23446,8398,10181,35637,23394,49140,22641,12263,7121,7097,22983,6793,39439,15966,27751,23218,34316,7603,38309,27024,21812,17448,44507,24149,21876,26302,23552,26707,4928
17557,22381,40231,16179,47284,45026,4445,12154,35537,5344,14327,12370,34100,16561,48417,24762,27507,32529,8500,3863,27454,35516,19507,6313,28070,21257,6929,7635,25843,28722
35594,63,35779,33772,2339,25259,14031,37224,20791,41587,44371,6923,5072,7959,12274,49669,26073,31617,32286,10418,8576,41360,35471,18976,19118,34148,44130,32813,26320,15500
24043,15033,10463,9374,21586,3344,43011,38265,14023,29480,48229,4207,31737,27108,22635,49818,3144,34629,3629,5776,36683,6292,17046,12990,48451,25033,24849,13087,48491,16519
35524,35026,44009,49687,42250,7527,25079,47722,4733,48497,8120,34539,40225,32652,17963,43733,24804,9519,46414,48739,35899,15277,40987,3424,39224,29072,34731,35816,237,13135
49597,38636,42860,15761,8385,36068,33175,29293,27302,12819,28915,48956,288,16425,47315,22337,9603,26608,10331,8908,24736,16417,20525,24563,17321,1255,42832,7562,18535,16114
2727,20245,32226,48323,13820,24579,10472,11011,2749,31444,41427,39031,14859,10035,35593,37046,26020,33857,43980,44351,18229,35448,20397,45494,44831,14374,43174,46213,23233,23794
49808,45641,34659,46190,45954,19864,20102,12010,20973,36293,23267,834,29418,43412,11631,9439,11481,27565,18312,2705,16926,16330,32948,25994,600,43552,46797,1994,16028,8346
47120,14101,6990,13294,33764,37001,6191,652,20774,4146,37620,39947,2162,9177,5648,13105,4333,21502,47467,18363,12814,21874,15966,37153,38188,46472,18338,2687,26941,10065
28926,530,534,21127,22524,31800,28231,14492,1724,8013,45713,526,22864,5083,16093,12738,37324,38637,48212,4883,26572,35769,6677,23706,25670,48105,45221,9394,9310,44056
35806,30266,44842,34339,9756,44687,30123,26174,9269,34673,26123,28681,48898,38821,8910,31649,10793,32977,36348,13153,38621,48578,34677,41428,47199,49792,31478,1292,9729,21653
14323,34149,40993,23508,15192,20939,26720,28651,48768,23056,45399,1052,21517,47533,29011,42342,33877,43481,32595,15415,37698,1641,41150,22969,10794,25424,14522,22137,26061,7522
27863,40928,2743,35566,31120,41572,31681,18352,45168,10016,4507,17669,20007,12550,7466,18326,5946,14438,12694,19250,6806,6271,20661,32059,33077,12697,23704,27143,22973,3032
6712,37531,19605,30023,24984,5243,42313,37423,21510,13229,13774,15902,9351,1392,260,41517,35586,15536,45885,13467,2719,11138,15381,28141,9960,6922,34824,41908,11204,46605
48234,28869,41816,6156,23265,16768,24967,20064,39996,4408,3061,2250,4103,18248,25293,38188,20118,8525,14921,40338,43892,18241,38525,111,9,43690,26925,18989,42304,34761
42840,8627,12442,7282,24577,24058,43601,32672,3966,10538,31905,1253,3982,34235,6614,20659,1647,43664,13345,27481,46942,27342,458,42801,37569,7324,31221,4803,366,47269
49241,21211,38048,5424,20778,11319,3745,4496,29387,5355,12766,48447,11851,26795,16973,28959,24459,10597,7913,23612,20163,20027,474,31436,49084,1518,43099,25968,38688,15406
16223,31371,9343,26552,234,40417,49758,43103,10047,40691,20280,29455,14440,14731,46051,27713,37369,48927,12900,475,31905,33543,25911,30838,25116,46380,38812,24768,31314,27238
19511,25349,7926,29798,219,5872,19231,14751,17965,16024,7514,17995,25039,9025,19366,2957,19998,11702,1002,40277,4892,30581,34368,23613,48657,14249,47172,38362,5627,1536
2113,11143,42434,24761,15603,20615,32472,42600,1431,676,23271,12526,48701,15784,19373,24639,2055,5176,33103,9737,25542,33800,16768,7436,19338,9755,44745,43254,47461,43032
29474,17463,38439,20188,13869,17672,45100,41368,31107,4729,14639,32950,27407,12420,14618,15941,313,49,13524,42899,29208,24288,6308,39447,32838,49704,16115,4286,20246,27057
17224,11867,3198,16524,45149,12056,9548,37805,31000,10612,7960,35365,14034,9436,14337,35552,19025,40427,5018,45282,36124,43580,49309,923,47153,8203,21387,155,42756,21911
22845,40946,13383,23704,36683,38145,22839,5345,6393,44261,2956,46942,23725,46082,41963,43744,14450,11211,4519,11363,20414,20843,10380,43451,35566,23838,17737,14091,47855,10182
5701,2118,25034,12223,35955,29098,39709,29999,20536,3148,43372,17810,30697,15086,42686,18671,23622,30886,9404,5432,27326,18792,23021,25890,32209,11306,46322,39708,43283,38219
28775,24699,1650,213,41286,1984,14280,33604,20106,10306,7136,6924,11509,38501,33309,28225,17115,45100,48675,7246,40007,26438,36404,20116,43400,4859,42475,46847,6019,2424
7694,30546,30438,38442,5668,26748,17923,35561,29206,35584,49082,1150,500,8450,35791,44488,38837,38829,14723,33815,11456,46507,2500,30206,48871,30366,24737,48743,5988,26011
15529,38868,1105,37797,44483,44133,30223,34633,40260,43289,6725,14662,24362,31855,15128,26712,1772,32986,33556,14060,23827,30946,21961,16153,21880,21529,7334,28908,38850,2185
13755,40404,29790,9163,28574,26514,32464,49150,37572,10177,10538,13635,6228,40322,44511,2808,49313,14194,25622,36067,22438,36887,48778,7202,40280,7808,27166,14607,48775,14033
48341,481,45914,21425,36024,27869,2974,34451,23747,282,42204,18638,35651,675,33412,37839,3976,6458,49914,12923,48979,42233,22791,5808,36464,6598,14413,38963,40408,35376
38531,28916,31070,17357,49613,32060,48466,25365,8918,26877,28374,9158,2219,24331,29526,48212,18172,48779,40843,35003,11848,46225,20809,25164,14800,23633,4,20621,22574,856
45164,14540,43179,42172,24644,35091,26604,42067,47626,15137,11797,2058,5302,48632,42089,11817,22245,32535,33351,29720,21491,1,35220,44361,7479,6623,38631,36759,48073,33355
22979,26006,48781,16230,40481,26924,27339,23299,33192,46297,37296,7978,45201,26891,4821,5390,36598,42889,25387,40361,12037,1260,6597,11156,46098,20263,22891,22428,2520,30215
46580,34157,14590,9598,26099,32682,9315,1460,15963,9940,38230,1450,9388,30005,19821,33019,40063,17567,3840,24832,22848,31395,15554,5103,48846,20068,28688,35561,20425,34806
39995,20551,44967,7735,44555,13915,28497,22348,46954,1920,20889,27139,25521,40270,29983,24495,49702,18994,6170,36958,41116,9384,12670,39476,38340,36727,5386,11146,34815,17812
41470,46742,46192,4921,7496,33374,39582,4259,47612,38623,9234,11471,19231,20797,23977,22196,48803,44771,385,25874,20092,24223,42535,47463,13080,36611,11839,15013,2199,24195
28061,28000,1282,28530,45196,28557,43866,47951,22202,14354,11925,47184,29082,9539,37086,37446,15969,18848,19558,13034,36054,37573,39856,1514,44099,17843,31589,7130,20996,3418
10878,43738,49810,21169,30744,49122,4004,24880,36695,28519,16343,25985,45435,23340,29002,3735,40287,36836,48353,16267,42382,36548,25543,40110,45477,10258,43056,6963,33404,36921
40381,42257,30799,19183,9549,2216,35385,25788,49338,33401,36412,46270,31357,35982,5341,7210,12944,2800,45808,17109,40138,48725,47587,45640,38432,39789,9229,16013,2786,29489
9125,3904,49158,19331,36634,41647,29006,49906,39830,675,9197,1406,30006,34847,22881,26788,36501,9658,2699,36466,25829,21946,48500,20497,47102,24764,6378,1142,25326,15495
13542,34730,5264,49832,21729,27834,38644,15228,38069,9886,20476,48325,48382,40984,12085,11619,48792,25779,29833,20663,38174,40745,3641,11418,34708,17234,49416,11936,33028,4978
13563,4092,35140,15326,33154,41660,34813,45513,27269,20855,6946,49829,18360,35728,27763,6232,35292,14997,34179,26616,7725,18178,33119,40224,36392,27906,33364,12459,33417,19835
3891,15913,4206,41677,33858,13937,22801,45532,22047,46661,16453,20258,21829,36666,15535,44238,13678,32739,27784,24148,31351,18714,36824,28408,36716,31730,31717,32071,32074,4677
37361,17820,28204,45762,32964,76,11464,20740,29148,44539,36493,26495,35364,8988,17183,45538,23360,34550,7295,45112,33085,10534,25912,18315,34214,18887,28697,32762,30725,3632
22992,36171,37382,36906,22213,25198,33813,49276,26047,43302,21161,30639,17110,24790,17238,5489,26423,48608,22914,45875,9265,45984,23643,31919,9674,18451,1328,4165,38323,20493
34884,8771,44227,28736,28712,29507,7014,30858,33160,15805,14696,16107,35854,28363,31304,39245,39735,30850,31449,5209,17454,21317,8686,7355,30920,26419,6607,7458,34564,2212
18422,6151,23117,29950,24323,44050,37275,15622,42323,43666,29486,19643,6492,34836,40490,38763,33247,21258,1566,33870,31130,44678,6703,35784,11458,19491,45894,25731,31792,24752
39116,9147,24049,9561,21269,19398,39357,19785,2597,20008,39636,14371,45502,42919,18365,47770,45471,28650,5918,36039,16011,32766,26092,35986,13512,39683,37916,44078,12228,22939
35309,48308,25055,48076,40278,18212,44088,6137,43208,28180,43979,36072,42842,23486,7974,16900,25599,19631,42930,43697,48346,3044,20284,38126,3094,25166,31740,1357,43638,46337
11035,33131,37604,3647,36509,23210,22715,25195,45004,47194,49956,15286,24622,44138,43741,40364,23522,24981,21258,6928,16901,9358,1203,20907,25793,24957,5346,26003,47103,27560
21211,36071,47629,6985,24812,11081,14557,8375,2815,30639,43120,6784,46467,18682,4886,42224,34980,43995,25668,29128,46762,27447,8867,4863,16927,21084,3849,2669,230,2779
46141,35824,32178,7461,32374,41459,15692,9119,18871,21563,23149,13078,45176,19701,45983,11629,8374,47123,42019,41344,31707,31802,28595,38861,45267,48888,5151,26372,25869,2505
19179,24742,25479,11926,46865,4778,36690,22683,30359,40555,44315,12833,41003,32596,7812,33496,15742,2355,23484,35993,23128,14121,24081,29432,504,16521,11112,39064,28757,32504
18962,40056,4761,2710,39570,18852,42414,49145,34512,31093,8335,24692,44823,13793,46273,34645,33649,28426,22939,1548,38847,41655,18293,42988,8909,7021,4155,12988,1005,27604
37535,25520,29993,45244,5598,6503,2851,13844,7772,43012,32866,7790,47127,27508,46436,33117,1897,46383,23616,12936,40389,12185,12776,13385,48425,31664,10349,48990,10304,20703
17521,6379,7605,854,4689,19051,25365,45383,7271,25015,16844,27046,30301,42255,22730,32995,44612,5971,31794,15116,46427,9230,31004,25484,33290,21022,35811,26651,26262,10543
33713,14863,8284,23996,21108,27561,45217,38005,32338,1994,22415,28668,16670,36573,31866,2746,43676,34220,15001,14083,43580,6148,45454,49297,315,22150,21868,34644,47299,5224
44519,7899,8307,26354,28204,42642,46099,8433,49427,44924,15432,14874,42033,3150,37676,26434,21144,15114,20518,13210,36024,40097,41783,28380,25220,26510,47817,5631,48361,12377
6241,47234,31886,8930,2723,48789,49747,20914,33858,15470,26818,4900,38691,8545,48535,21666,24425,24666,38648,19971,42854,31454,34048,44809,33282,36992,36135,34273,38870,33279
8886,5650,48000,39303,41797,3975,22024,35988,4117,2901,20238,33662,2341,44178,13898,9484,27639,27970,11099,30471,39741,18493,12716,37794,29280,4936,23388,2947,45295,25448
49159,17782,24083,34400,37968,31767,25631,38780,17794,4601,39422,48184,49640,19533,46668,31543,27677,48936,1197,35865,22756,9195,8372,2182,19063,9584,45406,17765,5561,4800
26975,10658,30757,222,19958,7991,32891,8919,1960,5011,42085,47894,7387,2926,15277,7418,38955,44163,24943,44790,31810,36388,41457,38016,17443,16082,43838,32998,34886,25781
3886,42219,28849,14299,4130,33932,12646,30524,35747,42447,23081,43658,31753,29163,22815,4655,9858,11829,33631,48415,3951,31329,21945,3243,41285,17602,32319,42332,49830,24708
18175,44959,6486,35094,17995,27447,35921,35106,34355,26031,16135,36924,28136,17424,14767,5229,17025,46421,39097,37845,7585,27291,38972,42350,46270,6139,22673,7569,15938,6903
42985,32793,20171,1334,8507,2382,5380,2672,28075,28145,4045,15063,10369,12826,9425,18754,9868,41787,8666,44473,17656,41473,38696,12617,39095,8138,42691,35528,23779,38959
8316,10432,9105,10377,9418,1599,17698,34901,23295,33768,4778,40075,49079,33453,4268,7560,38385,17736,2799,870,34466,48595,11583,3052,17306,8922,30646,38551,1055,20290
45969,31137,23007,26065,24326,45696,25549,39514,28473,48006,2399,40827,25844,41603,41675,40007,28580,27768,17584,42491,49269,42830,13994,48373,22712,42177,10665,19261,435,49763
8697,43559,37619,4499,12297,45872,31768,36860,31856,14495,39638,29593,13362,30172,27993,32064,9798,17717,23042,5638,29568,25124,33213,3225,27076,21760,15024,43014,18851,43626
16363,34277,16295,49852,28763,10312,35406,15764,11742,24679,7455,26632,24189,49003,38681,8301,7624,21612,26301,21721,41164,30504,37179,46597,3212,46429,26633,6828,11073,37343
9585,13384,45630,24075,13440,13958,42752,39050,35420,19854,37069,18164,13993,22054,10559,11978,10638,46979,18109,35478,45669,36917,11103,16460,16941,16347,44965,40196,14699,24728
46622,45016,5395,23342,10475,7618,27655,32388,22315,5149,38063,22053,48205,24480,49983,11849,2841,13730,5384,7361,46616,25362,7984,44112,145,382,12107,42127,33825,18570
21109,25326,19678,43808,48660,10760,41740,33111,34181,13599,21510,13153,4426,9408,1569,26392,38291,16488,49638,38574,10720,31134,20608,48454,19179,47332,3942,38863,8582,2219
16224,1760,24957,35052,37369,35781,26943,8443,22961,40253,38858,5619,11170,34426,12210,21276,12763,36785,12770,44005,39768,48546,25177,22116,31105,19568,24541,24723,34004,32142
49904,37815,33838,28211,12876,26175,34999,25177,13550,47817,12261,7534,11274,25658,41143,28741,29050,32159,31911,34268,31093,7248,20144,18004,26228,15120,6616,35248,40264,12469
44318,38690,36422,33291,41792,7119,45509,38020,18186,32439,34774,4671,15661,34165,31862,4696,26441,34836,31834,5520,41410,41826,7548,37762,36087,48180,46493,2851,42682,8270
25737,17929,39331,23850,9258,22211,40071,3409,10613,11244,48585,20544,43982,29290,10138,49758,12246,19513,16034,24369,12081,43410,40872,3188,30700,36559,49844,9657,38761,35724
32078,42464,15721,43450,44581,1102,2034,7473,2797,23436,36169,44921,25797,31748,28109,15517,27711,15925,35720,818,37338,3973,385,10404,25744,47668,8073,5048,41633,16783
9318,9273,12352,6134,6869,15547,32307,22869,43468,15959,22786,46385,48384,28013,30169,43315,24981,26169,8900,2973,40411,19257,6771,33396,34180,40632,21966,39990,266,32327
37843,49040,25694,48648,6086,12609,33919,352,3965,46703,22,48939,35978,11064,21427,38705,47740,31551,12301,44947,45912,7503,13224,1031,48852,5158,25502,30890,14503,44616
41446,7784,25706,10062,16766,43992,30221,16712,45592,20521,10965,17097,35959,3216,42887,10530,7641,16634,2487,31195,11282,40060,21510,14935,13937,48700,16670,29983,47170,32184
17611,46641,32899,12532,22879,30764,39914,33045,35211,1861,30620,35018,24165,46561,46761,26294,38757,20089,21307,9575,49467,37247,37469,20780,29898,32167,30927,12574,27398,21436
41145,20088,8469,26965,3661,10728,26818,42937,19740,7224,12404,13059,41502,20329,21817,22447,37179,44758,34097,42861,32513,45250,47117,40768,21105,781,31233,49794,29851,14903
27147,581,38720,39344,4783,31402,41073,11431,20700,7272,28402,7690,48614,35721,1905,13050,19128,29280,11945,18983,33240,37110,31391,39001,48275,9814,43222,34361,11889,37033
24588,21857,38577,9302,14735,12136,3953,31195,45792,34263,14125,23042,42914,25030,10513,45648,16658,36129,23141,41638,25175,37517,29030,19122,5258,37283,32430,27066,15398,34132
29622,17603,7326,43059,21734,16836,9159,40213,32121,32804,20018,31051,5182,15453,11755,15528,44985,23387,10810,16871,14131,6840,37052,17514,47623,3369,40403,47315,25285,1684
4950,8040,12817,19696,10686,3546,21984,41874,32446,15721,12380,24684,47502,8912,34181,13196,9237,11081,22383,3329,2739,33315,40024,24026,21349,17284,43191,47366,26361,23214
41526,19748,10867,12125,47881,2589,395,40854,40544,8369,38198,9030,40678,14783,7149,13952,18225,11740,4486,37094,40454,42528,46033,30024,39761,22948,49826,45594,41913,9868
6102,17749,30619,24974,9091,12115,13584,3550,45466,47817,25631,20339,5940,17203,13026,46926,15193,47976,28179,43542,29911,41558,20979,330,14583,8244,25676,13985,23866,11406
26402,1588,24840,12549,11356,48865,23122,5736,7692,19868,19773,31566,46761,7667,47539,41651,17145,42810,12725,28685,9122,4269,42025,29291,33690,11064,39244,41174,34279,7626
33792,19210,17376,31508,41661,35864,39856,30051,21793,30686,7892,7520,8874,8133,27342,5995,2920,42063,20929,15,16030,30510,41583,4050,27240,43456,6843,26378,5030,42238
49140,40565,23964,38045,48633,10867,45481,40914,31652,6512,16504,3425,43167,3416,31358,10869,26952,4198,11676,33043,46112,41518,39901,30279,28432,4466,7792,44371,18289,32298
18234,4021,32724,16740,30275,10405,35753,13738,26176,30167,919,35482,33117,7535,37219,44722,41453,34634,26170,48998,7237,30041,36281,47862,787,11486,48896,48698,16929,35462
45529,21926,30069,13309,26105,33897,7546,33749,4144,46009,42023,47527,42786,6505,18573,9774,15130,24365,32162,32916,29336,40323,2036,25314,47543,19080,47904,21212,12557,10153
24188,16377,44966,14740,5402,13029,18902,10794,13071,13240,21106,15283,12460,17293,42395,45591,4146,29183,41693,4557,29575,47624,39976,6207,32905,46128,46368,13681,48152,32529
29799,45287,41502,20528,24866,10850,34274,23472,46197,45577,15887,30896,23926,68,15459,37212,4645,16408,24147,13118,14514,30769,12368,21565,44320,17205,39229,7013,43478,6276
31985,36006,4385,39806,46463,33086,13242,43855,2182,21968,5799,20840,11546,21804,8023,12318,5093,48003,8128,18196,37015,30537,8155,35580,9121,38523,45466,35581,38699,31645
21450,1489,11822,46169,5869,30895,29043,33858,29589,28085,39109,39385,5464,41667,15834,39639,38292,23529,17144,43915,13037,41078,25000,13521,22436,14016,38325,35835,28017,21476
38140,9072,40290,26317,10278,49802,48750,27983,7489,24556,24317,20417,44391,25987,9904,1114,27087,15653,17160,4820,29198,15750,14756,34267,42743,13342,27549,17226,5920,41339
163,12927,45861,6877,35590,9487,46896,36121,4703,4915,11685,11919,46972,38151,25040,30305,29623,1126,32940,1978,2557,21893,15221,14247,42559,35852,4107,6410,25115,3234
48020,46618,34258,43443,12582,47644,4676,34429,19577,10757,35143,22170,39291,27176,28426,13873,19790,7318,45033,7889,29133,48319,28632,36645,46081,30877,8816,7105,40270,10365
6105,21099,48763,954,49219,27172,14019,18599,475,29448,6520,26673,1678,9256,8203,5848,23448,27048,46686,11851,3559,18485,22622,32637,13248,24599,733,1537,10473,30628
47903,20823,33682,33683,47840,12887,27248,27128,29537,14489,1974,12206,21381,47841,20411,287,46796,1772,26886,20689,48118,19145,26390,10529,43759,4592,36932,21915,44583,23322
30045,6986,14788,8750,3957,36173,9782,22094,15283,518,8316,7498,32414,15923,16031,13761,40364,47856,30436,43453,42618,38352,20547,39440,22692,42628,32684,22850,26455,47428
41605,24880,4258,19666,15221,15207,46350,48535,16581,47929,15070,40230,42112,40217,28767,368,22351,15720,17961,46506,49208,29021,2168,41102,25374,34972,29109,26643,23796,35250
43526,36615,15911,38470,1937,35342,42319,21335,2840,8128,41308,24920,16305,35021,38961,36721,38269,41117,7648,39076,2307,38079,43617,7208,7296,28099,2882,169,33038,15446
45698,25981,19935,27387,26771,8443,49860,48698,19565,43036,31921,26955,7549,46560,13754,2399,2434,21041,11200,32122,47384,22733,40838,38891,6947,11600,37321,26489,29305,12335
23477,43671,35965,47900,26994,34374,20057,11939,30067,45742,44651,23586,42015,49140,4170,8578,44614,40793,28696,47094,16151,13133,643,45340,19647,38218,45112,43650,23729,34946
4151,30316,8800,16751,4651,14684,21504,1994,39273,3485,25132,7947,32471,12063,38224,6966,4399,11541,5644,36424,36080,19641,35977,5456,49354,44321,18315,4349,46069,34998
35025,31082,23499,48855,19065,18075,12791,6602,42354,40009,17749,38662,13861,1147,29861,32190,30494,41815,31482,10917,17606,41966,24510,32254,10792,23185,1189,40204,12172,31993
26065,41137,6919,17558,23349,8683,43089,25798,20161,22776,34816,11403,21953,16677,22608,47909,43591,12834,13507,24746,15220,44428,34330,22579,9132,44697,41053,26421,23294,49935
14276,46677,47362,8644,5724,8536,21205,31311,6365,38333,560,34183,26520,47537,22665,14203,25625,3127,25901,48252,26468,28619,33563,13655,29782,18094,21198,5746,6524,12863
28158,23084,5640,6410,7784,13277,44259,15737,30625,31103,30722,18110,15156,27730,5308,26996,42003,47966,9989,4671,15436,41612,8203,990,48995,13400,43280,6100,12300,14055
13884,3933,28779,1834,7276,34774,234,28770,49213,17231,13344,49678,1211,39274,26835,38570,9820,5645,7410,25081,29622,43747,22712,34615,911,977,48830,6309,36622,43886
32422,48046,43003,3098,8945,23565,4777,19837,21925,24686,12646,28982,30856,17773,22207,33327,5123,12333,31218,42388,27047,35691,44869,48116,15307,22087,48168,2446,40593,17376
17599,4455,40602,23359,23818,29282,25032,33622,37852,22204,41655,13082,23933,13549,29078,42928,5495,45814,29522,39713,30356,1704,27191,8930,4979,32249,29283,42188,18876,7072
21160,26458,3568,39199,19075,41309,45378,40934,17462,37303,47751,16538,42835,24922,45982,3809,47828,4095,37121,23637,11923,26789,19796,46918,9077,3332,4895,6681,37723,8891
18586,23142,20404,7834,31886,45998,36888,39268,38051,11526,3350,41520,33092,18174,29580,5237,35531,41046,9683,20851,40677,4835,48644,1164,33273,25632,33992,48998,35971,12378
22136,20263,10396,19054,41177,2826,39643,10580,3737,26837,16474,14011,32755,1364,4697,24983,24948,4433,27182,20048,1302,48804,45445,23527,8360,29205,32176,12009,26381,21752
35869,11555,48715,23737,17628,6621,1573,25623,35891,36603,43637,21863,9931,17197,8760,21340,41379,27852,1576,42791,49580,41703,45431,43249,25397,14853,19317,34810,8970,26940
37876,24327,6833,47415,36463,21615,22283,38285,31622,16500,34257,368,34524,5064,43796,1896,33315,46214,21901,10915,31896,4420,7281,5695,2435,49922,36888,36329,46635,12653
8559,43356,24254,49491,33341,18614,37398,21348,45144,21742,35548,35208,7005,34559,33777,39094,44175,27825,48327,29495,1978,35443,27055,6732,3034,16023,33692,4291,16005,14157
37103,5225,17830,33031,33003,3514,44733,48713,33863,38065,192,31776,26340,13082,19881,5951,31107,44992,13304,13709,22611,41567,13665,8092,40313,29283,39117,18276,426,3642
31808,23953,35473,5250,27548,4511,38479,36740,26843,13848,22497,9555,16298,15674,11133,861,35819,45266,21225,24980,37830,38889,30068,12076,10293,32241,49609,31234,32738,36088
22528,22894,17144,22835,34320,29793,16323,47333,36968,47881,25841,930,23993,11246,16279,4260,33800,25187,43917,22091,33843,26922,24872,26800,41501,8466,743,23872,40366,29037
44732,46280,30584,9789,42718,23164,43811,37311,22937,27773,49936,22053,33057,42924,16949,27909,37479,47172,48228,35065,37479,3465,45245,11880,21421,49775,33147,21017,8581,30269
49956,30019,35156,14804,28664,13683,26204,5179,46776,6768,16869,33315,35818,10587,46566,47789,4412,25451,25287,39348,6898,44148,48242,25156,31537,23615,26313,47765,33499,46970
3173,18799,19613,39149,15435,29113,12854,30006,40595,37491,22006,22305,6334,7657,26755,48827,47016,32187,49722,8451,23518,25323,41572,17345,21651,21346,28800,21336,7036,22585
3011,5610,11319,38200,4862,35798,27175,12851,4812,14963,21562,28812,6971,14934,27195,43842,11374,37006,28571,25465,33388,22008,31466,49849,46862,39289,42370,17465,41468,40149
6526,23670,20601,13587,25164,13480,29061,33773,47554,32637,44607,26151,10929,41785,7319,27151,15248,2074,14308,15909,44251,10686,31255,22414,34563,6683,10413,44022,58,38545
41038,48260,31174,37384,8257,12296,19632,4029,33403,15690,13095,32189,3786,5636,14553,6971,12683,34787,26362,24240,833,26442,20676,9840,12290,33190,4825,8297,39476,21486
30120,36689,6922,38464,19891,43615,42919,35335,21228,7544,28947,40700,15471,7517,24869,26221,10106,29410,20142,14140,40837,34648,26348,26005,23527,46271,12913,19060,42780,30184
1068,15704,32366,366,23640,39563,8530,20716,30153,3127,9665,46003,43021,35850,37905,7124,27312,4574,1247,48686,38737,34149,22948,2164,24686,11927,23010,37300,27569,41583
8143,23263,21892,12846,28180,40475,20443,37350,19247,26643,38359,26747,11664,5862,6766,29230,28934,35100,36597,1472,49003,25338,47508,46013,5230,32952,21087,26131,19140,13025
10354,32387,13763,36465,33095,43846,62,42581,25116,34781,4865,12547,9363,24279,4549,29993,29830,29654,784,32908,45090,5201,10829,44297,47816,5918,2409,32148,30914,14582
28921,4512,48793,36076,34871,46008,12463,28298,719,14826,34305,28450,41874,30371,12495,33002,27935,8344,5168,36073,27964,9302,25399,25813,3732,10990,37521,13068,46249,16058
29919,38310,31847,35216,29761,33204,16437,13689,39400,39252,17720,40075,32863,41208,13309,7831,27860,33970,17696,42668,20051,33780,18664,41037,11884,16660,45291,28159,17108,41593
45,34287,34620,22917,34244,10258,42508,13289,22820,43298,36909,47752,44138,22045,28027,38194,40185,36434,38328,43669,43401,19936,2080,48598,3360,10383,8990,47030,20625,29266
28037,21864,10840,46051,7138,33436,3461,636,17197,570,28066,5723,34959,35077,28136,1361,42530,9849,3576,1123,31084,4734,27240,3801,12857,27111,19110,34428,39050,13936
13260,11746,30836,16162,16613,16934,17218,23287,11574,5759,45715,1149,17730,27881,31221,8216,7249,6518,19093,46981,34053,20304,33556,14884,21972,18903,44695,3034,32183,13843
45128,6075,27645,37205,35691,34360,9026,9753,10205,9757,1134,22220,48264,182,43504,31393,45475,17729,43758,21139,22536,33642,2877,43696,38050,12924,28598,7073,33679,23814
8646,29315,26869,41461,39445,49107,45303,6915,10779,19162,8470,16558,27705,9221,4286,15006,18236,5625,2918,38823,8943,23277,14473,47662,33233,26885,6271,49464,5381,33728
42599,28661,5542,41268,46228,38049,6143,7023,8036,43354,21394,5787,34203,45916,10937,23659,33379,37779,46412,22364,6577,4891,40609,32974,1140,14001,187,26102,18628,82
19784,34345,39180,18409,6020,7952,33421,2030,18851,26769,27749,33365,18318,33378,13734,25987,47037,41990,45226,37078,31933,37449,33071,46290,1576,7737,16073,26909,5780,44619
10419,30715,2508,37508,2967,40378,27265,36415,37081,15695,37708,6206,28392,25953,27956,42958,9537,7879,11976,22331,39393,33952,10896,317,44147,37442,42940,44990,39869,7770
17959,15408,47126,41967,3126,21548,5492,41392,47528,4155,31253,20660,20560,4279,20055,49981,30789,22313,6020,32588,36001,22785,15062,5079,19141,1914,19898,8248,21666,1580
6118,1403,33213,32550,32489,14184,35831,29430,12848,24725,26673,33367,27839,18593,36068,5841,2222,38617,31279,12559,11693,20455,1833,38975,43525,44030,36448,5563,41041,34740
42900,26050,31405,11561,15236,18787,43263,42029,985,1847,28892,33015,44128,11726,46939,27654,12273,27476,3121,29839,49424,14119,26325,13338,39784,25259,12381,33841,46352,18639
23622,22300,8355,32095,44128,20231,34321,35786,36703,37014,10455,24387,41628,35482,25099,49864,18142,4356,14964,6703,25719,2026,28448,47023,10594,48071,35292,2490,10875,16419
16410,1587,406,9354,18174,39033,26773,7498,29465,36971,30759,38638,31246,16647,35446,27453,43432,23144,32651,25121,45833,38547,44337,5714,42871,25569,38413,22382,28596,31223
5402,8921,38167,4913,35543,4984,25877,28017,5180,1221,12094,4216,3902,6957,17459,38647,17490,3851,20089,1845,31252,1428,2948,21518,40720,4599,43001,18449,49680,7702
24370,29546,33820,47427,24359,46556,42858,4041,28234,27362,941,13695,17040,20183,14482,36429,26092,14868,25391,33257,3522,36501,15305,43611,22338,12773,8334,44841,4954,47856
43550,31219,46432,31017,36299,1907,35299,2193,25139,26995,47249,35230,11687,33492,8227,47811,13662,14102,10401,42820,46843,31900,23215,19242,12547,19942,30459,45307,44956,23847
42528,24320,32684,39678,39379,20823,40330,37725,38001,25970,37427,23194,22860,4899,28784,8947,9260,45171,9401,2964,39766,15739,160,32667,1601,30904,2436,24755,22172,25383
10848,36028,2012,15266,40335,24875,13509,33661,22640,42027,42884,37779,2608,9864,32594,2093,34854,13401,35022,48867,42258,49881,9345,25952,2805,10983,36309,27762,6781,10953
3394,36275,13409,15012,43715,48359,36715,25923,34355,23159,904,10025,15223,18075,23927,44492,9770,27624,4124,44401,26377,24676,23220,18896,36112,44954,26932,3876,37537,30609
25975,44392,10189,27701,7839,1573,14805,7699,29350,26555,5653,48854,44089,9466,35600,37182,32665,19005,22963,27845,47337,11233,46450,47718,10448,29381,15584,25994,46109,7399
41000,18346,2865,10486,33198,8783,30112,35294,33343,31273,14175,34757,15009,23133,33956,45919,3585,47650,45072,38309,39392,48988,1223,18010,27645,4533,46176,2173,12530,47409
20022,20806,32686,19081,3468,27950,25792,33547,753,2776,22410,20845,44748,1842,48145,21789,34481,26325,43442,39176,28173,35819,25683,44114,33750,38454,37773,6943,39235,15636
47579,17651,38875,11057,38623,43281,41116,1058,15677,29101,7600,622,2201,18295,37418,17732,4478,41827,19989,20817,23198,15412,15001,6044,44492,45028,4976,37107,43620,12033
45839,46441,42497,27032,41970,11596,36748,41594,23868,47317,6243,24529,30652,29633,22043,17081,8227,48408,44620,1384,5603,4906,13814,3046,25821,37248,46363,2463,8090,31302
49495,19505,13647,7062,46683,5787,26870,11973,29198,990,31031,20420,11830,26501,22546,43562,33525,39749,49688,25525,23971,10335,39323,35560,35645,2488,37244,49099,25787,30917
15345,27929,37928,43376,33164,29530,6809,19545,7393,29040,13558,42884,41182,10295,25061,44578,3210,22793,8883,42580,21557,48630,14802,12278,20333,48821,30995,16214,34317,6134
28131,3466,10964,12651,20846,24240,36304,42821,49901,22073,839,8819,30604,28680,5723,450,45391,36583,33121,4552,31559,43871,13647,23729,6214,36719,38136,29169,45193,11700
42958,44141,11774,16036,2539,6976,29046,13103,9009,40832,12552,22620,29179,41582,18826,39733,26763,38427,49666,21671,42924,9436,31568,23131,49331,47930,24593,6491,21337,36975
5977,47285,25480,43074,1029,46355,17380,6591,35944,17895,16779,10545,2712,16723,40776,24348,2671,22628,18784,11942,42445,2561,40828,4442,35336,20255,10039,36123,19291,33896
46118,6164,35394,21405,47202,33394,37643,23964,41202,26561,11794,48244,4674,44933,5394,39858,25270,8520,36816,34429,23601,11989,28835,21941,2831,43517,49250,40279,46482,3602
6238,24643,15501,9287,2857,39633,4124,14643,48880,17834,39074,169,9672,15807,38373,45861,41152,4398,2609,48469,2853,32458,36527,18856,27193,49651,21267,4983,1454,27569
72,40259,4332,22303,18101,49738,8108,38767,46702,44610,409,8456,45949,11193,35663,37228,17893,28538,37226,49228,40957,44803,2921,43401,19042,47162,33051,35530,33523,37506
13987,3059,4530,16799,24399,40501,18214,31323,23711,20686,10886,11258,39723,11826,7778,22507,35497,17058,6805,29707,24410,32587,37176,45557,3835,39649,32208,25571,33625,47514
31249,19483,29152,41567,11327,18090,44219,30210,29383,25411,31860,41594,45338,9221,33351,30773,20157,27714,46337,774,738,12686,40607,17828,36764,44118,14777,41534,8489,31736
5108,39845,5449,3085,28258,15641,34008,43689,14178,22681,13756,26596,30594,8842,21365,8207,42057,35186,4056,18510,31632,33772,49361,20182,24704,10930,35202,19054,25428,10323
8697,10987,29940,5839,19116,45979,16258,3691,44882,28773,48679,37740,13739,47229,40622,37263,18619,32584,38890,6505,49645,1403,39022,43315,10966,26774,18511,46320,6616,29082
38908,45761,11717,3849,25017,23029,30323,4142,26722,37323,14800,37539,19505,7868,29052,8507,38010,36975,22029,19360,12804,42245,46449,40063,8510,6139,6464,8943,26340,20574
14824,32207,42809,10793,43166,48251,9471,2466,29850,7788,46790,13068,41645,34845,40243,42182,34741,47858,244,11889,37324,3205,9963,25201,22410,3330,49022,33358,47151,9197
34043,22263,36248,17910,47627,1243,43512,426,23600,23739,42438,4951,30740,38446,42161,32374,21585,27425,6929,18943,37970,20098,31545,13358,18414,44133,27935,44306,31182,6178
44564,36808,31807,40531,38567,39393,15317,12809,38411,45017,38816,40374,6872,37761,27129,20915,20552,20910,32251,9157,33361,8556,36844,39215,373,19131,43333,45212,11188,6638
29168,21765,9460,35420,45980,43489,21234,29104,30217,22487,4023,22128,6392,31323,26024,15223,25248,9007,28673,49750,37023,32268,15348,36443,38708,34219,30880,2908,4252,10154
609,29728,27509,39717,28633,10270,19392,16357,17358,26014,21643,28817,18248,12819,14944,21226,49270,31237,39627,29447,34390,32263,11286,14995,18173,10240,36560,33774,16376,16069
529,5817,47645,22726,46510,21518,26003,31002,6284,3228,7946,41901,15388,11082,32927,41237,10007,14562,17420,28532,42059,38484,42610,37486,45792,4045,28503,9975,9272,11202
45587,31581,28603,47947,31744,34195,32718,44881,41967,25084,44133,40263,21381,1793,9335,41515,38772,3918,48791,42654,49801,28379,40699,22575,37481,6643,40659,47178,30867,21011
22517,538,41861,6886,49905,33802,34571,4565,19034,33882,18984,46753,28650,27408,39097,16581,31002,46513,798,6818,15412,17526,38678,2110,44212,46663,30991,17941,8325,47906
7904,38162,19673,28008,47310,27716,11313,33758,9850,49047,1283,6594,26136,44365,36007,49038,39682,3064,18635,30143,4094,26283,4479,32903,8548,9716,34710,43437,6665,29178
27677,27181,28012,41311,47826,38193,39390,47616,5807,40775,22778,5656,15937,29142,19573,1553,47988,25459,41636,26216,35328,36449,31888,4011,22537,29910,45892,1633,38968,17949
45485,17429,13069,34125,5161,10771,38013,42241,21879,10327,707,9249,41225,45744,18881,8357,4860,34857,34585,30099,23630,12231,27256,5783,46640,843,26596,14614,43370,10621
8663,8839,25351,40844,20204,1943,20566,40657,2948,42967,25735,18831,40182,25304,3944,30622,10473,14724,40284,4396,34992,25672,26866,27974,5657,8652,20418,10894,39028,33210
31307,47803,25647,9778,27705,12607,5976,46961,23033,25356,37420,44730,36797,46530,42182,41193,8812,2609,15710,35498,26096,8726,41441,20305,6734,34969,39082,42245,45191,21884
4642,8846,45323,23325,39963,2996,48995,5224,4949,18027,26818,36694,16054,31364,13161,47416,32571,19667,38637,30188,966,20964,11546,23705,20750,13766,10791,2178,20674,43515
15005,29606,12056,31958,29841,31852,20328,27336,46968,3370,4490,30244,24465,35927,29816,30230,43808,8914,5186,17828,41737,11231,13471,7090,31151,41972,8101,36304,4082,7355
25105,27156,26594,36537,45899,8917,28730,40499,28541,6256,31293,26184,39723,13142,13527,5767,18708,45799,39015,49918,4957,33725,35738,39288,37543,5953,33022,41103,10103,38202
5855,34810,7221,32915,39940,30794,19029,47565,23550,5006,2304,40518,39305,17139,27845,39540,37385,10666,28562,45614,26848,15837,42465,32822,45974,24461,8699,36779,23028,25541
47892,39594,1103,38246,41278,41670,41510,40741,3314,41174,28747,40071,39496,29366,15553,30892,29436,47091,43232,15838,22576,34617,47384,14881,16084,21019,19501,8550,24415,29924
6713,38685,197,13784,33736,42155,15177,13807,44212,3812,44609,30867,34753,6230,17766,14305,8662,25944,8202,35164,35446,24678,31329,8126,39329,21943,6892,48931,37416,9259
6764,25319,13174,44249,47594,48785,33200,14027,11749,28054,2210,28669,39921,31785,49242,27804,3423,24647,42356,37748,42807,35334,4034,21780,9133,11772,14151,4560,19108,14404
20536,12235,48975,3051,34041,5921,39839,28852,26184,44499,18915,26347,15206,45048,26309,10701,37251,14671,3174,49125,21029,12380,18052,2853,7360,991,14629,23555,27174,1372
24089,9805,44514,19691,1044,40168,19077,7744,40866,40466,2626,22455,27559,22592,5290,22772,49883,25920,9938,42647,4420,19595,37624,4547,29539,36738,17321,20739,29477,12958
19612,10023,37449,48116,31417,463,34382,14555,46556,13203,26809,6540,21749,3228,11182,1330,20951,49363,29275,29799,46914,1414,37649,12659,43214,3140,28056,12669,24479,21257
8987,11604,36226,25937,17934,38794,36446,42573,6661,16137,13724,25497,24541,1078,49674,31440,17863,16208,35378,14825,8379,39119,838,42977,20003,25990,7286,22112,8920,39954
25083,48978,37745,42611,35907,40210,31158,39374,38793,23157,12867,2880,38705,21365,23994,37728,16982,34827,11533,1362,47926,2719,40518,47441,565,10676,30518,6349,23999,35507
49359,12392,37508,10697,1005,3316,1906,9970,17075,21049,9275,16952,37350,20654,48393,47032,6409,49533,40279,25121,46040,7519,33311,901,14601,8739,39275,16250,20514,535
8726,9133,40120,16221,8871,6642,35223,30970,9739,18631,32399,35876,12714,38418,2509,24224,15624,22226,47441,22693,30996,577,34651,24092,19410,7214,37880,8550,25227,32283
42047,17702,21992,30949,1065,30305,40676,48134,8977,49869,27687,13525,47719,27850,30240,19972,30706,44930,46438,2365,49278,29792,23980,26900,4149,2705,40866,25765,19738,3426
44377,49622,43900,18956,25125,19892,42064,7852,8974,22673,27805,20827,24122,5390,2997,6528,48899,4108,13936,4456,24727,6612,21921,18691,34750,13160,32624,28832,4020,37583
9363,47214,6938,24381,3979,7837,13523,2215,25796,49323,13838,31314,17974,39533,21718,31595,11398,2057,25232,33571,23784,27585,8539,11709,3534,3755,3115,29091,48672,35366
4484,44129,41059,16174,2261,26733,49504,36545,8608,45973,30492,33457,22972,5816,23273,30154,1998,22903,694,32581,45719,18047,16687,44690,25528,2570,13751,20551,10469,16353
34768,45931,30633,47324,37806,34390,17400,45698,1654,8330,15363,28624,18960,2477,39759,44343,1653,24167,21544,39837,11994,11930,48402,20747,32557,1422,16151,246,44281,26141
36916,36988,16159,45349,16945,37235,11160,37473,24522,31219,18455,48486,45561,19495,18381,39247,48446,24310,5100,23499,11082,23344,14491,21672,14544,33602,42054,32059,33116,10881
556,9212,30942,8938,20934,15117,14127,13780,27220,16401,48068,24033,36811,13344,2383,27100,1479,20921,38153,21424,6036,13248,11082,32062,494,18363,10367,15367,21321,10898
39998,41641,41256,16034,48080,47215,14126,20246,22317,39042,23575,5030,43241,40365,11522,18230,21063,12695,6664,10632,37104,43480,13004,31361,34390,808,36701,29231,47777,49666
42600,47597,2016,7477,1638,2531,12739,4821,14933,16780,38616,39088,32962,3973,9010,41234,1541,36248,16699,11075,39846,43374,38558,45588,42714,22451,7681,14382,17524,25331
10756,30095,6089,34331,10957,46057,10413,21953,40751,43338,5339,25846,25174,20426,26662,3216,6638,38617,18550,18455,46619,32381,356,35039,28311,45229,7303,34968,23117,26462
28843,18680,5260,8793,4062,27700,1698,18352,38344,27656,34251,37844,49770,17337,16622,1159,25132,32427,25767,11346,47306,11926,32173,5363,46762,27340,46247,40251,4686,25045
23016,13315,4488,5797,30262,6262,6789,10002,10760,35957,43962,28627,28325,7260,14278,6147,32177,27808,28616,32184,8222,43512,25823,33725,4889,29617,44333,14344,33338,48873
47346,825,22333,11750,41717,28610,10977,9728,40635,8648,23976,20229,28304,5788,7601,1379,36224,35535,22004,38720,20185,20325,23981,31967,40851,4850,44508,15252,19237,6492
13963,33908,17160,31155,12761,9831,45944,8904,27695,36236,43762,41715,10049,47887,48336,7306,12190,31563,47835,25624,45880,26226,27273,4599,24557,27324,38801,31898,22217,2781
41162,37895,17051,29989,1957,44437,21450,40916,32820,47638,38694,28939,17762,21312,34752,24492,38374,20190,48747,45508,33877,43057,46337,16626,12418,3111,26420,15568,37495,24163
49039,31139,11231,23727,12777,36791,14459,33537,37248,10434,37937,42562,39719,15360,41357,7216,19864,25062,40746,26527,28050,3570,15121,45073,44542,43104,24050,18595,1671,47025
9921,16254,12985,22662,38267,42080,33747,16870,3676,208,26836,31918,40155,21349,2445,28023,46290,36922,45354,2203,37811,227,30051,34370,47682,13980,20670,9709,9853,5234
26982,30714,37063,9591,22000,23642,26798,47126,35755,745,11147,42462,16550,15414,29015,27242,15941,48808,5960,14052,20569,8560,48459,12275,42613,39384,21110,32401,5469,8500
40376,37676,46727,12583,32536,29181,9066,17946,2497,10498,36825,20890,3821,14120,37579,36566,44925,18832,20224,1292,36489,24761,3466,26225,6670,42944,12581,31393,13608,669
44995,39970,19445,13795,44978,10500,24227,43504,5630,1475,18376,38638,26763,30884,43366,24558,35547,828,32274,48244,12819,35587,18476,44454,7469,9067,9759,30291,14652,23920
28993,21417,18748,16807,31984,30341,49046,19385,41358,35227,7068,31433,43485,32330,3709,23945,29167,23811,22415,36537,548,12314,26815,10317,44264,42506,30100,3104,40033,35960
14238,36353,29999,25528,2710,27362,36423,41231,16677,7561,21693,40950,37034,21836,2105,38117,39543,37859,30132,33262,26928,42993,36914,33157,947,2389,42663,22084,19417,29845
5682,12512,44345,41795,13359,38919,11059,15150,28400,34860,22217,6257,19848,27171,28418,1986,8457,45837,29350,25590,42424,27582,6539,30383,15977,37841,30456,48346,18890,20185
6585,44230,37912,11340,19510,13348,42988,29411,38498,24180,26518,31072,30189,28721,38037,42735,30793,35047,48440,34071,11636,32859,23895,18549,20202,46466,47319,36320,40540,27551
9176,46066,47384,16379,19208,10513,48981,35392,40342,12014,13217,39868,49710,20565,31960,8377,33740,46801,36535,29454,30870,29635,49666,44994,21319,2447,5161,30838,30383,23835
49313,15168,47633,35990,9638,26265,13515,22919,4244,8449,5265,46233,37892,3371,39566,5924,42963,46616,22381,14856,42731,19685,18962,17588,45755,48481,29938,41266,15335,3076
8072,42843,5615,37114,44628,34256,12449,4461,21270,2196,37255,16260,31401,36593,29180,7423,32761,46714,12141,38240,3842,1202,6668,36989,21758,7209,15128,30898,4321,24575
38639,35686,31264,4575,1061,13973,43677,3896,26408,23151,23232,31543,32770,27923,27245,19851,47811,12943,49718,30144,3514,23337,43997,31894,49943,41510,27867,47947,11132,17111
47842,28880,22580,49537,7798,27538,39551,27616,41637,3961,28633,39682,28031,1252,21756,30111,15270,29750,45135,48822,14740,42873,6906,32363,8717,44457,15919,17863,13760,674
25168,17117,6273,38986,5682,43952,22789,11117,45431,23974,43354,6926,6720,40836,12320,45974,29329,41640,44197,19947,45391,21526,27499,34373,10229,23399,25286,18554,38156,49322
23039,10114,43976,32546,42568,41585,25921,36442,45057,20933,30943,44877,30919,13711,717,25235,29022,7121,47378,4680,3667,49797,10828,46215,21082,23964,30760,47655,21176,15493
28141,10947,40003,42218,3103,28062,39625,2331,42765,19532,40347,6203,35489,10157,45828,7651,14432,44027,49972,29324,36457,20052,47627,13719,47688,45183,28481,44914,23267,9116
20612,20918,44570,30813,42713,14438,19884,38277,36095,29625,19185,31894,45035,29493,17158,42663,35478,43227,22399,25355,44852,47496,3161,4112,22572,8289,14338,7323,34651,11837
9164,23619,94,28147,7660,24997,44770,36246,9112,9093,26539,47399,23442,41656,27662,16685,41468,15114,14190,22454,33225,9758,986,19665,6329,9432,47917,1902,8262,41033
16239,31573,11807,26340,20309,39054,14123,20545,25337,30097,3816,41513,35731,23630,21475,48920,10585,30408,30944,6990,27768,45302,10447,36181,23899,1271,40752,48006,42251,14108
18152,45494,9877,29285,49735,44338,2174,44557,30568,2143,40180,41855,1941,39412,23099,23627,6834,20733,43134,350,17919,15990,45211,38205,23652,29677,9640,28517,11600,37021
42246,25325,38403,29051,41557,9976,31211,31111,42439,37883,43732,19126,45150,22923,1566,23111,12503,48669,33038,44119,15900,6908,21471,32056,11460,21077,5800,25474,10101,13039
5522,33681,49859,45876,43582,48478,40719,46872,39156,49125,45207,40486,2173,12558,35447,32591,44447,16695,27648,2154,38502,43767,23808,19225,2921,46388,23778,19306,40930,22349
16264,27215,13682,30533,33036,41240,29895,441,30410,41287,15883,47102,16756,19899,38041,4266,49431,30423,21751,18423,33760,4028,45842,8010,15090,11799,32911,21724,48263,31071
36268,28648,38913,20693,43569,3629,48653,28684,6590,18519,11880,49902,4016,45300,38730,10642,38933,12375,45760,914,26304,11507,45447,17753,40506,6070,47830,25022,30335,39413
39388,29720,7768,28431,10496,29986,29288,27654,38993,39867,11068,32058,25515,44411,36757,47818,44373,46789,6245,16235,32442,9390,10640,31597,8339,48296,17979,34658,47088,27585
39323,17033,22396,9692,23880,12752,234,16091,12921,44733,9595,16920,26473,31541,11335,15894,11905,16528,25814,46794,7327,17534,3490,20615,9799,3664,16867,38682,3351,39833
47264,37116,18448,2796,18958,18786,15247,22291,45541,30113,25824,41309,11967,22550,25160,14637,18009,27786,12069,7573,22066,44277,2711,16672,26911,9242,20975,21039,4869,7359
39820,17804,27795,38765,22448,43647,11612,35655,38515,5513,19474,38566,28751,41922,31883,42420,29164,38296,10747,42042,8154,8984,22018,41686,15745,26872,28398,47023,29483,24075
18673,49123,11858,3599,31558,47893,26873,21324,23663,45662,5091,6542,31923,21717,15559,25653,35714,20525,700,17299,16240,19689,47479,4796,43454,12023,9765,43731,35788,17501
45252,16672,29948,26338,39293,34005,39022,40265,33926,13651,750,38670,3871,5783,22493,33740,9925,46500,13381,15504,48489,15100,2555,33703,14792,22261,31277,10627,19513,12112
1758,36504,3117,35769,46866,17722,35134,38976,37551,42498,38488,48856,31357,8443,4849,31911,24744,6231,9639,6468,35948,22811,49790,26002,3038,41627,16438,23446,42733,2078
43150,36222,14814,23328,19740,8299,31108,38932,41861,40094,33451,13801,20930,43542,20685,33409,29688,33134,47727,25904,48171,24403,45176,34479,16156,6245,27539,32812,11876,19303
19769,28480,6898,7760,15991,25182,41880,12275,13909,9291,20960,11567,1893,7504,45078,42333,29770,11908,13185,40964,49221,36290,40899,30984,13025,10229,8041,3366,48949,34658
13465,34728,19439,36531,36276,4730,36443,33859,13196,3040,37381,24761,15731,2928,22751,21364,25719,7567,11886,29,30000,5763,10958,1048,9336,31442,6300,25151,48658,14795
33932,31977,13884,45567,48960,17570,4373,7930,18160,42067,17552,5183,11025,16934,45757,26155,21358,38550,29969,18606,2606,24452,39249,12749,35313,38386,13133,17679,16054,35829
39776,1499,37518,17255,47470,8013,47242,25762,4755,5091,40708,41234,21358,3161,5832,47354,39056,14736,31522,664,35691,13257,14875,19686,8167,28049,26891,38084,17401,40518
33393,29474,1209,48249,11837,43827,14056,29296,19420,30096,20850,13990,19710,13393,12873,28713,26659,39374,47645,4704,15652,49052,10347,49738,20629,46908,20125,1402,24715,8928
12364,38551,46347,40924,27487,16231,25585,27623,12544,48805,10460,26868,43966,41208,37881,14079,12094,16418,31562,45833,37372,15296,36542,13617,20127,18754,37400,47149,14582,17939
49011,20700,24080,40769,32893,38834,5158,26222,33119,20654,5130,34373,2479,18380,44049,25254,7701,8881,27692,41723,19811,35543,5921,48628,36978,49279,42233,12533,27621,5646
25674,14384,44408,42861,26057,18979,40265,3811,20530,7225,49832,29957,32609,12615,31483,35022,42368,36979,4079,15145,45708,3792,10787,43712,14614,15177,33768,38802,20283,41527
19369,15195,42664,18025,29155,39208,30606,41990,10720,10727,22694,41704,47400,33668,33898,37506,36414,16754,32345,4463,22366,46048,18395,2404,31312,32332,17762,29244,3537,39785
42348,43274,24035,28419,34632,24282,41592,33980,12233,38279,3474,8366,33110,19985,15056,39327,206,38523,14940,11092,41773,16392,15860,34225,17709,39441,42625,44041,11335,10177
3577,23329,45397,2904,37159,14110,26030,44209,21810,42707,7070,15102,36460,42773,29772,32638,21427,30017,48792,26313,7703,30777,28541,44529,46947,45703,47964,37545,49848,17631
15686,16741,18355,18722,10971,45927,28708,12578,3969,11815,10025,33621,45181,29916,20560,23211,25357,32780,36018,40296,35215,39747,48077,1632,21719,42142,1947,34741,18013,29738
32433,43493,769,48320,16492,22181,8459,45790,9000,17012,9617,12305,5369,35857,16345,38945,25965,10272,34107,15740,24805,9714,3394,47192,26120,27375,31674,22245,8518,21296
25290,27200,15904,1012,23753,15791,48801,6814,37971,48008,8150,41685,35511,26607,2302,4320,29366,20521,42373,44510,31672,45516,13330,1404,48597,38011,9204,44981,46499,2311
7389,25831,20393,29688,49403,13791,4766,9000,17635,36117,46091,20973,705,26944,26934,21880,48772,30495,12967,8520,10291,5030,16092,9412,5274,7844,43629,20841,7524,15950
15800,15046,32604,32116,47620,3124,20332,41071,1795,3308,4031,28813,21691,23101,27866,36947,35003,1102,38401,37025,25496,11356,32622,47843,35207,34150,10284,21951,25091,16128
32741,2670,15077,22134,46236,49395,38001,2461,12519,4668,39267,46788,17461,32323,19200,13033,33978,21725,8773,40174,3469,21100,10061,11183,46489,24017,26807,41539,30733,32904
41818,36220,22312,1001,41702,48111,7466,7179,8145,2747,27605,18152,42872,26017,20430,43303,33021,15422,17653,27059,17946,47305,24155,36154,42431,12450,9625,15428,25178,14644
38924,42387,11150,752,26664,33599,35328,16693,43273,25724,49033,38161,8976,6699,14243,49450,41076,48396,7204,1641,18530,38868,24019,23619,34144,31474,24299,26632,34924,30475
4654,27188,14238,2620,30742,13963,40694,43087,25337,12794,15847,10214,39512,45970,5925,11100,11491,22580,30898,19278,34179,34931,18475,27721,3596,24539,31220,44440,15100,24364
34622,44863,5013,32965,17076,37804,34817,18310,43961,29713,31016,28147,23584,13716,37227,28883,48650,33760,18334,36348,31986,18205,43359,41336,20425,14588,42627,3986,16541,6210
791,10049,41472,38641,32874,9350,20272,47595,1089,2722,29278,45162,20511,37500,8176,17191,14507,44643,35026,30949,9011,47499,31015,22235,1695,47243,9906,48617,37420,33122
23665,8221,33986,43407,6787,17162,49518,39444,20131,1408,29764,34233,42221,24396,37959,48352,32088,34672,29174,24499,6638,31628,42555,26672,39663,8193,16582,47239,37091,3902
20741,19972,47262,35180,44315,18886,1120,34074,11844,37019,23450,34857,37711,1663,40865,7207,4936,31275,47537,2162,12349,37599,42420,48069,27039,19713,33367,26422,1080,6657
8650,43918,6547,36541,6016,14406,4279,17269,10668,25959,14976,38038,31075,38201,47892,17301,38600,16538,21773,14059,14594,31631,4310,611,15177,33912,49373,38546,9106,35651
25352,16233,29394,13022,24847,1771,18176,17060,43415,35045,36021,46606,783,21798,35173,3860,49484,48315,31982,37565,36968,4011,7984,49503,17771,15352,39441,41810,19129,30540
37250,15837,4499,32481,32454,38004,6516,16421,37056,1562,45644,37392,20300,30795,6285,20257,40727,1929,38117,39164,33845,45724,12743,45604,26981,7731,22061,23146,43308,34886
27582,30542,33190,22177,7490,21725,43598,22167,20115,13547,12245,23474,13189,30632,19773,10365,16336,33210,9046,27496,36648,4884,39300,1060,9442,33758,32865,48230,26882,16346
23948,2439,5512,22652,19455,30765,2898,18618,30627,33066,39300,43572,43826,31212,35134,40121,11789,34008,49658,3625,15907,18974,2299,2662,12146,3740,2201,2951,38562,40185
35807,41770,42215,25925,30657,17282,4260,26741,43864,32721,44997,22333,34066,41121,29712,16265,17127,13753,38845,15641,44554,4145,35164,40176,2815,41586,4055,39381,25192,45659
44758,15765,23802,31103,40298,1005,5215,24749,33403,45957,47077,38696,29324,48507,28067,45391,8073,44117,7589,23282,8036,47426,42454,44059,33258,2902,26495,6778,11528,38308
11323,14572,26900,46258,6466,23891,46737,17559,2596,33232,7386,28025,22219,1008,25085,14268,24741,11164,13326,29268,9763,47069,7680,15574,46702,21316,13845,19804,44334,18339
49987,20528,13187,23708,11123,32551,23233,9891,7380,4185,25061,6149,3504,40887,43210,25207,1103,21886,39923,33120,17428,3682,17229,26221,45249,16131,35623,32793,9372,14705
30869,32636,17625,32748,26534,35718,35309,26855,46004,45870,27009,37577,24861,21584,35054,46735,29860,37856,13944,28998,47434,2185,23033,38412,18293,22189,39611,24925,38339,27370
4784,12989,38665,37664,12142,42895,19796,1526,42474,25898,8688,30721,25130,29137,39340,30656,1302,33982,25194,16339,26591,28665,16074,749,25176,16407,34125,46131,8066,38341
1094,26309,26141,16012,34930,35641,46981,21075,27736,30902,28655,33464,10828,187,12502,41478,15586,2488,25647,7463,47047,45387,30072,33380,30530,28686,33756,40606,44165,1828
38494,14362,49255,5907,13996,16171,27776,2025,31880,9191,42551,1255,49748,9698,9195,45185,29866,42657,9799,34167,27824,36097,34107,30148,47568,2482,42274,6585,44057,13183
4426,35504,1807,40004,23071,45630,40289,13473,12707,43810,8353,21784,4676,44678,32707,14589,8385,13675,23818,27158,9604,44747,17044,3130,25702,26398,44282,11879,20140,19264
904,29953,30523,24317,7910,18138,27329,48487,18679,6471,26819,29273,35026,26602,40648,31012,14233,46314,22506,31753,24347,12537,18591,33227,40060,7303,42746,37736,21020,20399
17183,17722,14452,19533,15677,7386,7179,8145,4748,40385,37851,8922,46319,133,49775,11892,14582,16457,32721,39270,44986,37000,49006,38816,7963,14238,7675,44400,11211,21272
14139,23358,12845,26423,15671,37761,974,1386,28734,38343,47782,13352,45708,37569,25075,2912,39872,17177,8137,43369,10168,1825,27158,27576,38277,39911,20695,16698,43738,49841
2611,11726,49292,25147,11447,31567,24956,27958,36766,39431,36944,17295,11421,24992,27794,19384,33782,10517,13978,7000,13563,9455,44404,11764,48878,43764,1399,48347,36145,19398
3963,7906,47444,36996,7918,33170,1578,36635,338,14157,27671,9584,31492,8134,47730,28251,4666,44302,27020,23926,48296,4590,19438,32660,22818,21137,48534,8404,41439,33062
26082,48361,46530,35621,2005,48230,23661,35356,16714,20792,22677,31296,29529,2749,5614,36535,13199,34014,839,39489,38901,22540,44959,37581,20285,36374,25511,13729,27620,47547
33202,5156,20633,18502,25840,40320,6199,47270,13196,10784,6643,19227,3260,18742,16475,29590,8720,35472,4903,6873,15705,42817,31052,46959,4686,30678,31137,16171,12093,21610
18776,18164,46711,21467,19794,11167,37670,16565,20282,20783,40178,24889,34656,15228,28331,40873,20935,35817,10191,36455,43132,48983,18310,19618,35600,27643,2221,36232,21440,48563
41195,6888,9049,40797,31448,8127,31671,15505,1369,34484,3056,2231,24236,43237,43568,30002,4105,33673,15991,19661,24811,44015,30255,13983,3015,19060,45231,43507,8110,1318
46703,35181,1620,48846,4298,30568,38064,644,24729,26452,13043,27828,3784,24548,46811,47506,21600,5746,23483,44303,22273,16489,34925,24399,35329,40527,33169,47376,23324,11194
32837,47311,43299,47285,15250,3309,43376,35099,52,6395,15881,40948,25361,41147,2399,11196,11278,2455,42280,25426,1660,17980,2732,46382,47025,21987,44123,28528,46606,37163
27226,1043,6809,41544,24499,14207,30649,9822,34226,38965,35100,24640,46021,24008,21064,321,39454,24277,2118,3883,27616,42859,40147,32920,24654,17829,27803,12197,35672,19637
27760,37978,34323,23134,42321,38193,8109,9479,31654,10513,12260,2553,13837,44312,2921,29085,28324,47082,48807,8185,12813,12794,35142,17188,46765,7798,41826,40515,25095,35609
45994,26488,13224,37282,47766,34132,9457,19139,36702,33283,12281,32465,48149,26994,2005,27297,48218,32596,39090,7031,21461,42984,15536,15580,35110,45259,35182,48291,9859,12181
26364,48518,38692,37897,45723,21547,31381,38288,12610,40676,26948,1974,22349,1082,43140,31720,32232,15613,37131,3524,25881,1411,6893,46929,37813,15446,43508,21507,21769,38524
5402,8932,27091,13910,40349,33376,19991,2720,8365,9235,42056,12760,35689,28128,2819,42947,26822,29454,49145,36651,29527,14689,48340,3514,398,25613,2254,9068,6651,28734
41979,35026,43953,8775,280,43074,36671,36956,35913,38266,10882,17656,41681,41635,34004,17611,37631,44823,39073,14289,13049,14522,38925,37106,32264,7781,296,1342,23881,22996
35165,25145,32713,34406,37196,45640,2340,31253,36656,22902,8592,117,19687,2550,405,25896,48446,12195,18148,28783,999,48406,5801,30043,22955,16563,31461,23796,10513,11165
35236,6763,2969,24150,27827,2758,38674,18907,31177,27246,40299,14897,22744,17367,33047,32825,41213,44074,29950,26402,16459,26899,28390,23186,2881,46673,3471,45586,42441,36052
40374,25221,2337,2937,30866,21730,28633,17444,29881,35158,10508,15692,36935,769,46027,7926,26126,31983,29081,28312,8504,32198,4009,46755,18709,26968,10257,7849,18208,24625
10007,148,17895,2664,6024,45052,41727,47158,30527,48933,33174,42067,34840,28219,15554,2421,44650,33637,7981,18305,12845,13477,43014,7318,14157,13751,30315,47011,15873,24217
18185,32819,16632,8529,14154,24985,3823,34080,22498,9062,47947,31984,3449,10132,15786,19754,40874,36650,32977,21454,7664,35485,46439,12456,25887,27489,33086,328,34416,32684
5479,9605,21301,3310,12871,31185,9165,16720,29024,20513,46875,17320,5493,2400,41510,41169,6845,10946,3648,32641,23593,42473,37174,37058,42759,14261,48342,37412,20921,16233
20311,33112,38494,30492,21657,5444,27279,2771,24574,25962,7655,33057,15427,4602,47781,22336,5285,37864,5403,36584,26773,47397,8646,38161,19053,9213,17429,49073,16417,15019
5179,6313,24904,30526,19592,28671,47237,35234,16398,48228,37623,18307,7021,9286,29207,32120,35288,34674,10175,113,25652,39428,20882,15620,30059,1365,41042,33236,33210,378
33509,22785,7612,44742,8971,17957,448,31888,14906,19597,16091,40827,49362,20500,24064,45068,7176,23391,49992,22270,12383,39081,29351,12139,49994,41561,41796,25839,44992,40649
13317,36337,4818,40794,12260,36923,40739,49100,47204,44873,18279,28829,38198,24977,10179,31540,23957,18139,26772,26638,8169,42390,43316,18145,24057,43385,23739,9076,42826,48543
10183,19755,11912,42375,16050,4768,48363,38058,22100,24988,9256,71,371,42512,44955,25314,27092,23282,802,43936,15507,29956,12254,24419,34837,26812,34815,21772,43796,32459
35153,34644,14718,10042,17768,22452,46006,28987,31994,2608,22644,11861,29824,46229,31376,49414,33554,28895,45362,45584,49000,33427,22909,418,35147,25185,5734,37883,33142,40846
21414,28413,41182,7988,34642,11915,38694,36935,48142,39609,10433,37775,38100,23677,33789,10887,31055,41006,10660,49731,12379,35150,35317,46857,49594,19229,8059,12325,46311,23157
25607,13090,48015,29590,27854,41914,46192,38397,19503,47249,37030,17356,7582,4114,5738,34110,22190,46077,28453,9328,14020,11540,29201,44159,10712,20042,40069,39672,23413,5389
38433,41974,3818,8086,8535,27243,36199,32093,35297,27053,35225,1956,21211,43171,7718,24427,4173,31168,20396,34528,23552,3354,17668,35394,46166,8117,16879,24728,29902,5424
41570,19589,49419,4217,4394,6373,15864,16986,35492,45416,37531,1752,31550,5513,46537,43445,2523,2919,15661,16941,48048,20782,39853,27374,11632,42186,43124,30320,29432,21965
42588,38687,4082,20381,39054,38281,11685,9885,14449,35422,39952,39787,26412,40756,42404,9759,10484,27829,43205,21170,2637,27939,14349,9030,29306,13519,27976,37224,29996,33316
44634,32287,3889,19918,4712,34501,16528,4401,2975,45943,15553,4631,44514,23540,4950,23121,38075,45733,36621,41913,1879,25429,19521,23662,12607,13402,47654,15722,31622,44091
42150,6422,39337,29365,4070,42640,43004,25454,3310,13552,44873,34649,23881,47632,2283,32679,3866,22341,10775,10906,37264,48844,14869,24427,22764,1069,19683,38868,12464,18508
4333,16707,48531,13923,6312,49405,12684,9768,1733,16581,45343,16648,29999,25925,32664,47730,22755,37774,39573,36814,43914,36579,25271,27921,46735,13623,5383,28619,25050,35748
20328,19540,13995,36292,13194,41629,28506,185,18597,5586,27186,22777,3865,29039,25546,16663,44134,31168,49459,35713,22743,25372,34774,33331,23866,16109,35179,20968,896,16177
45789,44167,42811,12140,26998,5130,36171,40855,47977,30821,20721,14296,24400,48387,3601,17066,18312,697,32902,3470,37352,4291,2639,47464,7880,46561,18230,9079,9958,15390
28672,5977,19281,34604,30404,28949,36940,38681,47438,33811,33850,31152,42030,21742,21343,1197,19565,48188,13470,23663,42947,42690,13794,1097,43875,20975,41880,40178,18433,4228
47839,23415,6904,41848,26936,48695,35883,48939,43142,14068,14271,11146,9433,27,21731,11445,7991,45796,44029,36171,24827,27813,9820,28469,15758,22901,10126,7336,12846,15849
15640,26461,47714,34111,2421,9519,30562,14695,43502,6071,7383,9332,5608,29948,39228,21299,4728,38769,16611,12739,39587,24755,20539,715,24591,8317,33819,21655,49382,4810
3795,6933,18945,20045,37552,25462,46149,44654,15651,17609,41903,25704,9174,45276,37034,16171,19756,5952,9334,1657,31454,42702,16435,35795,39379,29925,27221,20594,47093,10661
16023,18269,10943,28631,4601,41111,48102,26955,24947,22279,19386,13811,31580,11555,49515,10857,31275,47446,18037,36466,45779,33256,23006,16521,22532,8710,39246,44163,10735,30566
5651,3055,17316,20840,12281,38828,46622,15706,29510,23132,12103,19558,39545,12045,27961,35007,17822,1239,2576,49138,16753,13415,30160,277,36498,19733,6697,48854,40754,14802
28475,4960,8534,17224,45380,35379,30232,27081,24436,11329,2342,32150,22391,19850,42670,26896,44155,29364,15201,3199,15474,40840,38098,25126,15194,13645,44797,48896,6090,44464
7602,13804,15643,28053,48502,47993,21890,45152,41348,39290,23842,27436,45737,40232,26706,44581,46009,10676,37699,48268,34171,44169,5046,108,43184,42961,45350,46860,48222,4604
29713,19413,1529,26846,25284,23187,36757,29567,2341,8203,7319,36912,1377,22215,19191,13832,30426,8636,12594,11587,20252,3539,21953,27371,5839,36925,32538,41800,28112,48565
40128,44673,16278,32887,10326,41380,48171,21902,24096,23262,14073,20683,29505,10815,30921,15134,20017,29348,17375,34166,11037,31984,13226,20734,30984,1722,40882,32363,24905,48299
39901,36403,26201,16677,31870,27978,48594,8776,15196,27076,9447,11640,17978,44582,6360,39419,19423,20681,384,3031,16328,25075,16540,25765,34401,44573,11995,21004,39667,18082
3607,36182,25662,47236,34832,1503,26275,5391,27256,49397,2788,24381,27291,19825,44001,40390,45004,26995,31944,42077,16662,27373,20744,39078,11299,20293,37544,16196,22055,32150
20270,9054,39998,4696,15354,31050,7626,45077,4481,25285,33512,33111,35981,3986,1044,21717,17762,23926,39734,9972,36299,30770,48378,32524,14638,3425,22165,21690,35430,31046
43653,3644,33943,18269,23503,28108,10614,43848,27335,38085,39512,39756,43046,35582,22133,13395,47409,28334,29618,36422,17180,42524,6836,23456,48692,38180,49133,36956,45792,44159
48608,43728,39317,7845,33448,11929,19484,34246,45397,33706,9847,43105,41928,32627,25340,48481,11657,25211,17950,3440,37654,40914,8375,19858,49922,8589,32804,36421,25463,45795
43127,16664,28876,10430,41,12766,33340,25137,11891,1601,6861,7986,35942,36010,35038,37738,5725,34192,47059,1918,24658,33267,13018,47536,39696,1268,11691,42823,4610,37585
48540,45358,43774,37529,3275,27331,38526,23565,10045,40991,13289,17207,34342,31665,15260,20773,21064,9770,3463,34779,42050,26338,12156,20249,21028,47347,45531,26358,35581,22588
11512,29095,41185,23146,27956,23827,14204,2541,34,43432,23179,41707,14847,2983,18981,26415,32407,29251,44684,41393,11098,25266,25353,18651,18841,28620,36682,17005,10592,30598
7828,5417,1620,29493,7292,15063,33355,6758,19421,32938,37446,15987,46645,2653,30355,28794,42108,30023,18238,47570,385,12717,49019,44669,18013,30585,49455,27483,19410,3902
831,44852,37159,38366,33218,4076,36681,10809,29656,5023,16072,31252,22192,24464,32711,11560,41174,12244,17176,30154,13486,39189,14559,34179,29791,30617,23228,38172,48621,32044
46393,9661,18315,1824,46031,36702,1518,38394,34478,15957,7103,15603,26053,13606,13558,12150,17852,28364,38966,40358,34329,3310,24402,23782,16580,23613,23836,27884,12727,14713
8993,19354,45292,3075,26255,2720,24551,5942,40038,36204,7354,2636,33108,1414,15585,25476,16917,11499,31827,19310,35868,33107,41495,33963,48701,15142,47565,44031,48854,14464
45974,7751,13487,23403,9958,4194,39076,33503,42620,43680,21002,19365,24130,6482,18697,10139,44368,40006,20520,16073,40862,34584,24366,17801,8618,2763,25135,49567,42260,37595
744,5916,881,22113,41269,26799,47168,28442,35701,35136,6577,856,14316,32554,12300,13847,9541,9021,41857,45933,4410,7393,29531,49839,20940,5008,49108,13595,29613,26041
10737,8978,26520,44759,27453,38843,40729,33977,3456,6029,17907,41828,24253,20967,46962,15385,11829,32655,32401,48349,46667,14552,33593,611,16798,8312,27655,26985,11783,7003
32533,14007,28381,34880,31803,12921,45680,44419,4468,42153,13568,43971,17182,46696,46136,30683,28832,7861,34667,19700,22955,35657,36098,40221,10057,40403,21237,19182,49639,22170
22722,8301,43786,36343,30925,17223,45387,19663,43305,16405,26904,16265,50000,38131,14141,15628,9405,47943,1124,28637,39588,44553,18279,45637,44916,13006,8188,4928,2567,49902
34276,16189,21745,46631,31080,25365,39293,49760,14194,24462,21120,39548,36551,8734,35568,26577,1140,48336,3609,19506,47462,16937,16373,616,4518,21655,34269,35629,9366,8565
33897,28378,34429,37353,41436,24215,10925,40925,27063,6246,42595,30936,41862,43481,378,24892,3057,3410,46050,1851,45259,44584,29530,13685,4920,35171,31229,49209,22327,46823
47237,2215,3643,35556,2576,21440,5710,23055,7996,24584,7224,28189,32770,18639,3510,15882,19879,36492,27214,19201,32281,6050,1211,41340,731,19856,46455,45625,29591,2447
16991,42181,1569,12085,28396,18001,15946,31328,19608,23817,8264,23057,10929,37484,40914,5051,32727,42598,9125,34322,46726,3210,31395,37947,2107,39623,24502,42452,38966,44450
10943,14536,11452,18388,27103,16958,16129,45141,11586,48566,32097,18178,45643,15265,48113,45286,20379,26854,13107,20022,39871,47391,48108,31591,2933,8823,49082,27039,6307,37973
24371,44188,25902,45497,8158,35174,21889,47871,6773,325,1414,29519,20616,13010,33006,20787,2335,18020,34737,7443,39858,47374,27873,44302,42049,11644,5895,29679,726,9275
8319,5005,3881,10464,38854,17171,40435,39747,12766,31045,43166,14970,26275,45117,18881,46522,599,26391,24237,289,9256,28581,25659,13265,25677,31328,16521,43937,14343,27472
49138,16021,32709,28919,31714,25392,17455,11184,17078,7752,40686,3832,24398,7653,12650,2407,22887,31706,45887,7971,16762,17361,1942,21064,26840,26330,21304,1182,7113,9727
17614,4504,24976,2651,18808,6537,29020,46335,24001,12573,7674,3936,41434,25154,14123,38860,30659,35321,800,21661,734,39423,513,48796,10643,12052,40461,19343,46859,14307
48034,42230,35966,44188,19021,31889,29312,19924,13723,4078,45477,17981,14159,45861,73,36605,12711,843,13180,18649,41288,34785,15437,34823,27054,34612,5919,38946,46837,42781
7737,48398,40293,22990,37703,13856,38614,12678,20773,39344,37042,22022,6526,26975,37893,49348,39436,8250,45287,36232,16438,17737,48064,33555,3699,12018,13932,32025,1799,27621
1924,896,28413,5731,34896,30416,521,34254,46707,40011,2477,9896,44401,22857,5078,39118,17655,4203,37219,48733,25001,27986,4183,40550,4687,16714,26199,30085,15427,4008
21956,13519,41081,39061,29121,16745,4191,33161,33011,14235,21215,14258,9849,49298,16245,1348,28413,9419,29219,30635,22223,42424,45788,6124,27489,42727,49084,16647,11798,36417
28137,12802,5745,24608,24925,15511,7160,37245,17422,101,1670,14177,18627,5924,9280,20612,2137,9995,21566,12357,27052,15706,27885,42057,23270,31618,15097,47770,11530,12700
17825,26590,46885,12561,49386,23949,35659,18875,41824,6580,9435,48506,31205,46283,46827,7549,6395,8118,24309,30116,23142,31758,18825,31124,12958,8694,31708,21287,32599,46985
34332,39248,22811,34180,11199,30072,42730,3842,14042,29660,10211,11267,22657,7805,1170,24145,7579,20741,40965,48742,33965,37213,6609,32064,17692,21304,48497,28892,42170,29948
4186,35892,12060,4270,2592,13396,19418,20704,39643,22464,24470,45607,17957,20251,9290,44810,17623,1868,9761,7543,24723,5281,14711,11847,1039,46774,27969,29388,49922,22525
17233,26040,21475,8890,21554,3742,8958,16176,25644,10356,38597,27906,39939,46996,19197,48966,36106,4286,40573,12103,27954,25054,43752,17005,15706,18866,6688,40613,18429,48870
46683,1608,25018,9001,41186,24828,21584,25468,32414,48008,42133,48540,42767,4434,14585,1706,46631,38827,78,15585,37023,32385,35028,27080,25521,37660,31559,4897,39819,32039
37792,27249,9212,4817,36753,4759,41274,42519,35585,36033,10661,37912,8556,10422,31075,34623,9200,13089,5974,12270,2181,13846,1507,13803,21585,1496,47974,21711,5465,17950
41126,27628,22612,8650,48306,32668,40511,38073,35799,15411,36608,40755,8181,35285,30337,26296,3503,9453,19377,13148,20061,6227,41175,8549,45050,13925,46059,16476,8505,11803
5051,41889,13651,14950,31885,25373,43303,44863,28616,42564,25534,16889,28538,37392,32610,28039,22525,15322,16224,37740,25775,46436,8035,21243,46088,11978,29202,44522,1721,10512
32516,28823,38178,8969,748,13866,36606,16744,42812,44426,25974,17733,40665,24234,44894,41518,49998,34614,21245,38617,27380,19995,19486,19679,36588,34790,346,16149,25483,18121
29832,44090,147,41083,6687,40669,27025,35703,16316,6483,39064,15250,13543,8727,6254,34862,21557,42166,15951,36483,32119,11465,18521,15175,26036,33355,43169,7513,43327,19558
33475,37326,44977,11588,45638,3079,27725,451,21790,22330,21246,48330,28557,35273,8284,5618,36398,11081,42645,45472,20458,5816,2904,6033,27817,18484,15614,6815,29045,9441
23602,40147,25246,32871,27560,39502,19023,11872,1379,34706,47140,35166,34374,44358,15224,40691,1177,8005,15252,29875,29946,20927,11650,36864,16738,45418,30041,32763,25190,5755
3634,5933,12280,12395,12473,43318,25480,13349,13720,17209,27801,5585,2252,31817,2639,14572,42106,20736,40969,38060,36987,37874,2138,11997,21186,4200,21544,46965,47168,13174
32743,36509,45372,10882,46885,19883,40904,43601,28387,15965,20464,17766,38768,6225,36704,42330,27576,37277,493,30034,651,22755,45588,33006,14162,46720,28506,20475,39140,24634
37152,16595,7550,27207,43814,7498,18058,9696,37919,42630,13012,7052,29820,36458,2437,9198,3569,14802,4468,24842,6376,6352,15645,46611,15842,24430,23490,3112,14096,30439
10937,35022,9984,39176,20003,14649,12742,21617,9260,35508,6462,4747,34357,49986,42355,19822,11963,18920,10421,46819,10811,21861,26016,7182,3998,39318,7900,7902,49943,3393
24097,41312,17960,21745,26665,1736,6348,13240,33253,44049,46923,25354,46295,48082,3998,22996,12852,37802,41920,38432,16950,32184,41590,36552,1394,41380,35851,7835,31687,13585
10310,40886,2153,35348,38107,28009,13337,4343,39837,10434,22144,30263,42332,24350,22422,9172,26638,20488,43809,33778,34426,45953,17244,11573,9869,21751,13948,35805,35947,46657
16720,17215,46432,41527,12202,14202,27205,11562,23129,12381,35624,31592,40849,29491,24759,7542,75,11846,6572,13238,12304,42307,43929,19126,12062,42406,39435,23615,40302,3161
6744,9999,32321,26453,4270,14399,23306,40952,33290,19034,38030,23262,11257,4267,28782,48117,13558,3301,45699,46543,2400,36281,44761,1579,40143,31379,4916,16326,35109,17242
37612,45603,49985,26887,21030,13374,25902,27955,29211,45305,35037,14026,23921,13443,24794,32666,10988,3226,39439,31690,4699,35301,27486,45804,7435,43271,43040,23398,31982,41682
44180,45219,9318,18377,23537,33401,32748,19592,9020,46779,2589,29946,48722,6475,7085,26222,9941,2755,2342,35369,29523,20773,8694,26905,6283,25383,16546,5669,6050,35440
47369,46018,27391,29930,41416,36199,37765,20339,43695,10864,37138,13644,49304,1229,5100,28997,38506,42088,867,30721,48873,26195,35031,8997,45504,48239,19916,24675,43442,21420
7559,2214,16937,43405,17574,13957,22038,19340,45910,43580,31061,16166,49282,46030,43906,10693,32212,12769,45077,27382,49861,33211,49184,41293,28776,20304,27999,651,38183,32264
14969,39638,36648,49865,29844,45055,18677,1971,39264,1722,39376,44560,43478,15023,7753,19411,19531,4075,14000,4009,25537,17367,38851,539,17949,37235,30744,34776,6772,39701
48548,1285,42891,18932,43476,5479,47651,21003,11515,25210,11937,517,43410,46909,49165,35822,45162,35971,14759,42316,6640,3061,45602,21188,9304,45646,13630,21491,45426,39145
33347,39609,48654,6527,13412,5356,2068,604,46150,10878,32304,26712,22090,39020,42796,41106,41908,43152,4485,26436,47326,45896,18550,17539,1559,23357,44686,42390,3068,36027
169,19990,17400,39864,3686,12819,49400,27996,35908,24467,26448,8567,34251,25500,38006,3174,8341,24723,17380,37074,40311,2361,30294,10530,22109,47187,5107,36608,48420,721
2887,11510,17013,3590,23873,5223,18006,26245,25987,48630,29822,11883,431,32350,24178,5375,35654,49181,20058,7533,25741,7841,35548,15768,8501,14514,46916,41540,3487,25681
806,14369,27066,27357,15269,4256,15841,9419,18044,11340,26474,24541,20667,16012,31224,33825,42702,3971,42671,46071,42248,10205,3638,38374,12778,31711,24995,29431,30488,28905
16027,49144,14043,9034,20828,24465,1157,11202,12447,31171,18756,22925,12341,11318,4519,15130,27812,25082,44429,1457,17964,20951,7804,16430,33055,30585,26895,24912,47739,29386
3014,48326,8470,36530,32483,44876,3131,37758,13667,20290,25947,40876,22033,4103,8090,26218,49121,12920,28309,8255,41496,30689,10987,48581,13568,42049,8528,1601,15867,28447
30918,26978,27944,16825,11508,18977,42506,48847,19122,41162,38155,42975,31762,40966,9103,42539,23878,597,29154,29705,23359,11112,29636,5514,5556,14210,45769,1685,35378,26935
23854,44321,22865,15212,36393,18695,17106,31951,32721,39716,14420,47273,10494,35177,31700,5757,19111,16052,44261,2268,13686,28810,4064,12075,31426,6562,9943,49159,33806,1074
25099,9565,8759,46900,6684,28732,26279,40105,41070,27172,46636,9807,9801,31236,41897,30479,20902,14717,23034,44357,19916,46712,9932,43904,15139,16951,17997,27651,6917,49992
9836,13480,47710,24577,2409,36816,14659,48676,20001,31873,15159,47183,40800,17129,41591,2435,36454,23890,24476,549,31152,10407,32736,38797,15224,39696,45304,36937,13977,46141
11729,13981,14176,45816,42278,45353,4259,25303,9039,35472,27069,47240,42956,32792,36186,18443,34321,17232,19449,6063,24518,10465,33399,45161,2591,39336,26817,17085,1289,20221
2318,30132,17614,26037,1415,10402,7903,24669,25501,48864,7989,4267,38687,44048,14062,8425,35839,4303,23287,6670,6084,23678,35155,3661,17321,43602,34322,15440,659,900
36233,9885,24257,40074,43626,35959,20721,541,31874,28585,22924,26323,15571,8311,34136,15972,4893,41785,9391,37504,47612,18818,35984,48739,35980,45629,47878,39483,30746,12173
46795,18641,37180,9930,35112,25102,4159,39844,11981,31964,21891,14772,30082,25457,49169,2767,13672,30333,11506,4460,49285,14063,4923,2787,8248,39426,32149,18971,47913,21982
48541,12423,42862,16519,46434,30550,261,13372,12430,19851,15356,31802,15853,48543,35565,9534,12971,20217,17090,40961,28944,15464,4187,49702,37699,1164,31060,15213,40613,40826
42973,6993,10704,7417,19583,23602,30533,36644,5938,29392,30847,32257,39501,7840,46018,39706,31469,11141,46531,19700,37172,16193,9411,17827,2129,31491,7704,35673,33384,18954
27484,42572,21973,37048,5826,46160,40408,43705,28726,32574,2963,27087,37428,1508,25982,31711,16197,37118,11877,32420,19162,44436,38432,17693,21071,12942,25559,43741,22316,12152
14714,29311,33043,47955,49322,28977,31580,43368,12064,45683,32728,946,41297,37360,40356,32010,3895,47759,41214,32492,7246,18666,36557,35242,18772,8995,14548,3750,34623,41039
21090,231,14176,8798,34532,858,31542,7923,6179,49262,47587,11686,42314,6589,7819,24480,14531,46095,21327,18810,6171,44619,32888,4479,42228,2767,46850,7981,34400,18661
16271,19194,25795,19198,27540,23096,41546,8894,20971,25197,11586,45680,24797,37789,26082,13238,29075,49470,28444,27192,43049,48088,13989,13693,17658,27811,2877,47772,49118,8303
27280,17869,38381,34223,7441,17416,32396,35443,25153,35585,39192,29980,43772,21745,30552,16963,3106,15627,6715,7325,26062,36061,48289,47477,42417,7613,28167,18184,35938,4410
47205,11046,390,7830,20854,36491,28450,30144,32780,48092,30195,34697,49444,32152,38557,21009,43975,22857,30387,49851,7706,21550,15154,39643,19458,6503,27317,3277,3942,21013
20968,29418,21891,4591,44584,31479,21331,33205,6227,11618,24498,35247,26081,34719,19769,22892,4867,46269,13106,44398,13989,49421,6457,40540,13612,26242,31288,16772,44553,38567
17778,16018,8226,4111,8138,45139,48606,49163,8558,19626,46839,35390,5815,35675,15678,48758,44562,17855,30432,37874,44936,13619,42070,36028,20184,25122,27131,32173,13858,31805
5105,16850,31523,25458,37841,4264,24795,16223,34550,47504,7022,9568,16334,3533,32526,39943,10256,2314,45295,48139,31011,43374,48619,2545,46169,21214,18514,39098,2122,32665
37457,15353,46695,12930,21567,22444,28058,16621,14504,40455,35508,6285,28458,11401,40613,6304,3725,17604,42788,26288,29485,690,39060,9333,8454,13996,32323,4168,18564,13081
24433,49051,30226,5701,23459,32172,22670,21075,32131,16608,5097,41478,42808,3294,3510,32720,40560,25662,35828,39450,21419,47546,9835,5351,30459,49806,32199,25696,48368,25783
7826,49899,40858,20036,4346,17151,2253,20383,32436,26135,8700,4529,21103,26467,25021,40826,14588,18507,33895,28247,27375,19194,27899,39727,47737,2571,21728,30046,46341,18775
32902,8484,6508,24952,13946,41021,14612,26825,2565,25222,13944,26482,26084,2517,27725,39129,6049,19245,1820,13613,26300,35045,48134,25694,10164,24985,42479,20581,23989,30468
44128,24189,15170,12356,14696,49641,48428,3116,11202,23683,22074,22214,8950,25521,28714,29187,45228,19868,9347,11694,13812,7766,3037,2294,24537,5062,18375,6330,17508,16835
3452,49465,11611,24731,31513,49086,17782,36398,24828,45772,36344,43849,40137,7958,14138,39797,48644,10379,6599,49022,36510,39817,7234,25769,12161,15619,21582,8635,5709,19482
11754,33852,23250,8825,32486,43237,13093,35402,45869,9713,1821,24761,23872,48220,37338,2311,40498,47319,43192,20560,11478,48391,46779,40521,18871,7414,3570,5281,8891,12661
14627,10571,289,38346,31750,39935,23871,5014,38523,20635,41074,45359,17283,23923,24518,26269,3446,30723,25878,6857,18427,15895,40068,35911,32713,42808,8654,34991,35931,40381
33802,40551,44486,11336,43388,17272,30979,26117,42125,25592,19686,44880,19527,31244,365,23750,21633,38141,19568,38445,30662,45707,31454,30360,14415,16303,44146,20856,19760,41163
3010,34455,40098,20474,34201,31499,48283,48979,40580,8589,40226,35982,31427,4068,47396,804,28027,23985,40231,40927,34064,37556,32128,47666,42931,28743,25493,31291,17206,18819
26276,12431,45758,34068,37360,46622,5480,22068,401,41108,28025,1065,6537,4713,49610,28980,12136,48761,41590,40884,25726,15977,21641,12485,45507,42113,24865,31518,17556,12635
4518,23836,48797,11753,28784,34216,39523,24173,11053,19236,31828,27050,19162,31804,46812,12948,16715,44222,4077,573,26858,1204,2052,23253,33794,19176,29819,8313,855,36137
30481,1843,751,44888,32648,46519,47860,21435,14561,21399,17140,16242,42333,28462,48198,45951,28150,1768,45966,27654,29863,49181,34936,24955,46116,30179,11560,38068,12460,31101
18502,38368,25661,38500,40463,26673,18560,24524,44492,36802,48430,1072,29028,2216,27116,28805,43631,31360,39229,8266,27348,1116,38629,46954,31959,1404,15345,3863,37121,2100
20362,45812,39299,28390,7426,43286,36708,4490,30166,12402,46670,25499,39478,2043,4257,49815,38484,27997,6691,3853,12558,34228,18326,4072,48468,38138,2719,43385,13434,42867
21450,18419,30060,21675,36705,37941,42197,3746,47281,46239,11965,26712,13395,36793,40897,28700,7635,27042,22056,7140,10330,5257,28217,19695,10541,21353,32828,35071,36448,46227
5662,49988,18764,7206,43417,18912,27581,12354,17612,43171,25737,14541,19370,45611,6543,31179,49503,34478,21856,24321,31127,37033,3674,5132,2647,2410,40697,40133,16535,31876
36248,42316,43411,27472,29511,37978,37140,7431,29253,24516,15141,7948,15258,5147,33647,2542,48499,8759,44635,23295,11618,12480,10304,45617,25046,11025,15538,48758,46597,28994
29934,43317,23774,8449,35989,3417,15654,1221,3076,36541,16774,19003,4282,16765,21194,564,7317,16214,27638,14775,41211,19495,45938,3569,5070,16603,37862,45428,2618,15451
523,17789,17217,24653,33491,30545,38321,45677,8199,9936,36004,22659,3017,28068,1740,22855,3235,16372,48830,11739,9094,47097,32413,1133,32030,8264,13649,27130,9935,3899
24178,11516,38778,33350,5871,22768,44661,47995,14454,3726,18881,4101,32438,30617,43601,29159,36022,49833,44599,2048,14303,36319,7716,42713,28980,48216,42515,6660,44246,2524
13152,29756,733,2752,10534,24715,14521,8664,1469,35057,48565,8268,27384,374,14826,12108,32094,42278,24259,12561,7887,44523,32815,1412,30344,31941,4759,22805,12190,4008
19110,36344,26099,48880,25295,41725,24583,1945,41879,16883,43744,14810,20643,20703,23163,15833,16293,8657,25311,32795,15217,41150,29633,32990,30885,21188,38495,29881,958,26774
36950,2831,25802,15801,29788,37087,13223,25410,24566,18080,2114,30208,49687,29313,4257,18933,13500,5448,12912,25242,44891,39135,15712,40524,31118,42787,27749,44425,19145,26547
19918,28713,38045,23782,15529,43395,11511,25464,45122,33631,24422,34590,45220,20241,34435,1897,21213,41646,21365,3848,45490,21918,18811,36760,14670,34747,24208,40489,43517,16256
48469,13461,23770,13108,17204,891,43521,2987,22838,24359,47585,45269,12382,1867,8993,49297,29578,23878,3361,37159,38147,31945,15156,46500,41533,12612,44744,48086,1401,49942
40811,27672,16304,6343,10157,26930,43586,37577,36072,23329,11413,25832,43099,43645,29085,43896,2511,43540,28854,37556,21808,14277,34584,27899,34225,31285,12798,7456,42340,35705
15898,37163,19065,15031,31846,38942,18686,1112,44996,48321,41555,1766,8801,41954,47437,35741,31245,15831,2262,11412,23340,1781,8043,21446,7012,15656,14747,20432,3128,48555
30404,17211,7787,18511,42833,37054,5317,4756,28508,38310,12743,13176,41107,46953,24589,16935,19153,20827,15157,2236,5082,7837,25463,45927,2548,42191,2374,23212,20512,29585
24136,20690,35653,13248,38585,32059,4493,40364,26548,37843,40055,30627,14957,45753,35275,22795,16531,9221,33473,3008,12348,31913,39182,37584,10545,40102,45548,31736,13903,7882
38778,38763,8495,4128,10743,4386,27788,13999,1673,39019,40693,10503,43806,20792,32195,38780,3372,28466,35945,33827,47397,39471,22732,45467,29785,4905,18435,22507,26402,27905
32333,5610,35499,25561,49592,18918,29891,33114,7286,17977,15025,31850,11736,7145,12257,23386,20421,712,23341,13188,29333,12530,34691,8615,42358,17599,31733,11792,3237,10618
12808,34378,36600,32257,40841,48882,41106,17091,8812,16324,34832,3530,6417,41076,33147,28185,31874,14753,20578,14432,20248,5192,47477,42791,43678,7296,33216,32815,27428,23912
48003,38839,46815,11265,5179,47904,39817,7324,13709,33492,21601,49148,16018,14303,39988,36691,30431,11378,47587,23593,48337,1739,26425,21530,22052,35538,42368,2738,7044,3131
35820,36634,947,32166,49867,47971,42945,34664,12402,40728,18689,10615,40144,23070,46265,23180,28606,41045,29940,1691,20525,1486,28323,33102,37119,15377,2587,41518,14700,7253
49839,24121,26216,125,47083,22392,40391,9197,17953,44363,20026,26170,40408,28903,425,35589,9065,15198,47312,44505,49403,20182,32663,49475,37952,46407,5419,7439,11970,42476
16065,10446,16778,20206,42667,34578,23221,4677,26594,45358,32095,10679,36314,20795,21194,47725,36427,14598,37074,16414,10328,11555,23841,30528,37307,23368,23342,19520,495,26894
9868,1709,19262,13397,25850,12259,104,25467,8075,1858,13073,49705,104,31924,48626,25987,45248,48202,35230,4056,49591,5748,23738,23424,19325,39119,22322,41163,45346,23348
418,20533,26445,28102,4615,44795,12221,15066,20863,43881,5199,3812,43634,34157,24191,19133,8,27484,778,38319,22996,5657,8292,44610,33653,14168,4289,22983,28983,28438
26873,40531,3969,38027,27305,12376,24886,24398,31262,15239,19856,28425,37917,7836,42149,31562,8062,1282,35571,5251,19589,34144,47127,4264,12309,20279,7569,1840,30242,45022
1567,17641,14082,8592,42790,19632,36688,16340,9352,11251,3842,16426,7758,22178,37089,46212,21185,30901,2281,26391,20200,40830,39630,17837,42042,17057,42511,40448,1645,34837
15270,46313,24077,11677,49941,25678,40550,10301,49444,49756,22891,8660,12482,20571,36538,33387,8562,49304,18680,27476,44430,16155,22069,44500,33051,8188,22441,37652,28209,39020
35491,20990,7081,6701,20596,48525,24749,45668,29012,26650,33512,39915,39416,2482,21410,26973,45321,36811,11064,25789,20663,43958,11210,4285,36845,42975,8844,18794,18300,34537
22704,5585,20766,410,2565,6582,37423,28434,31519,22766,47175,48255,36908,12756,19876,15654,42048,19093,41933,18414,13969,45219,3912,8965,26373,10900,2542,18156,1564,39520
41678,48213,7862,48503,33575,7273,2093,29066,36471,22444,9085,29827,15006,5881,34977,28493,25456,45331,10369,11275,4552,44205,48838,46474,9646,39737,20548,1391,34153,856
45447,5031,17336,43790,12877,8579,48670,27891,47713,21966,40064,3701,16465,10444,29864,46831,16666,21401,29900,20040,43458,20470,39536,44097,9078,37256,14240,26972,15208,17921
629,19496,5938,37170,35837,22825,11081,13269,25900,17117,11616,29552,5016,37990,25478,40620,41884,33237,2425,15256,46494,34032,17939,48463,29557,4543,10614,17292,7599,20673
21956,4785,19132,46341,5517,45330,39758,13024,37172,40767,23348,26234,33830,15243,4937,25376,14633,45809,20127,43926,38390,10002,40446,28233,18674,28773,49431,42376,2898,49373
96,16023,25948,29017,28181,21930,49525,18226,39879,37295,6943,4420,19336,15543,37791,38159,7371,34752,5809,33992,11806,47014,38923,27847,39647,36957,1044,11467,13730,4569
49738,1274,34323,42859,47704,22021,35194,1898,23557,8491,37976,18037,32291,3732,47794,46365,9551,13933,9628,11110,14497,12137,7939,11522,2287,4283,31222,3285,4213,31360
43078,20576,28866,35103,24673,44526,36465,17334,25679,38115,46904,29617,19268,5647,28426,32747,15731,46408,40037,38607,32809,23568,4117,38893,14983,8646,35039,18880,37604,40769
24660,30777,12607,16929,4863,12088,32857,35647,27201,39166,24024,25694,4651,5451,20343,41148,38610,2882,49990,33096,7129,23191,48055,23469,4527,23681,33291,26591,3331,20054
48371,4873,49870,4722,41771,12365,42995,8512,29568,11779,15266,8108,4183,42476,41402,4076,48955,35924,44801,46605,42354,44802,37011,34647,48308,8254,20142,44020,26273,16447
47659,28822,23237,7507,11079,40904,36498,29567,26917,47387,13977,30696,44000,248,2265,34801,31060,9478,13288,8230,15507,43284,15618,8350,9399,5006,40618,12472,36887,26894
20154,7855,31846,48619,7868,198,39517,39494,10176,38334,29676,10620,16545,2093,4724,20353,4048,17503,45368,49916,9738,45496,20598,19414,39512,7137,17207,18977,20688,14781
6813,32571,3977,31611,49710,3839,39932,25189,42051,13397,32720,39117,11231,21723,21423,38191,43193,13286,11000,27001,1868,29447,11172,31929,34298,22502,22038,48897,36101,45052
13448,16447,38255,2097,17897,7047,6555,27019,32211,34593,10932,49534,44844,27982,27422,5893,35614,38612,3934,37909,10870,35201,33577,42642,7034,40204,39263,38258,47034,34781
34722,15544,15105,31930,45081,40258,9425,49466,35055,19046,21454,14427,32127,25897,39779,7181,8093,1049,46877,38334,37722,11188,20933,4518,28556,22935,2771,41590,42188,30432
15609,20014,48629,11938,18099,6513,44283,44578,46249,32709,16243,7439,5055,20369,38176,40671,24773,33428,19671,13515,46347,27965,47117,43708,7618,31783,44466,31879,48849,8563
27514,12340,18364,49507,5008,44496,29087,23318,10148,46745,39920,20510,49806,32635,3594,17271,14909,47008,28717,5040,19191,33279,39062,35807,31189,48723,21329,14792,26823,24328
32246,49143,31319,12017,21560,29925,36550,8535,27929,49301,40634,8379,27685,5088,16558,46392,16691,40474,46694,37973,14365,38601,34961,14935,472,45987,6365,49461,33527,1554
3926,24613,44861,36911,25583,37348,20527,29628,12978,10769,24753,39635,32757,15211,47033,2808,16378,8724,2238,43283,3979,3362,23849,17050,7898,37580,34426,25414,23082,47465
9331,41686,4209,42446,11153,783,2090,36789,7382,49483,17294,13206,46569,24591,19392,21164,3681,37411,3978,37018,31812,2584,39915,45275,42983,42352,38158,26150,15299,41779
46639,24451,47182,44169,10376,5982,44347,45761,16624,35767,33342,37986,17136,7483,17183,38889,47951,29965,43775,30668,38875,4643,28905,9221,25134,45500,49659,39218,5163,9830
18339,38913,46232,2362,33205,2231,26162,13223,47035,49735,22331,34628,48568,28964,40829,12544,15461,3221,47958,17713,31321,10161,34821,37941,34031,56,3387,1950,40576,35632
6097,19067,4842,49737,9850,47239,12471,36775,3666,38525,23251,6422,36199,44895,18332,41760,43582,18751,13231,16085,14691,9044,26150,34860,4414,10973,40855,45741,48570,42422
2878,35297,19005,31902,1620,4486,14463,49359,29041,3623,20872,49113,43215,1243,1661,48061,7203,22568,1093,6626,47294,15755,48091,44512,24151,20983,767,33295,856,396
15170,24127,33213,10306,26976,30655,17358,47011,19465,11956,21722,28980,43372,15139,26774,46437,5699,13742,27335,40122,41864,43316,11795,28627,49888,18837,48395,40292,48297,5657
34063,10971,1182,1615,32635,13590,22703,44101,13374,36840,36281,43527,26977,37906,12858,12666,31974,42715,26772,2832,40201,38149,30938,38456,34506,47382,22418,42270,9652,33537
27071,22691,36447,22401,17990,14133,10251,24027,41132,39098,47355,18508,23438,22293,17510,20007,18105,48569,8933,13452,5573,41455,41208,19628,37887,39442,32816,39656,16166,48447
45931,17329,32464,6918,37871,17459,3192,22699,34062,16704,8863,18387,19063,16638,25711,42614,21695,35091,15951,49796,21975,2407,10305,5014,3764,49465,41298,24550,33447,30343
24412,7024,4292,44575,25223,16146,30996,43867,1035,48748,44742,31681,41059,12304,1479,37641,44790,30244,142,41791,36261,40721,24291,32079,37689,1157,26790,8125,41192,10236
30046,45212,34092,12967,28939,30274,10989,44302,20624,44271,42657,15910,15715,32075,29088,24822,4218,31882,35403,34139,8429,21180,5602,25004,23498,45602,43627,47208,40622,25300
49015,20338,45757,8687,2009,46740,3599,24657,4643,37137,33910,9575,34149,24775,20992,41641,25619,11215,27232,35567,885,29833,32402,12873,10265,30089,21766,34433,25302,18895
5565,44446,30236,38212,18171,16901,46460,45645,16795,32160,47466,47672,19441,6959,43981,25604,25734,6863,10405,31416,40447,16719,37738,29610,16516,37015,26612,13417,1600,170
38062,9765,3098,44664,29179,13359,12847,15196,10154,3987,368,40797,28632,27471,36009,18895,41909,20437,3628,35817,39138,20153,29809,36418,48841,22396,40698,44690,36706,26460
6264,3028,20680,25591,24551,13244,23399,27164,16533,13488,26845,39087,26279,14375,4578,24385,1227,2925,34150,22472,12710,39072,47222,2482,22557,37309,23546,20917,20190,7116
33124,19616,38380,15019,12318,34555,5957,31216,25539,43245,48536,29601,19732,47507,1072,6783,10843,29894,42455,8671,29978,24546,717,80,5932,19168,23929,18340,48853,20180
8750,44908,44873,18696,41637,41411,22176,30024,39647,17124,35778,21367,15117,44242,47371,23434,5379,30619,25890,40756,23029,37711,48699,26874,7225,6854,31651,14560,8584,41137
41761,37317,35637,40338,6943,46162,27037,41376,9255,42910,4749,20908,17005,29148,2911,29717,46274,11156,24735,40142,12630,24112,8127,3156,13918,41718,23622,10199,49271,36877
25845,9694,12726,4458,21560,14528,12101,19716,10243,16076,30455,21843,43471,1095,36726,16206,28119,14947,35389,41623,37629,37007,27826,12718,11992,5485,16307,48932,13491,34848
4905,26110,43286,17474,46589,25185,31966,16571,47014,12596,5039,43536,3827,43424,11786,24832,12607,2916,5943,2699,1449,17567,2997,7075,9597,9105,28419,17902,23868,37654
38791,12527,42143,13284,19378,12865,20043,15002,22701,18207,26339,9850,38415,23520,31961,46085,43417,3670,23972,21277,36057,2261,32986,1745,21245,37447,45826,29843,1903,46206
37213,24360,34347,45749,10628,39682,9951,33903,36748,38136,37627,30340,18441,5515,47557,20665,10491,42768,1331,39005,39709,22193,12018,12212,23734,21274,38788,22683,16880,46765
4082,47362,46880,33405,10815,44383,38049,12881,36441,32555,7564,33237,815,976,42718,19428,9243,39288,20853,20776,1520,41447,36819,21551,22037,36031,38703,2095,5187,31114
28508,18982,44340,6274,17158,44728,42290,31829,31626,46491,32154,37396,540,42039,23237,48560,39440,21189,7823,32067,29056,13306,43363,15589,14089,45746,19152,47887,7613,11037
43414,5708,37734,9517,16758,43346,12084,42265,2758,7314,23675,48271,21041,35841,1144,28386,18846,32679,32030,39337,36578,9872,44927,22343,30507,31481,14235,48901,3050,26397
8567,34918,244,39763,1672,6869,12411,27311,33218,11931,8758,8071,43871,20505,34898,32109,2177,11508,16627,46522,23018,28763,6986,16082,16443,30708,40191,42180,15136,3615
15518,11145,19520,1896,7647,46959,1604,13896,47240,38308,23105,30220,5373,2942,12223,43743,4871,17983,13734,139,9874,12552,3602,31676,31949,33807,30475,14334,48782,44376
19116,11196,49558,37098,28491,16536,30466,3965,2941,41802,13754,34772,4427,23855,40211,39055,5022,2510,28781,42229,41586,4954,24367,29326,25015,34995,40145,27823,412,773
17105,35437,43677,4638,28759,28318,4912,23204,34772,21392,29481,28529,40214,31694,4097,20638,4105,4446,8345,2022,36209,6342,27136,30124,28867,14584,10304,21831,49905,10745
20645,43336,44038,20673,38977,25650,37013,22455,21975,24980,48790,18603,19803,1896,9799,44643,27709,11171,49733,33556,44071,21203,24250,40147,12559,28920,36022,30438,14668,40975
25753,17871,3541,5727,4466,11677,2170,33708,43549,37260,6198,49844,24137,42854,47343,28907,27065,10967,34619,5318,38513,37759,8389,32453,37483,29321,21682,1086,35033,6083
45923,22439,24099,879,25240,12872,6614,47871,30795,19487,34010,13229,6528,21111,2964,8876,10352,28082,80,11888,37445,32665,1318,22946,25565,40310,43495,4528,34242,5634
48193,31717,13866,27889,30033,9131,5157,44450,20699,22026,31958,38684,4678,24319,22987,39271,14772,40701,15720,42697,46601,8922,21144,19508,42048,30731,27659,8111,39875,20955
21382,15135,31907,34239,49332,36723,28147,31067,18307,20248,27690,4241,46997,19797,9200,37117,10651,27575,39570,37520,11541,15016,27600,31454,40795,4283,7417,13264,42806,47611
20845,37606,11154,34982,19854,28683,47778,11448,46266,25396,26176,39444,11896,20782,17682,34047,30051,15007,23464,13444,45642,47601,41295,8856,34453,17903,2361,34303,31786,39897
29672,23634,30437,20247,9882,6406,20644,23817,15601,34984,48345,37895,45115,23655,49816,15297,37443,44418,13373,25870,18397,6246,45155,35578,10572,10019,11332,2689,42665,44820
17823,40427,17359,34458,4754,17915,49479,10298,12519,36993,48565,7041,41330,22966,17507,48751,16118,33240,7675,20827,1462,6626,26565,34261,34050,32575,11722,9527,5444,31455
15310,16831,9893,43924,18429,40502,5375,37497,8055,23263,34139,28741,40574,47202,18390,38892,28237,28292,44747,18870,27653,33745,48515,16586,42152,49204,4288,33162,47312,21742
4895,19507,1796,45709,2452,31149,37148,3415,17929,37434,14960,2884,18843,12437,8393,38677,20179,11907,23144,22151,33901,29590,18875,5295,27203,20153,18070,23575,47148,42011
13285,37020,1310,9160,5716,34520,42425,28109,16444,47285,33222,27345,44483,31827,165,26129,45057,15777,1540,40800,24363,36882,38676,23650,43005,44712,31848,29151,44866,4442
8921,45080,16630,36810,46277,3782,9697,23053,13436,8322,40547,8722,8506,22368,46883,9636,10588,14941,19156,48398,1731,3317,6827,29917,37408,5803,1259,11516,36550,49427
38320,3016,29718,16931,36309,7394,18476,15859,45600,9363,10100,35561,6323,2632,33140,5727,46328,8091,49420,19673,4022,9678,28538,41274,28901,36880,32705,22282,16303,49550
7142,44411,38546,3506,30021,33462,11604,700,44346,35287,12349,44547,9431,45527,14270,49889,14330,26573,42060,33511,18914,30558,25336,49486,2118,7327,36636,45356,25744,14747
10185,2707,14543,35903,22506,7640,23553,39789,18697,31550,8624,30923,18511,41000,3509,49950,41166,2790,673,15794,13000,37657,44976,15686,41391,43977,16269,24531,1632,28129
6925,802,23049,28759,3120,15569,44185,49652,8094,33302,8511,5107,23236,2865,48246,32603,15636,13614,28080,4539,10096,39778,32352,44191,48324,15747,20886,22010,18441,33737
10773,31232,36279,49417,13817,36811,42284,34619,14651,9800,38905,43420,47101,1482,29095,34275,34412,45176,25270,17746,15474,38533,12413,14501,22143,43304,3518,33098,4523,39969
29463,47023,4446,9444,38894,48929,30402,32270,32487,49643,13398,38289,2219,42397,5002,26159,30769,19027,44589,38812,18359,14033,40334,39078,1163,31946,23809,33501,15312,12629
30544,39083,24279,12812,4873,25435,38571,16658,28289,24860,23003,35604,5008,32853,9557,39285,17933,23019,31468,28892,41372,9445,10377,7747,30180,16542,16621,8381,22785,18760
20581,10288,503,42344,41542,37079,38422,25763,10040,34356,24196,20936,44629,33735,8497,33003,45426,23989,12718,4462,12457,12510,9790,37641,24483,605,28890,5338,34909,27326
26642,19206,32747,26689,23327,39694,17453,48893,1850,33403,12124,19453,2971,2722,7134,40319,16382,15993,15428,18985,6412,39328,4172,12650,20962,5290,29895,21346,1347,46468
7913,38738,3305,20481,24182,35122,36232,35053,46946,48952,30513,21216,21309,48118,35833,34340,22359,11372,24503,36914,40861,12267,40776,43583,18360,21528,24755,17264,31760,21875
35123,27722,47983,5609,32265,3461,836,40139,28620,30444,385,24874,10231,46171,48635,2741,10712,46029,42785,34341,48151,45838,10318,33166,13974,13494,4953,39449,4691,36920
23481,37356,48115,22791,12224,10260,29340,31047,21346,37293,9872,3525,26008,25899,4510,13014,38633,37755,3269,17240,29813,44581,27410,26895,7856,2496,33865,2643,25413,26802
13608,40499,21243,25921,41171,18436,39803,22045,19998,42924,25724,43035,21068,49028,13864,494,49303,33406,27214,29893,29380,41936,11252,33503,12333,15167,41229,41779,20152,25685
29617,35909,5740,29773,35651,37678,15762,12347,42659,42060,1108,36844,42130,20407,45860,34003,43833,153,12252,4339,20602,33847,45821,2972,10559,11796,47211,7519,6269,44719
20206,36386,45883,12523,45027,3629,44810,22272,18744,45289,36397,11261,16283,322,21684,20331,49394,26551,12954,35804,46428,42773,1711,49773,41965,10515,29237,11601,10093,35824
30366,21493,41736,38387,39960,40330,9636,28129,46508,43625,17875,36810,10469,32991,40770,36822,37304,3096,17577,19488,43014,35457,10773,26774,41318,45209,27989,17980,7831,24603
17368,20445,47298,36888,15271,34839,30777,22863,30987,29854,44168,17800,38434,43698,32416,22045,33829,3450,23755,35887,15551,3829,2464,25341,15483,13591,34885,732,25679,17950
7859,32398,22534,20451,696,46158,2317,24249,39521,47135,8572,3202,20492,22446,10845,17332,1059,29478,38240,45476,3391,8413,49038,14566,45534,17096,32388,33346,26199,46598
5926,33629,16346,36036,2080,22196,47984,22660,17162,31018,43322,27263,30054,34986,4203,38174,39243,13371,45845,12860,39305,38779,36688,36274,46591,29237,15815,27099,11246,7694
10330,9983,2475,49731,3245,26424,807,33345,37979,3916,40095,17807,48572,6660,3301,4292,40178,14778,7455,40725,38786,47796,2195,14937,37717,37977,42236,2938,15320,25007
44962,31072,1473,29908,30530,11458,48322,29309,650,3683,39974,46896,47555,39515,9100,43542,24824,26378,42518,21160,18211,26665,28039,29824,9207,1811,66,19384,13261,35495
19938,45280,40240,12232,45076,11491,42761,32780,6676,8614,48587,15052,2207,39094,21801,10603,6053,47937,36142,23951,27357,42172,41615,46009,12011,39741,22767,2874,4734,28329
46184,22658,37107,28313,24294,22947,8283,15526,25885,7079,32723,210,40978,15419,30247,37859,782,37693,41361,9100,7587,45587,11592,24103,43713,38706,24820,21878,21242,17673
45671,45501,33880,2446,4921,5293,32868,23348,27626,19704,34478,7172,42463,41634,38017,7892,20191,10419,29946,39223,41116,18586,10928,38046,37616,16111,21554,7831,16581,17083
39539,47825,9468,18917,17394,20190,15857,49516,44670,5137,14063,39204,41511,41906,35752,619,36951,6233,45593,14258,35134,20091,26636,40278,49148,4109,36014,2349,2117,10568
2644,36117,2716,22090,21804,32567,24126,2687,47340,17193,1500,29731,47192,4067,44158,13618,38945,22641,15536,28556,29835,19044,37709,28806,19028,10014,18296,45800,29950,30256
14092,5498,31719,45622,7779,37682,18875,28551,14560,12360,48535,19130,9454,44609,2693,15642,39164,2273,18861,44512,48370,41485,30242,12066,3948,16509,36563,42001,43095,42643
21483,26880,27890,3545,6964,85,2042,28357,25175,32873,18468,4136,14391,17980,5266,40437,18124,40302,14415,41454,43637,9180,10767,6294,443,12423,16710,24764,15916,10983
9721,1499,11306,45832,22014,6484,45252,16680,21207,43071,48003,34388,374,33450,16593,49755,34503,46889,16945,41236,12370,631,15991,30240,27549,5526,49473,47854,4554,14717
5978,44543,34058,47288,15795,42260,621,28936,27540,23835,25637,825,18915,41499,49755,14700,45791,235,20252,8616,12830,30360,12099,44065,750,30679,36913,4451,36826,31249
46607,4439,16462,2787,36451,43960,1611,8209,12162,25699,46955,38213,26225,33570,16140,12104,22364,23131,31279,47181,25922,14372,4802,41767,10790,14269,41547,47861,19444,30661
16268,43166,7821,16118,22167,33390,47422,43495,10196,34844,44339,21413,30885,10274,27130,21485,35765,45141,745,7720,5160,42466,41832,32465,3905,39274,7153,34447,10565,14153
23314,39973,19656,3135,11897,25973,36248,10260,5669,6858,18115,26464,32603,48831,43587,23318,35517,42120,18982,8090,18712,42821,43657,39552,34989,27994,20048,14091,10883,38758
25969,35315,18191,39910,1419,2289,4143,9290,45019,8780,8780,40486,48619,8471,2225,19036,35999,19420,1578,7633,9835,28476,29564,44722,15829,48597,8874,7674,13078,7470
33651,25826,14667,3470,11008,14351,5157,810,8629,23770,14963,20744,10794,9510,16453,14448,47563,17024,11234,24651,28592,15090,27797,3796,7679,37827,32674,7440,2532,27700
3209,23377,46552,6415,46342,39119,31241,23673,47208,16134,30546,26936,12776,39234,22659,47488,8803,22053,16374,23361,30602,6997,12694,36996,13589,20372,27241,5072,19417,5595
44380,45501,34040,44566,12117,37030,16812,7378,29426,26369,30470,29804,1690,49172,48632,26401,19367,3434,6580,32302,10808,210,48173,42752,41963,9253,11568,41426,6864,46067
19585,36888,6226,7610,4062,27629,9888,24299,2687,40541,46916,17610,6876,15620,49739,12127,43742,10266,11156,30078,46668,27080,13571,29275,36753,1548,44500,19440,37136,20760
17051,2976,25300,15953,17460,14310,12594,25344,15647,27598,15818,6182,10797,35982,45063,5189,36372,636,13600,10081,25813,37779,45492,13388,3465,15450,17097,41848,43890,25941
11395,43074,2429,664,17561,17707,36474,44521,42639,19710,30561,40338,35520,23204,47720,22838,31467,12439,47828,28936,17939,19680,39228,4596,26872,45793,20581,23280,14959,1552
2037,2234,32813,27178,28842,48059,32029,28545,22030,31992,24654,40667,15068,32068,9413,32144,4632,22282,27480,18133,40071,4125,37600,29610,12039,11864,21175,1938,30282,46331
26503,24642,14628,18659,46367,26668,9161,48831,36305,1516,6878,45295,8043,48680,21315,23081,4681,49049,13823,26290,38331,35906,8196,5197,44656,4757,43495,1832,43813,3707
29636,12903,2933,22090,35190,29329,31664,29238,20582,15967,41170,20556,16642,11221,23657,43181,12960,34464,33391,12032,10702,30206,34083,31622,13259,24765,24262,36671,9527,14038
36435,13906,21929,26499,15734,4498,43258,48530,28567,13657,39864,4350,531,25031,21987,22707,15645,23738,30493,14794,26467,215,7471,4791,10986,22861,20316,28229,23062,35584
49027,25812,49271,47955,29122,3299,39038,9465,26057,17301,36563,18408,38718,12953,29524,28887,22058,44475,31602,9427,9564,45121,36506,49144,11721,12250,30818,7437,31035,1327
36053,8622,15962,29478,49190,40729,31970,6016,18557,6626,14992,13637,35004,37797,26020,45230,19227,22932,11268,35199,29095,21998,42680,2029,44944,44258,20616,25293,35829,10882
16375,2906,3207,37000,44166,42482,31103,32576,39385,47408,30273,5395,9640,32745,29756,220,24287,21499,23659,45217,36993,37606,10959,41665,39846,21929,29282,33365,37414,569
6208,6544,1068,39766,15669,16604,37567,16217,1830,32998,6236,2731,4403,31536,14585,43420,27824,35000,4948,47905,33519,44652,48606,22835,22777,7041,10790,40933,32733,35126
30281,9684,6997,32402,45633,28040,25793,23778,6035,6410,17663,1557,42673,26300,38406,27980,25009,25211,30326,10716,28420,34500,9932,49227,10783,5053,29199,39576,28920,7601
6679,29222,4368,38142,38105,593,214,40917,17721,28194,1155,39789,37965,20390,27706,34829,28782,2962,2383,33993,6285,1499,49237,278,22037,13382,20546,28208,27716,995
9162,8923,34689,24686,19599,21886,32956,9462,3535,41592,9577,41489,20854,41215,381,3837,4411,2657,47777,24699,49567,13925,17378,16719,1318,22734,6081,39607,34347,9784
7960,48367,5256,22006,45416,9072,19834,21219,1097,46195,29941,40141,20486,39140,40007,25187,7179,2234,40261,45893,31570,1189,25305,14765,1570,31641,44133,19192,48369,25500
784,1640,35332,38096,7891,42181,3392,988,13810,3137,1511,49438,21792,9859,35281,26027,14021,45824,29428,30171,21582,3987,37741,41589,36280,3652,4789,19624,20397,39679
4042,40264,44746,19364,46866,12724,34175,8344,8096,33777,42563,35106,6727,35981,8106,15704,8562,41526,32633,9920,37084,47216,39419,28849,33316,19085,17029,35934,10066,29324
14568,45906,7532,9259,20549,5271,46088,13788,30616,8396,5487,16416,41523,37203,13069,26253,43235,31892,31577,3350,43372,49079,1049,9200,30769,46776,25879,34066,25112,17351
8567,21162,18088,30817,27272,19333,37375,31740,34447,9868,39303,49270,49248,41530,22516,7758,47430,36872,2945,6504,23232,44246,41256,21664,1137,28807,8800,43989,46335,20809
12985,2997,8727,41098,20753,40280,3508,28800,7586,14620,22277,40873,13773,2852,32003,19150,32,24294,23804,39818,47397,3563,38729,21969,27556,4434,9554,39084,48288,5343
26253,48608,39578,49988,43778,25457,33210,38189,2745,37666,23733,10313,4554,964,25106,15945,31836,633,28181,26420,1563,4605,49139,37128,12947,27229,2612,31875,10281,16621
24396,43216,5892,39799,12571,29628,49742,20703,43292,2551,37134,19034,39929,40066,22255,38737,31953,35088,48358,42947,5045,26718,8744,1153,27450,27800,19697,25122,33361,1615
44977,4116,26668,12419,41912,27726,13283,21494,14836,12366,36804,37960,5437,39756,43319,48646,28591,17253,32410,8616,9845,11970,1909,26020,49747,16291,25010,41046,927,25820
41308,27920,22133,34616,23556,21293,14409,1597,12980,26488,44882,2537,31036,5482,10002,1290,41213,8153,11724,2236,5989,31670,17894,47419,48912,3008,2561,39037,27349,17099
42251,39382,31614,1403,41891,48707,32032,48608,17295,423,26654,38900,18464,33091,17625,23750,10430,23929,38298,2985,15154,45205,33195,37132,33896,18099,11342,12815,7503,16102
5508,28127,37597,8677,5686,15323,38251,17345,24134,13402,38843,27054,24178,20927,43961,48957,20181,5028,16156,31389,26937,27211,17467,23487,7789,41350,45695,46231,22461,23725
38164,35321,10543,19807,44074,32375,16001,24654,19404,11920,15304,23416,30410,6811,32755,17457,4592,43203,23807,17290,22145,47410,37952,30731,46935,244,29924,22042,12866,36368
38412,9524,29149,49628,31004,19448,34106,44717,48644,9730,35756,15352,32910,33716,22949,35450,29032,47490,2992,15052,1261,35526,30728,7997,45889,6854,12885,33202,14252,44291
16963,45249,35738,5633,44089,15338,43135,15551,6853,12193,33883,37262,2932,36767,45023,26158,24546,21606,16055,49654,32853,13304,1301,7510,35752,38467,38698,40052,37204,10722
4915,34632,6633,49186,36020,5057,20085,11934,9938,22724,19001,12610,19359,1057,40805,10660,33926,20718,32297,18585,4726,45279,4568,13013,24099,14529,8938,14002,40095,9991
1429,47314,46272,15103,22083,22686,23274,32067,43995,42028,28067,4883,32092,33703,24242,30929,43265,4121,20044,17252,30977,19120,17716,44795,31249,41466,20506,4530,23824,40625
4226,13288,40261,45748,20132,18172,47899,27300,45822,33681,19474,17673,10562,3676,3,30300,5710,11821,11130,20887,4899,47144,5080,6196,11976,1530,38344,998,33839,14787
12960,11978,3967,41970,7513,43903,37609,36279,7393,38492,37654,17489,35152,21632,36428,27259,38034,1526,16158,41810,22458,35335,41029,15843,18871,9336,4306,44305,31325,22338
42336,40794,49868,31771,2174,951,31833,4578,40170,25148,26447,5123,28847,30489,34621,28961,42055,28107,20382,18472,39579,28671,43318,3843,37552,27364,15129,41970,25094,13754
29061,21737,12958,49291,29821,34192,16172,42401,42860,22180,15465,12184,29958,32886,3869,23864,13967,25123,38454,38019,25211,9343,39223,12753,17079,30450,42059,33912,46273,47039
8441,1580,30782,26176,12359,20408,5981,12094,30730,45715,47550,41278,18742,31539,39434,1488,2779,35453,20102,10873,36746,21022,22271,151,43850,13159,26584,42841,43580,42638
6028,3867,18731,7175,37986,24814,1550,48268,34146,44115,33251,18973,11683,41559,11431,26470,48887,47385,30216,15877,8509,9751,7598,8188,28172,36446,11084,42034,19492,17410
21729,31599,27797,12849,45285,33254,6312,28547,26623,18535,19118,41248,6751,1844,31440,24401,18435,11662,8601,17192,12134,42037,3324,37590,26602,44155,35156,33588,42566,14070
8030,44979,22194,43962,13939,41896,13769,48605,21853,39514,49660,31220,22200,47200,43796,33891,7121,46964,44628,19454,37831,6899,42598,38238,35513,31025,20301,41656,48369,5090
2799,45752,34694,36850,12926,23681,49826,40950,21210,1486,34578,33737,21721,37368,47890,28253,15573,46774,21516,22456,18996,1658,19050,29700,34311,6706,47646,25233,34585,29522
30212,35520,28774,30259,48424,11023,20042,12299,12738,48982,27754,36830,14808,13474,19870,48365,38875,48820,18640,49867,4755,39262,2138,42964,28384,38024,39304,11158,24331,41070
3319,22300,7479,42120,5717,8130,44050,30922,15679,22762,13899,40360,3189,21574,48643,43950,15907,27353,39461,36706,3675,38737,9519,20470,12288,21633,4861,44299,4259,41226
11010,1841,26652,15841,13757,38914,5241,21266,29623,5982,35295,46484,6789,14083,40246,27399,10263,4392,12653,21613,47033,1780,33424,49512,8663,32193,48958,44675,35033,9775
37611,20402,49367,3106,41249,30504,9849,34168,49101,37226,46872,26689,44475,36582,16161,22240,33699,40990,4750,36830,39082,7656,17816,45738,45326,44087,36955,42735,26353,33825
28388,39076,32185,33774,40072,33510,835,14730,17353,42757,31654,13014,22288,34545,20698,32210,13706,17472,20732,10924,15091,34707,24564,30464,81,17168,39874,22472,29161,15805
47477,47561,44647,33731,4918,30092,2321,25731,17293,20190,29048,38,48220,39752,48281,1310,36663,24542,28637,42381,13961,12192,38077,36167,9470,14208,48375,34449,41059,43267
25887,19188,32919,29696,23388,36689,2103,8349,43268,31571,17560,29771,5886,32727,25106,27733,40171,25149,28917,10944,31782,25869,26730,32057,39796,46439,30027,16804,22791,46361
32515,5311,18394,2741,2301,17124,47843,41411,2222,30055,43140,37712,25226,13861,16736,7288,39182,1318,9497,46262,8927,25581,45421,21536,47619,8037,35315,10238,19992,30729
1933,20471,9668,47132,28323,23569,49108,31499,20006,7317,5380,29419,27160,1763,46095,46048,31335,44664,15904,24375,30894,39508,39220,6808,37139,14138,41375,31011,40307,12418
25083,2552,8846,43628,42728,19238,42605,22596,3219,10837,1061,3597,31200,20539,38807,24673,19798,48898,14551,49603,14660,9208,9223,45431,26806,5372,24802,20366,41472,15548
44776,23791,41063,29275,41441,41679,6722,26160,37934,33145,61,45192,43421,33069,27731,49213,45768,10102,32844,6188,42832,546,49940,31313,15669,45644,23190,46781,31384,48666
27962,33815,34779,31501,47546,37555,14892,40390,7420,14212,16275,14119,35501,48910,44888,21341,18170,18411,22937,22735,11518,4257,15979,33209,39445,8336,40041,33898,11544,39060
11326,7596,47071,49729,34282,37279,29209,35864,4799,44199,6093,969,42411,28024,41744,22167,31488,39192,34919,27096,30674,1469,23857,1656,30279,5650,3934,33452,35109,32099
23197,34315,6458,49713,15780,16372,1028,36106,13371,34958,1309,4219,45392,10061,44438,22980,41275,37445,9017,21354,40546,44699,20398,17188,28898,15611,24746,40142,45563,7138
14072,44492,34212,19359,19032,34512,49803,27214,10972,3527,24858,7243,38714,11804,3158,32795,12004,5226,41118,46402,39437,44733,42604,29684,17382,5287,20746,26870,17130,1879
12266,24184,4430,17255,24580,20426,32855,21247,43206,47150,25647,9927,41203,4410,30486,18348,45616,29312,11241,28088,7456,11980,17714,4540,382,7796,4673,47802,43684,33864
18022,38734,15807,15549,45641,15505,25424,23844,42957,8359,4428,44226,3700,18864,44854,36476,37501,12285,43302,24384,38206,34902,42621,12569,46707,870,31241,11622,3201,20853
18341,11518,32916,17705,30670,25891,41545,5391,480,6565,28001,46351,18236,37619,5543,25429,2663,8630,11661,15527,38478,29390,49747,39898,47005,24547,46066,42992,5268,23492
29230,7814,2099,39904,16659,20822,38413,15940,24433,19272,38956,30394,27045,5410,37305,6347,480,5663,49673,237,38152,9639,17428,22881,17148,8521,1222,5399,12292,20741
9741,44535,21457,40273,307,26676,15276,33035,8978,34081,8838,28119,23253,41166,26535,47741,18097,35841,40573,49049,2389,7976,41327,44566,14218,32230,33060,49291,30257,38846
2271,21336,21976,38188,43539,25961,1404,19275,48825,27598,35523,31039,31493,25714,15304,28107,6760,2004,32331,14003,39059,46636,36762,34726,4264,5303,9975,15847,39568,7733
40247,972,16369,21355,16326,36875,14842,46584,39955,15017,21092,895,13,45678,43033,548,44949,31591,44483,37295,47276,1453,22009,19539,26085,11040,21991,45310,7217,19906
40579,37677,16263,14500,27933,16026,5520,40569,19353,34264,47417,15954,3346,46161,7459,11743,31177,36554,19068,5931,32148,26510,18763,10163,34519,34841,47005,41721,11017,38605
40435,47540,6854,4646,6443,14296,44447,34695,7363,16658,7048,9968,5560,49144,45339,45166,21586,18607,34079,26757,46803,39814,26226,39714,33778,10312,26822,25113,41114,37791
16108,48174,28042,24783,49571,3660,6198,46698,34314,47282,46707,23226,28776,16684,18592,34503,44023,16614,5546,31949,27638,15918,38679,26200,36152,32327,43997,6149,9925,2455
42421,5508,24614,13524,29568,13456,14849,7750,33748,22961,30004,34634,43654,40556,7412,30396,42734,35209,17118,48887,32021,7842,1948,19923,40166,44026,24656,49922,10180,46834
19341,48792,7619,22394,40913,16432,7891,10998,44107,8104,2015,2786,41402,16378,33612,23837,43525,30336,11486,48755,8016,20208,37763,33904,1669,30119,26685,10500,42749,44124
32696,42242,5993,26964,17642,19700,22099,7317,40310,10134,18351,17977,12480,29809,21465,29750,10487,23131,1654,25697,38181,24032,29080,35899,30247,36918,12192,23745,29446,39114
27001,10509,24062,21317,5205,15508,34525,10722,2364,19215,14031,36830,13380,15508,40541,25832,22329,26912,23133,28733,7742,20303,32765,26586,38673,13642,20850,1500,10175,45391
36090,4841,7463,47391,1960,44533,37779,43261,24579,14972,41851,42986,3002,1812,28940,46069,45042,34239,32412,26796,5452,1064,8755,32190,13199,5154,41623,47687,25415,39712
31394,21409,37215,7747,40454,8891,20191,39792,17627,38867,28859,12939,3278,46135,10440,30639,5251,44185,19579,42147,42015,8336,11756,27432,7097,5436,20798,45031,34930,11124
3997,36871,2088,23235,24788,24549,39709,7958,6550,34001,31235,13301,48289,25017,12841,9301,15434,32212,10126,49,12779,25383,7104,40995,22282,918,8330,851,21424,24763
5749,22309,4228,31971,20490,18842,40379,32818,20418,11161,22654,45558,19657,17872,37985,592,3633,36654,34551,39413,39358,12586,48680,48883,45757,44301,21575,30746,37974,11204
18336,43692,20953,45075,6502,45014,49284,33597,39222,30243,39455,14281,5578,31426,31203,44701,2178,17473,45477,33387,37081,37771,45870,44365,15616,34057,10695,41061,49733,25982
25102,11269,45257,41796,15546,36661,42805,39684,34786,14641,26831,5612,21448,5720,40232,28437,45594,31038,26729,27573,68,26858,24520,20188,47201,44191,44057,3109,36464,3930
8994,43899,35248,40736,19597,36103,33879,44639,30441,47962,46273,40183,11259,38867,1451,15592,15873,1411,36917,1888,48800,41695,33455,42935,27739,43924,22218,48561,3842,29119
27475,9785,18420,6831,29037,23868,46293,5825,7567,16204,14483,22901,970,15012,39097,36658,17662,40356,22873,22027,12979,4744,300,48103,2817,14199,27199,38351,22186,29806
13072,32031,12556,26986,13228,30963,46110,35303,10866,42396,46463,11880,508,1672,27525,2304,25894,32868,33247,48357,41542,42776,31192,38224,36082,13481,47915,26806,45243,28088
42117,28404,2510,4292,31664,12146,47495,10591,43154,30019,39525,6105,1201,31737,27683,24805,39658,39046,41141,17643,9101,43896,27207,6493,32698,10543,17676,44829,6966,45671
34460,6595,7148,32705,49426,4810,15315,41107,43224,35875,16064,43001,16542,36325,39244,9483,11728,29882,19335,21686,18996,33183,15982,28963,24450,44203,42211,11486,30428,1071
16329,42195,23146,47219,121,2511,16062,44336,36648,18027,27260,6492,11161,22646,35160,26071,49044,21349,49664,11624,31663,48845,14992,15193,29506,27,27863,2294,8441,29144
41338,49799,4633,38509,46707,19708,14862,49287,6688,45993,11967,10631,44553,6116,25361,41166,11175,40162,8207,2821,14086,13271,49593,48622,26134,47147,49373,40714,7236,5163
35630,13189,36271,32285,46394,44693,29658,29740,46466,17175,7276,13639,44932,48289,45893,31959,18398,21871,47332,12472,34686,42521,7178,5730,32226,45541,10492,45446,5644,27242
1280,33201,12042,43585,28537,33579,6510,39993,3059,34225,13462,43089,22331,22240,23721,9584,28303,39000,38862,2623,4872,18390,48045,36707,9443,8543,2485,37259,10360,44406
25068,43323,33188,29193,9963,19171,27199,34172,34963,20221,33808,34018,49243,27653,4672,47386,43603,30657,29785,13299,48943,45142,47886,26719,42950,12093,19517,39546,41636,6797
46752,31536,4925,3001,41498,49168,26169,40856,11407,36089,21082,41443,12520,48032,34928,42777,29310,31617,47149,1536,2246,43080,25611,22712,32421,38054,7314,22262,11447,17002
23535,31907,14401,31055,40663,37574,33846,12147,35714,20250,21278,34638,22506,29612,29118,29524,49368,49792,20318,47073,10862,20885,12387,35296,29808,47597,21547,31732,12346,18923
31437,5397,47713,16771,3228,7771,42682,12673,43125,23521,30874,652,26490,32427,10593,4583,23581,23771,25699,26652,34835,15544,15464,43188,35151,26346,391,40182,9958,37149
35686,31220,44893,20798,8071,33328,13356,23821,35572,21390,13536,21307,39087,1190,1485,13716,36327,42185,35827,48094,10615,14837,42988,32413,20100,13251,3890,36868,49792,47235
31764,23953,44134,1776,35120,15870,46382,38815,42937,21298,32215,48119,46930,5782,36426,27540,6622,7249,7324,23572,27306,37563,45744,18787,11163,2517,4204,44750,32500,22171
22547,43798,48777,35457,9468,16545,29500,1239,49706,41485,20278,34570,35481,19657,20106,4490,10070,24665,12878,16518,35307,35977,13518,44789,15100,47110,32831,6430,42463,12533
37071,7692,1344,3694,28004,7052,35602,26431,8624,5500,29525,18250,25993,48960,18873,6819,39210,38474,36834,14961,35147,42564,16084,47904,2967,41951,32381,30548,13458,18583
32925,11522,13292,13669,28805,40559,23721,38818,44753,15187,28936,5218,33351,37700,10287,27471,11733,38353,49864,36480,4815,39292,22787,18316,43943,28801,41217,14747,32954,2670
21077,15374,7540,6690,35315,4910,2869,169,24306,20127,47820,19786,41815,45088,27811,48449,3920,44453,26049,40231,5148,7602,36506,11725,188,25537,31092,33744,16239,33737
25453,41507,23667,23390,34878,18905,27912,15870,9195,7980,37545,45577,30670,19616,29589,20313,47699,18571,16767,39833,30410,5427,9025,27785,32767,34507,34580,4126,15396,4403
17724,17517,21096,31090,4533,32739,19332,43028,3908,16494,12842,21543,17916,2255,48859,4285,9365,5210,9562,42977,12391,7819,22714,10828,44683,17290,31814,45292,4892,43645
11785,34217,16908,13244,17503,24976,25564,29868,13439,25799,1066,2914,36339,18858,41117,42281,30407,1615,10475,4028,13221,28537,15608,603,12948,809,44719,24419,30928,34667
1709,38341,43180,42919,3154,13365,10536,8622,46244,11199,21149,24184,19446,177,4502,36127,21006,23963,34555,295,13142,8537,24621,46783,7251,15497,24635,19369,37421,3797
20898,42137,37754,11701,34370,9927,36922,20966,40196,35506,12751,46722,28243,981,2971,11344,48205,41708,12849,955,23890,14692,11096,45845,67,47614,31919,9702,33036,48278
39133,41502,46460,5460,19399,43209,40025,35885,27158,20211,317,45647,6598,4311,34909,19025,19742,16441,46772,27994,27705,23572,31293,13951,41389,24860,33623,25417,27925,30125
14354,5291,584,31119,35063,12863,16740,17805,1157,22804,43133,1659,15139,15114,16910,44812,15387,41098,16296,47488,25804,45013,16402,26394,3132,9233,27038,37938,10646,33237
1921,43166,20055,7824,12821,9647,15048,6176,6066,27037,18112,1515,12740,17647,1802,41694,49120,43979,44348,13308,43484,39881,47383,30393,38751,26189,29089,1197,2484,48277
18412,44149,13863,34605,16161,6862,3196,20320,3906,36704,40395,2901,10913,34415,41990,8382,23112,10265,22285,13690,23071,38383,17668,38518,43338,39051,33058,5841,49565,13026
3840,23130,30175,35395,25666,202,35862,34356,18710,6518,7470,18768,34751,41154,8640,35189,42162,14430,49556,16483,24666,10556,23620,23970,12781,47270,19634,6448,26262,20473
30913,21628,23537,11466,26795,15392,39286,21815,44140,5184,43411,30879,3892,5389,28142,7587,37804,25385,29137,7367,46004,33845,46968,22275,26050,35291,47702,36623,21569,14697
34697,8380,39332,44052,35282,37449,17472,13086,4023,31358,3872,16832,3757,38346,34290,49108,24937,3413,25533,29960,3284,15644,43000,1950,3041,48973,40174,39060,43371,49468
23425,35892,903,6484,49888,39232,21543,6952,35658,2647,3204,6068,49082,37999,26361,26572,12012,12162,40598,43593,45632,39186,34575,4664,4770,3080,21600,13638,36175,44362
38273,41090,8311,1188,35707,49776,2535,41447,33027,28450,18632,44411,10873,23023,12009,2977,40420,15621,25599,7588,18552,33392,11504,24804,39500,28278,40019,41331,40461,14824
15255,44156,38939,22550,18924,44408,1360,14924,41771,24541,26656,7047,21838,16299,42487,8195,33664,9763,39328,9153,19269,30787,24485,10593,39783,838,31618,605,49784,31931
10462,36509,31257,19421,46455,21713,33686,44649,44080,36052,2835,38928,34580,43492,12088,29336,44224,30032,11249,39258,20347,14146,16737,44239,10783,918,34238,1789,9501,47741
6563,15814,37640,45202,7318,15186,34065,6288,18961,27692,1281,8397,18470,22917,36306,46019,31172,38548,30373,42902,28690,4991,38541,39902,30326,10083,15436,45801,22369,2891
16244,42577,37273,37980,35048,10025,5689,33601,44858,9087,3230,37264,23213,20405,49602,40233,3374,19070,44362,25066,11379,4411,28595,1041,46299,7,39513,32886,35386,6917
43049,32408,16884,10635,11518,22654,9793,38944,42815,12323,25792,23338,31700,38288,16699,22754,48964,8419,14281,38873,28084,38677,48910,9358,46724,2868,28680,39965,19364,42349
15805,455,13281,42308,39667,7212,29798,12847,18173,8975,23638,36907,13070,35869,38015,30041,40786,31269,38450,12458,26241,47225,29237,34103,47212,37551,3113,10090,38460,45638
17468,5379,38221,9502,6974,8602,2344,5221,40363,7928,22537,45127,25552,36133,21784,9445,33534,8133,12350,13376,11667,9633,41826,26893,49932,17436,18843,27375,3026,10614
34976,46850,27100,47750,16704,37986,31936,43643,21236,1754,47643,10110,22542,34453,6417,34262,17381,48249,29138,28354,16654,22698,32879,18399,25761,19335,49810,29220,25591,32317
48304,22305,31567,28906,22251,46852,10065,2898,37866,7073,18811,42605,30059,32391,36936,6779,7624,1444,13612,27200,30447,50,41528,32099,36577,19405,31491,49809,35403,962
3665,33596,31886,21895,29033,28033,26045,1811,1185,20431,11626,14213,17278,30706,9071,35169,15580,10451,22505,13711,28427,25585,7861,41870,30605,6790,45538,45445,37021,47954
14380,45639,14775,38522,20076,43443,48544,15719,5159,8165,36271,24820,28851,4749,16284,18383,24616,5001,21253,43507,33937,22728,40872,6400,24851,4054,16959,1208,23340,35526
37729,17213,15287,24536,5721,22337,21069,31086,13401,36366,44316,41231,21051,26101,48615,1703,49019,13948,14483,2662,23467,3716,5926,17895,13195,75,5316,19520,46985,38916
25456,44085,20310,18294,8947,17280,28517,30527,40042,31021,39700,38934,3945,20987,35196,22387,29452,2049,20487,30785,1019,42132,25535,25195,5657,5695,48948,31449,27304,46601
23253,34420,38466,41298,45555,33022,17279,16690,16484,9231,20503,40003,30695,18400,12760,9952,43328,2508,27209,39569,4320,31013,33030,11457,23647,25853,3863,6971,7401,45179
11385,48367,13097,42002,37123,31481,19743,45050,12317,7698,23765,261,39767,11756,33741,20761,2692,28815,29684,28059,1797,12157,49832,18063,21059,8026,23600,19052,39295,33829
11541,30985,38476,37178,1075,49540,39734,14254,7134,48013,14126,5791,30829,11749,25043,38148,33102,5946,8596,13354,35657,31916,9735,43826,7661,3700,22858,7281,3934,16947
15503,10168,13342,48970,19668,28684,43234,26779,5573,40688,44101,31896,4784,6256,677,7429,3121,17764,36338,19904,17529,21129,35279,11045,28659,44625,37857,1764,30217,42488
38832,18265,883,42015,919,40551,27137,34782,42244,5006,35215,31153,37081,11979,18869,22891,25614,20483,42584,30138,18178,47623,5660,34662,14291,33316,46735,21241,12372,43124
20841,25035,15113,5446,17199,27790,41660,26962,28279,45316,38029,44385,7631,39697,34214,17248,30113,7097,12613,37161,25668,21615,14878,39322,40527,44085,31106,49247,36063,42400
48373,18196,43266,44995,30184,28735,12511,5698,47700,15307,36100,49334,17010,15577,31924,993,9913,3232,23931,47741,5932,37596,46680,23711,30786,11478,33848,45054,17675,17573
45720,8821,31515,5013,41048,30069,26325,23529,31801,700,28888,18,23651,12710,45888,34334,20131,33671,41867,19117,13816,13262,15340,2736,12654,46837,19538,20141,20017,40151
23514,22420,5439,826,15198,33451,45451,26783,29029,15591,27715,10792,19141,8207,8503,15402,15805,45982,23499,47927,29789,13115,33109,25450,15077,5587,35880,47971,14880,4648
38769,36372,7375,9578,27724,17148,6569,17537,5735,30628,6580,45524,28939,44928,31636,10978,32299,21479,8000,4322,4534,16145,17833,13758,12415,5976,17270,15048,18105,48842
1849,10763,7845,42064,7647,37225,36899,3026,6000,14732,29785,26373,34485,7556,8603,44982,22948,43343,48481,1008,4256,8160,35996,16768,38222,2709,28621,47562,14284,46696
46102,23845,11989,4649,18936,11011,46924,17702,31119,17826,8706,24883,49513,7821,40437,41933,21451,47112,34675,28052,6564,31516,23560,11238,11594,34743,20447,30579,16671,45942
45912,33835,30645,39575,23909,48673,21298,49433,48492,1766,33116,44573,4590,10138,3281,15463,22217,7059,7,13558,35894,12829,30219,44477,41610,49438,44695,23054,38937,20982
23048,39691,7503,47193,31747,14653,7006,28159,46841,28243,16716,41955,14169,39027,39965,16441,44459,45939,13775,5811,23298,17885,11272,46603,42552,29170,1763,19650,39596,43332
37202,29639,24268,48600,1661,8967,1450,43209,10539,7527,5603,13840,23961,40716,3044,36577,8674,33024,14509,24647,39327,30319,13984,30918,10818,36657,3020,49220,12386,33656
36937,38431,39655,4598,32028,41087,37149,36693,26622,42050,41018,9391,15576,47493,43776,11809,27189,47923,15430,44143,1355,45721,6846,21024,21031,24317,49762,20783,8918,6439
9313,5428,6171,48297,47897,25688,25163,20063,23458,34357,3511,43756,37553,12531,10518,1924,30663,16066,48256,5825,35755,12210,47117,12366,32750,6874,43105,26856,32841,40264
36904,4463,5255,5936,7717,40437,467,48116,21188,28380,34522,14401,3647,45311,36795,1425,23070,4052,23179,26425,17514,25542,49277,43630,22362,41078,28578,31279,19908,40192
12337,48359,28765,10253,26710,32944,41687,29710,21849,27484,8322,37318,3,5047,29220,45924,27739,12207,16456,15796,22555,20750,38827,38196,710,48746,43909,11754,649,37367
32259,12511,36010,39258,14781,8677,33090,10293,3375,31808,41295,44357,24960,35209,42998,31504,22478,24908,31008,16175,2428,46103,36057,9793,43624,20717,33505,7795,32891,42183
35529,39136,39227,18308,37134,8464,26215,43800,22664,33614,38563,15588,6612,36711,1278,32382,15980,13647,37013,37165,11822,48174,48830,22021,3752,16462,16896,37928,44385,34558
20255,34401,3739,17569,36769,38907,6859,28324,32434,41906,48309,10659,263,18173,43992,11599,39343,5724,34736,34240,18963,136,33,24535,23196,25831,19585,46048,19430,38748
11506,16738,28047,5333,46457,19923,424,44015,47607,16688,11729,28284,28083,23851,38610,40577,15445,15814,32668,8236,24345,14242,21649,17753,48827,20850,25402,48868,29246,10110
32142,31988,48922,43188,31585,5011,9155,31667,13557,25917,41725,27794,38051,42145,17574,28266,3794,5922,30007,43086,46179,6508,21904,5812,42983,42386,30642,25789,47413,14201
2488,24011,25639,16200,5853,40746,23114,27266,31195,40568,9187,12365,32077,27813,31577,24380,14696,14303,18722,4349,38826,31038,21885,15555,4914,46657,2386,24136,44299,7701
5916,20424,41096,36406,8538,11749,6610,8146,31124,1240,8512,43794,28776,26226,40152,38913,42303,27191,30034,2395,17459,4210,6860,28285,19673,48714,8824,19708,38968,28714
3682,48750,40187,32765,46172,8033,38672,32455,9062,20053,16286,27097,20552,8731,3372,32876,10626,32448,15698,16896,23311,43777,35230,38894,22412,39146,28000,30975,7243,9192
15246,49610,46075,19735,1303,34910,41884,35011,36349,21236,4334,28230,43736,48477,22080,24374,29376,26072,5747,5171,11079,22675,27461,46085,33123,1233,44938,42072,31018,43819
39431,43632,34974,46235,38671,44228,22902,20559,5659,27780,43657,14667,43283,10170,22288,30339,24399,48234,7846,2800,48197,25890,43388,4442,36201,46187,20397,10374,43746,48649
14340,46633,9690,36857,13179,49961,35443,45627,41988,11330,10215,22385,35993,3716,14184,1299,35648,40042,1750,17585,29228,45117,22492,47116,35040,41602,49094,29205,24420,14300
1307,11470,14808,10644,14768,5330,39807,21809,34178,29981,2808,34600,34078,39761,27481,28115,13565,12337,8660,17057,23656,45902,24413,2842,18639,43808,36327,19061,43195,23071
34502,41076,2491,4048,14855,3085,3390,29756,35227,34905,18335,40649,34864,40861,31059,3247,1415,38451,7881,44366,24167,29199,1061,11007,22582,27202,48563,5291,47782,5401
31326,13437,27520,7572,34858,31312,32351,31190,32679,30240,32736,891,48084,33148,2315,29697,6842,47756,3706,18203,16711,28434,30512,3152,13812,5184,3402,48246,10667,1224
45,22689,17338,41541,47644,29621,25632,17695,38800,10570,22605,7009,17300,43560,699,38505,18141,16698,13043,38295,21277,31789,26086,23396,49533,49114,12842,34833,27575,46595
21741,21859,16409,39603,35121,21394,34613,33028,3964,43367,42378,14801,25985,13406,43634,36819,36351,15745,7001,14807,33063,4042,25187,22407,48736,32103,16245,16399,13699,20560
40248,15651,41130,8756,1409,25124,49010,5914,42481,17850,43872,44024,32836,36835,41318,13227,5845,22150,14456,19120,48813,19068,40939,18437,17415,27216,8688,29339,10415,18266
13204,35066,3225,10699,5440,8560,39554,27404,45763,15089,18859,32548,23400,26230,4124,45406,18149,48930,1258,28529,27892,26848,35765,8396,9781,15776,46217,40565,25093,15040
8552,18632,18637,47160,5226,29978,44699,36629,46364,5545,36519,46670,4781,48727,12423,43216,49608,13839,14578,40431,42163,26774,1966,43189,5864,28351,35932,45583,44501,7273
22332,7156,39897,14827,20829,1171,28662,43178,14065,12381,9748,607,7297,6715,26988,21592,25957,18697,511,21963,35008,18614,16606,40131,33811,16757,45184,35657,31219,7536
46986,42365,23503,25721,43722,31468,9024,38349,26725,37389,25209,38280,23832,589,47876,24043,16482,32319,40985,15955,48439,38611,2808,41356,2768,27159,43052,40148,37099,22925
11631,15067,18211,19466,2723,22571,14503,36819,27563,43014,14998,20706,11172,18706,13235,42448,34168,27957,16446,16440,43974,12036,34153,30540,40023,31275,27734,49100,36532,44952
21207,14905,34419,10452,44169,26067,13137,12914,37796,16883,39960,27954,30955,17589,428,27208,2727,17586,23865,39493,34498,26539,8427,5447,47541,5701,40354,39585,20341,46523
3904,25803,24418,14097,15850,33206,38957,15618,29666,5469,37193,4050,10764,32306,32789,42258,48835,34441,44664,6298,20963,34225,36483,17707,23429,43765,17434,2834,36879,42706
1437,20800,21747,35382,49650,40673,24835,1535,49765,44480,1001,33860,33426,16607,45057,2979,11702,9145,38523,19612,23390,27133,41636,30683,42918,26278,17579,16650,22518,11712
9681,28298,9865,9932,7890,351,9735,15385,35780,33071,28955,42033,14654,29131,15371,26122,16820,17446,45046,19411,46817,23730,31876,8671,15526,8586,31867,37158,23630,36919
38445,19872,7852,24961,37651,33181,44903,19988,10334,41876,21116,36157,27400,45516,7115,3826,8142,6899,38167,21582,15288,8555,13076,46983,46917,24485,19830,41511,49712,29992
46183,4066,7308,5501,39900,40733,8352,28785,30496,35801,10317,44809,39994,10111,38098,8861,48692,34941,8158,24843,39102,42556,6680,18134,2969,48810,45584,34301,27307,5227
9284,11463,16479,23198,38062,40300,39977,13840,2265,18011,2704,30219,37262,42940,49640,19038,17477,3405,4616,29913,30902,20546,37478,36495,17371,44356,22715,35102,40284,8846
7270,30440,6541,37605,15737,25045,29479,5377,31766,14352,46377,15125,24071,26661,15732,5631,15486,25689,3687,46503,45814,20543,35994,1292,29537,48009,44304,34974,28734,11123
34492,526,13279,35961,9523,27207,23475,43381,27065,29288,2863,49180,30388,35089,37371,38914,46588,5560,37149,26243,28067,20410,37587,11828,4112,6890,12448,33903,41868,46172
23914,1058,14302,18119,31770,49562,46132,47831,31802,9561,31005,49821,1848,28541,19609,8387,8428,38252,4164,46602,42774,23627,31789,36549,35298,28296,46064,7702,46820,7609
4754,34783,36599,32026,42965,26839,24748,47887,33209,31482,20518,3359,29704,26134,39152,22308,43349,10380,29565,3289,22571,5016,11274,49477,36067,44437,31557,21826,35870,35086
24484,32243,15205,28611,20014,3020,39815,12160,49710,35817,24884,23689,21446,38649,3907,6938,30217,38050,38399,4889,10848,18467,37496,19918,30319,14726,32307,14738,15700,20641
46173,2400,1329,38096,3792,14792,31900,33768,42465,11523,27745,25685,29988,15522,47111,21985,37581,40692,41916,43901,10351,32485,5521,27176,42757,30069,23331,48016,6529,9376
43394,40758,35018,38608,20796,20192,25480,45879,12173,32088,8882,34524,21174,46828,21103,35441,27373,27592,27795,28412,19975,7605,27915,28804,4415,13456,28310,39571,45731,3634
25926,4315,29102,7631,32806,4350,33594,40234,37971,46135,24214,42853,38502,43709,28510,31361,22189,22942,2329,30648,5472,43764,9433,15405,28069,20606,44746,2868,40494,19619
38406,35509,35802,46945,49456,26548,16390,16577,628,23265,40806,19601,24877,49421,39698,33135,49652,41355,32506,37394,734,40815,12940,37293,321,823,23507,16171,12022,18052
6622,47361,47794,41603,15309,48992,25072,41303,40352,13075,16109,25189,21121,44426,9822,1176,22348,7849,36478,1002,28367,15062,11835,44434,41734,42561,45559,2957,890,11592
22057,2025,15640,27069,23934,4500,644,44368,46862,32635,43598,15974,9644,29863,13865,43788,18954,17578,48782,45588,5661,17081,22509,38777,49911,9469,36205,20985,26426,14144
19777,7291,24799,25665,33075,43672,37907,33574,11925,16894,18806,34667,46636,21990,9585,11956,32634,23141,30355,33739,26701,33409,26591,7071,46155,11293,16327,36897,29132,13138
21143,5894,22583,37566,16836,25470,12444,45792,3274,23234,23594,9497,48618,9017,40186,10768,24489,28557,47754,36385,24841,2560,16901,31563,8303,26789,31656,44749,2789,14549
8943,37848,5163,7981,27218,14860,35226,21248,22472,46223,40172,3554,47529,20158,30191,35143,31079,36703,16489,34396,3666,1159,48853,45932,15322,18015,40722,22230,42896,30072
10323,23703,7932,18072,42284,4549,32153,15010,47632,23172,14948,42655,15779,26915,5361,23558,30861,15389,35497,48754,35500,4935,38657,40206,13297,27708,48128,25735,21949,26669
47996,26813,3362,33657,36676,1176,6253,39878,4524,14703,31107,31979,21278,23686,45417,17969,31107,43332,42891,36167,26694,6362,16013,29369,2245,32981,36351,27545,42583,10679
28631,25775,42731,39535,18498,13485,9816,29934,23655,15510,4720,23081,32470,20485,5763,5473,5809,2210,6554,10166,17255,26179,46371,9759,26431,17367,44779,42332,28666,45747
41895,6275,44618,6956,2750,37934,38847,44633,40539,45364,48382,17959,42290,17533,1835,36135,47146,20147,28162,44053,39870,20977,48946,44739,40885,36452,38988,46042,2600,32039
31930,9431,37895,15710,33094,18857,3558,47562,8002,20318,9390,43700,19351,3535,6131,48546,23259,4265,6302,22931,45268,46598,33361,19374,3470,31073,38690,29118,2055,18049
42545,15014,28169,40804,29001,37462,42409,12151,3494,6002,49420,1350,3899,37811,29500,21594,904,41328,2770,34576,46542,2893,44855,23968,40441,2459,30186,22673,48432,16258
20794,21884,4274,11004,3513,45146,38050,35756,14986,36676,12453,6496,23227,23081,24418,10381,356,45944,29656,1459,36888,49598,42258,26619,3724,11550,40270,32761,37019,12880
11417,31086,28442,31769,20529,31017,29170,1579,20848,28810,20075,49448,39281,11048,40330,20461,11232,47500,38684,41649,33255,33293,40988,15129,26777,25604,48845,31412,5130,17597
46346,13640,43427,16190,41730,39302,15279,42188,15667,25638,37083,10985,39778,38776,37180,48183,34465,49446,22202,7576,12499,3944,9442,28237,19586,45779,43273,38551,31156,45836
36830,35950,18828,5168,10109,36740,4663,20059,9199,39241,27714,17533,27271,22335,20163,41133,17257,28278,25412,6029,17080,14571,34222,10905,30940,35212,42935,34192,5439,14711
45454,21666,45873,22276,35129,13010,49389,26270,44576,28307,22831,12873,2430,5275,12488,31355,19051,21502,16852,10725,40127,39164,1000,30020,5246,19829,18958,10329,44380,22344
40221,18287,20067,13050,8802,6412,45520,30982,36554,732,47213,37224,15319,18401,28024,27004,40921,43597,11527,21231,2625,28600,9652,25736,14022,15286,10377,6471,5815,26266
23385,33710,3259,5359,9423,49172,18741,20834,21270,8222,8135,18432,49888,32567,9386,11123,15910,14321,33284,27443,34409,48070,32722,28586,34614,24254,2137,23093,9283,11040
14631,11312,45628,21567,43804,8865,34400,29412,21387,45734,28468,6925,22642,35033,35713,41904,12246,33963,40075,17666,12530,1628,442,36383,7674,14569,18993,26796,27660,41115
43617,28375,24518,3279,4477,28972,20574,30037,44683,10078,29246,5723,3740,44775,26964,11806,45754,34961,43554,20561,9862,6405,31910,4522,43303,8553,24124,40752,48988,1933
38598,27019,28543,64,47003,49050,23783,19212,41004,48591,16683,26971,40438,17860,24354,46231,34152,21865,13951,14784,22474,36927,45938,33124,5089,25218,30705,38983,41902,28040
11492,14950,5974,16705,41287,19877,35644,20448,21042,16976,46536,36314,23863,9585,15546,5516,3883,34119,18082,11055,16359,10228,41464,27374,40676,5929,10656,14902,17746,15630
24798,22715,12819,43237,31745,45933,12510,3820,38068,17134,10100,40536,24370,28646,15846,37877,9387,9307,13118,41622,46264,1041,13083,6578,21905,49329,6689,28426,21628,39859
20108,15772,4261,27560,2423,16081,36432,13577,14461,15102,27580,6790,4632,43725,46888,29740,6239,31533,42829,14660,7194,6179,23390,38780,45194,8208,39675,17035,39372,34388
48104,40541,23485,41767,27219,24630,22526,27997,14699,31621,6918,27862,32252,21544,28611,14799,10614,28379,48895,36059,9819,26098,15674,13827,16366,10967,14992,12788,24146,32307
45122,42830,49571,38634,19216,7201,19666,31156,42417,8423,32128,224,38085,2824,29640,36635,2761,8455,29501,6364,21964,32582,23852,25911,25975,48972,17279,8487,45115,30346
19302,40303,3318,30832,21871,37447,9027,31954,10407,1057,14249,18358,42662,32999,37121,38717,32402,42297,30930,9722,25280,48842,17028,24614,13787,8494,20823,11097,16150,27054
8346,24934,25924,3453,35385,1338,34747,27839,616,41319,21236,11009,22081,9094,27014,38068,37502,40034,14484,37577,43086,32550,24187,38071,25964,43911,21412,36881,31460,22262
11647,15275,20495,20291,12323,12460,9526,262,21281,48287,11568,13353,44242,46339,17061,17295,4206,6720,1362,22227,29907,40298,49187,6002,3774,45901,36344,39549,45759,39410
47765,5099,12720,45878,5840,37179,23116,31719,41584,32817,43110,41416,41982,5653,46087,7915,23253,13155,42227,37748,40860,40639,42722,3409,13834,372,49483,7528,29982,45066
118,33875,27823,5577,28098,22003,5433,32747,7012,29868,22241,14740,7319,44243,43420,18681,21958,3501,10029,12695,23807,7110,48668,16400,14431,5491,5570,14157,37891,14771
46007,42012,10222,24426,37264,13303,7178,40628,9212,30982,45565,10471,10144,43376,33380,46922,42822,19493,41593,10403,36326,12411,14639,20193,48500,45574,8471,42035,40881,38806
37542,17045,12194,4278,19301,945,34535,3301,24016,36653,24953,35399,10062,6705,12682,5633,39034,20472,23235,42676,43326,44313,11824,45978,34100,15518,7495,22461,2702,32826
25664,1658,5691,42920,19663,22658,40742,12270,36025,11333,36057,15097,20011,9612,46304,41314,501,33126,3090,19984,31157,49335,36564,33243,37680,19,35081,49130,9686,25851
37191,25607,23643,62,36669,9387,19145,32183,36636,48671,42677,45968,3615,36185,20594,21107,2447,25206,45632,29153,29379,31042,34573,7428,6076,28707,48514,41900,43781,49407
2123,31198,39662,27207,39676,18585,12571,1825,15109,42642,28614,35199,38529,32964,31447,41809,25612,31970,21818,31953,49137,11074,19498,33930,20991,5856,7207,6173,766,1742
11933,18003,7383,29890,20504,48655,23947,28140,3297,35968,14661,39657,40393,43943,33902,18780,22226,20463,15324,7657,19244,43082,32547,4734,2607,25723,39372,6969,29666,8499
39479,13563,25376,21525,34524,49829,39289,7788,26113,27053,21877,25836,10356,36549,43400,33448,22031,21150,46167,12859,2113,1674,11748,27908,20125,44268,37814,28396,44407,46163
20855,40699,26443,33447,44124,31060,49264,39975,35100,30256,30129,33501,45513,32960,34993,47691,32091,26084,10245,325,26128,41149,23536,10199,29795,49046,46052,43229,23580,32414
40068,20025,47527,11281,26705,46744,10210,3304,32303,8788,23795,46362,32522,41399,33815,13719,35744,42514,21933,450,16099,32074,9341,24105,41716,256,3928,15353,31706,3388
14477,15746,20275,18631,32781,49324,39806,39014,30097,4695,17626,45686,13573,13094,44602,35330,30796,12076,39364,11163,21686,43555,21848,49220,37932,36206,13434,32088,38251,28300
41920,5721,44179,529,25241,3118,29206,43390,31958,26094,24312,44141,28353,33633,47435,49648,8040,3071,25890,11698,21325,42384,43860,10586,41273,46161,45147,40416,26611,17552
37064,17555,46723,38629,41603,38918,45231,46379,34634,17092,40963,41107,1755,27213,42409,14347,49142,24527,15054,10706,10571,42892,10127,3262,10759,13933,23129,17378,37927,26611
6823,48127,30321,23353,4516,14503,17188,21908,37441,38506,37531,2851,5194,24378,2752,46464,48750,20065,15406,45384,35242,40215,29652,20844,2335,33644,5139,5074,49515,20891
32518,6887,28176,39512,11440,40207,8036,43878,41965,48586,42913,28197,26571,14581,40068,23487,34106,27573,31416,49492,30934,17700,23153,32093,11947,17768,21681,10857,34364,11090
9218,26238,36008,18744,2745,13868,34929,36742,33763,9031,6924,21335,18510,40228,25097,35872,10839,11335,18599,48506,45115,15042,4018,42135,48491,36971,18435,22612,41099,15811
21704,16842,13209,4680,37606,37108,12209,4266,37519,7774,28665,18781,6456,32448,357,17584,9755,28795,2005,23603,1593,14498,44866,43977,35346,2871,46946,17573,17292,43632
48847,38557,43564,10214,46885,41250,42929,21934,17444,40656,17941,17693,7923,3621,29176,36604,44645,11622,2380,27276,17413,1861,43906,8586,23086,33365,14485,21654,38718,3584
5100,15810,16428,18785,19307,28535,30422,20525,18050,2786,31282,37431,23278,39336,38160,8174,19753,3028,29532,36956,12981,45592,11164,12673,41265,16122,37756,44295,2712,33882
15598,10499,33445,34023,37868,11356,21904,30488,12800,21366,25797,41956,32722,9108,17748,27903,9956,3056,43121,47414,38627,38029,30527,18661,48918,47088,48758,5002,46576,1479
22729,40029,1025,22686,32879,13578,23343,47089,18985,3611,42064,26383,9259,7413,21483,24641,15479,413,48850,18938,5392,9504,2586,12019,17697,8282,44185,22803,20971,22280
20940,8125,22627,30581,17979,21073,37757,43771,47724,16689,41732,13879,34483,47200,33077,7064,37182,30429,9545,46045,6366,42759,41763,42648,15194,41660,23774,38554,16989,43781
11003,24735,29926,20091,29393,30686,8429,11033,42873,42998,31427,8926,16679,39566,5112,5888,1630,2245,46841,39953,33973,26953,4259,10291,44406,2933,13220,35179,48916,35810
41694,12125,8650,23853,36256,1331,38664,9539,19531,36254,49715,33009,31616,25215,33204,11003,23771,1228,31948,6957,20058,31878,11741,49196,35257,16155,30000,44158,44526,11779
5815,11324,14164,47575,24214,32913,16066,47629,24108,46984,1803,43256,23758,38761,33748,9149,31310,14773,25744,49543,2663,37414,7285,37471,6937,14818,20932,48583,32683,27024
46463,15889,29151,35072,11731,12018,2133,34803,46195,14060,44995,26353,12579,48214,3362,12467,37882,16566,2172,33391,7320,34072,27488,22677,35432,32234,26006,16115,1993,21571
43911,35033,3023,7254,34479,39561,48652,5206,36546,4306,49145,18839,45000,3027,38636,44303,21442,29503,1311,31080,27923,43291,40569,17671,25000,39427,1014,26064,3821,32286
41885,19977,17827,1719,47337,26244,47356,14366,2503,42474,11348,34020,10577,42527,10830,44317,40556,5769,45020,5183,27827,11337,36274,22714,37688,49860,32212,39815,49592,35808
47795,3687,9781,25429,35534,8843,9408,44271,29375,22330,31681,9341,41150,18049,20677,15468,21404,33915,27449,37781,2511,29775,11250,28423,48850,44110,43021,16368,21025,28148
22004,9843,28705,17718,30639,19248,25251,31375,30509,17558,3919,39085,24088,41555,49868,49224,6128,16935,49387,2816,43503,21400,45312,18510,43851,11909,46856,32759,38449,21573
29271,49041,43690,36675,17199,29739,36564,16877,8219,15931,14025,48800,27256,43758,49318,19760,36497,5667,3152,42075,38882,20814,25638,28706,6001,25231,710,7886,412,35506
747,28949,3203,22927,45814,15880,15752,654,14231,42700,29593,27866,27315,1066,42136,35459,19207,7830,22252,35634,34564,18097,43955,40255,31657,21765,24306,2731,1943,23241
17381,1738,26881,14442,13966,10663,18338,16890,47202,10785,47624,27590,10831,24911,26443,46596,32869,25720,41010,47763,30463,27458,2072,49564,11996,3173,35655,16156,44741,21796
13742,46964,29374,2255,49629,16174,36177,8064,23909,21901,4462,2001,26700,29637,38406,41793,18096,14324,4732,12026,30749,43354,45045,44062,42587,30858,41745,39884,10093,6735
16354,25835,12012,43429,14546,27186,4425,27831,30903,31384,21002,46725,19656,19309,39859,21395,46131,35148,32912,3226,21942,4964,7467,39355,39634,36811,25683,49917,34798,41182
45428,8792,22899,9431,30293,31751,48553,44684,31730,1733,23423,5925,44406,43830,22051,26633,31797,13733,1495,23304,42147,16721,11732,15059,8163,2628,4356,44012,40029,45947
4443,11548,42881,10775,37471,35975,1730,47394,9467,19633,15205,9448,5694,28423,41679,33489,10643,12682,38418,39452,9189,3922,19143,21702,26869,24927,6968,40471,36683,12867
22970,17597,28979,41657,18885,8394,4682,5500,32229,24055,36724,11931,3374,4091,43648,35667,9456,39183,31783,19729,31430,24766,10884,37030,49887,11837,6601,30958,5563,14514
16821,33654,31903,14935,9115,11225,42102,933,20687,34997,31860,17154,36543,38917,27957,26806,11970,27809,39161,20741,22263,17136,44181,11137,32919,27315,31730,6880,7510,1401
7081,6308,42780,33094,23782,48337,32290,39112,6432,17410,4730,16135,15862,23233,12558,48865,10445,42699,1612,45428,26986,2403,31542,47864,49875,25540,23767,21003,11501,4652
47214,4405,9622,24224,28090,25461,2686,38675,1041,17286,3641,11675,21911,241,36116,32424,44729,16389,23412,48741,38724,45950,30534,28560,12890,47460,48963,17443,20815,25409
84,47190,14096,25704,3379,9785,32579,4905,25531,48064,13872,44597,13928,4785,22656,11251,7278,6640,44345,3365,22804,32794,47886,20055,36064,20870,22485,14137,31397,11439
3156,18965,45383,18320,6586,13155,44129,49259,35507,43845,12601,32799,36673,11614,24026,30613,47224,34268,36816,39089,47636,3066,8104,42770,25337,43376,20623,36308,26777,17759
25293,46800,8199,1453,14244,20376,8648,38832,41092,9785,4248,45262,12112,11687,22429,3188,14013,10623,47009,24021,4083,12019,7572,35817,40822,21984,46837,28880,1500,48284
28720,30781,9630,10409,22807,15982,27774,48447,31824,35353,7279,28811,16345,26377,6900,43261,36598,24494,8423,48058,21631,24692,43624,45173,17712,40567,13688,4532,5663,43101
48011,24371,11432,18567,6359,49761,17592,48703,20717,7493,7526,8540,48373,49583,38378,41067,2220,41085,29596,890,28690,35122,44880,31162,1010,48068,32356,31314,15681,13568
27503,27285,14508,28700,36665,47617,35446,31005,29004,15272,8379,18837,38918,37176,33738,20,17947,41086,23298,34685,37205,16146,31128,41236,49368,36738,21379,41038,18606,44421
10902,6306,888,30880,35084,20951,39812,39937,20958,22567,42880,18904,15615,32891,29713,49812,40653,3824,20211,2190,23929,39254,20612,41391,48083,11392,39600,2400,34503,3069
27134,6898,46254,16029,22519,48756,15518,11061,1403,17481,26017,24504,26440,40422,49623,45692,25065,23652,21112,41115,23888,18091,36198,17577,15789,13243,45509,15925,20599,33642
32315,13201,19429,2202,14329,43860,43015,23523,23327,29949,14723,26379,23028,22991,16040,40559,48538,13704,9772,31587,46503,18295,24972,12530,7420,37524,35393,41766,41635,30135
24820,23384,23727,7020,29578,12485,41334,12705,4130,34932,46275,36295,8146,19864,46328,38328,20124,31805,13783,25557,24723,27208,43514,34683,33355,38438,21031,5197,1963,46555
23019,22495,25395,17504,14448,16537,22508,36792,10246,45130,45171,37294,36509,48239,17497,34009,26736,48821,29397,21985,35341,43006,48365,8909,47739,13307,21838,9339,42116,34310
35785,30866,39740,16870,12293,25733,13681,15724,49086,28636,11071,40559,2196,18793,21704,7428,12005,39302,34359,40630,13345,45288,26925,18630,25279,7973,44306,9061,10859,36027
24599,34950,27697,30430,24283,16253,44974,48924,6001,36023,8470,28899,33096,42723,237,31492,20239,32278,6665,22742,25747,45376,3498,47193,24088,18491,7063,20380,16222,34321
6648,15803,23825,25695,4716,49032,12483,49175,7547,22148,8666,47644,32661,41482,18114,39917,20420,23385,34755,46829,15107,23625,21180,41295,31464,29446,16847,37834,49800,41609
31424,42281,24234,1224,10822,16195,29902,47034,8464,45546,727,31381,14137,32121,46249,36721,30223,1949,18305,35586,6700,14412,24980,17990,41443,28345,36102,32719,42684,31669
37884,34368,24792,9113,4785,30567,1310,1553,41310,817,1417,33493,21889,6997,37933,31,20290,831,21608,7499,37835,28255,47566,10264,26537,28961,19900,27737,36981,10991
42662,17265,5673,17895,42113,26066,39691,30700,6396,42035,35644,9182,18909,18986,49708,4089,35210,958,32996,17338,6528,25518,35041,24676,28289,38006,33285,41106,25964,33945
49693,31106,27415,2430,49145,8846,47556,33205,18965,38874,20612,2744,19363,8517,28168,25259,24677,2019,25974,23988,11500,13031,36553,39999,24259,34240,41101,28239,42605,27183
45034,47766,28944,29107,18359,5150,48884,6930,44062,16873,42561,18095,5384,13548,22015,40025,22086,7932,13910,29004,19811,2663,23220,39853,7238,20048,24696,24992,47271,12437
14784,11722,25713,30021,2521,9514,32785,48918,1996,13776,5876,28932,20630,24484,47989,35251,34379,13079,10862,7487,21171,39770,40612,20197,13526,1630,15530,22298,36877,30124
10660,12492,22325,40680,10030,24602,33140,12013,45318,35589,7737,9567,22963,20015,13680,9487,31107,17819,43675,15015,19910,45796,37945,9188,37507,42932,34635,33317,15550,39251
29576,43683,24960,27910,34268,26449,24,44534,48134,26450,2078,16274,29260,25938,20757,22763,38782,18182,5348,8574,14255,6689,18248,45680,15018,15190,14750,44125,34203,20185
4831,32549,7472,48133,49351,30618,40532,8276,43047,10166,15652,42918,39924,43223,7792,42422,46654,451,21171,47131,263,21430,45278,3897,46139,23612,9311,41420,12329,22066
2190,125,8989,27242,31934,26008,6765,40863,38481,35118,10590,19303,24250,42707,46743,49743,36213,21942,18176,46967,6650,24787,4677,1212,26161,13067,40082,38817,22980,5376
19328,3730,11806,7343,16408,8238,12799,35050,36427,44746,40638,47163,33271,7708,14663,45849,30587,23252,25896,8982,2515,45154,9787,32322,7464,5938,13874,49507,2294,26415
1316,27216,32587,20874,26758,30112,20446,24556,10256,36584,11660,21762,18903,6777,18438,38697,15772,48822,38005,20173,17682,12647,42550,10569,45403,27602,24933,25970,37528,1474
20888,24887,30404,9443,13568,12493,39198,48892,13138,29696,14789,49180,25265,13385,5507,33409,38607,36129,1225,5912,46290,18861,34372,37930,27763,1930,33702,32322,48333,4295
17114,26883,28811,20718,6859,33918,44508,11975,19316,5746,39731,11577,39595,10942,4832,26366,11006,12032,269,30136,33761,36523,10315,18652,13226,35303,5520,22042,45378,29295
6864,45796,12073,10306,49448,24910,33695,10259,5944,3777,27353,33534,23521,11424,44525,47828,34367,8560,33120,35649,36415,29857,43432,36452,48759,48321,40211,1778,13180,21603
4863,44913,43520,23189,39643,43870,17937,20429,47525,38431,45839,5441,11187,8924,43734,22060,42499,10355,14739,19617,27787,30891,23735,13838,48017,47407,35304,33301,5307,28547
22401,24958,7982,23999,9611,48678,42947,34769,35833,49550,23777,24246,6264,17113,14888,48434,32238,49725,6178,39613,26013,36840,26892,48799,37783,24641,7988,5590,44772,1341
11149,26078,354,25424,24270,26510,26196,2548,3101,22260,28690,21793,24486,44683,30973,19587,19573,14275,23330,38776,28365,43372,28051,35748,8668,43078,16722,6615,35224,19802
24607,5401,36788,28611,42202,44415,25095,16584,36317,1551,7496,6320,23529,39561,31614,45959,45861,34197,19305,17761,18215,12135,1672,3457,44794,37784,3083,18417,7721,3691
10546,41194,34079,17463,43541,21617,10154,41039,24441,29161,29739,21696,17647,18781,16381,32261,8615,19926,44591,34695,36294,47819,1357,28894,47596,42405,20704,32049,7367,34045
47972,8487,22903,8394,24779,28897,28207,44350,22673,7635,11886,47853,26427,39101,48438,24696,17281,39975,13366,15018,38740,11870,41288,28511,765,5948,36790,27019,21603,48260
4916,49461,3624,29340,39058,10849,5707,18658,15234,19353,23017,39059,13993,31059,37433,49225,48746,24593,7496,39360,5261,38435,35677,10532,21281,7482,6111,17850,5919,32822
35852,49215,17607,21637,36503,8577,23265,4273,39218,10987,9890,49057,34361,15783,38570,19622,6795,4859,11771,49709,10028,43718,45810,35507,32824,27288,17982,10789,6769,35940
6102,40852,43010,38775,3338,36035,49701,22961,5465,2572,45222,39130,20940,35515,43115,22179,25606,28392,392,41118,9214,26717,38132,33028,37812,8369,8336,27396,48777,33458
22148,34021,22098,22073,46441,13381,16170,21580,30265,46587,29994,2588,47766,17729,1961,28271,31225,46957,10293,29068,36212,26450,46773,33849,11907,14535,258,4283,44389,33013
38931,13931,10953,7013,5578,8467,35374,37146,27802,37953,23094,23945,466,18078,5189,710,38458,29076,42066,8418,15593,11367,6399,32198,33064,4350,33856,48330,36209,16403
40216,33960,15143,14501,6531,15355,49380,17258,11246,8060,1054,20739,13086,15451,27995,7314,38706,15743,3896,366,22869,38445,4934,13481,8309,12522,21873,15678,17868,28737
31637,48118,33776,17986,11407,2422,19872,37579,3616,17774,42583,21303,5908,2493,1003,11283,5829,37275,41500,4801,10884,41932,2188,31994,21505,26224,31430,2235,45286,29755
46171,29506,9938,48378,25806,24719,10595,8575,3491,11976,926,3,16195,33859,19805,7359,7636,7038,29095,40071,35483,8683,29742,39151,17966,20620,44888,49582,49107,5308
2032,7208,1108,1767,31999,6317,31066,8806,20746,36173,28286,49184,47488,43998,43423,6322,8740,6059,31538,29849,2260,23215,23671,33011,16769,43332,41116,39198,27010,40928
28268,31326,34865,48616,22203,12993,21131,30750,9596,10489,46981,20779,42195,44783,9638,28761,27097,36973,2128,6771,30013,12015,18607,39004,48246,29311,8437,22661,15686,25711
42837,8101,8716,20560,14069,32559,17444,32920,21303,6561,36231,603,40770,43417,3590,25138,36067,18654,4464,12835,23867,26237,5585,3314,5064,21707,26057,8195,43615,43134
10814,49200,15471,13231,23596,34864,28516,26083,147,24761,35612,14782,17582,7557,9256,22798,24248,17750,39055,28956,26916,24814,13449,26484,21043,18808,27089,33528,25280,19340
39802,9607,33777,34751,20822,37864,10666,44780,8828,46136,25943,9231,34026,5185,27318,272,29131,28265,21002,39351,21701,41557,35336,39009,48435,17379,7415,29871,11216,43225
28456,44070,17632,31073,12614,23964,23826,8444,29536,30942,46918,16769,9471,9541,18629,10639,12831,22744,31583,15464,49941,37355,25869,40589,43011,33618,37484,22740,40383,17046
10296,8262,28915,36838,28396,40238,27796,22112,47637,39999,43403,2250,716,18431,25872,20566,42034,36598,37165,2001,1336,38548,28916,5139,31170,917,1515,34982,49222,33486
3510,25011,651,39820,23683,5345,44165,30040,19250,47924,24574,36210,37437,16553,42213,13998,38118,46812,38186,37710,35161,4957,16193,23748,49982,1660,6881,38266,44206,13152
6637,5631,14117,45744,28550,27654,5439,2528,9674,29075,6596,3836,17839,16257,15117,25573,43241,4563,44509,13501,15017,31310,44381,11376,7352,27635,31789,19892,26206,17010
21699,29452,1604,15213,40910,11731,14678,45936,26088,26112,16285,44962,23061,12710,34080,48982,5352,22807,17724,8028,40409,28396,42407,22218,5970,20247,35598,30484,29399,10178
13471,33798,39875,33789,5328,6811,36094,14858,35599,2436,31373,16257,34566,40718,49622,42021,24907,39569,30240,1507,21790,27815,24839,19856,36168,40256,28583,23251,48052,17972
12451,25402,32628,26898,46195,48670,31935,25012,44832,16567,16831,41595,7456,49147,31286,49655,8858,40633,15190,234,6785,17474,25793,7360,34678,8321,38871,7135,8026,5503
26823,2165,44576,20418,37670,44515,33199,42405,11165,44423,4006,17914,7566,36799,29301,7416,38168,23531,42470,14072,40243,6325,9600,15191,9070,14388,38620,35158,35007,47209
45692,45583,32291,33208,21024,26864,21539,8941,42459,4970,20067,7253,23793,37852,46995,44627,3883,5221,11682,32695,4012,14832,26081,39017,21011,13094,21694,21790,38035,46532
36315,26117,39629,35446,47127,48044,27098,47840,42487,10226,27962,14831,36453,23047,32016,14916,39876,21276,3629,22098,16594,33325,16617,14623,36185,583,29974,23702,18033,41790
47320,29891,42573,11795,28754,49060,41271,29322,40407,35038,6091,6612,26998,39492,5313,6052,10651,39171,17544,41602,43325,12206,4687,12908,22783,46825,21144,46244,9883,31695
47840,19364,331,34578,2413,11880,3193,37409,3673,12176,26462,12057,47471,42210,5510,38060,38598,11136,31415,40906,2272,46350,31491,12548,40527,43578,31305,18996,19733,25752
35398,34287,15864,44032,12114,35652,8699,43420,9002,23861,22240,45745,20515,16015,38573,34707,26755,30093,7000,7897,22260,8965,38727,25328,5909,39074,12106,18056,13639,282
17385,40010,20190,17545,41601,37488,23494,30735,33134,31545,24557,46134,44814,14482,33387,11094,32049,33579,36603,29718,421,42993,38965,19692,32632,20523,36440,47017,36246,36559
43293,22046,21033,16491,39304,37701,7541,9550,16533,10500,39865,46889,44392,14913,31189,17641,3998,22468,35714,33625,10108,2815,10927,3120,8624,25584,28418,18554,49001,14970
18450,2759,13500,30201,35138,22221,10652,42457,3774,5636,16764,22728,10862,18921,46145,6824,44260,39650,31222,4601,46155,44868,21349,3225,33904,8854,45566,18219,24083,17548
19491,22010,32028,25062,8760,26106,26856,47443,242,18747,11326,49769,49268,25774,12235,39616,44232,29417,42561,2459,15160,38120,7919,22051,4005,6552,887,18660,35905,15355
15568,21975,41940,46507,14198,20692,16043,41325,31292,14412,32547,25004,100,16248,17218,44155,30942,4505,26970,20792,24415,23056,4692,49858,30738,37861,21059,33742,30928,23334
6286,48063,25590,15666,49981,26610,5329,36745,11819,37440,38614,12581,29428,11745,8425,10198,37877,20295,31803,18812,8099,6944,8740,39425,46419,36574,3532,9190,31814,43261
3253,16893,26332,2555,23861,38069,32607,8550,13581,17887,35621,36551,24971,15559,30589,30966,11852,5792,35246,27433,25815,27867,37140,13853,34833,4602,8796,28624,27444,1515
25750,41953,9731,46492,30754,33493,34507,43477,6066,48030,28532,25168,20875,49648,9720,47791,24867,3773,40946,29388,12546,16595,48333,45821,5770,14346,25282,7969,17209,38981
37472,1822,5975,20189,39427,24883,31104,38225,15876,27495,32826,8926,23047,13795,3010,23108,39930,17862,2968,10701,467,28016,45280,9874,42091,38975,43556,39579,33466,11696
36023,9202,13139,47213,33816,9410,23586,36810,43492,39330,21194,20968,38012,22065,34141,42506,32790,26103,2120,27509,33768,21748,36177,23833,42177,10126,6051,35636,23387,38188
32175,16728,45670,10736,21900,42114,21150,17641,18308,40613,29809,48425,15622,42576,2978,392,45042,28597,5859,26570,26204,47612,42879,19045,13660,47414,44977,44428,7071,6268
10066,33319,38364,7170,17681,30058,113,8658,21952,15417,43326,32388,1358,20830,23912,11101,4591,31188,47591,29039,39178,25560,10886,17352,24167,36523,48010,25572,46293,17476
3573,16604,45642,15254,23325,8004,25299,46303,10682,43770,8392,1319,46934,22254,41842,29750,36966,18514,32783,21214,24253,24540,33668,42477,32206,3649,49240,31935,29859,25
23648,45929,21447,2630,3890,35993,29190,49487,10160,48575,43679,11756,11067,2175,7243,26929,188,43567,14459,16536,33331,22622,237,27770,7495,7894,10290,28542,9837,41118
251,13287,29687,40886,7166,14917,35934,7087,3421,28132,2085,29279,16323,14562,7624,3956,19354,11134,47685,40506,20988,44250,5506,32853,41067,42694,6392,32000,16731,38812
28024,33611,29119,15384,2040,49227,16924,14982,2403,20945,38633,23392,23451,15939,41571,6254,4105,43047,47268,4358,31621,9039,48032,23502,22206,25437,31781,28133,29367,42326
5743,25257,32547,9711,21121,41271,17038,49314,32465,40025,44507,27302,9543,47541,14359,1146,42565,25798,13176,27328,35909,28215,18473,26417,35948,16733,48878,13375,14054,26068
19304,20187,1502,40475,28662,11220,47979,42614,43812,14344,15411,21089,30258,43094,25724,29994,39493,12177,38367,19124,21320,14504,42980,34978,15237,30803,47218,14746,18138,48662
43387,11343,6747,33736,23072,30730,46681,27840,20981,4861,47566,30740,44672,33525,45850,29820,46829,6674,41375,20597,1965,27712,36167,7118,7562,7477,46441,32911,10988,29600
40966,12488,9056,12803,42261,22914,15109,3989,34192,21939,14918,47291,37224,26896,33588,21925,44748,34149,22866,35715,16211,3072,24416,12015,23187,4432,2233,1468,9065,28074
39336,29189,6984,9983,9640,4565,26749,20188,480,24054,13967,25429,36288,11893,22043,34157,40956,27786,24640,48846,2390,27452,23474,3106,33587,15371,41629,48881,5393,47638
31479,28168,5887,35613,12980,42861,48304,3419,45489,16379,19912,33009,48974,29215,14038,33358,31318,36962,25521,43698,2752,10618,5032,26585,45502,17893,2863,40853,19463,32445
13086,22,7801,41451,48928,16509,26804,34428,35242,11913,37639,20825,30898,2408,40112,5340,15167,21522,34598,49756,2991,42805,5431,10063,1276,10381,37188,13293,5975,4759
6357,10421,22425,37318,8573,21765,3958,21482,36718,16513,2245,889,28182,47044,17983,5935,48946,27256,29630,40162,33982,11082,6370,2228,10737,41192,7306,8177,38276,24680
1687,26938,7130,33981,47426,39485,26498,20266,11625,551,5974,32453,20034,49804,36716,46648,15706,23740,19037,20774,12522,24400,24086,40112,42172,46059,41445,18822,40790,42105
13563,5400,17062,34872,30643,38312,3982,10227,6468,23269,46266,34836,7502,7494,37213,41394,46661,42523,23701,9853,46525,29730,26011,14808,15015,17456,3793,11443,35094,33602
11196,31742,25008,27152,41872,21761,34769,38098,33251,36169,43430,28913,36153,9195,22506,14937,31633,7455,39653,39429,17725,19199,49645,14275,17471,453,15829,1749,21319,5248
41825,43934,34337,21154,8551,29742,24265,6424,2563,22332,24000,2327,18249,39014,9098,43025,28005,7670,47746,11881,6535,8624,2748,44994,983,37448,37277,22724,27622,36714
19125,28647,33868,16791,44408,44794,17478,14905,34387,22188,14302,17922,39072,48168,28846,6251,36690,40354,10734,23463,656,9290,12723,46080,15537,18834,7177,4502,17007,16006
5370,35463,9016,18782,10005,16654,13285,23026,33805,16118,6891,27981,6133,45641,28789,24296,40917,49533,31334,20944,19849,9919,3424,15623,40851,17244,46810,48281,37292,19362
31036,47424,16020,38393,4725,15770,37401,10907,23610,38738,44248,37248,34048,26288,42074,3363,38007,1934,39827,18795,10195,41660,37217,12721,30965,46168,12211,36322,8319,35916
7570,31736,42504,20161,11239,4437,49457,18557,13677,13603,44763,45399,7620,22380,18122,13556,14051,9785,6537,22270,36983,25136,32550,47542,40108,20305,18381,26612,44540,42768
20209,46283,44689,42003,7431,11659,24919,28879,42869,43750,962,35161,5400,41656,13059,44272,18047,49800,13687,47816,43666,5667,8005,6802,41368,13621,788,12823,35936,17009
26049,41140,44825,34297,27534,6082,12265,36135,43730,9860,24580,31628,28416,32409,23950,44624,28565,13783,48832,34811,49062,37291,31177,17359,29854,38222,40887,39817,5166,7041
30864,21321,930,29821,34734,1354,13281,43169,17140,13364,23721,24652,36131,40282,13387,34173,33493,5723,46788,6454,10441,8429,18328,3973,32068,3107,12957,2534,7999,11232
32054,39702,47660,32040,22405,29521,11416,18899,16183,16578,19490,6900,11304,33647,42463,17574,27693,2730,7297,22594,14093,35519,3327,35791,2502,30545,3873,4193,10923,43447
43322,1980,47851,42293,36420,2110,27700,47065,7570,24138,3058,20422,20958,8105,45189,14915,9464,45764,41001,48170,23950,43104,14451,26296,16642,36372,25448,15658,8458,45448
17368,49252,34528,20549,35722,48441,37645,27000,14738,30196,48024,12974,48592,13463,36239,14766,46478,3100,23701,40029,13617,43476,31969,27401,22264,23425,21866,42427,34615,29030
5973,33420,46782,3830,1239,18810,25111,42408,12275,26624,39194,45252,12846,9465,22403,48593,1556,8209,25893,37211,18232,27201,25738,17400,1621,49379,7614,42900,49293,18260
42066,42277,45264,32045,11648,49671,20788,37931,26939,717,13078,42565,3508,49996,17801,31756,40393,47996,29602,40137,27762,27178,8100,33295,6324,6973,35269,44999,15355,41846
35660,43203,3735,32492,7078,10689,13249,13871,9061,46169,43695,40388,35731,36126,11747,26730,3106,4560,27809,35440,22198,38157,4154,36112,301,13717,1437,4380,13445,6247
25397,14921,20552,42565,27183,25526,46715,35321,43367,30336,38184,6355,43890,21986,4807,41440,11744,13538,18701,6826,44739,26845,30989,22796,21526,31914,18241,37077,27328,14499
12117,1476,42120,29342,9414,33026,22527,1481,12323,33059,31743,8127,31793,11932,27984,2008,31983,45251,24506,688,49326,20263,19614,14744,43338,42488,42921,3688,43236,38370
24316,36749,28888,26699,31891,8360,46391,1130,2461,36460,22781,2740,34954,46122,28142,31751,49010,44316,42329,38807,36339,33402,32782,35040,40160,16592,35621,40361,43022,31845
24999,26469,22954,3585,13776,37007,19136,45374,4223,9355,14960,29292,35847,39946,21122,25554,47588,10331,38475,39612,14668,6344,41286,17275,1134,33348,40957,14390,23486,3649
24210,40336,29807,6680,620,43721,26407,28208,31311,29271,33796,34158,12073,30223,23898,30253,35226,5080,28891,6312,7935,36498,29673,7478,39212,32450,11780,28967,5524,3881
12228,40209,11299,40253,46113,36290,4974,4256,2863,27681,27999,25805,38692,46069,39895,27950,19239,8369,8095,41282,23102,3221,18195,40578,25602,39161,12399,39620,16946,49836
29215,34976,38266,38534,30609,24458,8386,32543,21585,19943,38886,37867,31123,24085,28316,8813,3134,46144,27271,4613,23433,26690,49314,12081,4186,9080,4578,48269,38365,21054
2925,4782,21941,10887,4897,39463,31132,16921,9937,47004,12535,10695,16996,8809,15253,33586,23321,6776,23275,12235,35924,2757,30674,24130,23767,48618,32756,20386,4780,15275
17256,13275,37468,13995,7606,22114,4563,33883,40113,24058,22847,31070,41829,9768,47184,24455,27490,20289,34016,12431,33817,6318,19311,22537,5065,24517,22530,41800,28862,49514
28819,28886,43837,46484,21307,22210,7462,26934,45950,3382,18343,10206,32569,11142,44909,2688,21401,6277,35073,8135,29765,28859,2128,31968,15623,38009,27698,48576,7263,29509
30479,34338,27616,6571,16233,9432,2206,39425,27795,43396,32147,10163,41633,9999,42378,16058,49803,40133,41982,39867,37872,33221,24629,31171,19264,4460,11093,3682,44107,1771
17263,41903,5587,21701,535,20689,6110,44803,1829,40405,8369,27710,38807,37837,1870,48065,29923,19725,25878,31279,20610,35870,33621,1373,519,8865,4518,46969,45538,28809
14828,13219,35830,29152,33070,41516,29286,49135,9362,798,41443,32957,41787,22246,18714,49126,24038,5548,492,8590,27134,41688,26331,25917,18989,21626,29355,31946,36044,26766
17601,47258,11763,24436,11442,40616,22800,27035,23306,26472,36778,10892,14897,30464,26437,22751,37508,21079,38927,19938,6504,42113,20810,34233,9740,22191,47123,38191,39467,137
36979,3385,34496,15552,49723,22684,47945,34255,12055,10454,31578,29587,27565,40650,19829,49398,28551,28666,7202,24970,44144,17124,47512,48978,13743,485,37073,31029,7937,14809
4040,18155,22981,6166,2192,1705,4346,28734,35601,32025,42441,28249,36301,15483,42635,24578,15010,37096,34748,35010,24184,37768,7115,17342,49476,823,10789,45507,14424,13550
9905,42280,37380,49723,4473,24748,2163,24532,2587,10695,45999,32055,5264,40145,26804,47266,32152,32354,35831,21802,42787,12179,33847,3811,39217,9655,29198,4283,33315,6736
49299,12206,4729,42292,48504,22703,40581,13905,34435,38215,46030,46212,40164,11955,19264,32309,1113,36372,16522,9024,26720,30771,15662,23998,10492,13061,13738,27699,24926,12969
45644,31645,22532,45016,15187,21942,28853,39287,30040,11351,5228,28249,43730,1206,34486,17147,37231,34141,2458,12549,48519,6686,41643,2633,43638,20287,4245,20689,46679,20741
43744,41080,15809,2442,39568,22548,31755,31977,6093,48309,28145,5796,39850,29860,33696,29649,15311,109,40065,17963,16141,29725,17461,24727,39080,34683,11196,38714,515,38577
6338,20588,36356,2081,47956,47384,2928,10726,18135,7538,20225,39663,13065,36136,31358,24236,34801,33682,8642,17176,42146,18126,44776,14163,13461,643,15509,38109,12631,48318
5617,39756,21555,49986,7326,44099,18794,14247,10893,1539,14202,39601,8621,49336,33069,10202,6861,16992,2650,11605,17969,6426,31192,44997,38600,11984,45998,21494,48280,17922
43788,40409,12104,53,6855,48402,34062,36385,34972,24146,36880,45579,40762,17230,21767,20760,13687,29345,7553,2399,2048,36077,43425,22822,12548,46862,35653,12314,1195,18382
22531,19863,36907,20051,17735,22210,49180,24667,23144,44568,45564,16253,24087,44901,47825,15845,39056,37487,8174,2382,8618,19030,46864,30766,41032,16780,27173,29047,809,28340
35485,285,41557,11212,15983,21545,20897,26163,11069,26373,13543,14819,20207,49397,20644,4726,18928,25227,9326,45763,45229,10744,25517,21162,37391,45949,6299,27653,1508,33302
27132,21889,44669,23731,15701,8376,9131,28900,32323,1954,6466,44459,24908,24664,19502,42274,1290,40840,27761,9056,34028,17914,15064,21559,16469,42485,11508,3627,15023,21133
49576,16922,21261,15491,1299,18150,1784,30753,17608,34286,7514,48136,2971,24749,18572,18416,47034,25274,29957,19467,42720,34,49969,36353,25256,8659,31099,18613,42907,13517
38649,21835,19671,42072,44763,34598,9473,25525,14890,19167,25402,43811,48880,16201,11388,19285,49400,9964,16253,21092,35901,37058,8033,19793,34411,9996,27579,48865,25508,25805
14911,7581,28968,41116,3100,8712,40290,31768,15316,35654,42337,15641,40479,40894,41459,31803,22469,24123,4873,36639,19673,36502,26312,24854,2308,3069,37185,45009,24844,23697
36281,29224,29058,15929,2146,34442,27847,8947,36797,30649,36856,32727,25243,4896,10683,36763,49162,12154,15951,5069,7583,47756,6558,26438,4909,46226,22644,41336,49608,28087
3997,38848,28387,21657,34734,37484,17741,41354,10131,15608,47613,19155,46073,45173,39343,40300,35299,8404,31408,7131,1414,18265,32557,45623,45526,43791,49267,46819,22149,31563
25370,27208,37125,6832,3806,33197,27018,37843,36252,46216,17011,38886,15346,30471,10680,14470,42376,8222,31865,114,34840,37163,46439,25385,15765,42007,41500,33653,43651,27820
34248,21463,41220,15835,35783,27069,28301,39883,27075,8027,18109,35870,39328,48400,9842,49930,5465,36343,7463,17004,3794,39320,6148,48925,26395,48692,28002,15171,9914,46005
27436,46601,29932,18531,6467,22043,33437,9178,16269,20043,35796,14419,36758,31895,15473,9706,40078,20651,47227,11115,40910,35180,2681,13779,18698,45747,17795,8445,21128,39622
35096,12550,4988,2286,6036,18018,33019,31516,23869,2287,32210,19029,40127,9244,19829,40368,192,26775,36486,15888,11232,20615,5376,46286,42796,27249,32396,48988,29767,23478
45028,7199,14437,18271,1088,1921,32998,34834,39948,22174,6495,24332,27248,21136,34111,11420,19858,30772,6854,31556,30016,38565,20541,9074,20755,30187,45182,25232,16153,26205
31119,15137,34498,21296,39224,21780,2196,23835,1054,1620,9120,47157,3816,16145,11124,11126,26082,5476,42348,41404,15283,36423,12643,36053,2611,37903,1535,47106,22663,16136
37534,14652,17131,11361,25974,45541,11012,15370,7064,32722,44956,45328,19569,15532,567,30449,15033,13349,42720,13217,21678,13892,6765,26574,26885,37865,3933,46395,21350,36944
15444,38406,4557,37626,17930,10550,15569,22905,43135,29699,32247,6024,31897,40591,19129,45857,43504,30776,30799,27944,14143,45296,45259,27021,9708,941,1972,39172,5978,31339
31213,19676,28360,43187,38522,6342,46378,43525,43019,27964,40937,27278,1663,49948,13098,22533,8922,19234,30296,20775,11370,6806,18217,46378,30793,39190,3531,17350,11923,23232
19586,49464,13534,5775,7724,3312,22550,19166,14559,24546,38241,24021,30404,13892,16328,12141,19768,27091,11913,9836,7340,28538,14128,15255,47830,28701,2889,35674,40788,47407
5175,41132,48267,20868,13186,11359,13082,10915,34961,32608,18771,12554,49139,45895,9408,42930,39233,47483,31211,41670,39847,18195,25977,18712,18432,49334,45739,16692,15617,9450
25874,26755,14261,3476,6998,19079,41655,44944,38777,44033,46431,47823,42700,20887,8944,27837,49732,33827,15705,9153,38121,13903,20753,31841,7469,280,13414,17460,38952,19587
46813,48778,23619,44804,8348,21481,31786,26781,13835,32716,47706,20635,41547,13960,34371,6079,37953,38040,33327,36770,38051,37552,37542,16205,42364,4133,32225,14388,19004,46951
2276,23880,47350,12558,11246,4513,35361,37647,13882,46167,21018,40630,28460,45094,16386,44852,8820,41127,6515,23648,11338,37378,21697,13933,32523,4394,12659,48999,23870,34819
32906,37333,34374,49441,25710,3901,12368,16407,33176,32965,36929,46106,17378,6865,18324,31084,30,32711,19023,33734,10036,2897,6732,41282,2460,24471,39860,42461,47969,30602
37436,8201,44968,28810,48413,26890,32906,40412,20118,45741,21904,30591,34171,48644,22213,16086,30680,29804,319,8173,1149,26672,39539,34635,6109,24194,25692,4374,21279,30277
33871,36689,9657,21672,36950,37237,9152,18101,13601,20571,27012,18070,29518,18568,19413,30362,35529,27266,3461,15501,34844,30444,11762,18267,1801,32816,18294,28785,2459,28502
37453,21813,28792,9107,13667,34552,14793,7687,18087,21995,19204,1301,43302,11040,35871,43131,42194,19112,9084,3946,12083,296,12712,22407,19593,26889,16670,17405,15570,6459
44403,16546,22031,28005,30970,48812,40962,23076,11561,8704,43744,4439,30404,7325,13072,36948,5473,7615,33331,9646,36978,40536,8686,17656,16052,48364,16389,1791,27498,34701
40651,2228,20307,46911,12597,4126,9062,39658,46507,46418,38307,45699,41038,4855,22822,14512,39951,41071,23410,24795,15384,22858,30421,30270,48414,36220,16720,39843,36008,47818
9664,26505,23154,17050,44638,20967,45690,40664,29295,33383,42792,28512,42987,49310,28626,40198,24108,37696,12654,37264,34422,45977,19819,3080,27671,33,33745,18585,37153,29795
7883,6676,17778,4350,202,48531,22322,45597,33391,12686,17805,28877,12102,18353,34703,10304,12910,34560,39881,41316,25326,29107,4246,48546,48455,21565,6175,29892,45795,43081
49624,3732,39331,32119,14574,6515,7268,49813,27691,2023,22277,35562,18182,40446,16531,27269,37052,25545,18233,30567,49805,15379,49596,38519,27233,31166,44770,33632,49079,29146
29429,27668,23676,40358,18581,10624,20407,33089,9107,15938,28992,12252,12293,48962,27274,8421,43270,8495,20693,25079,43386,10271,45277,20278,8821,29605,47701,49220,46134,4036
11330,34791,43383,18791,18785,30775,32985,6815,17964,43798,490,5642,32883,43567,46547,5169,39431,6277,5464,38164,34569,23863,20738,45459,33079,46665,30080,29600,11663,11625
10956,40969,43608,17730,34952,39643,35865,9774,46867,17831,28031,40646,49083,17253,35463,46335,45564,10353,40139,12348,36989,3778,36770,19617,24940,15514,16822,27554,11626,31726
13887,17190,2151,39043,9752,1903,28081,28349,2642,38167,6222,10195,17751,12859,41183,963,6342,35282,31920,49742,363,14117,11585,10915,9302,36040,12333,35389,26879,48564
12631,46841,24109,46502,24894,28978,4747,39298,43483,10641,27531,218,36715,34932,11778,19070,41848,39852,13888,22628,11338,24552,23428,25792,33990,30863,39606,17452,43630,46259
8270,42945,423,14033,13360,16060,26076,12766,137,15445,25738,45409,29008,13525,47983,38061,30864,31292,37528,4719,24474,19107,32892,24689,19326,40331,779,42877,21738,11680
2797,49568,5321,36291,30597,26932,8036,33190,29303,49580,43729,2416,18783,45689,38634,32941,4919,37645,44465,36735,23301,35930,398,15998,33216,7717,17052,15965,33017,6941
27747,42405,2113,41337,11787,35673,26777,3378,13602,10811,29950,12337,596,38755,6455,20295,30849,42173,14520,20135,19323,7153,18650,49882,11314,24870,21980,30858,19798,10991
5136,25902,1331,38217,16130,44703,49957,17947,9165,20987,8119,45332,46556,40345,41775,27576,19576,18680,1775,45781,7627,18575,25480,21594,44732,40071,43031,19965,11828,25775
44770,1256,41736,30986,5114,17385,45945,40962,6943,27119,14401,36077,42306,19411,38857,30938,24983,29066,2033,22256,25727,8675,37492,45638,21009,36580,33493,27281,25261,5992
28534,1616,11949,34616,49774,49906,39675,45693,29870,45162,23422,20027,25024,20322,15009,10889,21510,528,5441,38426,4810,11213,27443,12020,35739,37767,29105,21196,48257,35264
13233,4563,10434,2112,37411,27059,19097,10142,12531,45527,39221,48217,30005,8985,6108,42961,29346,29148,39051,14970,16249,7080,3557,27348,40316,44540,5065,17633,26129,46781
41106,14402,47161,16578,35551,1282,26062,24663,42221,41430,12803,31695,41507,31857,22145,26637,32183,46059,12041,25069,13460,35582,31931,42475,38525,30421,25713,33676,40631,12592
9692,5815,21456,45492,10427,36318,11690,20310,33528,41249,39831,33900,42524,21443,48604,15279,33938,7362,27311,42900,34895,21720,38937,7212,24502,42868,5192,29757,8982,19483
38998,38096,32519,40943,34557,4599,672,25612,22944,20395,42179,37975,17447,13776,23844,18392,11390,7107,9261,22878,43939,44798,49543,26755,45003,36953,39509,31890,27112,30158
16901,10543,34206,44827,14596,34491,48857,29667,19624,1890,37858,29041,42817,39887,19104,42158,38409,12773,32029,34912,3292,38896,19456,39538,29095,21833,32458,34184,12724,24824
20956,45920,24905,47875,38400,11658,5867,24587,1669,25295,11899,37460,27493,36728,48943,39234,21624,11601,17450,30241,26351,20546,37083,10856,36496,28143,21517,27750,24911,48346
47652,19536,26758,23778,5410,16146,48202,40285,16785,36723,31598,17172,21127,18894,46945,18698,31125,14644,12637,31307,19325,44263,20927,43823,38790,21204,8846,13008,38614,16786
4392,17826,17327,23301,36608,48594,46490,9547,37983,10804,1156,17387,8039,1315,25281,33450,13802,47328,10257,4235,9137,21304,11382,35783,5391,30613,27327,10035,27622,47403
5704,27079,46867,5113,38316,45963,12157,6020,17529,12903,40158,34725,44361,21918,23416,42281,32328,44863,23112,46130,15558,17956,10741,15489,15099,24050,26903,35086,27195,38423
25435,13936,15032,30510,28981,48514,48068,41797,29208,17232,34872,23539,29199,28341,17469,30776,10529,1980,21428,29038,33304,7749,49491,36444,13739,11729,8509,26228,32944,15879
36462,21102,43369,18748,11107,44367,39987,46987,43659,30786,23677,12354,49758,46624,5253,13279,4352,863,19509,35678,8531,29561,34204,32613,7006,41898,26311,4352,32778,20479
26042,27315,35170,33792,27304,42647,29441,46077,25472,42177,48528,26776,5745,45936,34257,24666,38231,7546,49964,24894,9991,7696,14754,5507,18090,24244,383,46708,11031,10399
36180,23386,10826,5232,5007,49044,30602,1320,1588,42504,3182,34929,2235,7863,39629,42468,37774,35596,4099,15670,29036,36924,21869,28765,14342,27109,25525,36954,25714,6970
21374,31763,22774,5115,42454,39372,48749,9490,11549,15887,37929,43773,3077,16454,7044,14620,15339,49734,15763,4323,9837,46841,8692,9196,12089,47870,30211,11442,41046,42915
18102,37123,34949,41252,7121,16711,25666,15170,6313,7687,33985,36658,34335,11044,47275,28632,35818,13845,19970,37410,12493,29320,21318,45789,35335,19691,12809,28486,31568,39032
34059,35733,8011,26040,49587,8927,2174,33577,4491,27012,11377,2013,26666,44254,1396,48458,26323,3458,6207,14168,45666,22337,42198,39429,22596,9440,43047,33135,29145,27968
30026,17272,37909,44667,39394,8077,5849,15993,42984,19772,11430,5456,15117,38361,35121,1397,47063,41268,21575,46350,14470,17853,34189,42162,3578,4679,39961,19539,42535,6035
811,45224,25104,7420,47233,41009,2731,5854,507,22984,49895,32207,13175,35839,39034,23567,39496,21711,31791,26834,39648,11208,9202,10900,46458,2155,23348,37702,1574,1350
45903,20888,19335,42225,34666,43521,25472,9188,7975,5417,47974,5045,1571,7809,43230,1181,11554,18321,28482,20015,28672,5783,42837,837,1540,37623,33115,11851,7338,38830
40833,1042,48784,11141,11848,33538,15134,20462,30617,4623,8876,34669,16643,4659,9878,1638,28157,12912,43847,13924,20888,25747,5541,16174,49400,38719,33941,7159,32849,42478
38508,35944,11738,3724,48965,19074,26044,23638,40876,23689,41620,2104,36787,35476,43476,47278,48447,24567,16463,12236,23483,16288,41465,19849,24452,15349,3289,27599,10772,7243
34247,7731,20865,36347,27755,8282,21121,16898,18707,34340,700,3026,15674,39426,25951,906,13637,30804,4567,21040,32758,44962,32168,29156,23955,42640,17505,9688,15906,1237
27499,24303,48767,40160,26667,35825,48454,21341,43879,6323,19539,17425,19709,8105,20501,23594,40018,8367,15481,34457,46265,19796,36398,8280,34708,17406,24196,22630,8145,36806
7375,21640,30928,39490,44679,23832,45567,30999,46258,30682,5109,24580,49394,3063,45699,7707,12616,32798,2346,21727,38065,35341,33738,22675,8471,3742,10338,7970,15301,8113
27161,9252,48443,11979,1374,48426,48246,19968,33461,1430,313,33689,22567,29786,45010,26355,33258,45729,37365,47938,49295,14977,32204,27969,20056,20506,34268,23336,20302,24030
9807,19468,41419,748,40608,34759,2801,34569,2583,42131,44347,48738,14776,48951,5874,43936,43313,1399,36384,18948,46394,14103,24347,26693,23693,6803,31932,621,21356,47642
9713,7621,31813,30715,47841,41796,41090,5863,9453,29380,38277,19044,32694,14110,13566,22072,41893,26087,34249,27471,47187,19276,22153,49918,27605,46,31674,42370,40513,17444
37133,1099,31870,22791,14181,38260,25603,24565,41125,1123,29291,28062,20929,25556,27152,22503,30758,40984,49358,12540,46946,2152,45939,43561,41534,28511,37692,21960,19001,47753
38531,24796,44897,37084,43893,37777,35388,43872,46366,35690,22340,6831,35343,49212,35796,29887,11133,7072,48827,49868,576,14558,42290,45934,13129,49678,19837,31539,33321,2436
38187,28861,43409,35604,19384,42781,46664,44086,30152,29157,26714,7559,4692,18546,27884,2010,12736,26654,32966,37738,41636,5819,28785,4115,19361,43600,49001,10134,49749,15343
49702,9891,13366,28633,11287,14682,43191,17744,5304,7907,10862,44692,35137,46357,18633,42070,18170,27240,29187,16537,26942,47537,39076,45266,32518,15423,31599,42260,28801,14358
6567,7669,28828,49746,29960,26285,49004,40775,13042,8725,48329,9805,31064,8796,43505,25790,36989,9247,4604,11201,6535,37444,4193,21784,39925,37187,44931,39355,43111,36819
6923,31007,13473,34339,46648,14053,8851,14212,17637,38372,34652,7798,34405,12913,28561,21381,5518,35671,17034,16992,13887,37552,46570,35253,20119,39746,13668,10527,847,5096
36877,34827,39972,22345,31570,15274,47792,14474,253,18721,38508,4788,48762,15499,38500,48871,28621,16696,33860,48791,789,41681,9782,6079,39533,28236,15022,25301,9951,45967
6619,6080,43650,21199,29505,9999,16901,34390,49936,2914,10812,43728,49232,2949,35602,28243,35445,48821,42593,22991,39082,28353,34918,4838,49104,3527,23550,22031,10489,11880
18750,18170,14145,22452,19509,28756,9116,48492,34096,36310,40381,43967,6241,21269,19636,16524,47131,2255,36269,32460,29427,42411,45059,47765,24755,23416,21334,24670,32684,10262
35104,44017,46261,9895,45824,9089,18325,16530,13404,13633,19379,38490,28412,45957,29163,27130,4133,38390,47514,2910,45120,37828,16121,37318,18671,43496,48777,42625,14300,33655
22536,29019,2700,6522,21344,17657,10409,1587,2608,14012,23564,16093,31579,38686,43163,46326,25093,7544,41724,28874,49802,24747,29739,16449,20909,42272,24632,39351,5890,43612
26929,10015,17231,18435,32098,2481,35180,46936,26739,47195,40519,38519,6235,10006,25443,16147,23371,18783,34555,46756,49405,2122,11528,26317,7122,46899,26449,41755,31355,25472
17311,25289,42246,15350,639,32643,17034,16232,30661,8488,49947,25833,22806,19199,14929,41355,38973,8150,43527,3598,24037,7681,37784,39888,36543,2056,9674,8168,44649,32524
25104,25711,43710,24672,43745,12125,42956,47830,21645,17971,19845,10976,13061,12173,46140,2257,12984,29859,6534,31048,35459,48078,13557,2157,98,19975,20947,41241,44230,2516
42913,48737,17250,839,25761,48822,8287,398,13307,22621,29874,15128,14640,11797,49684,24492,21423,38139,34081,26219,6623,18774,6717,14551,47653,38661,31688,37343,30325,25759
31824,41194,26709,8955,30943,30764,19304,577,44094,7009,1956,12555,38907,37344,9449,5414,25494,36953,45220,16966,48307,26473,6470,5947,44147,49531,22135,22992,39289,42501
37489,12203,14148,45130,45775,46394,14694,531,28474,30765,48539,25776,30842,21377,42949,26960,43385,15307,5308,19533,9452,44784,18576,39805,47489,30694,22986,9548,24549,32635
39909,23808,38239,46735,44106,41050,40731,26304,1321,48201,8995,35120,39605,11298,8396,30230,27988,37285,32745,40214,17474,15977,23029,6044,41307,42188,40063,10821,11250,39506
31002,31860,35384,21858,10303,47455,14204,17981,15391,15511,24674,45694,33164,47004,889,47681,17480,29007,30100,1886,4946,10339,47331,2715,2912,7406,22589,25364,12865,39262
2456,38076,10838,14914,21286,38256,44644,33918,38492,16223,11542,25712,20715,43833,42614,24688,627,23253,22858,12620,5492,45434,11744,8088,29899,18262,41110,44396,5772,10163
11286,45060,2777,46889,43729,32622,45562,21128,3305,49645,16958,25103,43450,19978,22928,26273,23364,2548,31321,21685,43676,46939,47362,41974,6951,20538,46179,41122,37833,18165
18050,9696,8926,10198,28311,49839,9576,47754,44512,25449,17732,23133,2352,45321,3531,48632,42180,45726,1200,21826,18945,39240,42693,14210,17843,38991,42829,9232,8930,18992
26410,26641,42702,30338,21027,38158,8478,12924,47387,11315,13712,29356,6815,25334,23936,11101,2174,15560,13127,16452,37097,11309,39813,32843,39295,15543,3965,8361,28860,28261
9428,23309,24910,40455,37517,18160,46540,8255,35116,433,1711,43645,14063,43700,26061,27301,34923,1727,39885,26999,2504,25034,5314,8846,33136,2521,755,24761,137,10095
40518,34634,11096,41936,4800,36083,23796,2994,901,16253,48542,37850,23583,9186,20548,4491,25011,38489,47471,22327,47469,29712,4640,20110,27236,17350,23912,5610,30129,37046
39889,15766,45341,24902,26243,2944,42896,45903,10869,16521,14191,40102,44248,36352,23469,34406,18492,10934,43257,46507,35003,20292,40550,2909,28616,49737,39001,39032,7051,45861
44618,40189,26852,5301,49616,22888,11058,26452,6540,13127,46724,46663,34923,36012,18714,6308,25251,14181,17262,29226,4595,13346,25965,33993,39240,18572,17873,13627,22701,39759
45460,1642,1098,28884,17643,21521,35691,19617,38960,3425,42887,16215,6584,19246,10554,20904,19758,48665,20021,22057,34124,49529,9768,6285,42243,43183,6618,12847,6022,20781
26328,41870,15349,30488,24390,26816,26919,7386,41861,29744,21360,21197,39236,8489,30463,22684,15259,12086,19180,36182,21240,13177,28527,38892,31890,33405,48357,38958,15902,35545
2542,24591,26220,43855,26567,10846,13130,2808,39441,14537,25373,45102,24422,21500,28043,18481,39774,22622,44465,13088,40681,42514,16592,24724,2047,14098,40427,1913,42802,33133
25939,43032,29913,45772,23601,23736,37415,38460,30566,25498,9996,36558,49161,26553,24510,47034,222,16477,24644,15823,25107,41062,16622,11571,7113,19311,35655,9806,20045,3771
21725,45369,19504,31482,5323,11630,39132,13941,26515,44548,17804,12622,22319,23658,23554,6181,39833,34504,47859,2236,22205,12856,3022,9367,45032,40624,26479,14792,48923,14621
45254,33722,12436,49324,11588,37666,19748,20953,46987,37720,43435,28299,15034,17646,5486,43905,48323,39912,28879,33641,39468,3923,25247,37798,1089,3980,27580,25354,45047,36493
15570,2916,5521,12325,14621,26482,35939,19648,38987,10162,38948,31096,9491,2195,28177,34942,21448,15005,11886,13472,3890,17555,26159,19426,25389,29423,3168,48512,49994,38637
3231,1523,19145,28365,24651,43225,11431,29725,40258,9589,37346,20303,29491,734,12477,35693,3756,43205,18655,6192,22101,21394,17636,21525,45905,35273,27398,43920,30568,27152
48874,40320,29040,44470,38021,15496,16068,47836,39185,8456,10615,10226,47938,42052,7587,28227,26845,8635,25650,15012,17514,39852,27677,39434,21511,9612,48434,21668,32864,28635
31144,19190,32405,7070,7768,18173,45677,46669,19961,33981,20606,20448,38419,43848,17147,341,20163,8565,9324,40757,37987,15258,9453,42664,35773,32360,37250,7823,6400,47209
17602,33838,13136,28582,28672,40955,48649,11628,40911,38039,33807,6087,6396,14154,41888,44591,27441,2788,24050,12176,1604,41623,3631,28630,35049,42165,27132,34397,10023,5280
24409,44919,32272,40877,17816,29670,43267,9514,243,24336,15641,48457,9483,24308,6696,19510,27711,28009,37389,38785,42396,44927,16657,34021,27937,6680,12227,39532,18376,34838
1326,5229,16780,14726,3917,42795,18571,4538,15901,19827,28415,37935,36661,46884,47740,6083,49411,15879,16150,16351,3136,44297,23155,483,46107,22011,642,37604,41022,14121
22143,39651,41613,23884,34427,26025,14965,24749,137,35635,971,24122,48932,45854,406,19702,42288,18689,26026,44876,46530,23519,8425,35821,23511,465,14096,20366,36987,212
19862,21013,49881,36794,40014,8493,41392,37074,12663,16136,48203,19372,29153,11792,40316,1941,19278,26212,578,11480,16094,45582,34987,31733,30679,33497,15879,8598,1199,48973
20379,28742,31029,37532,48693,40091,24286,45050,19246,38747,33375,9558,38954,42110,6867,91,21008,28532,9308,11964,9734,13444,42334,38332,18313,49854,20790,6495,43946,27040
18373,10042,32611,20815,22311,35396,25933,18374,33586,27738,34671,49002,3188,43520,47906,19982,4404,3181,10309,26233,26326,6007,29243,13288,27240,10092,3315,36947,23066,3057
32219,7898,7984,16527,20728,11462,14111,16117,40110,2698,27644,25966,43058,42559,32630,6008,49250,10016,41718,39316,31433,36115,10506,40040,16351,46861,40791,36229,43223,16640
45626,28088,18930,16892,42940,10638,23909,674,15444,6442,35234,27380,34996,7886,39682,16367,8931,15580,26239,9842,40682,27875,42308,40473,43842,6948,10147,34867,45258,2241
44883,7422,24072,651,16579,30851,13610,18212,26074,6330,40675,44719,19506,8275,34618,2374,45236,42204,48778,28529,41764,11849,15359,9351,17295,28473,41612,25163,1031,7626
6437,47145,12385,46775,21095,27020,28102,16767,32676,23258,33727,7943,35441,23896,41051,2181,23814,10782,8930,38039,3490,28860,36518,37673,32882,23591,16462,5929,21996,30795
14940,31931,440,30107,21879,19981,8884,48400,49920,31108,16501,33263,16174,49031,40234,29788,36062,33636,10012,23673,5388,27607,21752,40724,33669,34302,10412,6480,45006,21999
8808,39528,39178,43850,30258,10570,19397,37444,27369,22594,20320,17579,35739,16386,44310,13932,4619,33925,36467,49954,46426,361,34234,40625,24334,18590,21779,14497,16909,39880
19693,13512,33845,5293,41023,11814,1473,15115,19625,13366,2871,29409,29347,1643,9264,12859,20918,27362,33184,25816,48012,44166,18656,11500,47053,34979,22129,40839,26800,10355
48741,21025,39148,39388,45633,40763,9059,49246,13392,12185,32862,32124,30924,39829,20809,21837,43604,24142,26659,17983,35977,19950,686,2867,7047,37927,39089,20450,47287,28055
29040,46398,39780,42802,35042,28790,8569,45263,46369,20579,30190,22698,39643,18786,24868,23819,29486,6010,26692,18281,37798,44042,6651,47601,15122,25071,8438,6385,46672,15980
21029,25019,47659,15556,40218,22192,11099,39927,17234,24295,1520,32793,31906,12431,8822,826,25974,14455,47482,41409,15315,3007,41787,31608,8617,22113,25756,31274,22167,18209
17657,34631,15940,42917,40038,16221,14716,35161,9126,46363,5585,32907,43841,3037,11109,474,39583,12846,25463,33146,5327,8765,45601,42904,43672,28675,6101,10092,32235,10332
47763,5553,48438,2233,46656,41109,22070,3182,35584,7419,29264,30098,14082,7131,5593,17230,46875,7996,11026,7181,12670,43900,47084,37746,16518,10694,42134,19855,36736,44921
27314,291,705,22381,13843,33358,31593,47081,34701,39708,4785,6833,17076,20962,44024,27310,24912,44155,40149,3152,6478,36454,24414,34876,42264,11341,27920,34219,29177,13392
39648,41767,2787,37215,21599,5039,27335,278,1647,23897,26106,16939,30243,33472,13306,43687,45871,14246,6761,48957,9935,24331,6552,24753,34164,30539,30319,14395,24485,31674
42308,49835,20396,8119,29397,45241,42354,29363,25275,15950,735,47597,12762,29663,40174,44640,23731,37702,10417,4401,44958,31212,17133,36507,2031,40010,12876,31999,979,4278
5852,35549,35344,41203,28862,18502,26647,24443,34651,26929,13958,27328,49173,30064,26606,7672,28579,15137,25221,17231,2052,10517,48619,26269,30225,35537,1490,25053,44914,10247
12317,12198,33489,454,2070,119,42583,19328,30400,44366,33053,45461,12988,16089,47236,35309,28916,43959,32392,14731,30131,31406,27025,41997,24857,26484,16693,6751,35082,2052
28949,32897,40136,8986,5882,21875,35046,27744,31626,5067,43049,46478,33839,39952,38950,32764,14082,28817,20246,32730,30151,10514,38167,26021,19898,35048,4246,17741,27798,27563
13854,39600,13342,18376,30203,15701,34448,10693,13944,10110,44683,1459,9433,45019,17945,38032,41279,31171,19388,5382,27599,39636,77,31804,38119,48749,35399,936,11071,12140
26685,9742,42989,25239,22688,10375,17100,29571,41548,39393,16270,3280,14132,5749,11533,32243,11499,31552,868,46306,49932,23475,29009,30453,42226,1754,5697,15254,47386,47349
48559,1182,32087,5404,12219,326,8402,29338,22840,35335,7865,33009,4805,42810,26813,8927,19326,28104,26000,20756,47526,34699,20537,4997,19270,13523,45715,29458,38338,42914
31750,46838,32626,33944,47532,25457,49547,20619,3205,8953,16782,17735,47107,20938,1618,49191,17396,40577,11574,28470,29388,39727,352,49395,40321,19023,41692,10805,49679,38262
49775,29829,32860,45470,40221,27582,4157,21693,48842,47473,2890,845,36140,35993,1050,42551,25464,46158,41622,19792,8359,37674,38111,30317,30459,23763,12995,44124,32093,47681
33850,36380,7846,48600,47641,15885,22088,35361,451,37461,3828,16404,303,35391,30165,14570,15080,22785,5233,23306,24362,33658,40211,25177,48,30162,21100,10652,34477,41827
24505,48417,41250,37071,14139,1172,27344,29443,6405,11356,138,6541,37156,44547,49439,32701,46894,44409,46947,19783,39647,41678,11575,21642,26570,6722,33307,20784,45525,11467
3684,16719,33707,2983,44553,12882,17424,38578,11399,24329,9299,49017,43357,2608,28378,41307,24210,8877,31653,41007,35317,47893,49742,5434,46396,24293,14,34621,23991,17381
33769,21904,7916,46931,4067,9292,20286,14246,16670,14320,11278,23550,38911,19787,24637,32484,48759,6922,18880,30684,42326,20070,36365,47654,23453,1033,11036,24994,10857,8252
10419,35674,2772,43293,17377,14669,16037,20739,14435,47259,24449,48276,49496,25667,8659,34044,37612,1506,25182,49014,48475,9229,43225,23832,43216,28945,9835,47303,37739,7639
4301,42030,45647,6661,39780,39487,26596,49183,24829,13279,15902,866,30711,34039,30782,2035,8958,14896,44592,46676,46646,9989,42414,18891,32697,35354,20520,34839,14687,13551
20390,47346,18802,11102,22208,47858,6252,44373,23566,6787,22250,8204,20175,45984,37516,40144,27032,5847,33437,19677,77,31249,29707,45205,1918,16419,13637,10992,43954,47343
46503,22725,10626,38285,9889,2570,44129,22164,36812,27171,24476,27059,40921,14229,5060,12103,49597,35646,24649,34779,29905,24884,22377,421,44815,23908,42345,36297,28335,11040
33214,46270,45135,40789,39472,3985,39454,34350,29843,380,32581,28832,23950,14627,41231,3539,16598,21298,8605,4265,19234,44175,17449,18806,38585,34329,30009,23288,47930,40169
26437,37876,9430,21354,36290,31885,33869,46757,34504,37455,49609,42217,48495,31617,21522,46465,2443,23263,39984,40383,26343,14067,9251,18872,3050,33875,15594,35042,24698,49782
8890,47059,36529,7015,45561,34827,30529,29339,25111,29664,15676,8625,14815,3021,25803,4865,29545,3159,22114,26448,38049,20678,19807,8896,33429,46369,48627,42434,32427,33617
34360,49559,7149,45442,32078,4616,37146,11236,34916,17650,41944,33555,30389,34625,12335,46584,32418,25989,28094,10360,39314,15753,27008,49698,31282,43232,15803,42163,1764,49967
37269,39538,33212,12232,47298,21654,23801,11322,31546,20577,19612,30804,31783,46221,43442,41317,20195,13365,10931,39301,35192,1503,17630,30824,40848,620,23275,18780,41947,43511
1898,37095,46632,42904,47685,27152,41887,6917,33629,15397,36059,19104,7712,22492,24138,20613,39842,15665,33297,10788,19273,8095,35011,24139,12042,41511,8470,36462,37216,46380
11387,45813,9737,1324,12270,14710,4528,31143,2505,31925,17929,29647,14184,8607,6325,10780,38149,44172,2645,42219,34190,41538,17791,40205,12008,41777,24686,36388,49527,14971
12633,14906,27854,40079,49416,37448,16866,35402,14026,25914,42679,10223,8330,17189,9239,1627,42081,11947,20827,47429,44287,34904,31015,49338,36312,15936,10806,6195,17007,26376
13155,6436,43570,639,37390,7985,4794,23560,39820,34954,19779,15004,7497,35790,43635,9613,24431,26807,17617,24849,13637,16813,19691,21701,47968,11030,8,33575,32853,31694
3777,4692,47726,25849,3277,44635,35794,48479,19369,879,14488,43602,36146,5666,12033,6016,31732,12628,14549,28050,715,14519,18790,18978,30384,29827,3718,42895,44691,23230
16351,42874,20823,24661,32464,2465,2149,22869,40288,5610,35273,18886,3054,23094,40494,46637,4698,25223,12805,4061,5371,39731,39573,32623,29345,29647,20801,36834,43554,35178
2168,6024,13883,1355,47817,44252,41641,45160,37737,42294,4502,29922,25481,2419,42293,8552,36216,38765,42921,18187,37934,45651,19331,45094,48752,8528,6565,34293,1194,34981
29914,22539,24928,36320,18244,9325,22834,39568,10640,49526,38888,9992,7088,34561,23615,2642,5592,2753,29030,33024,10930,7866,11450,39898,14158,49798,22678,33913,38410,2331
3314,37511,13119,28003,11219,4720,31889,25156,43699,17421,49606,45610,31909,4762,14784,28044,47363,13021,25118,29270,5439,21911,27180,32268,5343,24334,5804,2750,33320,11067
23618,37,23525,48005,27631,17041,32420,37753,20832,422,14911,21962,33558,22765,47881,31668,8037,28425,4352,36663,43462,30236,2114,31612,48289,41520,15715,47349,29388,22249
46179,37615,13591,3798,7970,8526,48296,17422,47558,41962,22292,39962,41496,15710,46389,36941,9808,3796,40417,23837,30950,49383,49625,19491,19592,35426,43645,21238,9625,44385
13049,8693,28183,17658,18606,18775,42790,47123,41566,14830,25288,42653,3040,47762,45920,20417,31948,25504,43979,35088,23148,17051,45141,5085,28276,41223,48164,49965,14843,31589
17956,31440,20774,42548,32428,24888,6858,22093,23662,1888,1802,43426,5785,2245,41385,12348,3601,33324,13916,15550,10311,36843,14248,46442,21973,45321,6170,48908,25917,505
24141,913,567,1233,47779,27913,40631,39786,24252,19350,45254,28721,39904,7258,23694,15829,26031,41107,4899,29516,48197,16155,47458,48713,3292,44479,1763,6460,48934,45517
30424,28545,20397,33195,19059,21343,10568,42503,16822,3792,31167,6444,11015,19974,46307,49137,16161,12892,18473,20111,21939,20710,48609,17928,13219,11379,6614,39614,39114,36354
33104,12014,13528,16117,6404,27203,10331,38410,9601,15774,34548,11646,3769,34444,7901,18713,11447,20008,4677,44254,22189,42002,28289,20873,33025,21929,43146,9213,3407,4434
26015,18430,119,32735,22007,38696,35942,39518,36593,33851,17677,11296,30124,23335,40989,41606,43218,29934,48816,22219,8356,31260,42131,6301,1752,20459,24125,290,16054,31358
41643,24394,28924,21237,6724,10041,26435,48639,35531,14121,40598,29712,13687,5411,19696,44629,37164,6055,46296,46694,9494,27762,26342,25002,26109,29464,37240,7962,30651,3196
8119,12424,12529,21542,10328,34223,22280,48457,33941,35370,27540,38936,12531,12080,7766,294,15570,43107,15510,36254,11306,17322,1838,15211,27735,3595,34179,18275,36605,44362
44642,23939,45044,30247,31697,46840,16960,4821,47637,11555,42556,15934,14618,15560,18302,22445,41028,21963,24923,10640,36878,47866,35016,10476,36698,5084,1689,36111,32012,46732
2003,22132,14227,20475,1712,34099,33561,42331,40803,43327,32907,33005,1477,37300,32821,31877,11474,30234,44027,17639,12347,4732,47789,43028,33520,4091,23564,48275,13609,25802
15856,34535,44129,10962,9288,23459,37067,22507,42314,35995,3382,21460,47022,12203,27635,48597,5177,20728,3835,37969,48113,27763,38318,7334,33358,37168,40767,41903,6289,30142
24410,41446,24017,10024,49781,46820,37383,11154,9996,1164,42158,27886,23671,10542,10798,2839,34115,250,10308,31507,33394,23387,16729,46954,44114,43040,13149,7490,36109,42299
32034,45181,21466,9963,573,1021,20591,23874,23704,31681,40547,17402,22463,38989,8109,48374,37234,32005,16691,43968,6614,41235,19906,10155,35901,43818,4400,33204,14472,18016
38932,4348,41492,25245,49908,45913,7422,285,40740,34085,40272,11917,29178,45150,28038,21586,30154,22522,101,41759,31275,34831,6641,15227,2844,43697,9814,2028,7579,32274
29236,48109,46498,9553,19282,23938,8740,47487,15646,48341,1826,13091,3181,11382,21404,42421,22815,21916,25368,26887,46585,43117,23008,7778,30016,46705,42546,29921,26311,5775
11639,22882,32042,9370,112,43795,30117,16821,15130,43527,5914,47752,20107,504,9290,25707,48172,12463,530,41377,28938,20961,40541,31411,19695,33261,19710,38696,14439,18112
31103,7393,7790,14470,18094,1478,10762,47224,41418,26,42877,311,25887,44555,9878,18282,46840,49320,13660,13365,30348,45341,35240,8024,43874,41759,38426,20248,33511,14490
38462,33274,23358,24488,10586,47070,43278,9460,21415,45065,39466,26974,46986,24097,43177,21854,28891,19082,30603,30887,31264,44364,41898,1498,31344,38047,5252,23859,49941,14793
36133,37126,7821,3165,14530,22757,26756,27043,33875,25599,27770,35930,18183,12554,30103,7499,1099,20604,8456,7638,31366,30007,34536,9758,27962,24151,23086,15777,1072,28196
22922,22992,30700,26410,47248,29214,18450,35056,24079,189,43091,6780,3256,6450,25914,15639,2220,12565,11575,48246,17850,5291,22931,36674,47707,46448,48984,18186,36769,24181
22561,13172,20768,11680,12940,18250,40594,28227,4283,31671,15174,2706,6978,24556,21776,13604,32876,9751,13718,2138,13028,654,10207,3380,37124,287,38094,873,25880,46571
10717,35124,11049,40665,21412,43233,29886,23730,12356,3463,17740,34494,37405,6078,28917,36003,42255,47009,40063,11103,1505,19581,19698,13615,2149,6616,49947,4747,4053,26240
16952,49118,44940,23643,49759,21262,15604,15431,2854,33638,23882,36748,28167,39711,20325,34452,11298,8020,10205,13303,43415,40255,25058,25128,7686,38428,41768,41816,41389,10438
49084,8442,702,44569,26750,29978,7813,4774,25242,10032,43999,36128,43903,23869,28726,33350,25491,18712,30258,9177,34297,22142,2936,43481,26239,606,22681,23693,19095,17983
45145,48580,9475,14514,29761,13573,45658,35120,27339,30298,25807,40437,27652,15399,22156,46035,38215,30896,5694,39474,34060,49596,48185,47114,22521,37023,29934,18154,36593,35998
5924,34793,4111,31611,40471,22448,44853,35051,46899,19279,8659,18081,23993,35279,44317,9221,17624,19293,31998,35151,15173,34181,12950,24009,35736,2416,32338,41343,6099,37414
18683,43345,23620,7721,37014,36138,1033,25827,37057,22194,31390,32544,21508,28982,19648,14397,14072,21260,39584,19518,46367,34519,33006,7107,45334,13514,12182,35199,1540,41718
1799,48780,19025,20957,28337,8913,9707,872,33448,36370,13356,13839,9170,4346,37963,25490,17123,34472,31689,39587,27143,39847,14026,37140,48493,41080,36067,38118,45641,3534
25334,32619,1629,33303,22315,27526,40038,16955,39621,21138,11203,28243,20687,45754,29142,35487,5028,37321,7477,42923,19409,14184,3941,18307,15991,6709,5895,30235,39837,43101
3254,15925,36624,45353,38697,48098,23875,48980,41242,45879,43607,15411,16996,18218,47323,31967,17643,41994,10126,6942,41613,27991,44319,19009,29561,26306,6782,36369,14576,33671
10677,47909,48514,28895,25682,9345,21915,33889,3084,16187,19468,32564,15141,30336,11170,8223,19668,7218,27987,14094,16106,7463,8657,2053,16215,4586,13230,29186,11256,11673
37504,18483,48405,46180,4448,43205,27330,47377,45355,20087,48173,47908,8449,4236,43784,46884,35011,33531,10134,6427,13420,35558,17466,30053,3395,4152,26835,42465,5698,19395
14046,38658,4977,47823,35970,46823,9734,2176,2849,27069,33739,39178,48352,381,7292,19695,45369,10551,892,14565,47814,30409,19368,38089,27782,3635,48843,18814,38353,31445
14507,48327,37513,13773,36168,49929,3763,14015,19172,36395,29542,18180,41425,22690,35209,698,19668,22138,33710,14227,28324,32420,7045,39118,41011,19077,47246,31616,10794,26715
42427,20044,76,48770,46858,39126,15699,201,9633,9959,3544,26893,39545,7801,27049,35254,11049,15094,7945,34567,21327,22064,42101,29195,33331,9124,34830,11592,10870,27264
14753,17645,13700,31778,27925,45680,13012,45752,27558,19913,47599,42993,38286,17561,23375,43636,43537,13728,45502,40515,46125,43162,357,5416,37762,33813,27435,46324,24115,19052
44414,41547,33129,28655,19555,28060,43202,35487,37522,24261,27889,23054,3232,29312,31980,49005,45849,19254,26719,30984,8223,33281,37042,49146,19490,33648,13422,49729,4025,22009
13549,837,46551,31426,10058,40419,19946,43321,11202,36653,16641,27379,1178,14856,20924,17728,37248,43575,44429,43593,19374,12811,48097,12111,22656,6416,30131,7186,36147,40214
17635,31001,20807,41035,41828,29197,25031,43174,4089,39661,48608,15368,30291,32484,47787,50,10781,4432,25823,33212,21098,11309,8756,7194,22488,35382,32899,10050,2261,23112
42703,37675,34906,8560,20042,37137,46688,32281,17245,27121,41863,39828,1068,23981,30310,29737,5127,29870,48409,36004,18516,31559,5901,40299,22547,8909,46678,554,4698,13903
26838,22012,36127,32286,9003,32767,34601,41923,32433,19387,48971,47173,31029,12013,31137,28472,6105,28364,13238,4194,31556,44406,40449,13592,16613,10312,44534,37642,47073,40370
33639,48999,35306,45019,49470,43375,5615,9682,23561,45236,7010,47551,24641,37513,39762,19371,49738,48261,44077,10917,901,23272,48355,39465,19434,14464,37269,41945,9985,47746
1315,34231,37700,2698,34018,17978,39796,22441,36496,24878,39868,41084,23383,759,14146,5279,42561,10614,31168,42088,39305,6915,40168,9286,45796,45060,26063,165,23281,37071
44709,37095,15152,21220,45480,3375,16279,34651,28434,21204,19984,6576,18285,6683,47559,30072,24411,44034,35334,40104,30857,5521,46323,8402,49868,28029,4495,19080,19868,18958
584,34635,10855,7523,532,6577,35663,8530,39808,10478,5652,4533,46550,30917,28563,49064,45587,14102,26058,23569,21590,37020,5166,45121,24446,26712,5158,3501,45391,16196
31071,19825,4463,49613,45967,596,12380,49179,47494,41838,16567,36021,18365,19614,48368,16320,46748,44946,35766,19397,23538,26141,5196,42691,48627,33720,40813,27871,32244,7979
8672,9180,27243,450,6727,32807,5482,728,49575,461,972,1003,8570,22029,38615,13215,885,18548,42667,30798,18170,8387,2202,45035,22238,44855,15623,16288,37750,18587
42427,10671,2865,20983,20423,40344,45329,9091,15820,12414,20965,37110,40376,38588,14420,44952,5851,37707,32126,22942,11092,11989,29015,2175,27317,525,5695,2726,48975,9843
11351,14439,39888,49156,11184,24349,31979,1708,38611,45717,21760,16189,32795,11415,39876,40195,46786,38724,2875,32670,38154,10931,20232,17923,24516,34798,47375,47235,19009,10795
39397,33104,39178,41081,13748,2434,45835,8587,49554,7862,31027,15317,544,24874,9820,1498,30863,45767,12412,37647,30686,9589,36724,1100,31456,49274,35974,10229,4317,10323
555,37955,28852,7922,14661,20468,9933,44142,3675,48516,40334,36937,21350,10576,45037,30496,26655,31046,20975,21782,14987,26376,13525,25871,35255,21848,29850,38866,25589,6072
14665,11014,36618,2817,49788,43895,25928,45909,10789,2138,39069,38476,12138,42474,1017,30516,28173,49589,36495,1095,2097,41216,515,22281,25095,3945,40618,3968,27477,10383
16541,18747,31648,20758,6047,43403,20631,4654,3976,31847,15250,25211,15516,48758,34083,39377,40123,3695,21220,18953,2493,47838,44228,31735,23096,21085,19702,1063,18716,17757
39869,25518,31698,39821,11398,13287,16975,15079,17810,15470,19395,25248,32173,28261,14411,16615,39870,7016,4066,22932,34874,40801,17742,13190,27335,23822,19249,42075,3980,44320
20019,33918,2932,17894,28565,8089,25538,17182,4590,20796,8357,34008,18493,31898,3775,33169,5364,29259,5150,41591,11523,16108,13222,28588,13581,14434,38091,48121,34148,22747
46711,43802,427,31744,49135,38167,4050,16498,42060,14893,12186,49426,18430,17248,20590,43625,19653,40337,35705,27834,5323,28604,1094,15472,24459,21141,40067,3671,11939,45777
46490,14899,40173,2053,30296,38797,49963,29697,22582,8798,24681,926,12521,48112,47760,10795,3918,27906,27011,10850,7874,11550,32842,9539,2024,40955,14268,47261,23322,39883
42123,15850,14813,46920,5388,31472,26967,27499,34824,39483,45929,20631,15725,24502,47318,30498,49568,44737,30348,10000,10891,28643,25525,42521,3393,25178,25689,4838,2290,13616
18048,4239,49678,41981,39152,30938,43164,37874,20392,23123,42617,12613,38206,33028,3122,3851,42376,23127,5873,20409,7674,42122,11562,19679,8401,49664,28653,20177,40728,9526
27775,34535,13439,3842,19195,48903,10442,29462,1078,1485,3176,21326,28618,34154,43519,1674,10764,1509,34357,34656,21254,14317,46134,5783,20930,5385,21633,27985,8172,32327
24673,10914,49174,2934,6122,33708,16136,34556,4590,90,14718,21078,32655,732,5733,41741,41538,1597,8503,48089,9125,39331,30167,18320,47441,42744,29542,24575,40064,48790
22854,47410,2492,4197,45007,11984,24217,37599,37662,46138,40822,39038,10009,12770,44091,329,37015,14544,46633,47736,8084,19044,6543,17289,17586,40536,30122,2985,30746,36518
30081,33127,32967,31483,8354,23756,34912,26663,36735,23423,22200,35193,8603,48681,29496,49374,33505,28884,45679,44001,22258,22272,24514,543,39768,19364,18299,49513,29043,44694
16515,19494,21593,18997,27621,12921,29179,47244,28499,30735,6748,45920,5336,7093,35324,22703,19032,32695,18748,29704,16002,29339,46616,47235,8834,29497,45605,40643,4604,44254
14301,35704,48697,42909,21198,23699,41788,20981,24088,21139,19176,47057,8973,1344,11456,32859,43296,46092,4831,30329,37288,28211,28902,15776,42722,29954,11026,21333,23840,10149
30586,20956,41521,36666,35051,48358,33709,23101,34022,12210,11812,41863,17724,40326,16931,11661,5956,10609,9274,38873,31651,38779,2002,45672,24419,34635,19585,5238,44269,975
19802,11047,4551,19552,23325,16930,6493,14340,2763,13632,47882,6533,663,28980,25950,22492,27685,35586,7297,11635,34575,12557,13115,2614,31254,9632,28328,41433,30118,7798
44381,39311,19489,29541,41673,10446,19332,18903,22906,17845,38708,23992,13085,46991,8777,38668,1020,31215,48951,48029,43051,45202,29340,18212,768,6546,36823,38152,8592,17553
34121,43761,32562,15431,30728,4535,33506,13207,624,35102,36360,16107,40842,37140,45456,43750,34763,32567,12691,10793,40219,21113,42003,9154,18599,31687,28013,41557,7595,32999
40869,41997,27648,11079,9730,1449,13428,46288,22954,18289,17249,46456,36558,12289,17100,43593,3425,34294,48170,11204,29187,35621,38961,11685,20251,17220,49422,1095,24831,26121
26028,1481,29999,26367,11193,16888,36544,9787,25608,44123,5742,48171,11539,39443,12359,23597,11080,26549,37383,30987,26033,34963,7984,44086,8111,11648,27458,29362,48507,10198
38305,32656,36651,31926,7936,27336,5566,10021,36514,17078,26758,18471,34972,21052,14751,1097,17331,44012,12687,35983,2189,42932,30705,20012,35226,40117,36659,34629,1582,46814
6706,12189,1444,34115,23136,29373,19761,26441,14542,42816,13596,5208,45932,30511,16385,49099,28203,18171,27298,3349,26170,38650,46745,17533,23759,47153,48271,47180,43515,1845
482,21831,42399,42413,46692,4387,21383,20170,25541,5965,9526,40913,31909,5773,19891,31340,13249,49801,26606,24708,15938,18639,46402,30666,8190,30413,31582,17707,44974,33901
33523,29564,37585,37347,12315,2934,25640,46228,43755,33968,19223,36924,6065,36438,6584,36419,7625,29128,40407,6702,44314,30156,41232,13645,27255,15049,23070,29391,27407,49322
43409,37260,47076,32931,9871,45105,5300,41583,20673,41871,23292,25277,23067,48417,30325,17178,10419,43784,32554,40231,36404,44721,20191,3734,44140,44045,14971,47718,39847,47204
24526,38582,33079,45941,40627,18923,15968,20211,34508,2958,16262,38218,23656,1126,431,25100,25308,27970,16677,35675,5986,20299,20581,15907,40917,48563,9648,29980,33822,23750
36796,1900,7160,41790,19018,1175,8715,10101,15304,19479,35100,38983,1693,6762,29383,6165,33903,48682,44350,24902,44896,26934,34287,31172,19273,34935,28566,10854,23790,49050
42425,3362,9641,45624,16578,1251,5220,45614,31611,13747,47771,47536,14485,34714,23694,15646,36645,5886,24286,20781,48436,17195,38360,42221,49796,33223,6721,14810,15672,9602
38914,23353,44600,20843,37902,34028,3481,16265,15200,17451,8466,9043,18088,49434,33587,14125,39857,40978,857,605,44342,40344,13401,1357,40715,3710,23366,3412,45336,38457
39915,3375,11122,46464,5841,40533,2715,25012,20073,43198,26420,6392,13690,10509,29193,35650,32128,16641,20471,33185,45363,39864,20607,42747,45471,49221,37083,5168,11870,42185
18526,31987,27371,1685,2695,20186,8147,25458,48747,2797,43668,48337,21436,47840,26779,35063,26990,21858,39972,24919,2873,2186,6896,47115,25024,13405,23524,2739,34352,3258
19561,3513,45882,46554,34067,181,3630,4398,26591,42937,41602,4962,40770,14340,28578,36499,19053,18879,31663,7397,13622,49311,18660,21062,12145,31010,24646,7222,25956,4635
44854,559,22021,21216,24417,49659,37068,19371,18856,37562,10579,33534,30554,48338,5367,40585,20229,299,30531,8462,35041,7665,24578,40907,41385,28890,48157,28266,10539,12993
7085,7759,6393,27882,37785,1876,15927,21807,18431,16256,21121,27092,32376,10675,8883,24525,2286,1952,14079,16203,23100,34180,12206,29379,702,5556,19230,32738,37671,29036
31572,18798,38549,6968,11352,7722,17166,45754,43813,14843,26836,15016,34155,27690,28464,37733,3186,49687,16954,17225,47065,35567,39156,12938,11452,45655,42695,42490,8144,33244
4184,7984,9551,8075,23164,35336,21847,32570,26673,26823,23570,44165,22328,23182,4803,23456,5851,3352,10147,42148,1125,30263,15176,4464,9052,47756,36178,16199,46576,14892
22039,46077,43042,43245,20708,19603,10930,45398,10779,37961,37314,13130,32795,23422,44382,10026,44227,39228,18132,48593,26714,41496,11650,47177,18860,34120,16397,3283,37760,39303
18120,8394,12907,8474,3122,20588,12686,35508,48314,47763,746,46625,19496,34948,1720,8728,44521,37937,6597,36141,9909,44900,14596,31700,24215,26793,7095,38288,33469,7351
41983,29614,2930,34508,30828,23957,29954,19875,11695,36582,234,24728,31259,44458,5293,8391,32720,37314,13287,24436,7447,9168,28388,3257,47897,30559,4117,27607,40119,26692
21309,16953,17150,18243,9507,41069,12589,41716,31485,17255,18972,7736,30714,41772,44826,16378,30503,42074,10180,9208,6397,40094,2213,7372,29898,18595,8512,20138,12239,5844
18146,7056,21918,2179,38430,42930,17864,37218,43282,39461,29193,15715,17617,44519,29884,43609,31314,39873,487,39503,1760,18283,39250,28273,34609,36423,2806,46398,16906,42988
17115,19932,23304,35677,11414,47667,7681,10630,13149,39510,1200,46569,39011,49940,44273,37507,44369,41899,24635,14450,16396,43150,35678,20921,29551,27589,32395,48359,39965,43300
43000,11149,31799,6237,33138,39686,7368,14906,7708,33104,37275,8772,10542,48496,15482,34350,21467,32231,23808,15861,39536,26173,23225,19137,14999,42257,28926,21812,14361,20148
46603,17232,18280,25126,8521,48437,49842,15931,41034,38261,45685,42188,36992,12390,37015,27355,34305,27305,17746,43898,24659,46834,21854,36651,34211,141,17421,48811,41482,21158
42695,10422,38223,12397,38065,8313,6727,19462,7717,34981,45966,16143,37564,23472,20223,42494,35553,38087,8513,31584,20034,42813,12128,41512,11546,1902,43808,14000,12225,27942
19582,48081,27585,22136,29600,42951,39206,30665,14545,14457,9428,10545,22467,2095,190,13449,38655,11594,40325,37643,48197,13154,15357,29342,6506,13409,39992,8814,35321,25120
12345,21993,19914,25307,11721,16741,8974,15498,10559,24515,36879,31181,43933,39469,4707,949,45621,34606,4868,23830,10658,1999,46720,1723,27818,11527,27162,14557,21952,39446
9826,34830,47268,42490,13113,3353,22987,10106,36950,19326,47254,6522,33649,20231,10050,21596,18141,6434,37615,18256,2952,43427,15579,49154,49455,46046,40611,38150,9983,46987
33902,43414,28629,16165,33741,48176,34039,24988,13809,14017,30820,9572,26712,26058,20664,16765,14880,106,46299,23663,43839,21953,34839,23213,2531,19912,3184,34085,13659,27426
15749,3786,9528,1180,39056,13903,5696,49761,48500,49801,556,45504,21635,17249,42904,5907,31211,6674,6761,15703,39389,25676,44659,34282,5186,23915,48851,13340,49085,48306
3721,8370,49104,14684,25729,28421,8823,2392,4325,43926,48526,48009,30866,6735,20772,18962,24326,20163,14091,19293,6839,20387,23043,32061,32998,13627,31749,33740,1771,47887
39324,17410,33592,42834,28831,3956,40021,18454,1144,17130,28330,9953,48081,33588,21795,18039,29206,24120,15243,13200,10154,42451,18162,47549,40725,36888,28163,26920,31058,40417
26483,529,23436,17165,5106,40422,14775,41418,33998,20738,30462,7379,47949,23147,47045,25876,40109,18317,32637,42505,23853,24629,931,2625,30304,14225,33246,49802,43699,18035
43289,5307,12297,18727,47004,17827,49902,44517,2344,1670,23946,37493,10821,21573,12420,1658,23080,25740,32161,1253,49022,34144,29517,26105,37063,21448,45353,26667,27898,47692
20945,34911,20511,5311,10611,20396,39823,37631,20593,45898,37447,9505,17096,40077,33579,38128,717,14345,26754,45148,9736,23255,29318,11757,8189,14039,27606,33033,30041,47552
44615,3131,10892,2965,49760,1663,24283,32945,41293,49408,35652,15936,15806,25850,29844,7155,47356,42922,29559,43032,16569,30137,2373,26203,13472,36731,16061,43169,36402,10172
9171,16926,49384,40529,27001,11056,37700,38867,15564,25050,27263,32023,29730,16966,25075,21935,3243,47669,37458,35021,25019,33421,6644,49325,30520,27239,46029,6673,20031,17819
47271,49366,5251,26346,38922,35213,34147,6577,27757,43733,38185,20988,17928,39202,30213,9376,8010,35995,30901,13000,39844,3294,12135,31678,33253,16767,45952,14598,26907,44767
1669,28825,49958,23194,25911,16945,22007,6770,37373,6279,34653,40338,18544,30546,37016,48379,44185,8075,26435,41228,23863,7869,5357,30097,35673,36122,7268,40919,42122,41217
42953,41550,4279,15324,46295,8776,14559,11664,24217,47058,45848,32269,7654,43415,45658,25283,22330,27671,2958,44043,37681,30908,48798,3077,13740,38592,3716,6602,5925,37418
32596,46242,38469,23151,25633,9703,15102,44378,43238,25930,11961,24953,47000,2824,10402,13040,16186,31074,41195,40134,29256,5800,39917,34460,3727,33125,32765,1454,37468,11778
19373,26428,25325,31614,48249,41674,10782,41612,24618,39528,30877,24970,47436,18937,48780,2438,6075,4870,13293,29954,6495,33081,24789,28556,46805,29522,45949,30121,11184,20653
17002,23987,18885,41395,33664,26116,12022,23423,11423,33362,48795,13327,38831,34981,45656,180,20227,47288,45635,29687,18724,886,25787,22486,34941,47302,42209,32289,16091,14510
27432,45686,38829,22528,38268,12492,37370,47510,21200,29838,13868,5638,10603,11441,27774,2310,11173,12564,11220,44241,7000,38154,42432,47492,7815,20259,42527,44046,6473,19306
26516,17414,36663,18636,41063,30329,28698,33675,19308,9987,23341,39237,41206,28656,2039,40416,25161,18125,16115,10516,15957,17020,23131,2799,14512,27740,39394,49390,5832,42811
25446,25991,3283,45913,16181,21603,9295,14232,45196,7776,27208,28300,13319,8929,1273,23720,32094,46225,41782,11868,48646,46244,26978,35269,639,42481,934,11441,16320,20174
48283,37731,44085,23076,29489,3801,6557,24363,10863,37215,31749,29992,13961,25970,15943,13098,5789,26392,40226,32899,46863,47427,29584,34961,36819,6267,3010,9266,10494,22039
2315,5679,34941,47365,5237,20977,24627,33046,14449,15635,47579,11489,45208,12853,16161,1180,43148,8978,20390,8889,46902,26965,29149,13776,15487,49600,6729,31014,14670,20715
38210,20884,15186,27989,4449,37097,49582,26211,37822,11619,28766,5759,48977,47925,23808,26934,44466,6552,26135,29587,1404,4295,2996,30791,30917,4822,1904,27621,11118,45365
46405,26148,5829,41303,17083,41489,9448,18727,9235,49311,3047,42516,14306,6021,24139,27666,47228,34183,11718,28833,28271,48739,42304,33200,24745,18977,41979,10395,35309,17678
37490,24622,14745,24204,6286,3924,9005,21724,36125,29261,35474,30649,19590,55,28602,3459,6893,6193,28006,43819,14461,29074,36357,13974,3906,44588,25443,30309,26147,19214
12447,32785,33060,6230,17942,43138,17902,7231,47761,28638,36364,14396,33379,27001,3218,27812,21415,11361,15419,24597,31622,3866,42925,30104,45694,12073,16885,14107,22489,13687
22490,22055,25875,49632,22289,38329,17022,40805,16957,20938,28702,15108,49990,24749,46271,47623,19024,83,728,16435,40633,43110,13179,24191,49377,47547,15144,32031,4669,9225
47616,17293,35435,37095,15863,41024,28182,14370,6398,41925,26349,27480,30867,33037,30078,10409,46328,47169,12089,45553,38583,9616,44567,36349,29936,46712,29209,36955,26742,8374
46752,25050,19133,1186,7544,15102,45700,45389,39195,35971,2377,19387,40637,43393,17026,5983,25173,42613,24308,44426,31663,13200,5059,32063,2047,41820,11549,32701,26385,14737
14573,17132,13719,12359,32801,42610,49537,40490,35122,4221,166,48081,651,32877,5408,3500,28207,1690,16580,18979,26734,9734,33069,22758,12505,44193,28962,39450,7653,21039
44979,29984,23890,4162,29066,20027,35871,6547,27992,21727,26863,15298,45627,33247,37507,1726,14119,41994,17003,49252,25692,28431,35523,13827,8115,9154,40039,27396,48976,1061
35038,46570,42516,34957,15112,48984,39154,6786,22722,6578,46636,17611,31088,5015,37192,14597,18735,22723,13560,41008,22135,14475,17962,31608,34204,24598,36396,34629,974,46684
41833,15851,5658,25661,12660,49952,30165,17843,13001,2051,46533,12497,26976,32402,44300,41828,28156,34448,25868,35891,29217,22153,23445,32582,35996,24237,36795,11891,31081,25440
31178,31484,49849,38241,35138,2440,19684,36216,9275,33528,48016,35351,2192,36858,10602,46220,22520,24852,45480,17228,13438,12630,44576,44146,45130,32467,38843,5576,19859,46913
44032,44078,36617,42865,30186,37980,9141,25406,41886,17229,19847,17659,45311,33773,17207,36272,14318,19316,35527,19146,23201,16192,34473,39477,30825,36307,37218,5671,146,26293
23495,39260,3316,48893,23818,44468,20186,47125,7753,25702,20220,28954,48675,41857,39205,26274,9614,43981,30506,28323,8914,3780,19327,22286,46431,42792,45709,22427,43149,13311
33248,46934,28650,42025,16009,14132,21025,22369,6197,40468,37304,47842,13177,7910,42036,6266,21461,7092,21087,23339,38140,46547,24651,9454,45534,17784,45383,21343,34116,8629
19674,30991,13357,12063,3319,32143,14639,20517,564,31707,17906,49776,5689,27997,5364,20273,29002,15579,23390,36846,35310,46273,7430,22023,25591,35307,33754,15669,15787,30329
11141,26835,31558,18586,5531,21338,9142,47225,30108,36788,16186,45488,3040,14218,27885,27724,42172,9986,4564,47816,13405,36048,31162,12970,45324,3926,40485,513,4270,4190
43098,27298,39900,33558,12410,24016,42397,25173,18942,19922,9916,21326,29904,15972,11896,8350,5147,33284,10006,49521,38690,18314,45206,4286,43737,9688,16330,20682,44966,4246
36586,32575,17993,42071,7809,24093,24090,30414,21570,28746,27466,29046,34098,19028,40982,32610,28216,25906,10329,5887,773,8903,46196,27520,38807,20096,9105,37285,48264,18059
11871,7147,13473,23014,42433,10674,32767,8490,18999,32740,48623,9859,9944,17129,22053,39737,30715,19766,30767,15519,13456,22932,22878,12511,30110,41926,19518,21707,35775,13011
