trial_0,trial_1,trial_2,trial_3,trial_4,trial_5,trial_6,trial_7,trial_8,trial_9,trial_10,trial_11,trial_12,trial_13,trial_14,trial_15,trial_16,trial_17,trial_18,trial_19,trial_20,trial_21,trial_22,trial_23,trial_24,trial_25,trial_26,trial_27,trial_28,trial_29
1825,632,6694,4455,1252,5765,8982,1096,8152,3990,4397,3540,2253,1481,9172,698,9516,3674,5044,8102,9426,7294,7802,6796,1161,1226,7641,612,1941,5305
410,4688,8521,6844,6554,1025,5169,5642,4361,8229,894,7480,7192,3216,189,6026,3231,1387,4644,2978,2835,7279,2046,4733,5112,1903,8205,1571,4819,8331
4507,2359,8880,7996,655,7049,2161,6771,5966,9049,8399,8226,9111,2458,7761,9662,3371,7529,9470,9121,1068,4819,6619,4714,7121,6691,1819,2735,7528,139
4013,7579,1912,4222,9644,9071,9125,1811,3973,2654,7928,7909,4882,4960,8574,9918,3296,373,2526,3552,3902,4145,8785,8426,4035,7662,9941,1093,7374,4341
3658,6061,2895,1342,9616,7433,8762,5301,7753,4032,6079,8529,7914,1306,4934,317,676,2232,4352,5253,7615,7935,277,3604,7303,6805,9500,9915,2235,2537
2287,1578,6219,4968,3745,9352,4953,9083,5408,3792,6666,5910,7988,3011,8893,3685,3153,4914,3763,4806,5078,1427,3335,7271,4818,4373,3988,5647,5279,3265
1680,7426,3690,5550,8450,5628,8280,8377,1396,9050,558,7449,6233,4947,6891,8424,7363,382,7922,5259,5829,6336,4402,7512,4196,9771,7076,5375,1752,4315
8936,9811,4745,354,2490,4218,3158,814,8823,4192,2299,512,3589,1451,3784,5263,6643,174,7655,455,2804,1287,3300,8663,9183,7037,7688,8999,2534,1422
1425,8164,477,1186,9564,8396,7142,735,5200,6511,2608,603,7316,5762,1549,7822,5791,7946,5449,7966,8324,1236,2416,7260,1560,7992,4350,6792,9799,3269
9675,9978,3682,7935,8816,6334,2714,4521,3677,8984,6767,2774,5408,7733,6139,4756,4718,6198,675,5857,3066,3318,1308,9032,8109,4556,5397,7616,3548,8393
6913,314,1912,181,528,6430,2534,2529,9121,7596,3001,5633,9460,8857,1110,7161,4265,7946,1511,5888,2647,4765,6828,5553,3019,3339,7179,7019,6727,897
521,8423,9318,1882,498,671,1762,7452,1397,8981,5671,2169,6261,6314,5528,6193,7374,8783,3039,1067,128,1212,7210,7152,7677,652,9065,9291,6228,9740
489,7085,145,4651,1130,6858,8079,744,2512,8578,7202,4277,3421,6356,4186,323,6866,4877,2524,6644,4270,5030,3249,3696,8562,2897,5919,7171,3845,3176
1536,9448,1642,1929,5245,388,3612,8948,5689,5611,19,919,3278,8250,9402,2709,4652,2577,6389,7559,2813,985,404,1180,2097,4719,2729,8511,6552,8270
3583,6101,2568,5097,893,1679,3573,8263,1614,9603,561,2773,918,6648,3396,8466,9503,9545,761,5404,2012,3645,1371,9191,1139,574,9071,5263,1189,397
3812,8962,8417,586,506,11,8383,3591,5694,5902,8916,769,8121,5214,367,9902,1714,5553,3923,2746,496,2097,6602,7654,5954,2589,2030,9175,8270,8630
8280,7112,4965,1092,2219,4323,9119,9873,5233,6337,6344,5903,8994,7027,9384,6109,204,2891,151,5483,7743,5377,88,4327,2740,7201,685,8982,5240,5992
9864,6455,6201,2213,8990,7890,8333,4686,3644,4550,7176,3754,7420,8753,3456,6193,8023,8616,6758,104,7719,3848,1046,3225,6675,2968,8942,7214,4520,7490
435,2887,9683,4450,4839,8957,2539,9394,3097,6618,182,7224,9793,665,892,6524,3498,1867,2733,8240,8499,4486,2861,7756,7503,2016,7897,2326,6167,2132
9196,946,6637,2526,8647,150,7730,6082,1127,125,3888,3248,1491,4215,9536,1784,7700,1658,2141,1504,310,9816,1728,750,8273,1565,1738,6754,7305,5724
3258,1759,5344,3458,5402,5171,3558,6555,5390,1867,1137,3749,8883,673,9126,9585,1204,6110,5016,2856,5616,495,9613,4209,508,8048,5611,6425,1579,2733
8929,2041,5871,7019,1523,9300,458,500,9893,465,2606,2074,5573,3779,2242,7959,7411,669,2441,5531,9669,548,750,1850,8657,5050,909,1055,1534,605
6874,6159,1206,1229,6521,7008,1202,4076,9954,8830,2791,2265,8451,8405,6303,8952,9070,5178,8396,433,2627,9777,9649,2609,1840,4003,1531,6789,520,5697
3612,2515,5552,6687,7844,3770,6944,2261,7027,4231,7895,5755,4805,239,498,4165,6172,5000,9773,7103,3484,2672,4326,8657,6293,6566,9919,4689,8044,9937
7360,1569,4633,2340,5905,3896,1041,1569,1458,534,3779,8316,6797,9345,2550,2284,6027,1444,9114,2363,1291,3733,3593,2217,2224,9689,2935,2412,5669,497
9655,2632,2606,938,2558,8574,2171,6935,1049,7828,4496,5215,4476,7611,6315,9262,1014,738,9649,2096,5347,9104,8835,2044,6069,209,3198,3212,4632,6365
4558,8396,1836,528,7713,8421,8174,6162,9895,2911,8005,8382,8913,3666,4042,2336,1658,3168,792,6606,8943,7011,3224,2246,391,6515,3145,2334,2204,9556
107,8127,8373,2822,7629,5884,2672,5351,5477,5690,8178,6607,2334,860,3057,2285,2207,1355,9836,4858,7339,7069,1456,5744,156,8628,78,5081,417,3110
2616,2109,1148,5254,1218,7246,2111,5872,7050,4911,6816,903,1586,6204,1540,6232,4946,9232,9228,4781,9221,5915,485,6022,3378,2632,8655,3458,4349,2437
6925,6339,9644,4127,7530,3966,928,4398,94,6017,2013,5445,4279,3797,3211,9115,568,1439,1775,5577,318,7984,7511,9453,7669,2503,6949,8247,7386,5265
5575,9785,1551,5842,8920,545,8981,6531,3723,7358,552,4561,4556,1452,9154,2531,3022,4148,4946,7220,6519,3377,6505,6005,3367,6077,7221,3403,1983,7161
4553,8302,4424,5244,1793,9191,4781,858,5529,3167,6197,2511,7173,8225,3584,9606,4810,4889,2451,5219,5021,1729,3503,3780,5218,8508,8780,1692,8174,7306
2548,4456,5168,1537,7089,6131,5556,6765,4362,483,1493,1483,9612,7016,7277,6988,5084,1457,336,6101,5614,525,4848,3729,9895,108,6147,1629,1064,1596
3528,9424,1765,6741,3709,5791,5534,8918,7118,7179,9435,9061,608,3197,3027,8372,2822,9477,9287,2928,5937,588,2250,6522,7913,7280,8583,6346,2193,343
5515,2980,4747,1472,5516,9847,1554,3380,1734,2753,6472,6760,6161,3714,6308,2897,9916,9938,3588,4240,7587,5594,9006,7368,5020,3818,2082,1071,5882,4092
1675,6176,574,348,8300,5602,3909,1075,3295,7703,5997,6343,208,3363,2060,9658,3981,1735,4826,6874,255,5402,6995,7800,3299,6371,9168,4296,8788,9897
1520,1041,5646,5383,7274,9139,4456,9228,7254,210,8909,7200,5934,6724,1039,7056,1240,5557,3968,6680,5037,1926,5879,819,4770,670,408,9949,3751,2421
6225,802,6323,5194,4507,9423,4342,4179,4442,993,2157,4049,4355,2787,3515,5982,2601,9405,8960,3833,4759,359,8343,2506,1140,5866,9657,6097,9824,2556
1585,9491,1570,6337,2512,3211,239,8859,9523,1741,2332,2544,7,5008,8608,9431,3301,2093,4497,2138,9953,9468,5031,341,3267,2624,2428,667,1321,4041
5882,1003,7820,8695,1748,3910,9358,9761,7537,9702,6505,849,3757,5412,2957,8490,7346,6630,1081,2961,6992,2795,5968,5480,5249,7130,9700,1031,987,8386
5636,3058,7801,8797,9745,579,4636,8729,2075,1764,8527,7331,338,137,3115,8445,2052,214,3646,958,3873,175,7975,4102,5786,9189,9287,1537,8571,5813
9892,1007,3123,4167,5813,2057,2265,5218,4419,2865,8686,7865,2787,1756,2879,3601,2132,1534,2101,8866,9992,6461,8507,5235,6655,47,5669,3580,6452,4881
4334,2716,3090,9719,1132,5472,5774,2223,3429,8999,2944,3788,2236,6721,2213,3889,2150,7413,4199,6023,4582,7172,2933,4434,1270,9759,2357,500,674,9476
712,4853,2131,981,9981,1605,7168,7989,8751,7606,4588,5640,6209,5088,9005,4566,3726,4630,3340,7924,3199,835,821,134,5087,7245,2027,2378,5071,286
7528,4511,4233,8073,5499,5945,2878,3641,9488,266,1519,9703,3978,5322,8141,6477,500,8789,3208,231,2834,6068,27,2818,1431,5728,189,4084,2418,4117
8786,1263,4063,6123,7544,9476,3277,5345,2013,7119,5279,3738,425,5936,5918,3566,4317,8316,9488,8839,9810,1001,3788,7048,6612,3864,7821,4004,5844,5753
2046,8557,807,3436,6653,6285,6583,4181,6747,6799,3024,2360,3409,3328,86,6803,4106,3707,2000,6312,500,6044,7626,1205,4478,427,6250,4481,1996,3414
6202,1689,712,5757,3011,8329,9963,9545,1926,3292,6937,1301,7322,3940,571,7311,1630,5595,8196,1405,9424,849,2637,4270,283,2240,9949,2466,3222,6435
1292,9575,7150,2556,6290,8850,4543,7163,8910,6060,9218,527,6234,7668,9558,211,7841,8479,5217,5054,9337,5699,3498,8968,1932,9915,4696,7847,2522,480
9045,1001,620,277,4944,4143,436,8024,8129,1836,6991,1565,9489,2871,6048,7498,8207,6547,8091,117,9489,6924,3599,153,5747,22,1313,1320,9548,1136
4804,1542,5385,4091,5844,1591,6003,8191,6995,7944,9812,848,2898,2689,13,7303,9657,5017,6013,6930,3276,1222,918,2990,7762,2689,3279,5381,8947,1599
5926,7495,6055,8192,3337,3719,1599,6211,8480,9008,467,7835,7196,3622,9305,329,4411,9747,6168,2915,225,4137,4600,2653,9900,9961,6934,4318,1209,4088
9460,5428,7715,6948,1882,5487,4736,4415,8714,2927,3308,6495,3918,5064,16,6363,9618,2121,1434,1768,2423,8866,3560,9388,6800,3929,6983,8765,4818,1609
3151,5410,7433,4814,9557,3581,9382,8979,2050,9658,71,8983,4007,9078,8622,832,5456,931,8608,7654,4084,8723,4020,8816,928,7198,6286,8493,6459,4841
1140,8666,9667,3440,4066,7718,4774,365,8183,5870,3349,5372,9781,2656,9085,5594,9570,9856,1576,5672,2269,1137,484,7091,6523,1273,6747,6829,1742,2280
751,7190,8857,6792,9999,1805,9664,8885,9347,7379,8678,4211,263,7213,1616,7187,6553,6331,550,1045,1667,3285,4966,7048,9188,6489,2006,549,2469,6816
3734,2734,2468,6311,5148,6827,8143,2437,8464,8115,7896,3849,7947,3431,9996,8465,2102,9914,407,6450,5985,8217,1825,2160,1631,405,4176,4180,8179,7826
4742,2070,3822,6227,1059,9907,1908,191,4924,1927,7483,919,9126,4944,8163,747,4677,7373,9145,3564,7368,3694,2563,8452,9901,4240,6833,1397,7059,8093
1308,1314,7921,2351,4652,5785,1886,3266,1527,8502,2192,6298,3855,2133,6310,7640,4216,8406,1496,1883,8009,9399,4893,6865,6982,9419,2902,2019,4467,9268
3815,5236,7465,9575,1898,4692,3699,1389,6026,7208,2811,6832,5571,6802,5892,8966,3359,5959,1331,5795,4952,6717,3650,5283,5176,8171,685,5027,8949,9731
1655,821,5668,7463,6044,3916,2407,4973,8467,170,2021,2315,6445,7696,7806,9379,7580,4162,2867,5373,3314,7466,9327,3666,7836,2192,534,6496,9969,5870
6228,9690,715,9083,9177,9098,5407,1031,2462,7112,2950,3048,6870,9599,6091,381,3256,5815,6385,514,6056,2606,3888,3895,6084,3119,6731,4464,8422,4833
4555,4393,4555,1416,2998,4286,7729,880,111,8842,1429,3263,6998,9875,3176,4979,9992,2404,5166,7989,9269,692,3981,4873,6012,8697,6313,2526,2490,1555
7429,6031,2577,9178,5995,5849,8766,6132,5872,670,2107,8769,6362,1753,8417,7,3732,8814,9194,4391,2619,5994,2434,9098,3580,8813,2569,8004,1651,3353
5978,3048,153,6299,8681,8728,5231,954,148,7773,9821,5396,5973,6544,7613,4907,7445,2387,9112,6923,5625,3516,4225,5821,3014,355,3940,7700,4465,4968
2665,9904,3657,1014,9317,9264,7052,7163,9618,8397,3573,5987,9032,1293,9010,5723,1507,7898,6377,6519,2338,6593,6950,3190,75,6997,1492,3140,5855,3540
6066,1153,240,8441,9541,658,1821,5372,6734,8836,5032,3130,311,4167,8180,5989,2902,9047,6362,3194,6539,5586,7293,6076,5132,4906,5837,4547,1499,2632
5821,9044,9504,476,2811,7929,169,1214,7746,1633,3279,7772,7767,919,722,6027,1439,3489,8937,2212,8927,8839,4925,9455,5089,8968,5773,8735,2984,9432
3433,1857,9894,8901,8891,5116,6021,7791,8824,8581,9091,3633,7554,4271,3472,9746,8071,3983,2765,1174,6354,2540,6106,9852,201,1970,4260,3044,9695,7232
4375,4867,9110,8529,3105,9220,6920,3161,3674,5030,9334,8571,4833,4887,2961,4336,4887,7735,5529,6445,5616,4829,2794,96,4634,6280,9676,6583,1912,7803
1170,8109,8900,4727,1079,6480,6879,6987,2659,8708,7033,7867,3538,5147,5630,304,5255,3707,5476,8099,6574,7813,4487,4991,7751,1032,9374,3548,1298,8948
9981,5924,4616,5215,6461,4264,5186,4880,9387,7539,1189,5759,5813,4422,7661,7720,7324,8638,7544,1676,7765,1988,2545,1072,5272,4783,3971,4479,7592,5261
2804,7111,5844,4930,1650,8510,13,7891,1605,449,8977,2844,7930,2057,2339,2563,7966,9773,1272,5030,32,6946,2941,4392,9537,7184,7911,6777,951,4266
8752,678,9233,2755,5525,3620,9540,2596,2243,5367,2771,7950,4708,1375,158,2258,4203,7161,8363,8008,5933,2196,4884,4736,7510,6253,6151,7945,1006,1553
4011,7751,3262,2997,2855,9935,6644,4281,4197,6892,3496,3287,1331,9827,3131,916,8009,3840,9712,6677,8833,5918,730,7428,5563,3866,7655,6901,3561,4226
2678,6799,6628,165,9370,1867,7699,7205,6162,8660,2454,9884,960,6786,4958,7157,2076,8612,6287,487,8494,2145,2084,2649,570,127,7506,4237,4127,404
7574,9861,1828,4580,17,3393,7010,5596,4027,1430,8246,4951,8286,7393,2313,4561,1032,5508,399,6042,1171,2100,870,2162,9980,2322,9115,9226,1995,575
6217,1371,5914,816,3040,6224,9907,1706,5505,9589,3788,1583,7335,8140,9549,2636,2101,8690,7202,3340,1603,5037,1819,2176,8466,8232,8241,1060,4248,3093
4423,5868,5573,6574,4930,7953,4240,1685,549,9505,9232,6940,3767,7977,4122,33,729,777,4179,6118,263,774,1968,1500,2861,7456,7782,8726,880,3626
9126,2084,1841,1684,6622,4148,2541,6672,8485,6696,7423,1082,8263,1124,7555,4227,8486,6077,8663,2586,7452,8085,8358,4537,4723,7965,6231,5789,9382,7729
3599,1413,3667,49,9415,9889,6042,8095,773,9188,9788,6388,7587,7890,160,6822,3833,431,2180,8245,1906,3952,921,7069,5444,4022,4881,8310,6979,5342
5314,2525,9941,9436,380,9143,3159,7478,1291,4560,2516,6189,2623,4296,2133,4042,560,5140,1827,7629,3643,604,2773,9722,1716,5146,65,9354,2089,8261
917,9406,972,5936,8472,2445,7647,1486,3885,3685,3916,1270,8133,8990,489,2406,4700,5888,3683,7375,8702,1733,5458,6499,5626,1582,452,6240,1056,8276
3753,5039,7099,4561,575,7273,9245,9898,4294,7686,8629,4859,9688,5822,9908,9247,962,9693,6830,1255,5451,6786,9204,6120,989,7893,8595,917,7651,5035
526,1785,787,7454,3238,249,3653,1170,8657,9608,6398,2069,5674,2045,4800,600,618,6487,9105,1788,5624,2932,4111,8945,6008,4980,1644,1305,4712,3995
5169,8769,7766,7195,3845,2791,9360,3795,6901,7934,8669,6551,8228,4608,8326,1884,3388,1943,1456,3433,2177,6487,6930,1322,1879,5031,7289,7233,1194,4424
6573,6960,2007,3285,5990,8962,2696,3995,7620,3492,3299,3751,4994,3680,2668,699,9427,231,8988,2922,6699,4803,7751,9322,281,9606,3550,7124,3089,2330
4387,7260,2338,5397,1406,1357,3656,6670,9463,8854,1247,7545,5227,6428,8337,4457,1131,9470,7060,2025,1708,8196,727,6670,6520,8215,9383,2078,6605,878
1085,9620,2940,4436,1242,1223,2543,5559,6853,878,2397,9797,4490,9162,1475,5165,2034,7448,755,9965,4536,8321,8072,2486,385,6349,4103,2010,5198,8188
3457,623,89,3971,6422,4355,2601,8599,6403,5287,692,3895,723,6932,809,3390,790,1231,8327,388,4254,8910,5205,2665,2739,8519,9761,5964,8433,8811
9293,2402,4812,8497,7221,8377,4540,9242,7704,7617,67,5098,1594,7740,9490,2554,8035,4048,7887,6517,1980,4126,8439,8060,2520,5898,3455,8086,2332,7659
5156,42,1034,3688,2915,8960,9518,154,1459,5042,6088,3847,9907,9670,4736,9435,901,9245,263,3904,6549,1668,613,7957,9030,607,5725,3410,8514,3909
3484,1733,4458,8091,2225,7808,7124,2928,6605,8775,4291,3136,5234,2858,9894,4054,9062,6854,6989,3397,5862,9656,879,4804,2992,1636,7726,445,4233,2105
8180,2037,1220,454,6244,7138,9325,6095,1985,9758,1149,7689,6296,4535,6511,689,4579,724,1772,4308,7953,7817,8772,7822,1659,4434,4922,6407,5677,9851
6483,2065,111,2436,8884,5990,8647,5899,5940,7264,6649,7974,6568,936,3990,9412,7946,6877,533,9309,9353,516,5127,5415,8770,1219,1834,6235,583,1500
7518,280,7132,372,4584,544,9006,1682,846,3325,710,6981,6900,3903,934,8969,9811,7850,9491,7440,5334,3644,2334,8268,6916,8248,2010,4024,8511,3470
2341,5532,4488,9792,7717,9959,6419,1906,315,9036,2111,3752,6553,5822,8401,2941,5435,2540,3388,6715,920,5682,1792,5076,1640,4043,1141,4238,6107,7219
4340,1943,2923,4304,6182,4342,9444,2853,1107,5774,8466,2937,2178,6859,7913,395,5165,4826,1119,5239,6651,9527,8212,2449,9176,7551,9428,7295,9601,4563
2288,8722,8581,7858,2441,9972,7038,9728,7268,4825,2555,3559,7044,5292,8821,1759,8343,5297,3047,7962,1079,208,5377,9751,1628,2017,4565,2487,788,7656
4041,8162,3157,1558,6282,8470,204,4306,9284,4142,1738,9199,5995,5789,4934,2602,984,8721,6140,1275,7634,8863,5036,7786,4951,2281,9528,963,1741,6968
9198,4244,996,2865,5106,7731,7446,9778,145,7888,9990,5442,5195,9205,3553,7321,5633,5450,6892,4216,4226,6519,8274,9193,6336,4769,2988,4665,8866,4239
8831,7475,4578,3513,6223,5161,8676,7024,5038,2407,6155,2193,7946,64,929,8805,1166,5882,8074,4062,6597,7749,2100,327,9303,4681,5694,1886,635,5108
4305,5571,7916,1033,2163,365,4802,1332,5191,9011,8196,2960,7149,583,6739,2944,2133,1646,2296,2985,6151,1417,6403,1501,9832,3961,438,8966,282,6160
9578,6318,4302,1502,6236,9453,679,4195,5682,6919,87,4586,9467,5817,2177,1311,2408,4752,3771,1746,3841,1032,6341,2960,3817,8816,4754,8236,6859,8764
7020,1428,1063,1060,672,3982,1550,5899,8840,2925,2472,7198,1603,3278,2696,7315,3331,1081,9230,2754,9232,9990,6123,8510,1091,886,2148,948,3891,5221
9561,548,8393,2168,1785,3463,442,8477,8511,1843,4928,5274,2308,8011,8911,2801,3357,4881,35,6586,2761,7807,2236,5654,1021,7321,9595,8180,5279,7956
6544,1523,9826,6427,866,5669,454,2201,8157,4885,7509,6732,8790,5366,9345,8732,6108,7910,8058,7524,2765,6005,5333,8813,8074,9832,7584,7357,6912,9019
5931,3377,5406,9877,3264,7072,48,7468,1456,7608,757,1579,9139,7681,2352,9134,6765,1485,5494,2404,9186,7167,6843,519,1457,8918,6998,9612,4085,8068
3594,6630,8952,2682,1983,3015,5503,2002,4940,185,3049,189,5563,8697,8567,6201,1696,7947,4029,5189,608,2572,141,2863,2849,278,8809,3231,7716,98
2267,3179,7990,1356,6188,2895,6025,9270,2621,2569,8970,4024,7564,4776,345,2728,7982,2665,251,2499,6607,3833,151,4344,9091,4428,5394,9963,1201,6683
8349,9432,1072,7321,5233,7698,1492,7587,7042,6903,2507,9238,4115,8672,676,9877,2474,3728,5408,9687,5619,7916,5088,3490,7883,8376,5753,9004,1282,3540
8086,6611,4656,6372,4540,3256,9845,9362,3217,1268,2468,1332,9754,6645,634,6857,3329,3790,4314,4538,6692,4228,2812,2161,6116,4985,1721,5630,9940,7440
1490,4266,8047,4545,8368,2096,7348,2125,1840,9133,2526,8815,2164,4387,7967,8203,9378,7679,7800,1480,7964,2954,6262,4349,3537,953,4138,1357,9872,4964
772,9737,4914,6262,5161,1613,8359,6175,1441,8306,1460,6159,6880,8030,4283,6748,3543,9956,5558,9807,5793,5766,3046,4802,9915,3687,6904,2042,6332,9301
1797,9607,6573,6591,934,2240,7192,438,184,8205,4043,5891,5622,3418,1751,3880,424,1929,1395,2547,2256,6126,8671,3938,1623,2642,5274,6430,5541,8210
2505,6697,6605,6180,6642,9333,1583,4189,2616,4641,5302,4265,4570,4059,8351,6569,721,1754,3938,2325,555,9674,3772,5118,4324,2482,1197,2720,4257,4761
2622,5364,4951,2669,4053,5637,7381,8380,2166,9484,3413,3110,2064,3015,2205,2216,2363,5215,4743,6088,490,8809,7807,6473,7111,7337,2722,9108,9340,223
6917,6520,8964,8611,4461,8641,9579,1820,822,9718,5989,4216,8288,8862,745,1771,9358,6690,5583,1765,2826,1407,4570,2542,3480,164,3366,1044,488,823
9772,5686,7370,493,6377,6429,1411,5632,2344,7169,4136,9336,9124,3420,4201,900,926,5995,3794,2099,5041,6854,9238,6841,4407,7541,6677,1200,9271,6924
1041,850,1193,1184,8118,1771,7910,9831,482,7315,3181,7746,4811,5671,2445,3817,5889,140,9041,2780,1240,4935,7329,2264,6798,8238,5443,7647,8291,6968
6305,3045,5201,5262,5020,4373,2617,9272,5096,7830,2251,5474,4712,7299,9529,2341,6860,3778,8859,8150,4618,2890,1357,8221,1288,5675,3844,2243,3572,1055
6253,8808,4132,9667,4814,7274,3552,5133,5825,6250,1321,9762,1733,9518,9283,497,6097,1990,2744,1233,9866,6731,5190,4583,5652,2457,6860,8831,9752,5293
9764,2914,2158,6798,9110,8,1184,6943,260,276,4286,2592,7637,8007,1888,440,8188,5653,8512,6960,3912,7507,4866,1513,2756,1831,8021,7960,3090,4066
7669,3077,2169,3835,767,2006,9889,8499,2931,4576,1015,2976,1549,168,6633,7285,1438,755,5666,4584,5062,854,4188,9236,6572,5643,9262,9483,2130,5597
8670,838,2170,5266,3953,6785,3241,8634,8195,2290,1489,9074,3299,789,3808,1989,5992,3608,4393,7132,603,9048,416,9942,2760,1040,6005,8768,984,9796
4120,3825,1219,5971,51,1101,3977,8828,866,6564,3148,5674,9707,9149,3397,345,885,570,947,3827,2819,8998,6963,8741,3473,5880,7014,5561,7723,2486
9065,4914,7236,7175,5379,6050,5777,3889,3949,6601,3749,1458,2015,1614,9681,9413,8668,5488,2594,7142,5118,4343,5926,7771,2373,9818,1956,1988,8802,7322
189,3637,6488,9417,6402,340,524,138,9489,6323,8979,1019,2497,9751,1801,4342,6512,4192,6534,7638,1641,6678,1714,4441,9342,980,7336,6240,7356,9410
1877,5660,5656,3536,4462,4330,6469,3710,5046,5199,5342,8721,2915,8271,5149,9908,6557,6865,7978,9483,7941,908,2026,3621,4011,5800,4226,6323,445,9099
8798,3077,7266,6419,930,684,8819,548,9652,5243,5191,6205,4020,4168,2193,3106,7490,5444,3357,6243,8383,8116,7707,3589,1162,3257,7700,8203,8438,5642
4372,3548,1380,8525,9968,2301,6973,5277,436,6579,5939,7072,9149,2980,8814,5798,6850,6771,8632,8701,4172,6067,5903,3723,219,1793,259,4159,2097,9716
5574,6288,4490,8827,8603,2969,594,1276,2438,9357,6013,333,4492,7866,2157,5236,1358,11,5211,1113,6556,6025,8000,8628,1974,3270,4073,7950,6236,7815
1828,6376,9440,18,8025,8384,4458,7985,8095,5401,4834,7069,2104,3462,9177,7871,5623,9389,3104,953,5686,6746,1584,6328,9625,7862,1940,3928,8191,813
4809,3685,2188,6762,1003,8045,327,7379,6622,9055,153,8716,3118,6758,1833,6476,1997,3638,8583,2204,5009,5957,749,4327,6429,1639,4198,839,9961,4721
7124,995,4565,9675,5437,3296,5149,4252,7080,7499,2766,7573,3301,1991,3802,6251,9414,280,2033,8459,8571,7899,8716,4195,1964,1556,5463,2562,6678,6243
2592,7510,8740,547,4812,8106,6508,9169,5700,6697,6652,7866,5453,6926,6887,9081,3331,4073,1903,5565,4156,7569,8400,2635,9021,9074,4576,1513,5854,1680
7434,8216,8244,7653,7157,8656,6914,506,8845,8377,4234,2394,5201,3218,6534,6458,6196,153,2395,7986,2688,6506,1475,3631,2672,518,1716,4726,3733,9299
54,1004,5932,9632,8975,7432,1411,6773,2510,9702,1415,6549,5239,4619,1775,3011,2095,498,4068,3270,8544,1395,365,5556,9690,7920,3737,113,4918,8763
4316,1573,3984,930,224,9235,3780,8449,3664,5316,7924,3571,3542,3370,3172,6276,9531,4736,1169,8268,7026,2310,9915,141,4388,4736,550,1212,4218,4656
8202,446,568,3817,1225,9296,7602,4237,439,7838,3651,9889,2926,8426,3896,5626,1998,2206,304,2157,8699,8046,8205,4855,8541,5969,9228,2218,2321,5037
2928,390,3838,9413,2371,164,5216,1914,8561,9936,787,6026,7003,461,4716,6046,2729,4142,8743,9438,4258,229,9800,5887,9188,9919,8127,4536,9731,9011
8318,8943,9176,3756,9913,1210,2042,7186,9913,2042,5355,874,4258,3626,1712,6514,6206,3056,7477,9942,8086,7296,2032,4598,6181,5053,9998,3089,8943,8683
1744,8370,7991,3696,9807,2870,789,3595,4640,90,3026,4057,9577,7700,9895,3348,1891,3738,1687,652,2457,9836,6680,2655,6833,489,8617,1814,8903,5069
4890,8252,1197,1014,3392,2467,1145,492,5495,2146,4901,4304,1412,9275,1317,6822,598,2431,3777,870,5570,5234,6185,6409,3738,9932,2904,4785,5929,362
8318,8282,8264,807,263,8904,3150,7830,6194,6420,4277,6787,8518,7797,3141,9274,3414,1689,9111,7993,6783,3856,1883,6514,1774,1995,3626,3389,7656,4404
9978,1828,4452,1400,6107,5544,2149,9704,5342,3531,5979,9108,621,3356,1952,39,1791,1087,8849,5639,7531,2997,6299,8749,5178,7394,4337,6001,2621,6180
3259,9486,6758,6068,4841,765,3442,2506,729,6762,7068,414,70,6969,741,7934,8304,2797,3961,7281,8383,4987,2651,1573,5580,7251,4680,9408,7244,5259
2505,5662,2287,9342,2765,3843,9553,4281,2382,4274,9114,8234,333,428,7025,8500,6427,8714,6906,5274,321,6940,8596,4370,5084,5413,6199,9603,5058,6692
6127,4318,7416,4623,24,1004,1736,6561,8736,874,7799,9873,3024,5941,8790,7154,3883,9905,3119,8779,3856,9857,2508,1238,4872,5046,1405,88,3994,4140
2647,3599,4098,5156,302,6206,2222,2801,7871,6405,89,5267,4919,7184,4659,2001,5045,9098,9329,4584,6096,1262,4819,4511,4598,7788,1632,7943,4760,5961
8838,2129,2158,7375,9049,2018,3894,4428,4663,9194,9518,357,7565,4475,9919,7110,9161,5027,7149,7706,463,1939,5742,9311,342,5075,1033,1779,7484,9425
8690,7355,3797,8623,6497,364,4315,9547,2065,5382,9826,5519,7691,1529,2341,1221,7559,895,9167,4736,6804,4002,9248,8779,1349,9005,4588,8963,8592,1723
10,6408,9785,6243,1444,1452,5273,3650,1867,802,7884,4307,5583,6984,9232,6575,1008,3944,6561,2293,2221,6717,1986,9410,6590,9330,8081,5083,8231,9264
9814,2534,5993,9728,9963,4960,3181,2728,5159,8672,4392,1317,7293,5810,8867,156,6327,2745,9209,9212,6936,586,3409,2246,7947,3894,1836,9354,8241,7373
5311,4083,8644,872,3769,883,2159,3588,6217,4488,1862,6225,5503,6998,6174,1344,9021,7834,9212,4590,5670,4607,24,6860,8564,6503,5649,6040,8884,9934
8006,101,1850,6625,8935,8977,9261,9908,4185,543,8312,9457,1261,8997,6604,4425,827,1609,5049,8827,2316,5874,5484,158,5948,475,5469,203,585,7696
320,1777,5229,7585,1967,5041,6913,5113,8431,5312,994,9639,3728,6461,3992,8339,2666,9495,292,2251,6676,7333,3688,9643,9065,2910,1691,1962,5979,1223
1833,3597,5332,6191,9920,3918,732,5843,8939,51,1905,797,588,5332,1014,758,4761,2488,4738,5673,6219,5196,2440,4478,1559,5201,3044,8908,2264,4166
5948,2041,8136,9269,6017,8764,1191,3510,2010,4743,7936,591,8250,1251,8384,98,1906,5085,2950,5083,5794,8278,6325,9037,3243,218,2594,6607,7236,8153
5039,9278,2384,713,237,2478,9238,755,1630,7405,7406,518,6297,922,7361,1268,8800,8104,9474,2991,2654,6477,1404,6125,3320,29,5059,4795,2245,2659
3924,6808,79,6313,6701,9011,9680,1889,9170,1185,3439,8539,8104,2235,5390,563,5026,164,5961,9451,9697,500,3367,9619,3387,9172,6949,9430,5444,7892
950,3294,1294,4032,2413,9499,1424,7014,1119,9824,1108,6410,2595,7120,6205,2918,1947,7667,6128,2926,7144,8877,8691,3365,6661,2566,1758,8987,3914,9425
3947,6173,6648,6250,3506,4476,6376,666,459,7933,4249,9044,3509,2414,1991,7351,6916,8021,7342,4136,9010,9995,6912,935,9046,8579,1100,5116,5497,7159
9296,6965,6595,1022,938,9353,8317,2032,1745,8756,9979,515,1887,411,5707,3349,405,2453,6922,9536,8704,1577,2296,4452,4374,1163,6092,6354,6387,6471
1291,1729,6261,1365,5594,1323,181,1471,4921,9050,936,7786,6712,1485,6193,186,7279,3734,6597,6820,9116,6238,106,4270,5933,5709,7515,4339,1570,3000
1404,242,9424,5942,2546,9224,4558,1446,7942,2318,4726,8533,7317,8780,9432,3067,768,495,2741,1857,5155,2723,4656,691,9984,5134,576,7839,1358,7360
7963,3062,8317,4358,8132,8049,2492,8314,7629,5709,4315,2129,9711,909,5039,560,9475,3335,9619,2457,9770,4923,5111,2609,4069,8655,5214,6420,4626,8170
1134,6163,7357,1340,4181,5616,2009,7030,4100,4492,8493,5962,916,4417,1644,5859,3291,7168,9258,8325,1872,5714,6782,8142,8763,1889,7177,177,9545,7390
8728,1908,3600,9074,6390,9119,2080,3280,4828,1303,2809,8454,6386,5961,7418,2991,8048,2985,826,2340,8388,5180,2230,2618,6654,9575,5560,8595,2444,2081
2061,5381,3616,2422,2571,855,1500,8355,4069,7953,260,1717,9506,800,2065,3881,4400,3055,6520,8050,5973,3527,7719,6994,3535,8134,8172,8088,7639,2104
2104,5122,2562,6369,4678,1878,1573,4547,4325,8256,5134,6610,3888,9081,7049,6434,1738,5715,9860,4412,3783,3321,422,7863,1233,1119,2450,9408,572,1013
7788,4279,2419,5372,1949,6775,6215,4544,3680,9669,8342,6735,4914,1139,5908,361,5985,6808,7133,7343,4498,1398,5121,5980,7105,8205,1553,2661,3053,9306
9008,8819,84,3608,3004,6843,8810,3133,9397,31,4000,68,6077,6911,7528,478,5947,8275,2513,1669,959,440,8416,8556,2028,4039,2518,679,984,1266
2706,2194,5469,142,5391,5796,8222,7691,3260,3955,3425,9544,670,8853,5047,9025,2121,8624,4949,9276,4264,3019,4525,8004,4916,1009,6112,2471,207,8760
4343,8863,5100,6657,3812,4962,7459,7197,4081,7132,1913,855,9027,3966,3132,695,4030,7753,7194,9599,2774,7286,6956,4101,4740,6536,9682,5396,1411,7404
8646,9432,227,5375,4868,9246,9407,4820,4884,3046,5617,6709,3822,356,8713,6542,1720,5018,8394,5927,8518,5583,7473,9468,3693,942,4955,9677,3259,3881
9939,2481,8777,2192,4840,8016,5403,5121,4051,1760,7512,8949,6357,8280,347,3836,1930,2617,1877,1706,275,6788,5411,3558,3184,6893,7838,9885,1269,2392
6933,3974,3472,1096,5434,9793,7656,211,808,9304,1673,6789,475,7310,7087,5068,2096,2672,515,6201,6934,3288,2260,2120,9120,1055,6135,3451,1687,2783
3471,3272,9959,9690,5864,2289,6540,4950,9203,173,3772,3551,6666,1333,1357,4772,5379,8539,1016,8305,4483,9129,3353,1825,2671,7494,2577,7520,1087,3108
8836,3875,2120,6708,9687,1041,4948,3284,8162,8686,5858,8271,2438,609,7127,9608,6763,9325,9794,7832,3758,6194,8816,2322,8789,5534,6738,5716,8335,7428
3296,719,2729,9961,9834,8322,4790,2060,3028,2620,2285,8881,6919,5828,469,8482,6929,8810,9397,4591,3311,6952,3401,8174,5337,6693,5925,6352,8045,238
5108,1487,3080,9510,1367,1919,7866,5393,3960,9521,912,958,8593,7024,4717,7843,5344,3746,8586,3474,153,9237,5526,5962,2742,7800,4830,5368,8819,5926
6538,4395,8907,1629,8033,7558,3097,3742,1883,7823,1261,6652,7009,228,4277,2940,2474,214,3877,3366,6365,9483,4255,2374,4502,3302,1143,5015,7581,2348
6119,7846,257,8794,7787,7435,2092,1909,4531,2206,8645,4153,281,6701,3829,4137,3391,4293,2844,6123,5217,9205,9137,8708,2346,8834,425,1155,7157,180
7178,4478,1266,2218,8957,293,246,590,6225,2534,2195,4754,1348,8234,718,768,7183,209,7868,7486,6948,3028,2817,8039,5820,5440,5546,6563,4476,7897
8480,1206,1977,3977,4440,7121,7491,1593,27,8575,8284,3195,2800,3678,6685,7922,5001,7981,640,2052,463,6274,7939,7890,4984,5728,2690,886,4832,2302
7398,7893,1557,1350,9691,9240,6789,5564,4620,8823,3122,2226,9069,4267,2223,3363,9101,4620,2466,4650,5170,4384,551,2947,1033,5967,1235,2280,396,2120
1983,5565,6413,183,3934,8555,3611,1583,9187,6708,4343,8926,3717,2449,3490,2448,4321,3435,9669,9704,5370,9748,3056,844,6259,3579,8666,5384,7165,2531
4062,2331,8742,2158,6816,1085,9515,6846,1645,6848,8685,6250,6364,2226,6469,317,5997,5664,5546,1457,277,9775,147,4152,7180,2071,3488,3202,7288,145
3682,5243,8216,5093,7882,4713,5082,3855,2577,3370,4773,5025,5963,9363,5226,2149,1448,9426,1539,7629,2242,7278,5493,4050,5220,8589,4172,5732,5854,7872
1050,3659,839,4551,6970,8032,1973,800,7146,8007,8526,3419,206,4692,8725,7549,6625,1761,177,7509,8245,4490,9695,7219,8927,5524,3867,5939,4829,8256
5540,164,5049,9078,8687,8232,3257,3747,3733,887,4420,7805,1881,8837,1802,3052,9611,3622,2651,2495,5852,6260,5435,4082,6321,9271,8287,2750,1718,80
345,3400,6600,2390,7089,1870,574,5850,7953,7514,7023,1974,2739,8452,4180,9184,5165,6355,2159,8451,4272,3544,2696,9030,8487,7509,3577,8054,5130,449
9639,7784,2101,9260,2949,4017,3024,8623,6404,7520,1325,7876,4543,8206,854,1995,112,2684,3534,744,9983,778,3340,1493,7359,5560,9818,7204,499,921
9076,2463,4603,5570,9284,5771,6599,4509,8898,6644,7463,3840,1857,4381,7382,4813,2481,6501,3006,3116,9350,8435,4749,1518,9368,2942,966,4859,4973,6080
3771,4687,2650,6545,1469,5425,1557,1347,800,1232,2051,6663,8013,8887,9444,8962,5847,9828,7336,1492,2745,5041,8957,1907,9225,1647,3118,5535,537,6534
9642,9331,1091,9444,3878,2735,5503,2157,8600,9032,9214,678,4473,1025,3633,8821,2669,506,4213,9172,1861,4179,6525,846,6855,5344,174,2399,7794,1776
3609,7280,5273,4342,7080,7579,6632,5528,5018,754,407,8291,9026,6511,5855,7263,1343,8983,1851,8754,8568,1082,4591,3301,1436,599,3757,6795,9417,4478
118,4900,8879,6253,2546,371,615,9145,8104,1929,5718,6146,604,7772,119,4547,9572,6530,9665,8457,2575,5584,5070,4386,8817,51,2903,4455,8550,4302
1164,7880,9728,3694,2059,9630,5882,1690,1927,4842,9663,4821,5365,9030,426,7312,5443,3861,9704,481,3914,7057,255,9257,706,2571,1003,3836,7861,9164
965,7276,5223,320,1041,1609,8758,3607,2577,8305,9484,2055,3736,369,7621,5249,8572,6374,3897,8801,1662,1904,6903,4859,3589,3612,3294,5519,2634,5355
3751,5047,4731,3422,6973,7528,2694,1031,2750,1271,3074,3440,1217,5216,2779,2976,2718,7734,8345,4565,5950,447,4569,944,8689,5627,8650,2353,3969,303
1105,8987,268,1999,719,7546,3533,1582,5484,9261,4352,6630,9320,1992,6976,1934,8341,2624,9827,2402,8944,4723,7184,2646,8228,6683,717,1607,2599,4218
515,7977,561,1583,5265,4535,5604,1126,8309,3183,5516,4965,3413,8472,3990,5847,3270,340,1131,7409,9328,1789,8476,1278,9517,2705,7869,5964,1609,5940
5414,8999,3369,8824,9813,8928,9000,7704,3229,2386,3988,7425,7461,9847,1546,9670,7819,4348,8880,4700,7248,7010,5848,9343,7345,8825,4429,7580,3930,4574
1161,9996,1920,758,1131,390,2398,1387,502,1066,3455,5882,193,1733,2590,3113,3867,4361,7088,2788,6180,3810,471,710,9422,8805,1951,6098,5391,3083
8424,7009,3193,8012,3080,9179,8607,4011,3786,9890,221,4016,9903,9775,5789,3760,3614,7458,6772,507,715,7832,995,2800,556,2345,5813,8030,6902,9858
3900,7105,264,800,5352,3102,9105,3932,3151,8404,2704,7402,4176,661,7155,3195,5756,4530,4036,5843,2845,7553,5748,549,2197,8638,1439,287,2178,8771
4563,8488,2717,6747,1743,4704,3153,5444,8066,3280,2013,7004,5488,4946,3071,7610,3642,4049,63,9732,5724,9625,7064,684,3033,8636,6413,2813,9489,7365
7954,9423,1234,9062,8496,670,669,8153,4729,7221,7740,2141,7968,1179,7824,2298,2139,1126,4304,9763,8688,7484,4102,1038,6576,7097,192,4165,3747,4776
3511,1155,2842,5553,651,4314,779,7656,7677,5837,6924,9512,990,3833,5484,897,414,9859,9882,5313,896,3299,6247,5420,5201,4489,8486,397,8217,1051
8835,3502,9215,5409,2135,8885,7190,5150,8780,3679,2524,3975,6432,2827,2189,2262,7491,4232,1550,3514,9320,7030,355,6721,4426,8854,5129,1631,2123,976
2168,2525,1896,7231,9414,7909,2375,5885,9166,7966,2615,9815,9153,1517,9196,5916,8491,7226,9272,7856,5045,9728,2759,4827,4208,3782,7285,1417,8353,4680
9356,9935,2584,8237,3362,6287,8192,3237,1894,3779,6953,7797,8381,7885,9500,4338,8193,1888,709,5310,9441,8623,7844,2331,3319,5444,8492,3170,4894,6326
9441,407,7029,4340,4570,1122,6127,5111,3543,1390,5400,2895,2963,7316,7455,2979,7722,4954,2537,6293,7672,7269,1193,9459,7003,9552,3359,2911,3311,9235
7745,1773,4474,4449,6027,1787,1724,9094,627,1100,3513,8931,5538,4166,9964,4053,8826,1955,6696,54,4183,4481,7494,410,6403,5713,8123,7992,2747,9621
3982,1446,6191,4462,8002,8534,865,925,5833,7894,1269,1681,7413,454,111,5790,2435,3158,2060,8203,6654,1317,6826,2450,1324,9322,982,4850,9440,4811
7750,3791,6139,193,4629,9667,3704,2930,493,8922,6745,6078,6084,1303,6680,5651,7412,5651,3633,5088,1916,9268,618,7356,7820,9755,7866,1840,6564,9849
6670,3080,4068,6785,7050,9813,327,7943,3199,3406,8758,8386,2892,6253,3574,9232,2788,3861,8986,2795,5512,9816,9087,3463,1334,8799,3352,2332,8000,884
3120,3235,9590,5919,7581,7821,1066,4800,1432,2757,6651,7959,9634,1027,2286,8915,509,9090,9674,4864,2694,3692,8356,8693,5231,4277,9357,9441,6180,9340
1546,8464,4500,2062,2430,8801,972,7289,3678,6275,7680,3624,8875,8973,7723,4939,3038,6153,8531,4506,5566,4832,8497,2650,7818,2455,9877,7163,7511,4234
1589,989,2442,7927,3585,5931,2446,1434,2389,3165,7206,2170,7116,2338,8140,3651,9856,8202,3408,9547,4538,6046,9109,8922,4418,4994,4840,1586,5231,3765
7063,4199,4909,8766,5420,9478,3601,1044,1758,9024,1341,2844,7126,7986,1850,8299,2385,2398,9550,5495,8860,9799,2430,8533,4738,5634,5193,1644,1948,5563
5805,2784,4316,4635,4917,5107,6338,7459,7211,3675,7728,4590,3358,6496,3481,2915,9856,7630,8427,7234,8204,1526,6377,3813,1326,9057,1249,7499,3106,4643
6940,7964,6629,3869,6864,6752,1604,4070,1971,1828,7968,5302,9600,558,7719,5219,5271,874,2815,9942,5390,1757,7210,1900,779,5968,1355,5831,2116,7074
6736,7571,2677,1583,5163,3357,666,6872,4217,2631,6344,1274,4413,5451,2041,7817,9825,5476,8849,9991,4040,4869,7601,6878,1783,7879,7793,8553,5315,5256
7652,6868,2818,2760,5590,1499,7342,2210,8166,9161,3609,5549,1720,6834,6141,4016,1133,2809,4641,9260,3166,7920,7308,7012,8748,867,1352,3619,8996,5024
888,4870,7868,9938,5737,1683,8147,257,3465,1502,6978,2661,6436,1869,425,2759,2385,4055,9144,8372,3953,6902,7544,9930,639,7110,5162,3782,582,3384
1613,1052,2929,7477,3381,8396,2748,556,2802,7728,1807,9569,539,1183,3851,3757,3282,1388,1534,3400,7850,2863,416,7710,5143,3352,9768,8274,9709,5455
994,5601,4660,8685,2765,4998,1882,8223,5915,7714,6828,1390,7868,1022,6367,3574,7626,7949,1152,5121,4741,7047,6071,4262,8123,393,3039,4839,8678,9762
6597,7511,7383,7632,5728,6637,1748,187,6356,8636,1312,4621,6939,1076,5257,4761,9883,9202,8046,2592,7307,9931,6378,1661,8541,7259,5723,5097,6302,8050
5560,7256,7989,1762,26,5452,4984,4638,940,271,4936,6600,5082,9247,7915,3386,5609,7326,8774,924,72,9789,4502,1700,3271,9470,2208,2730,6736,1109
1791,4371,7740,1325,4032,8831,1264,2608,1692,152,9303,6587,2384,9941,1053,9352,6777,509,3383,9750,9595,6686,8537,1821,336,1474,6155,5943,388,4321
4074,8171,4636,9470,7740,5901,9002,6269,1382,3113,5017,1144,3074,9582,6647,8649,8541,4076,4335,581,5398,573,8580,4402,4902,5977,2354,8588,5706,3905
3140,2284,4865,8306,788,1783,3619,2032,5902,273,8258,1541,5643,9384,9396,2794,7581,8323,3473,5554,5701,8691,154,9582,157,6209,6311,909,6753,8573
3117,1876,9466,6851,2530,1527,6867,9506,6654,5415,8767,1019,8410,1706,5290,8051,6473,8786,2163,4812,9594,5219,2170,9392,9348,4789,3730,7251,4877,7459
8787,5266,7291,5700,5507,6982,4163,3043,392,4920,1926,1756,6379,7745,3669,6299,6853,8356,6894,3538,1541,8202,3378,1903,9137,131,1293,2638,4484,3483
7351,5869,8132,3176,1435,5907,5663,2818,706,4877,8841,8696,747,4966,4877,6756,1813,9093,7709,2329,2874,3681,3406,1016,8696,545,533,4037,6385,6523
2297,5453,6192,8523,2302,824,1192,5428,6186,1363,5383,5950,7054,4781,7729,4763,4593,7915,1047,1884,8483,2419,7052,4423,5318,238,3408,4875,3806,9027
6913,5978,7873,5518,4626,5731,9419,3430,7804,2638,6307,351,4798,3499,9285,5815,188,1868,334,6121,4055,369,398,7116,4557,8868,1905,7282,8435,5251
3007,1653,7498,2312,1511,9550,9185,103,9759,8609,6947,5978,5805,6480,1431,359,8386,7315,1983,9589,1431,2747,6330,4701,8825,6392,7184,8149,3280,1820
4564,6352,1839,6754,9121,926,4211,6138,5128,4966,4502,6963,1771,451,820,6270,1685,6438,9510,6395,8180,7668,9726,376,2960,9538,1510,4279,8073,8998
7580,7332,4565,1957,7408,6421,2912,5442,6937,1552,2566,5092,5037,3062,1693,6164,5443,7758,2902,5353,9968,8056,3900,4956,5553,5743,3445,8296,724,4777
4093,5350,9565,8576,3864,4390,3865,7946,1924,2195,8778,6496,6006,2310,8019,4168,1580,1237,5099,3466,3290,1817,7220,6260,6418,6422,2321,1645,9181,7251
1236,5074,3167,8066,353,4168,5381,707,8612,145,8207,9700,9834,5516,768,1762,1381,6713,9229,9811,877,1123,1052,8342,2374,9647,3989,5501,7305,9324
7261,3453,4125,2516,2546,3451,6796,4435,7877,3041,4498,2133,4389,7916,8821,4454,8052,6973,3250,3467,2499,8014,452,9183,3399,4352,8428,3788,5339,9373
9017,3877,3687,6761,3602,4747,6618,3751,7556,967,43,3303,5944,5702,5910,5430,4396,5561,7739,8983,3292,9322,5341,4781,5051,5638,4548,7304,8682,8929
1605,7587,7870,3117,2572,3428,9714,6474,4037,7771,7342,2025,5255,7832,1966,6542,5656,8495,3959,8025,1011,4970,9024,8749,5553,5219,4287,3484,7073,4922
829,2985,2854,6464,2895,7619,8893,4935,7461,5334,2929,1175,6223,497,5208,4224,3861,546,6284,1242,9743,9536,2382,1,8302,5138,8854,1789,9243,7943
8857,6135,5652,2907,3393,4908,8840,706,9000,1359,7949,7643,4910,2174,8723,2205,6368,7908,337,2656,3011,5648,9077,2032,9128,8754,2292,4379,1954,8991
242,4938,679,4186,5952,7295,5495,3176,8677,1561,7229,6330,5187,4333,4452,7295,2794,8679,3334,1282,4349,4678,3814,5784,6722,9026,7247,2176,2803,8474
1529,7120,5959,376,1965,7217,5856,7743,1984,9140,2830,4551,4220,7734,5887,1658,4845,8463,2672,7237,8332,4997,6281,9153,2553,4470,6899,8987,4491,9125
3873,3931,3687,5802,39,5202,5653,9810,1991,6273,5530,2838,6140,9666,4485,5536,8554,6833,4310,5593,3565,1920,8593,9484,9817,6848,1287,9071,5691,7024
2725,9723,6957,626,3890,898,3406,285,3980,4722,3242,5847,8661,8674,3417,2325,2931,4014,2953,5533,6006,9515,4680,1956,8318,8961,6602,7094,7841,4147
6659,4812,7036,1677,5396,2545,2689,7935,2553,522,6340,4963,2665,5459,3062,9989,7417,5488,1607,2576,9106,5564,4027,7665,699,6646,512,1640,6280,4501
7957,8637,5016,3859,7780,9508,7979,2716,8741,8257,7693,2857,6414,1613,5491,5491,6136,7813,9833,4010,8074,5548,4425,1268,4006,1057,5263,4410,3278,1086
7887,797,541,9726,4140,7860,8206,4884,144,6744,9070,200,2655,778,4649,5453,7473,3119,8796,6574,8424,6061,8197,7159,608,1027,7488,2026,8547,2662
3503,2974,4473,8186,3075,11,1404,8095,7761,5376,8717,2140,4492,9276,2487,4672,3715,4118,7437,1456,495,7268,8417,3472,6103,8942,2638,6041,4525,4603
6571,4964,8830,8589,9536,451,3706,7254,4749,9651,4464,1686,5514,5328,9038,5653,9766,1351,8861,4700,8167,5593,8311,9118,3242,3080,1260,4889,1422,6409
961,2144,7162,7248,6398,6927,9828,1709,4904,1022,7681,1090,9293,7477,3902,1154,2367,443,8065,449,9466,1475,2724,9092,9571,6013,97,7662,5315,9898
2698,2557,1595,5688,8269,7495,2880,7741,8675,7272,1544,5389,2228,4928,4768,4801,3079,870,7449,1249,9125,5522,7119,1305,3141,3463,1491,548,3876,1427
6210,3499,75,2196,4718,8524,5065,9140,9230,2714,2005,4904,1728,4378,3428,5464,3469,247,9182,3338,4619,5624,940,6040,2203,1731,4773,5936,4752,20
36,2296,3775,5998,6493,7175,6971,807,6337,735,5439,4516,6589,9621,4989,3512,7509,2873,5800,2953,4848,8908,5024,9126,477,9131,7989,637,4274,3144
6397,2926,8801,713,9605,4223,1250,3181,9168,307,6884,8387,1732,4328,6434,1114,8310,2293,5712,3578,5341,2363,1027,4154,4176,549,3956,4189,9450,8832
4346,9645,4944,5607,6023,4817,3957,6349,9914,4975,7006,690,4886,7836,7834,9177,1483,9054,3606,1102,2252,4430,9341,8023,6069,7622,8206,1789,3737,1498
7455,8316,319,4813,5321,1680,4102,6787,6190,7974,437,322,9813,1638,6232,1911,7694,9875,8750,1424,7340,2144,994,4849,9290,853,3138,7903,9681,3917
4674,3109,2832,9398,1723,4966,9223,1941,8656,5357,9396,2264,1509,5748,8731,7924,4402,31,1015,6032,2376,8382,6203,7203,3420,7441,8139,1698,6525,1850
6931,4276,3456,3088,5365,2030,7838,965,2510,973,3823,4184,7987,3778,7954,8711,3602,4095,2983,433,614,1978,7119,1028,3962,827,3494,4119,7771,6910
9106,8189,5313,2599,6005,2782,7007,2959,9703,8739,6496,4168,1756,1872,4935,6763,133,6899,7024,3314,9415,2689,7752,5819,5904,9284,182,4725,4876,1498
7974,6365,5566,8933,1206,6932,8561,2382,2248,642,4910,9587,9028,1577,9144,2114,7562,5088,6357,8979,3524,5228,4566,424,8031,5988,2777,5610,6450,2204
2537,8697,7269,4931,3947,5516,4195,377,620,7159,2089,2526,9283,2198,512,3785,8314,6964,62,3828,9037,4654,3007,8696,119,2396,1492,8802,2697,2708
3112,3052,8145,694,6912,8152,7519,8793,8678,5420,7236,6473,2562,5358,2753,8588,8924,9640,8017,7764,821,8264,7892,939,8640,31,2305,1587,6613,8665
4862,4173,90,4673,2754,6980,1316,539,3563,3115,2917,7846,1264,127,2382,3932,1234,9419,5125,7456,1337,3277,8110,9060,5696,4183,1051,3365,7774,3151
3567,1737,9386,7785,1775,3843,6649,2743,6453,5310,2573,7269,111,7348,5123,3648,2950,2141,594,1718,7813,7830,7055,2790,9628,8524,8955,6159,964,2988
959,8445,9690,8455,1328,8247,1809,1171,6292,7874,1845,6590,606,6264,5959,9134,7779,8819,8780,9229,9903,6917,8668,2507,2466,4818,5684,4328,6337,9878
9490,5942,781,8715,3002,9344,4962,5066,4481,1674,5003,8340,5810,8575,2068,6721,2502,525,6284,8992,5407,4666,5306,1079,1303,4668,6812,217,1006,3638
8884,2191,4790,9946,3537,8409,9794,5441,5531,9467,6911,7262,8406,9101,2161,641,8460,6019,1160,2400,6372,6084,6961,3450,7156,1696,9185,133,3100,1140
999,1695,2755,2844,532,4311,4486,8558,6112,6809,168,6430,587,2815,1236,1761,7113,2674,8259,342,3111,6851,5128,3234,1952,287,1519,6922,1867,3217
5139,7138,3645,5531,4837,5129,1023,959,5547,7999,7667,1937,886,6666,3950,9725,5079,6131,7173,399,319,6451,1541,6424,4639,8347,4748,4334,3841,8017
937,5052,9256,9512,5713,9090,6233,3489,5094,739,1461,6106,3131,1762,4599,4576,6627,2581,9256,9245,6829,4922,5901,3930,8828,4267,4634,7400,3835,5737
822,8210,5580,4718,6377,378,5784,9808,5653,4785,2024,9856,9435,4200,6717,2854,5706,6936,9190,2693,5323,79,9037,3569,3755,4460,1827,3542,3765,3458
9572,4176,154,6915,5859,9977,6737,8428,5037,839,3445,586,2838,1497,3095,8417,5344,8131,3668,3798,5970,8177,9437,2539,5079,1249,7675,4237,255,7930
7812,1568,5700,1607,4658,6215,2905,8131,7770,3306,4139,1442,7146,8482,546,4146,8970,7353,6355,2070,3298,8331,7432,4503,7200,820,2038,1184,857,749
8239,2525,2770,2855,1041,9743,4402,541,2535,430,6402,8405,9146,3763,1856,9951,145,191,3383,2296,3171,9741,9270,9602,7263,4846,6775,3259,3202,9224
8702,9352,978,2656,962,9656,5251,7938,1758,7445,3397,3867,5572,289,1226,6994,2975,7693,8466,9796,3473,6154,7147,4258,5288,9875,7437,1825,1732,3038
2580,8486,7820,1750,2109,9746,2934,1485,1156,6591,8824,3156,1117,902,4223,605,313,8277,3450,7975,8064,2554,2127,650,3274,7423,8976,2561,8832,6338
932,6442,796,6444,5526,7567,8951,4562,8735,8367,600,7886,5043,6134,4029,9435,6533,5773,9203,8608,3883,8994,5977,7167,100,1982,4888,4496,129,995
8321,841,1197,6148,4464,9148,6338,8836,8735,2774,5382,5313,9616,46,5427,9123,7264,2086,1745,580,136,7040,9958,5607,3454,7674,1928,1326,1911,6603
1313,6162,5076,4564,6298,2941,1154,2999,5490,2885,3392,2705,3411,6688,359,5595,5076,2528,4572,4923,176,1480,9859,7375,2779,5405,6145,8432,7943,6360
3045,9432,6276,4662,321,6178,976,8096,8951,8191,9640,1231,3917,9661,8505,8766,854,4775,5696,105,6665,4793,8799,4408,8567,3700,364,6723,6976,3719
1123,7198,1983,1665,607,702,8960,6433,7054,7911,9305,5778,5003,7742,8953,8652,5726,5008,673,2202,1004,8150,4449,3173,3330,8366,1441,6137,2273,9129
9750,7523,2657,2927,6284,2976,38,733,6688,1409,3090,5883,1455,1010,1602,1218,353,6524,1284,1680,6545,8731,1269,5568,6786,5069,3004,6561,1385,9802
1114,9206,7217,6829,8775,2974,1682,7760,7763,7068,1802,2369,7190,5381,5912,5186,9096,7114,3416,4083,4920,1713,1777,7244,2513,8207,3572,1140,7733,4508
3854,7714,4244,6042,3074,1277,5458,7107,8894,4915,9609,8109,1194,3368,2887,5696,2817,7635,5353,5089,4516,2256,59,2875,4363,9911,8651,2984,3136,4020
6616,8892,1016,2339,4137,7946,6797,7687,362,8208,1748,2876,9192,3931,6839,1636,2540,9798,5140,807,4760,4153,1470,7247,8757,9329,2697,4629,431,3731
1965,1746,3783,7313,8389,6735,8339,8491,7011,1995,9293,7435,625,3942,6813,3607,8567,8234,8875,3957,8158,61,2938,4724,7967,2186,7423,1174,1586,7500
9334,147,8697,7257,6167,988,2528,8573,3452,425,800,5439,3572,9026,3741,3262,4912,1104,9664,3399,4810,4345,843,1836,3981,9192,3923,5804,4018,9851
4034,7974,439,6244,6407,3677,3850,5766,2331,2884,2299,6638,3080,3286,8856,8145,4503,1526,2057,8,1408,3182,9462,1507,1649,3381,2878,1358,4053,7865
9486,7890,5864,8382,8395,7565,5040,5985,9410,6551,6705,825,7711,6010,1954,2368,2636,9444,9390,175,8474,5312,7896,5697,7450,6294,1364,322,3083,9415
9741,1250,1265,6253,8357,2883,4836,4117,5007,5032,6699,5875,1984,7746,4557,8140,7785,9657,4829,8638,1840,6867,8502,6623,2765,8158,1627,8232,8466,4913
652,4707,861,2354,6831,9797,6795,4010,7448,7362,8250,7968,7995,8989,345,6230,2572,6471,1780,3275,3562,600,8047,7362,856,827,8038,9875,2313,1607
1344,1764,895,8105,4891,6520,2585,8927,5437,3760,6469,7100,6396,8409,9901,8413,5941,4333,8998,9882,3044,7299,264,6869,268,117,3130,5506,1001,3269
6869,3369,302,1554,7902,74,4703,3587,517,5423,2791,3376,2518,5381,9017,99,7616,6973,9648,8304,6484,1834,448,6626,5235,1558,7199,140,4763,5459
9563,7341,9044,4573,4680,2279,2870,3768,5469,5009,2439,5886,6941,8303,2630,8657,3701,483,7426,2540,5260,6172,2021,574,7656,4683,8313,1365,4039,3274
9261,1437,9140,1974,4110,1193,5128,4342,4023,9461,6271,3851,7959,1112,8592,6167,4121,332,1741,208,1591,4473,6084,5122,9774,2375,9113,6854,811,9651
8566,8911,5564,4378,654,9179,5621,1324,2603,7562,4397,2661,9409,9060,4104,676,3178,2720,3102,1571,3108,115,7431,8761,507,602,8780,3154,1083,2797
5184,6985,8131,1485,6400,6376,7793,4643,4017,938,8404,633,613,287,1200,2580,677,8571,3135,1488,4303,7770,2088,5589,1577,3600,8154,5688,9916,4017
4273,7856,1833,4874,4330,13,1145,9784,8526,966,4996,1417,4725,5847,2810,3636,2348,4104,451,97,3447,9266,135,295,8882,1,7690,8713,3905,2711
3347,2415,8843,4358,612,6298,7140,6636,5787,3773,2010,6180,2569,6455,9526,6380,6324,2863,7537,3909,3474,1815,2655,671,6296,5103,80,2652,7964,4783
5148,3051,5438,1205,1715,8181,703,9265,33,1638,5545,1683,3590,8359,5526,4368,27,2846,1583,418,4634,9063,1541,6673,6637,2579,8516,6548,8324,2898
3911,5878,7357,2468,2452,7457,9796,3737,6059,6962,9601,6045,7513,4079,6826,2469,7740,4917,2818,9378,7861,1322,3923,2859,1936,3232,7614,1932,4088,8990
4352,116,3751,363,5261,6115,3915,231,4057,2699,5311,2989,3159,121,318,2694,7239,3227,7965,3435,4169,8369,7625,6107,5175,6480,1376,4097,2986,5376
6485,1349,8738,8727,920,2007,8849,8396,1594,603,7088,3581,3918,5119,3818,7815,6852,3798,3468,5636,4358,3323,3738,64,211,1770,807,1358,3778,7177
2145,4344,7984,2985,2902,8377,154,8733,8198,5722,802,8661,1229,4908,8782,3760,5264,6092,2660,2235,8480,2828,731,4675,8691,649,1227,4854,8455,6975
4916,5424,493,4654,5060,6562,7676,251,6576,3545,9393,9432,3955,4874,2655,8371,3011,7203,3183,5296,1593,185,2206,2475,4840,2247,7682,5658,4118,5914
7492,704,729,317,4955,1673,5632,8655,7014,2752,3596,2257,5655,5,2507,4315,6043,438,4747,9977,1199,4701,7401,2163,1569,6946,2164,8831,5881,8340
5181,1452,168,625,754,1410,8895,6095,5504,4970,5053,5477,9842,6559,295,2533,1793,6053,9998,7586,1823,9069,1460,3648,2609,7075,7762,4204,3299,9385
1189,9113,6402,1346,9878,6887,9844,3127,8636,5819,8775,1752,5561,4518,551,7492,6019,3651,4474,4327,7035,2642,6199,7971,44,3195,3060,1482,7637,8060
153,5267,259,18,566,6750,4644,148,9842,3240,8870,2151,9248,1464,1497,3220,1595,8711,876,8424,8016,7007,8374,9830,2946,3446,6283,964,6955,1203
7509,3034,9144,7121,6044,9020,6913,3510,5609,3495,166,5449,8483,9597,769,2746,593,4199,9226,4098,6900,671,3567,487,6562,6610,5308,3769,109,651
9225,369,1473,3910,7100,1709,5675,156,7419,7103,1009,748,6934,2344,4877,5372,8373,9262,1952,9178,181,7981,6965,3032,4137,803,784,4981,892,2899
1639,5840,1852,7347,3105,2865,6094,5424,4631,1514,9352,5505,1458,4698,2089,6001,2732,3411,801,3703,6581,6872,9943,8221,752,47,2055,6810,770,2733
1201,3360,9897,9767,9733,8169,2633,6153,7310,6506,5622,6110,4401,5646,2249,9035,3810,6602,3434,1103,1172,1093,2844,6248,5048,9859,112,3149,9053,4446
8809,5328,3596,6738,605,7796,8843,5063,3190,5790,9098,2000,6730,4824,2589,7563,1848,5002,7044,3295,714,7278,2604,9543,5004,7490,4445,2665,3389,5339
3493,2013,9979,3067,5180,7197,1019,3014,2940,5061,8970,3627,2946,5202,9868,1497,6721,2529,4342,6920,6500,1090,1200,2188,2009,3133,8965,330,8874,5546
8289,6791,9470,8217,5303,9771,7472,1939,9244,491,1202,5336,8541,2327,9532,4830,8242,7007,9395,7867,1431,111,6265,4833,2217,1356,7956,4538,3840,6021
4346,7616,9040,8241,5951,1536,7113,5782,7023,4641,8565,5338,2613,1229,7038,6299,2817,9884,8562,3628,5399,736,7221,2749,7558,3326,8356,1851,6883,8713
2171,968,7112,4549,9531,6480,9612,6151,6419,3647,8672,116,7848,4745,3652,9281,2551,8114,1302,3926,3158,7457,512,2081,1535,4897,2703,7925,2642,4881
5719,188,9151,5852,2300,8594,3819,9700,7541,842,4785,4858,5659,349,6931,4764,6854,8978,5995,4167,5666,9659,406,4126,7183,319,7697,7423,292,2815
1128,1366,880,8108,7091,8285,6521,8005,5387,3638,4162,1866,6440,1589,6245,6066,4778,9836,9986,1627,6716,1786,8704,1624,8032,230,3805,4993,6443,5035
4003,3589,6370,928,5905,5365,1524,7403,4563,4363,6422,14,2289,7354,8075,4598,1142,8339,8842,2440,8393,3313,6561,9813,6290,9676,1233,7081,9428,4622
6055,1711,7914,4941,6654,7088,646,2817,6132,2797,5658,2060,3989,8521,9835,6432,6493,9163,8534,1712,8729,2553,640,3938,5140,8615,4104,8685,2687,580
4670,3296,9680,3080,2885,3222,7641,8617,9494,5354,9380,6102,2757,2183,8612,6935,4571,8691,5636,2340,6196,8104,7901,1248,8075,1311,353,4793,725,4177
2585,3466,8536,6867,9442,5184,2164,3180,6991,1719,6209,7429,8190,6400,20,6455,5908,9167,254,6634,2045,6680,3299,4053,1900,1798,620,3960,3658,128
7180,4008,3511,7512,9094,6507,4891,8328,898,8722,205,6025,7657,5050,4119,8932,6005,1867,1202,4131,3870,5152,5357,491,2055,74,2688,3833,5299,4500
8901,698,1257,8092,6081,1223,3662,3721,6714,1551,9114,4200,6941,2186,4771,4135,2962,3311,8799,4070,7532,6660,3417,1782,989,7831,7164,6428,2989,4544
4957,6505,8731,8742,8912,2172,3494,4825,5622,7813,1415,9362,9210,5799,7074,152,5227,8386,7918,4097,1355,1500,7773,9301,7949,1701,887,2550,3435,9483
8667,645,6209,1822,8416,7990,415,3430,4008,4676,3930,2631,4922,7298,1261,6411,2932,381,7484,9813,9113,7646,8173,1908,2329,1901,6074,6177,4410,1317
129,1818,1847,9799,2694,5457,6259,3591,1622,136,5159,6002,4863,4855,670,1429,6562,1278,7291,5774,4861,9606,6746,2240,9469,5978,2370,6041,7313,7013
9087,1630,8604,2800,3916,1718,4634,3576,704,7582,2310,8041,9100,3679,3479,9441,5746,5358,5475,7877,9307,1897,6542,6249,7655,28,2398,5161,8992,8915
4906,4984,2190,7628,1759,4137,6790,8841,8830,4058,5587,4466,4851,6878,2922,2169,6482,4737,107,8180,9678,8668,3811,5671,451,1279,1212,7149,681,7296
1698,433,3404,5576,5413,7954,1127,9876,5714,9984,6251,9609,2110,6306,7474,7745,737,4607,4381,1087,8360,1172,2854,9460,6725,6613,5768,5995,7269,3234
2201,1184,1568,5732,5491,1519,8172,2580,7476,2369,8447,5164,5091,8698,2324,178,3537,3488,719,6395,6666,4257,718,3814,6154,2343,8411,281,3013,8491
4334,8222,4185,6144,8558,5852,9817,9076,976,1630,599,876,1990,4304,839,282,6565,8335,1673,5368,7493,6465,8925,5830,9329,4592,3605,7539,8434,491
1892,3679,4508,3182,3063,488,467,499,5736,4091,1066,2254,65,4439,5095,1829,2363,1931,1923,2005,2605,1885,3612,8753,5803,6151,5829,6951,3513,8970
1754,4246,4575,5615,5294,6465,6075,9183,8864,4502,2678,4277,2993,7713,1809,8794,4932,5493,8366,7956,5766,1044,7562,7475,9872,718,6210,8915,5711,275
9065,4559,3807,6479,6658,1333,1366,4295,7866,6817,597,7403,9273,6934,305,5190,121,3319,8223,4268,7255,3436,1001,624,9769,2492,325,5301,7566,5862
2547,6519,8777,3119,2880,9856,2763,4576,2887,6713,6216,507,6966,629,3071,2841,825,840,5317,5871,5776,7768,431,7868,601,8826,9283,1210,8339,3107
4463,9962,5630,4628,2497,3674,2895,1634,4478,3783,7167,8835,1890,4161,3310,9277,6442,7972,5280,3018,1990,3181,5317,807,8350,7186,3079,7739,5524,8813
4617,3053,1400,3603,5275,8451,6473,4701,6661,5334,6392,2764,2601,6654,1889,5468,7759,9617,265,5751,100,9393,4283,675,8385,9150,3697,528,9962,914
9910,2757,8377,2229,2495,3454,1641,9240,8119,3750,8562,5580,9972,1907,7058,5206,818,9282,7613,5943,157,7061,2121,2818,6809,9977,5732,4897,7481,7794
3451,5262,6253,2106,5759,8320,9711,2163,4318,79,1939,2502,7828,8388,8979,8360,3132,3115,2691,416,1383,998,2212,7320,9343,8492,2068,5743,9370,9342
5618,8049,8989,37,5814,4222,451,5123,3266,7707,7821,1637,4794,4891,2999,5078,414,6070,9293,5530,8394,1382,3567,7732,9541,3252,7640,1078,4558,7313
3336,9394,436,2278,8807,5023,6090,5378,501,9020,2886,2908,5565,4189,8383,1545,8299,4689,1319,1046,5538,5203,7778,3324,3498,1373,2734,3876,8530,7790
4326,6724,5441,7301,9040,8194,1772,3482,5067,686,2601,9392,4577,1575,2385,6846,996,796,1485,8583,1229,2470,2533,9415,6003,5820,3326,8320,5346,9742
8281,6658,3216,4425,7688,9922,9971,5853,1432,805,2702,8369,3093,9623,3905,9017,7342,1781,8911,4673,8904,209,3414,7482,370,401,8269,9365,7407,31
8005,5389,6908,7751,8364,1864,3771,8333,5588,4391,2702,2758,5181,5391,6999,9169,3741,3677,48,3224,9944,3111,923,6299,6455,5935,613,6738,2953,8420
4115,7529,229,8807,6798,9211,8042,5870,1154,4141,5072,4899,3933,8646,7873,1938,8620,114,1437,4599,8636,4904,5761,1102,9690,7030,5591,5854,3707,2829
833,6107,7354,5784,3189,1024,1648,1196,6039,4472,709,9201,6633,3531,2482,2276,7651,4309,5288,5941,9053,6941,3891,5507,7538,3644,3484,3384,4251,7333
1513,9678,6556,4489,8751,4701,7734,4748,6016,4875,6442,2410,1626,5739,8348,264,1009,4294,5267,3850,2166,3755,4275,8031,9085,2426,9145,1114,9640,6907
6940,3342,2246,1750,8201,2905,4598,6639,927,178,7632,844,228,2729,4507,8868,7280,3690,9200,8678,5822,7932,9074,2542,4015,9621,5563,1637,6103,3808
4534,7250,226,1404,2315,8000,1120,8779,6015,9081,4307,6658,7227,4748,4467,1829,9542,4732,8157,4925,8934,2109,7993,8425,2386,3978,7003,3142,1715,1249
723,7158,6477,9152,4052,3954,550,4419,1179,3125,3199,6662,7224,4865,7291,8421,998,7053,8238,8708,691,5759,2027,5944,3159,1527,984,11,6476,7330
59,7945,4047,3536,9450,6626,8077,2639,218,4697,9515,992,692,5618,8169,2717,5668,7765,7916,3781,5521,2928,4966,9484,4247,2975,7670,9569,7449,6079
5465,276,3223,6101,845,7768,8311,6188,7179,4610,7671,3835,3886,3845,553,2817,1977,5021,2309,3571,7439,1799,7085,4559,2828,4552,8172,2954,851,516
2144,8561,3154,5469,6989,116,3419,6668,1050,4117,5249,7830,1348,3206,3382,2218,3317,1253,5724,1924,8466,6093,6795,460,4837,4580,6419,9500,5901,5340
4292,2533,9319,7343,8060,9652,7531,7412,9592,4104,6137,1730,3631,5101,5334,7255,544,9251,8580,9378,2609,3959,4040,1083,4168,8186,7649,9036,4956,3551
2648,7216,5228,4213,9959,6547,8570,3586,4787,6367,5520,2180,9477,5756,7012,8282,6285,9077,3012,7745,4299,1954,7632,8215,8353,3714,2138,5182,8706,1185
7240,534,6993,3852,5904,9979,1637,9982,6479,6492,7570,8973,7839,8577,746,2249,277,7910,1165,7281,7754,7023,2804,7442,5185,2599,2487,4849,4363,1679
9039,9480,5493,3070,6531,3855,5254,5685,1903,295,7474,1907,8064,1097,2450,2457,1291,9150,8942,8953,6348,8925,7643,619,9222,7461,8739,176,943,1495
7008,2926,6897,7064,9162,9083,8057,3644,2091,5504,828,6317,3827,8980,2665,2963,9052,6517,2333,4492,1477,5379,9925,5053,6746,3558,5217,3193,5952,150
9190,1841,5398,9220,4584,6130,6693,4702,8156,9066,7150,7338,3121,1224,2176,1979,5592,2849,6920,4033,5339,9484,4733,8930,2284,4780,4125,6604,7666,1318
159,1238,642,3674,1891,1749,7603,5290,6860,7769,6,7216,6090,3464,17,2219,4467,7868,9399,1795,4209,8640,1922,8045,111,7267,9841,3881,1874,1742
1833,7271,6401,9300,5028,5536,1714,7378,2697,2829,865,8929,835,6725,9076,5954,5319,5433,2738,6290,5813,2078,1898,3248,5205,4742,9938,175,2821,3324
1233,1269,5348,7029,9244,1054,2367,8968,8943,3437,8581,9952,9397,2190,8237,3687,2187,5340,462,1375,8618,6669,9618,7364,6477,4318,4481,1572,9782,4949
2443,7562,7674,8367,7828,2574,1970,342,8524,9720,1871,3829,6751,4109,6789,2702,3698,2761,285,768,5779,4920,2319,1161,4588,8832,8954,3356,4135,6231
8939,1720,9070,3157,1486,9665,7791,8988,2179,6684,531,888,5782,7974,2571,3912,482,9589,2168,9579,8746,5319,6190,5059,8087,9419,7108,1611,6328,2539
591,2015,8808,2133,9656,1735,2534,9777,3770,2177,246,5633,610,9559,1641,4740,5959,1411,8331,4160,5104,5249,3881,6799,7727,7558,2714,3003,9725,4039
6050,325,4266,5106,7414,3916,5123,7368,4647,6119,4951,8240,638,4458,9798,6312,1043,2187,276,5085,1945,7203,9160,1608,2563,8451,3602,5599,3134,5992
9544,4120,9633,4124,5825,3002,7873,4940,277,3603,254,6320,4061,5298,70,1607,7338,2705,9942,5614,9770,3816,4225,7290,4206,4600,594,2417,2973,1920
9053,8237,6010,4874,9960,1311,118,9712,784,3588,1930,1742,219,9697,9950,8638,6186,5845,4493,1644,4834,8911,3515,7373,7484,6815,8914,3870,1577,7880
2427,8592,2608,6029,6903,2322,1819,4789,4104,1931,3519,6023,7636,6901,2029,5580,3490,4206,1593,9591,9286,9448,2412,8694,3534,8760,8071,2408,8888,2167
7042,6464,689,122,1743,8438,7289,3498,6999,9347,1868,8232,1049,7553,2540,4865,8642,6665,6108,1237,1044,4778,6443,5611,7649,795,7702,8580,5466,3982
2089,3788,7905,8148,9347,2755,320,6543,6958,4485,6691,2258,1762,5825,4465,2499,1515,7642,4119,5971,7304,4324,5661,3189,1295,1283,6291,9063,6750,384
686,8132,8002,8456,6818,2711,3123,5524,8539,9187,7558,9360,6015,6963,1857,5856,4200,6339,7984,7274,1154,9974,8786,4160,2899,980,1360,6131,7849,8977
5051,181,9802,290,7769,1266,9311,1438,7386,2106,3537,8794,3026,6525,5391,1226,3167,7945,6835,7454,9010,4759,6883,4093,9709,6834,877,6365,7532,2321
5975,3962,1750,2831,1986,1519,1969,6716,8794,6695,17,2675,9644,9834,157,9211,4984,1683,8193,6970,6490,8783,6066,6243,5777,4338,9255,9350,4852,3021
654,5131,4557,7643,9309,2064,4131,1182,3776,5030,7187,9499,643,4745,70,8315,816,9517,2505,4154,2708,4207,8549,7150,9653,9775,6420,2023,9335,4427
5863,5997,5022,8255,2293,9652,7531,5466,454,7535,3880,2958,9400,6165,4403,9454,1708,1785,7910,6520,9475,5902,9927,8782,9665,2142,5902,2598,5321,6968
3442,1677,3964,467,3805,6452,9937,5224,2979,644,1894,7744,895,9937,8229,5133,8385,143,7357,9960,8171,9857,2725,2395,9154,6974,4402,4166,7962,9069
4089,6414,4725,5596,7053,5707,1326,7194,3674,229,4025,5772,409,5163,4167,6510,853,6546,2788,3208,6359,3001,4528,2251,1516,1458,9312,8300,6958,4070
1685,1410,9297,3349,7784,1996,9877,1773,4820,1073,7294,5032,4792,1239,8574,162,1453,9928,3743,3609,656,7624,5733,6486,2937,5815,4361,4007,5952,1087
5795,2120,9815,5584,9324,6794,7716,8677,4268,1790,5496,8153,4287,8571,764,7301,4496,8966,3859,1172,5782,785,1315,6563,5228,1610,4330,2344,334,1403
9174,179,8704,8372,8305,4832,1434,2556,5826,8052,9174,6409,9909,3552,5841,6531,2024,5961,5763,2030,431,3335,5925,5659,1517,9562,1552,9731,1699,4980
6659,8569,3487,4275,6903,8999,3978,6847,5946,4931,1865,5113,3934,6843,9975,7658,1881,2662,5204,8202,8725,5964,772,8091,2732,6348,3816,9487,2879,3363
2533,9818,7462,1468,899,3598,3965,7810,3753,5840,6854,7066,9380,7187,4085,5629,6382,6117,47,2569,3682,3681,131,4661,6285,3886,2104,9707,8205,7559
3879,1181,203,3716,3707,5684,4469,550,9654,4771,8964,5618,3251,665,394,9934,3664,1823,6248,6230,7045,2503,7200,7106,4603,1922,7373,9295,8453,8636
2663,1870,1358,7982,8557,1477,4483,1781,7585,7429,5327,6492,638,7482,1923,2717,5846,5299,9026,8148,7547,3313,853,6810,9345,7474,8298,5504,8624,1201
2901,7086,3074,3492,8145,5148,3928,6169,8190,4489,2766,9414,9872,4765,3170,8842,7105,3709,5471,7412,8764,9196,8634,6012,9137,221,7927,7778,3123,1566
6756,624,8027,9250,2872,1670,8684,7097,6365,2177,5374,1391,5927,7422,651,6225,4316,5006,9409,9781,2849,1026,4085,8268,9429,9861,4119,8420,5422,2748
407,1051,5068,7497,3633,587,8885,6079,3722,3616,9609,7693,7103,7854,6059,3573,7271,7711,5528,8136,6447,1218,1840,2520,149,9230,835,3035,3781,1312
2939,3317,3918,3717,2994,3307,5818,1060,7579,1280,8472,5316,5310,9710,7051,8305,1652,708,4803,6249,4178,5892,9381,6141,6387,3440,2268,3782,6510,5838
5443,1686,8651,4980,9519,9161,2117,4139,4579,6908,4149,3332,8596,9469,9727,9588,5276,2368,4453,9536,2541,1519,8869,15,1310,6424,502,963,944,8561
6746,9144,3715,8845,5904,2220,7202,6073,6424,7420,997,5215,19,822,479,4104,9751,6838,8192,7903,4365,8522,2454,7336,4676,2149,2000,9832,3073,9158
4066,9099,5338,2842,3561,5411,108,8093,9385,4913,9419,9761,9585,3808,1235,5865,7829,6592,5287,4060,9755,738,8647,8930,2093,5121,9535,7259,7002,2741
4372,7052,2582,3652,6508,1490,410,7602,9562,5511,1339,547,4242,2017,1282,2520,9383,4206,672,3962,6198,7867,7823,4931,7712,3517,3177,4454,4991,5902
2609,8347,4503,9513,3277,5232,1626,1600,5759,5573,2644,7111,1508,6037,3914,4892,7367,757,9695,6909,8181,7882,7793,2265,4995,4602,2920,3357,2542,4744
1772,367,124,2621,4802,7029,1936,8872,3900,2305,7811,6259,5544,3259,4650,759,9912,2207,6746,1405,6047,7189,299,2575,5381,2306,938,8510,6405,5944
6268,5854,364,9329,2631,8294,1292,8782,2964,3770,5926,6903,3950,1606,187,21,6173,9114,956,2042,3164,9287,5645,6639,6277,2218,4270,4852,1748,8293
635,9474,8794,2711,7354,8946,9658,5167,8395,6075,7671,4146,2960,1275,5123,5684,6799,220,235,2830,8886,9335,8765,712,8995,3904,6107,846,9780,1900
7712,5256,1414,8180,1793,9382,8990,4126,7792,8842,4139,2090,9080,2782,6576,2311,7661,9989,1923,7397,4607,2367,4763,4815,484,4619,5064,3268,4737,7370
3645,6132,6786,2255,9170,5770,6087,4407,8582,2001,9701,4969,9283,4207,8213,4702,4894,156,8660,8889,5477,7090,2412,975,1349,2445,3438,5321,4473,2667
3270,4636,7729,3784,8282,8542,7335,401,8528,9300,5340,9640,2625,3579,3266,5153,8971,1705,3943,5470,2009,6004,5835,3197,2932,2208,1247,9132,7014,5212
7542,6973,9157,4691,8095,8512,8456,5380,4591,3759,3347,2628,3182,5430,7332,1901,2059,2380,9186,6170,8296,5549,9759,2757,6885,5539,6934,5132,2951,8055
5729,8897,9989,9979,5490,6972,3425,8968,9766,3974,9526,1785,5238,8493,8718,1105,7418,6442,498,9366,7764,1839,6281,4632,9774,2983,7996,7121,9956,1490
5001,378,3939,7792,6485,7195,804,7711,9114,360,2728,8101,749,8823,2380,5077,8025,6242,3153,2902,8062,5115,7396,1961,8924,2657,3825,412,5709,586
3729,7183,9927,7934,2903,7145,2607,3397,3639,1607,3985,3800,3971,2168,4260,9200,6264,9410,2417,9086,2677,3741,7216,9870,7875,186,6810,6600,6991,8359
3653,1450,3823,7419,9382,6769,1130,6790,1539,5361,6984,7682,9656,9471,41,6495,2880,2297,8934,1928,9371,2998,1483,4298,9527,3488,7795,3226,3144,1065
388,471,8735,6186,7063,8039,4626,7049,2308,5065,3501,1444,3105,9898,2198,5065,7614,3205,3138,227,510,5191,7997,6971,157,3931,87,6423,7856,858
3165,171,3312,4982,4577,372,5431,3371,9051,5485,2328,5372,2259,8514,511,5232,4835,2325,8583,501,7536,3359,9539,1180,7163,1979,1428,3124,9064,3604
6529,965,7950,8242,3311,3192,7041,7064,6070,6781,346,371,7198,4244,1030,9487,3098,6036,2922,7049,3631,1918,1956,5038,9924,5312,2735,7854,2895,6208
5379,327,4929,9287,5478,5349,2564,6705,8945,1999,4727,4979,4754,3396,4951,776,2310,8296,1254,227,8154,493,2632,842,6179,6768,4488,8385,4693,441
4565,7000,9316,6782,5273,804,49,5833,1576,6073,3642,7655,4970,6584,6746,1220,3328,1263,4903,8215,9014,2473,7436,6200,5444,6351,6654,6976,1926,9998
1138,4439,5320,7081,1592,9825,1981,2482,4591,2917,1796,8462,4894,5673,4878,4068,7518,9170,5308,413,1039,3436,9034,8948,6084,3241,2098,3208,4834,8435
4574,4141,2363,3772,3683,7021,2658,3488,1744,3892,7673,8716,818,5066,4017,7104,8304,4230,4382,1691,4623,4916,3594,7362,750,3588,6039,6733,3075,2472
5754,8825,6486,6248,4683,1657,785,5083,6504,8513,6658,9798,7480,1628,7350,1747,3967,1723,6209,3459,1416,3107,7238,4627,4197,5066,7280,9942,1471,9871
8347,4891,4937,4296,8357,7195,183,354,8570,6095,5738,1557,107,4672,8035,7705,3101,4456,3823,1340,4026,9650,295,1189,4064,1965,7631,6638,6313,616
6549,421,9004,73,3979,9549,9508,1708,6472,8658,2617,7405,6176,9601,5696,9875,8830,4046,5495,826,5871,7472,7243,1366,9787,7878,1605,5632,3353,1242
8786,5840,6555,7282,2199,2033,4017,2156,4060,1925,8600,2676,2438,2919,7801,6019,3585,3121,3722,3348,1145,6101,5249,5986,661,445,8918,3962,2891,3102
5426,7383,6066,8914,2518,1578,6691,2313,4724,9543,4680,3038,8561,4063,4887,5052,169,8719,7697,3410,3825,2060,1013,1363,1546,2129,1290,6682,9721,3657
453,5030,8515,8718,8174,5484,6906,4961,2041,3446,3850,8574,9353,5499,3290,9868,4333,39,3298,2381,2262,8139,814,7201,4515,5298,93,5204,9202,5966
1890,531,676,7801,7974,7163,3535,6809,5139,8571,5385,3678,5140,5358,4123,7679,2514,9069,4331,7167,1700,6657,287,9914,6616,2865,9679,867,7858,9807
4280,2048,6103,912,3317,967,514,6598,1969,7770,1025,6670,2727,9231,8273,7630,3488,9568,2711,1630,2434,9616,1748,9755,6178,5457,6460,1495,926,2957
2926,6516,4476,8026,8162,5468,7927,719,5645,7204,3715,9933,2341,5207,3852,312,9967,1192,5787,11,1716,530,7148,144,7006,5651,4959,6204,6189,5638
9513,4959,1278,3984,437,3072,3305,2043,8133,4709,4009,7833,7159,3959,3046,303,7955,8147,4417,4830,5848,6637,2919,9934,3881,8213,2764,7465,27,4342
4350,4442,751,5208,8358,6698,1794,9825,2667,3229,7440,2458,1555,9544,3877,1556,1986,1524,4160,3572,2458,9485,9098,8258,6420,8893,270,3155,3797,6455
627,5122,1385,8583,7664,7681,387,766,2670,8389,4356,1922,1704,5390,9744,1647,7550,8005,3996,3856,2472,4541,899,3214,8598,8868,5217,7592,6227,2294
1777,1330,8994,8594,5221,8487,6943,9614,151,5183,7178,4239,444,2797,7915,8525,9371,4597,4992,7113,9049,1787,2659,8712,6522,7773,7907,2134,3248,4673
9775,5785,5710,8078,502,7783,9720,5758,563,6578,2265,1744,9143,4055,4697,6016,7039,8760,4790,4093,4512,3517,7128,7143,8493,8174,1745,6059,2889,9526
7120,721,8541,6876,6807,8462,2184,8537,4090,4048,9067,209,6128,6962,8568,6005,6255,3237,5810,6746,4277,8162,885,956,3940,5697,1142,1757,251,3181
5664,3546,371,2998,5674,1959,3616,2849,393,5156,8050,9811,205,9008,2353,5081,7887,6717,1629,6026,7783,2592,4520,2758,1862,2730,3358,9669,4965,6193
5140,8886,6566,5649,428,3760,7185,5455,1408,3725,8344,5669,7517,221,7008,7356,2315,3935,6576,2236,4148,8076,3892,322,1504,6265,7203,2162,3053,7011
7150,2030,9020,7069,5574,3254,9021,5188,8830,5217,2779,815,8486,3287,2107,7414,3786,771,8453,5037,8216,2593,2006,4146,8782,7806,2366,8560,4377,2978
9933,6823,8175,5522,3233,433,5989,7171,7271,2922,7486,2111,9985,5659,7387,9149,3246,7962,7958,4107,4284,7107,7941,9013,944,3663,9978,2578,9244,2491
8380,5417,5743,3772,978,8847,9934,2351,5370,2496,1294,2191,4594,2978,7811,7903,7187,6588,4178,6951,1503,9618,2215,5719,6460,7366,4490,6903,696,7263
1895,5900,2623,505,2107,8087,9101,3902,9027,7318,8576,1554,4634,6733,9948,2588,4162,7118,6027,8495,3568,525,8713,7872,1328,1200,1041,1077,3609,6748
6312,9338,192,6819,2894,5329,3267,6100,4128,4452,3688,8566,9390,4544,5461,4057,2100,627,8571,465,4814,248,7189,8300,3667,3301,1420,8950,6563,8548
9447,7350,2595,3603,7708,2327,6421,7798,2761,8570,4309,4263,8866,6269,4286,211,8545,7142,4234,3581,4386,9169,8976,4355,4756,2710,1597,6531,8637,2809
3115,4628,4242,6590,7740,2685,5915,8174,99,1428,8556,3141,8706,5483,6834,8278,2372,9116,5934,7220,1543,780,6663,8387,788,5059,7534,7499,6871,4964
4174,1797,8036,1683,9645,4737,6273,3599,8900,1123,4303,2008,721,4537,4989,4501,6275,2366,5676,4239,8302,9008,9203,8088,6342,8630,8531,8598,5493,5249
728,8123,6842,8538,630,1190,1791,6627,5316,5830,8179,2681,5756,3077,8491,8841,4843,5332,9036,9111,2510,9519,5533,3621,8655,4149,1329,4960,691,317
7145,5855,565,458,2639,770,1926,607,9987,9285,7075,6575,7691,6425,7087,153,7918,4780,6686,2429,5460,5448,5387,3952,4349,1754,1013,8849,4609,8237
28,8246,4330,3111,7683,9907,9157,1525,5999,8972,3190,9254,9969,5042,1594,8024,4134,9508,6299,6429,4037,4537,5477,6511,3148,267,570,5190,1094,7235
8519,3061,8948,4106,6857,4894,9422,8746,8920,3776,8009,3835,1630,2599,9527,4419,4045,4466,4274,7109,8707,2656,2771,2942,4408,3323,1506,4635,5596,5977
8822,1792,1120,6225,4931,725,1496,9043,898,6672,6160,5519,4922,8286,4034,1195,5807,4426,3406,3840,8667,8238,227,9339,4424,7036,5473,9908,4717,7499
3229,7285,1,5769,1269,104,7943,2129,7963,8284,7948,8967,9667,1779,5945,2092,1942,8256,6655,1610,6973,9179,7081,7498,3497,1238,7071,8918,1539,6779
5968,6956,5136,7245,4930,4198,9582,9209,7099,7252,4406,4177,9851,6075,463,7158,6820,6806,866,5467,9089,3687,8247,1474,3918,3971,985,3861,5605,1098
7067,7094,6393,3806,8135,5648,9691,8672,9008,2645,4875,2010,5434,5407,4137,7704,2856,2780,8272,3115,490,5178,4318,5439,2787,8682,2016,3382,2040,545
1147,7847,4228,4651,2937,3150,5398,779,479,9051,6681,3089,9140,9966,2851,9657,3182,8349,7213,1935,4781,810,5294,449,8113,5147,7246,8785,9050,6641
5410,2843,192,9103,3199,9102,9169,2917,8467,5348,9162,3249,5534,5706,8077,6997,7412,6711,5869,695,1064,2039,3023,3966,6033,3848,8942,9658,7932,5280
5144,3635,3046,8199,435,3524,2021,3303,82,411,7470,3802,5768,8070,9660,4289,5219,2145,9945,3926,836,4103,6245,8337,8618,3630,6152,5860,2866,4107
2042,9820,1679,7695,6448,6052,4850,4797,4866,8748,4035,6893,6505,531,9305,8884,2100,8170,2627,1708,63,839,2094,8269,6297,181,4987,7978,3362,3669
4921,4367,7538,4515,1771,6074,5000,5246,9661,1659,7769,906,1096,2902,7768,6935,6923,8063,3217,193,4115,6823,7130,2660,8502,3544,9506,151,290,4439
8309,4235,4197,3511,7127,2190,4042,2303,6940,9295,8923,1723,1733,4752,1758,7419,147,6577,1119,6090,6531,4121,7361,3166,1032,1705,7364,4411,9595,5735
5068,8101,3117,2309,1576,3317,6430,3031,7660,5977,4030,5886,8931,7319,5563,4508,6720,8265,7500,6976,1950,6273,4193,942,5942,5585,1776,729,5572,1219
6692,6669,5039,5723,5929,7331,4980,7133,6367,4849,4221,214,1400,8895,8833,5619,8071,7363,6390,2051,3717,4115,9210,4755,8181,6417,8113,3081,8184,6678
5345,1672,493,3676,4527,566,5756,419,2918,3255,2653,8038,3379,6390,299,9806,5450,7660,2340,105,6198,8773,764,6632,1294,5176,9929,4696,9427,3812
6593,5158,535,1907,2002,4942,255,1783,6433,6263,6441,8278,6531,8715,8099,7310,9574,5789,3039,7145,4651,5028,8408,9353,530,9784,5118,5447,2201,1136
4845,5250,2915,4210,8514,9874,8746,8567,1932,7643,6748,4297,7260,4081,4635,6729,2968,3665,4571,5538,4054,638,9890,7519,1023,6292,904,8646,3897,966
9084,4731,5750,5212,5993,4909,6836,2054,7372,3130,8472,6620,5929,1338,8671,1624,6275,6966,1725,9260,7500,3793,6680,4110,5194,6122,4716,6750,3472,521
2086,1775,7089,5313,4761,6911,2996,9246,5524,2091,3226,1936,5351,8989,3760,3844,708,7143,4476,9200,1195,9762,2383,3909,8731,9997,1765,4548,4406,3861
3144,8332,6945,428,4857,1816,8615,2206,1092,3807,1326,2669,1624,6183,8250,508,4742,2804,900,5250,572,8744,3215,5524,4610,2628,2040,9337,2716,3606
6889,8375,4667,8863,8878,6925,6483,1449,4651,8561,7193,3191,1556,3245,5511,8091,4213,1790,4522,5222,7109,5422,1119,7532,2661,6981,9068,8121,8873,400
6212,7170,7082,2138,4116,6854,7137,4399,7093,5783,5101,5496,5531,5310,8210,2093,570,1296,170,7388,220,3351,5579,5436,8044,3730,7082,9093,4451,2365
2852,9043,8625,7551,6737,5694,6306,5502,5552,101,2582,5422,4795,4992,9590,3874,6580,1788,5683,4034,7132,8573,7423,1283,3995,5313,1397,3810,5292,8485
9325,7894,1408,4669,984,8156,3759,1459,8940,9861,6160,8711,879,2203,563,2041,7117,2371,6087,940,131,4591,7590,4199,8561,645,2670,437,4427,3235
4931,4222,4906,2076,2160,4208,4325,783,8658,7550,790,7291,2723,4219,9783,302,5820,9662,7786,846,4346,2063,4836,1838,2120,5836,6810,1276,3802,6671
6654,6334,255,1899,8099,744,3380,8552,1713,2676,1211,5732,5782,10,2456,3089,5759,3058,8273,273,8692,2427,2313,9959,833,5371,2813,6681,6856,9834
8978,6597,6721,9707,7609,9257,4613,7305,8118,4415,3413,6251,7752,2879,7884,3886,8399,6055,2535,1044,5816,5644,9839,869,2182,1026,1173,6396,9058,9646
7,579,3252,7508,2231,8042,4680,9644,1855,5645,2087,2861,3161,9895,8537,8641,7221,2415,5847,6462,9754,7983,5993,8724,6361,6062,436,9391,6623,8437
4979,338,1897,8030,3699,3764,4528,4493,3128,213,8883,1126,6003,9283,2240,7029,955,1565,5129,8625,8202,2468,5442,1022,3224,6125,2967,1761,605,8401
4701,240,7669,1638,8066,4434,6527,2159,2810,5477,9215,7483,4867,3428,287,3785,3181,3336,4999,3680,4565,6914,9396,2821,9065,6906,9457,3429,3938,2511
3444,2769,6217,4404,9005,6645,6103,3744,7461,6440,6469,2686,8438,2535,1243,4433,4106,3220,9437,885,5935,6255,4775,2911,5219,5092,2614,6312,5987,8715
7044,4766,7343,8889,3481,959,662,3304,3276,4515,1429,584,6772,3767,2925,6445,9942,2898,3563,5561,47,2368,884,1595,9970,4454,9691,391,69,9518
9503,3117,8348,9632,6492,394,7480,7878,9975,567,656,2537,2184,4534,6804,6510,7089,8497,4167,6281,9942,135,109,2181,1141,8206,7710,2800,7066,1666
9940,5732,3977,3946,8617,6441,5385,410,7373,311,3367,1152,9557,3040,8712,7290,4816,3153,4480,6924,1798,3819,9064,6318,5371,1128,2922,2924,4153,9803
5280,5243,3138,67,6745,3126,7660,74,815,8286,9054,7709,8458,1886,1222,3929,6217,5582,5525,7270,646,6268,3936,5520,180,5234,6500,9907,8744,1116
7619,2542,5198,5516,6057,6838,1434,9306,9851,9113,6840,517,2853,6446,7126,6750,3297,3685,3948,1319,4670,7975,5700,8753,4788,4637,4076,5379,8371,9919
7239,8482,6053,3908,8398,6011,6092,9509,6029,3702,3719,5255,6667,8439,5215,1400,6567,2113,7535,6519,6481,9386,940,8730,7555,1559,4935,1125,1389,7170
7245,9814,6372,1101,398,8523,3408,3747,2233,7111,2397,9305,2626,3494,2699,5078,5546,7094,2631,3575,3340,4318,1389,9703,3632,680,7442,6057,1929,2057
3502,8400,339,2550,1885,1454,6651,3381,8795,6221,2105,1103,4506,1750,4245,7047,5203,1678,9731,2115,7561,470,4532,197,8855,53,610,7125,4247,3716
8376,7212,2500,766,8301,5655,6344,2055,2333,3138,5346,3950,5519,632,2255,2042,8421,6901,4706,3821,1283,2274,1412,6144,5831,7952,120,6235,4529,7507
7753,6773,5131,6381,5097,5555,9237,1153,691,927,5944,5294,1277,7312,4750,4136,6154,2364,5649,3218,7781,5685,166,3794,9669,896,6775,3271,400,2545
2781,9492,8479,5696,2068,7229,2515,9433,8971,9783,5521,663,2870,9820,7884,7955,9201,3533,9571,2788,4643,5831,2365,6413,7195,1514,122,7504,318,188
1390,126,7888,2197,3855,1111,3759,6981,6869,7024,800,9153,9227,3970,3495,1176,6964,4420,809,7306,4481,305,780,8519,6218,7282,524,9881,2450,4097
4650,4430,4814,2231,4458,1073,3018,5438,6069,486,9217,9960,7951,9988,4260,1137,4367,7652,6982,4080,4299,5462,7776,9760,6773,762,4160,2520,9029,6573
8446,4094,8559,6411,1838,7753,5737,9299,7998,3733,7784,5107,9181,699,7259,57,9477,2419,788,4209,118,4404,2360,2160,4773,5671,1989,9794,1925,6560
5492,9113,6383,8981,1992,4372,5236,5926,5301,9964,5709,3741,3314,2898,2661,4586,8238,4180,1451,6105,9893,9676,5480,1663,2274,5179,1628,7477,3925,5412
1531,5131,808,1152,9638,1055,8590,4720,7280,801,1604,5715,6281,4578,4604,4314,4707,6135,8792,5298,2839,5443,9110,9767,4554,6823,2791,8987,971,7680
3849,4969,9451,9454,1227,2659,6397,791,7513,7858,2440,162,5299,3565,2912,1045,5832,2022,9879,2962,5404,3367,8887,7523,8676,1388,9381,2492,256,5505
5086,149,3908,2859,2671,3355,5707,9533,8390,5813,3790,5817,6214,9530,4457,4266,7677,8125,4131,6307,8286,3121,1886,3493,9906,3931,7162,8068,7982,4565
3681,9254,9760,9927,581,3727,9131,2263,6452,3846,456,8547,4872,9880,8972,4830,5060,7536,5862,8735,4843,8471,6228,9296,4118,2221,9595,4636,9929,7344
3263,8219,6975,6250,670,6916,1134,4872,7176,4158,3972,9238,8966,6081,299,6038,42,5473,4811,1284,6863,7417,4556,9374,777,1824,3569,5718,1389,2904
2415,2818,4669,1398,7143,7744,2521,6625,5484,407,7739,4537,9587,7795,1257,9095,6586,7650,8773,2643,7337,308,1397,6508,5081,7889,6905,1357,7423,5396
401,994,278,2879,8387,3236,1659,9216,2741,8894,6341,1940,7728,7633,9137,7554,9828,6349,6457,7995,2388,7187,8124,4356,9315,5971,6642,9183,6954,3644
758,5026,8407,7518,1730,4862,5247,6382,7691,6080,3053,8058,5422,1472,3984,3663,5090,6710,3842,7949,70,1070,6378,9458,7425,7706,5721,306,8153,8736
4012,2137,7052,5350,9967,98,8567,6753,8635,7719,3621,505,5486,8012,7753,6053,2218,8363,6668,6406,9311,802,9486,3867,9020,5286,2935,7948,9081,7501
7785,1968,1630,9158,7251,1871,3895,9753,2511,7449,4714,6430,6945,1800,7686,9629,4349,6695,2411,9777,509,3650,2641,2318,1018,4156,2118,612,8807,2671
1194,7413,5586,6122,8260,9905,497,2975,4417,9612,3404,4345,8239,3826,4602,8717,9324,8618,6213,7459,8571,5406,6169,1650,2731,2082,320,4234,1109,6855
7462,5510,2878,7683,6881,9248,4896,7534,973,417,9525,2933,4280,2877,1740,9355,5110,1172,3975,2449,2971,1969,1165,1421,6223,9874,586,9048,3944,3995
6791,4191,7428,6396,8447,195,3720,8350,957,3681,6096,7961,488,7192,4409,7383,8026,5410,2031,9105,5030,2612,1393,2633,1727,7750,6753,1140,6095,4726
9432,2422,1936,9491,3471,4115,6380,1045,3853,9487,3316,6487,7955,1525,1367,431,4185,7842,1244,9248,723,3330,6078,3875,1859,4467,5343,8463,5248,558
3186,3761,5085,2742,1369,8740,2871,6264,1541,9427,2555,8919,1459,1623,6469,1535,9555,2929,1022,3401,7348,4936,2500,9191,6658,5226,1757,9876,830,4024
6292,472,1984,5535,9963,3490,2474,8893,4615,2823,1794,6286,453,8138,5878,2260,785,6712,7587,4327,2968,4213,1441,3498,6694,5893,3617,468,5046,5896
8100,1499,8429,3066,5235,8722,1558,768,1332,3602,6191,9705,1178,5753,658,7703,5000,5001,1078,8145,3547,358,2613,7847,3170,724,780,4299,3947,5822
6548,4361,840,8350,3781,6106,1363,4940,7953,9368,4770,709,8360,2746,4458,3884,9276,5715,2595,6327,7005,2797,4791,5857,6023,3926,8245,3471,6745,1041
3998,4306,2402,4476,6620,7718,3672,9242,3317,8044,1248,5111,9587,4004,8789,9914,612,8248,2626,2979,1843,3295,592,8089,5192,5452,4262,1731,1736,1895
2418,2822,1282,208,3719,3511,845,1475,8041,7977,8406,82,9736,1352,3793,2646,4484,3928,9167,6761,2155,3752,6375,9368,6208,8345,450,6138,6151,8769
91,9394,784,2716,1581,5447,6499,6457,8840,2318,4885,4081,5012,3388,5373,9300,1434,7366,8971,5118,3467,8214,8209,2940,3018,8734,8393,1610,2275,9324
1747,7229,1490,9190,1441,6562,5066,2647,8182,6369,1492,9886,3284,2815,6248,1353,825,2776,9822,1171,3875,3236,2586,3194,4817,1825,6642,5474,9812,6611
6966,8221,747,9632,7711,629,4084,1342,8475,6633,150,7267,4473,407,6146,9883,4911,3710,844,207,6797,8082,6442,3911,2578,8848,4176,3416,7946,4948
3586,755,2977,8285,293,9609,2161,7547,2420,415,7953,8058,4197,9641,1278,6650,959,2912,1435,3273,6567,1632,1334,2770,20,8939,6600,4948,381,4056
2882,2735,2071,207,3955,6795,278,1809,8874,3742,1844,1289,5987,863,5924,365,6773,1723,7263,4978,4038,3626,7204,1562,6050,9320,7390,6652,9918,6633
8487,1514,2119,8153,873,5333,9826,2380,9625,9266,1618,4409,4779,9248,6472,9085,1864,6517,3039,6329,3348,5547,5364,6613,1499,5135,2909,4582,1829,5821
7612,6250,4173,8849,1495,8809,7467,830,6320,3544,5374,9667,6364,4493,6439,9744,9595,7944,1780,8217,1893,5344,9347,4868,2463,6477,1387,7877,5842,8469
823,4905,176,8914,1136,5648,9099,3567,6634,3887,7038,3813,5791,3602,802,5113,1697,3620,7893,2032,4236,9377,4524,1306,5824,2489,3209,7746,4891,3607
9133,8917,6193,9438,8767,123,1592,4991,1936,5997,1529,1503,2701,3293,9438,8562,8530,3238,2034,1755,5142,9452,9350,1047,7665,5636,7751,4230,1982,8102
4083,9784,5622,2833,6513,1791,8784,1380,1679,8864,265,5840,4893,705,5057,4587,3444,7442,5716,6308,2901,5463,2847,3396,4306,3523,8712,1210,67,613
1989,2218,929,8542,7800,337,4932,1136,6444,9266,4146,4609,7682,5068,4550,5344,7371,9,7121,3077,3531,2595,8134,3013,7286,6747,8597,4109,7745,7727
7479,8631,3248,8559,3200,5095,1851,5117,9465,6200,4478,8393,5289,1467,4869,2634,5312,4103,2407,4882,2777,2999,1889,4920,5332,4641,8703,2154,6285,4677
2185,5889,8361,8831,5869,797,3890,4240,9630,4061,3739,202,3142,8207,5138,1452,9465,1574,3114,9371,1422,3705,5002,3247,4665,5627,7278,9556,2493,4789
7613,1131,510,4955,902,9978,590,9077,2886,4808,7014,288,7336,9861,4559,6045,9522,6289,2518,8574,7808,1099,60,6874,4936,7087,2924,5880,7869,9788
8703,6083,9062,3783,5950,3583,7184,599,541,4980,5485,8828,3519,2989,2778,3925,3128,7319,6355,9622,8643,9779,1040,7824,8218,4529,231,337,7918,7956
9158,7333,3903,8756,3471,8590,9469,1455,2826,1972,5564,5519,4038,5140,1421,3221,5866,7155,4793,1046,5097,3899,2001,5969,3910,6836,1182,4800,9749,5761
9756,5890,7054,5331,453,56,6406,3641,6386,9177,8540,4279,4879,7478,4925,3958,978,4640,5420,5239,5429,9955,6640,7885,5119,7357,4655,4329,1162,2402
5199,1322,281,3231,2151,573,5021,2954,6548,4782,7445,3440,6707,5719,8689,8179,7767,8463,6533,4607,4690,3716,8903,316,5781,2789,4847,8005,5613,1168
7252,7881,584,221,7080,9088,7669,524,8735,9218,2685,8155,5900,234,6584,8318,6167,4909,3210,8747,5892,3462,5165,8130,9431,4260,3740,2993,8651,1878
8271,9689,2811,7600,2053,9637,7307,1108,5616,396,9500,1266,7226,7888,7481,9715,3654,5244,6634,5216,3875,4612,7285,610,9042,2327,5597,6481,9255,6370
6992,1104,1990,777,1441,808,3276,1922,4988,198,2166,8902,2492,3191,3816,2363,9837,8264,2722,3807,3838,7871,2569,2599,5344,316,3386,948,665,5901
8977,1798,7465,7398,52,6283,3968,982,4985,2043,785,3290,1223,5014,2127,5417,1207,946,1597,9413,387,2964,8203,2483,3070,5354,6949,2083,6006,8702
7306,2524,6084,5981,4855,7603,2520,92,9879,936,2107,6542,3154,7041,2212,6884,1272,3409,6754,2904,2949,489,7023,2111,268,3300,8966,6957,2737,9104
2608,2091,7648,322,663,3129,2510,960,2081,6973,3497,3086,9977,2201,8037,1450,5581,4352,7528,9322,217,5842,6127,2367,1919,3142,4723,5016,5639,1885
7778,7959,8803,1981,4842,1471,8383,7817,4423,1373,9565,4084,4520,7776,6681,7560,6507,9107,4427,8461,2876,4999,7754,9119,4148,8443,4195,53,5437,3826
7374,6810,3380,4646,2546,4543,5061,5927,8714,4423,7548,525,9472,2571,2973,5680,7237,7251,9608,7736,243,3155,3209,1331,8477,5349,5656,6785,4937,4041
4247,4672,5923,3208,6965,6479,4279,9259,5730,260,6264,1716,8028,6731,7455,6827,2905,7048,6787,9487,1180,5584,3322,8488,7084,9770,7276,7120,5133,6439
4051,5702,6100,5315,8603,8360,9681,3720,7517,1292,1293,2665,7995,697,7759,3640,1937,3666,270,9836,8921,5976,2788,3209,1134,1722,2274,6864,2792,8333
4544,4452,2133,5580,2857,5700,6770,7100,7893,9479,8116,824,4476,7424,6620,4678,6289,612,4042,7952,7748,9055,8420,1876,8193,7652,7429,9274,2471,5468
8541,1003,1332,5791,6237,620,7313,7057,941,618,7571,6180,2299,1384,6799,6426,1630,9111,371,1618,1205,4717,5438,6430,2149,8577,9131,8001,8020,9255
7940,6469,8106,9730,8245,1070,6052,4223,4137,4711,6958,5467,4066,544,8342,3059,6646,3027,9227,7737,412,7602,4610,2017,5963,5614,449,8490,2667,7677
3920,2463,625,8950,4256,4982,4609,2173,7547,5358,6432,875,5459,8867,7690,2249,8430,9717,4504,308,2681,4178,9290,9953,7715,8539,7857,9164,1570,3081
4500,7495,787,4390,3335,9854,364,5480,8178,1032,7080,3161,3915,9167,8582,1199,6820,1868,7265,4982,4843,6974,9701,8691,6086,692,924,857,9293,1517
7207,9737,6587,9780,5413,5099,797,4341,9242,6717,3210,7689,3299,4762,5798,9684,2001,4414,6910,2854,5987,7369,5832,2540,7670,8369,7597,5887,7929,8560
1270,9667,3944,6178,6673,853,6507,3489,7325,4600,8534,7472,6427,3758,4173,9192,4697,8857,2388,3894,8196,7658,3689,6204,5052,1485,3365,7570,4593,1317
4682,9277,4418,3344,2879,9998,7879,9926,1158,7137,288,3416,9492,8922,5264,2551,4955,8681,6068,5024,7208,4828,393,6735,5908,9415,306,8079,857,3166
3842,5705,6013,607,8048,7238,5744,3035,4361,1598,958,8648,138,7967,633,9433,1346,4345,8251,6721,7296,4418,2857,3829,6124,5597,2860,8810,5940,559
4452,5166,6804,7822,6140,7593,6724,5562,7949,8492,817,1246,5244,3491,5336,7190,4089,2517,1217,6414,4027,7982,7630,9747,8494,4246,9865,6806,898,3963
5503,9510,5784,287,9962,6665,6285,9037,9559,1095,8195,3474,9992,3734,7310,6336,9847,7448,7248,186,8468,2611,1405,4625,4729,5145,3539,6494,9266,2162
5239,318,7277,3512,6246,5450,8058,2948,2941,6854,170,8728,2723,4284,6641,4058,6947,4659,9986,5555,4136,37,697,8750,2985,971,6196,4532,792,3722
8850,2459,9013,5584,6742,1474,9435,7201,5599,6571,1419,7961,8763,7105,3908,6094,5804,9094,9534,77,8826,2509,4511,7480,1516,381,6520,2595,6085,4314
1321,4004,4713,702,5805,4149,7958,7117,3799,2678,6263,2816,6747,1682,3168,325,2368,8763,8040,8546,9947,9289,2544,5354,1902,3349,6,3632,2314,9871
2268,3008,413,9917,3038,6889,8404,2459,9426,4663,743,2601,9687,6201,7418,5231,2541,5941,1247,4837,5582,2715,6898,3729,6903,5043,5726,8304,1025,2549
2472,5524,7620,1603,6446,6120,2596,8731,7310,7901,8571,3150,3648,5885,5409,5695,2923,1438,9324,6309,1515,1002,2097,1033,6919,6037,5043,8100,4926,7146
3789,1514,2493,3620,4132,1610,9231,8953,2287,1428,2074,1947,4681,1080,8081,1586,6918,8076,8556,8,2727,6967,693,9377,849,6857,864,4674,1745,1319
6276,8960,5989,9615,3455,6184,8154,757,5040,5844,1088,4721,1396,1375,5799,1827,8583,2556,137,2663,3679,6036,3280,4322,5189,6659,7681,6738,2580,2004
2504,7285,9657,7331,1596,6185,7469,3237,9895,1502,2396,4590,8421,8089,1848,5215,5805,1373,8276,9968,2934,5830,7011,3097,4767,1938,5847,8086,950,234
3506,215,2772,9994,6792,2891,9943,8975,8815,5981,5137,7239,2898,412,6992,1877,7641,300,6680,6891,9688,6740,9823,2351,3589,858,9878,5651,5300,3775
1053,6249,5128,833,2736,4845,8989,6723,9463,1228,1306,888,253,7760,1240,9783,8554,1967,6426,4408,6659,2581,2215,1638,604,9790,3022,666,9016,345
6798,5474,2365,2461,2253,489,8038,6657,3806,6161,4799,9346,9508,7176,9639,9580,4714,5591,2736,8140,7455,7713,4753,4303,1744,5973,3939,2346,6439,9605
6679,4857,5530,8744,1812,500,5010,3978,8107,8220,7165,400,5329,5646,9789,8750,1259,6812,8976,8954,9083,5193,6432,1277,527,4997,8115,5070,6492,9156
5422,8588,4372,3646,6844,9423,3738,2789,381,9476,6940,1130,4749,1693,3176,4733,471,6334,4741,2339,1439,632,7234,2967,4825,3197,6951,7728,5747,5687
8891,2635,517,2057,4908,9451,6989,1489,6134,3422,952,7581,5701,3638,4430,3448,4630,3971,3043,7382,8458,866,2532,2994,1470,5591,4345,4084,9185,9941
7634,3962,3435,5318,2192,3136,1188,3278,5420,2202,5701,161,9811,7151,8454,5509,8891,8395,6198,6114,892,6724,4399,7193,3669,4519,8929,4982,2729,6461
6813,3257,1548,6747,8481,2065,1471,7437,3006,1885,2778,7752,110,1762,7637,5541,9431,3858,5957,571,5577,3783,6908,3485,9658,7441,325,8339,4628,6707
1021,7016,9105,1372,1298,9194,5021,5033,100,3367,6190,6137,1436,6211,2417,4465,5408,5271,7899,3074,3100,9867,2520,245,8467,8957,4758,4863,9565,8676
3389,9025,429,2242,4596,3651,658,9299,6528,852,8880,6027,6453,4806,8494,4265,3650,886,3658,6287,5301,9192,6838,9562,7808,3748,9493,727,8932,5704
6884,9620,7083,4021,6883,1414,2932,7250,144,1324,9718,3162,2468,1592,6324,3955,4361,9650,118,5266,3500,3703,1632,6711,3692,6201,6224,472,2397,1863
6382,8517,4789,5964,5585,125,3614,9700,9393,7970,8759,5421,4805,6413,8969,9085,3142,5228,7858,3932,4984,6226,6082,2208,2577,5933,5418,1426,1712,2447
9570,6165,9661,5290,9127,6930,8856,7259,1904,4431,75,5956,8151,2289,9709,2987,7954,5192,6676,2885,9337,1891,1948,760,5450,8286,4111,1288,9849,7248
321,5381,6657,8502,2300,7007,3376,6033,6943,7763,3228,8984,2345,6222,8884,3074,8663,7974,4569,7599,4818,6021,8377,4098,5558,680,5788,1145,2374,9039
9433,3750,7116,1786,861,6821,3944,2142,2843,5555,1602,1615,4854,3768,7301,6420,3359,4045,5766,7632,6257,2670,1331,3290,8104,914,6808,3468,2136,9555
6233,3912,630,2941,3211,6932,2165,5100,9402,5251,1536,10,7683,4280,4847,1152,7011,8691,9609,5666,5585,9156,7343,1576,4159,3351,6711,9053,2820,6280
7815,5230,6408,8723,53,9476,67,3537,1014,2585,5271,8780,1383,5794,9150,5066,9597,4534,6145,7711,982,2824,4954,9161,4663,2138,6483,7328,48,3835
97,3771,2094,8656,3404,2091,6772,5078,9462,6308,6732,9013,9122,9036,9081,3260,5465,1349,3433,8148,7815,7740,3355,7380,1686,5605,6952,2109,3473,7090
5764,7992,1524,7777,1607,2523,8774,6522,9203,6436,130,7891,4434,8735,3106,1759,3657,3322,8215,8107,8906,9073,6533,1828,4524,3821,5097,5855,6226,2646
4893,1376,7268,3202,6531,6156,4912,1074,1388,4156,5759,7884,2535,3268,653,7163,1660,487,6632,500,2207,7907,1738,4095,3554,9250,5201,335,5786,5110
6390,4708,3754,2932,5337,8830,8299,3397,7099,7693,3159,6480,6660,5355,2037,7181,4157,9262,2537,56,8373,8478,9615,4611,8179,7689,6994,7001,3415,6140
6866,5218,705,7585,5776,7538,7776,1124,7506,3662,5981,288,9288,2665,7195,5941,427,7072,9208,1083,495,7579,9390,1785,579,6292,9689,1061,8443,3090
8819,1864,9181,3769,1783,4304,8495,6203,4754,1662,8533,8863,4781,3454,5034,4373,7617,4982,171,4076,1297,7810,4892,1366,1385,8105,7329,6927,5809,9095
8948,7898,1420,8823,3397,2418,4638,3460,1414,5327,7361,9363,8674,7000,4827,6925,3308,9718,9898,3660,8245,2937,459,8716,3605,6198,9516,9994,7128,5260
9884,5373,2596,2338,3120,1231,9313,3569,6821,9903,3851,9874,225,5325,1736,1001,6285,8551,4450,8361,6643,59,8322,3970,3700,1976,3795,5345,3440,9688
3614,2033,3396,3165,4402,650,7751,3825,2684,4869,667,4422,7732,5030,9939,8722,5385,7303,4291,146,2920,852,4838,3770,8891,2028,3665,3123,6600,9346
8000,6182,6105,9048,967,9665,2683,6544,4000,6835,6547,1487,1949,5375,8684,1340,1364,7393,4188,9834,9916,7343,2404,1604,6975,470,8963,984,2885,826
3596,666,1173,909,7248,3957,3918,7618,7614,4774,1627,4919,741,1712,5490,2079,8620,3769,4079,3120,9073,8246,5549,2483,5416,3693,7857,8633,9882,2591
4472,498,9928,5414,568,9631,2818,2740,8254,318,1082,2143,5736,9320,5354,5118,6630,5872,603,551,5562,1221,6279,3859,2439,8925,9813,4809,7286,7144
7141,4745,276,8701,5686,2102,5654,1305,1756,6170,9779,567,4655,2424,8112,6102,8738,5266,4897,4574,3258,9014,8166,2151,9160,267,2861,8619,7890,6267
7957,5363,4331,6329,636,1156,2230,9550,8361,8102,6537,3924,5559,8337,4752,5247,6781,7141,393,1607,8343,404,5381,1405,9808,6955,402,6705,6379,1793
476,3458,762,7972,7742,288,7407,8877,6125,519,5091,5975,6113,3309,8154,5731,5853,9732,3344,3754,2223,4505,6415,6037,9149,6631,2553,4632,7457,9835
6372,4636,6925,2650,8352,2245,3002,6512,999,9852,4541,6293,4528,988,3145,9590,5023,8254,8735,6439,2082,7080,9332,6917,2040,9387,9974,3736,7027,2343
5508,167,2017,4482,5119,2010,1031,9173,4716,1835,9946,8519,540,58,3667,5060,2712,6608,8165,3614,6706,4373,413,537,1540,456,5988,7269,953,1613
6625,6395,9884,8057,5172,8496,3909,9076,8671,4841,5625,4549,3233,7598,7949,3184,5992,8822,5968,7176,2253,5053,4979,1219,9365,9192,6665,4212,1152,83
2705,9576,5639,8786,9252,2086,1135,408,2322,9671,8388,1207,8232,6990,4943,4950,7962,9190,79,2740,5986,2683,9921,6694,3344,696,1580,2925,2966,8925
7658,633,4466,2253,4266,4787,9387,2519,1943,6557,1482,7645,7221,894,3760,4363,6401,8060,6143,3469,6640,9023,7411,2944,7679,3451,6732,7895,7976,6358
2092,9362,3832,7693,795,9339,7989,4635,81,1296,2018,2952,8481,9467,4713,4925,1610,5890,6746,6785,9370,8997,7897,6865,6142,6113,966,546,2183,1484
8752,5189,2357,8130,3492,9875,7126,3689,1488,8040,7356,193,4916,2808,4988,7740,6,5428,17,5841,6085,1706,3000,9314,2790,5141,9358,4492,6647,3365
442,954,2422,7304,2407,6854,2242,6291,6113,6739,8458,3616,7789,5676,7782,3098,1761,1929,7906,3710,73,2077,2610,400,3418,7760,6431,9924,1416,8740
6456,527,4720,7246,5273,8969,2690,6267,3333,1176,8257,1537,3217,7713,7839,3641,3291,2001,5559,7692,9792,203,9355,9035,9140,1976,2608,4900,5344,420
9698,7774,6803,2457,7228,7997,1354,7644,5027,1907,3376,3283,7550,84,5965,4313,5159,2557,3625,5514,948,8634,3889,2841,5448,1823,8392,4834,7179,8601
9247,6540,1140,8593,5269,9519,2892,4881,4672,3330,5126,6268,7314,5847,29,369,9812,4742,1431,586,5893,4922,864,9446,74,5393,7022,7677,4735,6099
445,2039,2599,7350,467,385,9046,5694,7732,9981,7731,9612,9681,8288,8615,1658,3308,8508,1815,5065,3500,5405,5112,4503,6585,6083,3013,4391,3052,3173
1376,3899,1861,4003,9477,2743,9776,8783,5788,4998,9765,6267,6508,9012,9668,5333,860,6456,8494,1636,3777,8195,6634,892,2342,8879,8983,3149,6355,4503
7023,2159,4271,4215,6299,9795,5577,4674,2254,6767,416,3551,2585,4216,2951,5559,9552,8485,6359,1909,8427,6,8651,5344,8192,3308,9646,8993,6475,2447
2224,952,5098,4173,5492,8880,9723,495,3758,3141,2586,978,6733,3189,2324,5955,2309,910,9004,8035,9199,9611,570,1461,5432,4193,1069,6199,2691,6310
7565,9335,1403,4208,1763,9475,8038,7217,8464,4709,8566,6548,5504,3997,9534,9189,4916,9103,5303,6023,4061,794,6550,9519,1758,784,255,8705,7323,1330
2978,6993,3762,2284,8191,2390,794,5614,7870,1800,9762,9976,221,5230,6577,6812,7033,913,5555,3865,834,4251,3716,6433,1495,1557,3801,1165,9558,3739
824,5709,2267,1683,6977,3789,2476,2454,8314,9838,5755,2339,1678,102,2271,4240,5328,5247,3440,6627,6208,7130,5739,3849,5668,275,5557,663,7759,904
4263,1344,1695,6529,2810,1922,8029,8475,9565,4629,8180,2761,3971,6136,2337,9303,2235,9388,394,604,4171,4432,6387,1578,656,2763,3283,6746,3635,5339
6212,8609,8589,1958,5196,2483,7129,1731,9302,9422,2345,1320,6667,9544,8560,9822,245,9105,8639,3718,8108,5826,8387,3590,7161,7978,527,3412,7579,6923
5364,4073,6824,7186,7605,4672,8900,8547,4027,6808,9390,4242,3890,326,3848,2194,8451,2724,9259,6050,9325,8748,1827,2314,8695,5672,2965,3807,3151,3307
3468,1959,531,576,4051,7936,4413,8487,9870,3859,4397,6110,7221,7540,2445,4772,4678,2780,4014,6554,3610,3050,1281,763,6008,6742,2055,8094,10000,4407
7450,4520,6423,6654,7489,8030,4533,4658,5271,2092,6806,5083,9917,1965,6635,8448,2823,4155,6626,867,3285,4413,5677,8698,2084,1307,2043,5961,5614,1610
5356,459,1705,9886,4220,7547,9473,266,8774,9317,2333,8568,8655,6759,9086,7292,7380,5011,8816,8699,5517,3666,1787,1344,7727,4262,9169,2975,2110,2964
5530,7423,4662,734,7688,9913,9782,9812,2058,2577,3558,6028,6533,9086,4613,6985,901,8314,7538,4800,6935,9619,1955,579,1955,6975,3100,6787,7437,6442
6212,1577,4065,1031,2073,5067,658,7970,3780,907,6684,3812,8851,5923,2120,5250,5277,1249,6173,1705,1147,7592,3461,1030,7432,8355,6798,3554,5992,2515
4559,3726,600,1022,9825,6713,6721,5933,4599,5193,2016,9783,8385,3355,5870,1436,4183,9754,5961,1860,3851,7953,7568,1867,4169,7143,498,9078,8049,3711
6907,5354,4014,4008,3262,7369,1453,3799,1359,4501,6003,4618,8180,6487,4585,1826,7252,5938,7441,8506,3860,1510,9283,8711,6651,9555,3819,5774,2480,1446
4134,7940,950,329,5301,9922,7338,8667,2487,6503,8500,3338,5548,3842,5299,9926,6781,6537,8205,6737,9054,311,1997,2419,1449,2380,5195,3561,1705,9056
1342,6905,4720,364,7830,3007,4738,2607,1588,6121,2475,779,5795,8768,5649,3519,5541,9644,7386,5046,4825,6945,1126,6720,634,9205,4962,9932,1322,2544
7706,9065,6527,3829,2039,210,2308,1579,4492,1475,8445,1109,6576,7533,815,9410,3886,7384,9113,1299,9447,174,1816,4660,8847,5768,8513,7294,1702,8682
318,5781,9527,7593,575,7012,4245,6211,4285,5903,538,9927,4529,460,2592,7863,7341,9860,9115,8853,325,7657,9666,8155,4688,2299,5405,7341,8822,775
8838,6143,5860,8257,8216,7985,6992,4199,8336,4207,4144,8821,6549,8460,5218,2348,6502,3023,7958,4050,7995,2347,5246,9544,4817,571,4594,2383,4388,7137
854,1515,3075,9631,7968,8023,5659,7848,5283,7274,1390,8912,8415,1738,5851,8667,8904,395,6872,8496,283,9373,7399,5778,7780,3345,2679,3826,1370,3479
5734,7133,3882,1015,5089,6686,2602,1557,3794,1473,3332,9126,1828,3929,2472,3713,2263,4554,4334,2982,58,9646,1116,8231,2775,1858,3462,2599,4230,1171
3674,5111,2787,9609,933,5628,5672,735,865,3740,2333,1078,317,5450,5589,7296,8481,1128,5437,1407,5555,9219,1930,5678,4705,3796,3140,2998,9844,6057
1125,3952,5173,9374,9765,6144,3113,712,7166,7193,5599,4534,6405,1009,910,2258,2370,2887,1554,1649,1950,4272,7026,6908,7322,8019,6080,159,944,8365
660,5770,967,3237,6269,9105,9333,1620,9304,5918,6134,3430,981,7709,3945,6651,9355,5726,9623,329,2929,626,84,5621,6747,2729,1248,8650,8564,9593
509,6849,4167,3731,1337,4947,4460,328,4426,2127,7465,1253,1537,8369,4635,4364,5342,869,766,6694,7566,7238,7979,931,9250,6350,8856,1455,8149,8229
4052,7687,3049,51,9587,5035,4015,9966,2728,8210,9147,2447,9214,3289,7561,7589,9193,4310,4812,1487,497,3389,4232,1041,6477,967,7687,913,477,3589
3267,9314,6790,5720,2099,6464,1190,3836,9569,7381,3506,1296,1821,9658,6806,4010,7503,5117,2814,6819,9304,7452,2311,4411,4647,8747,2259,5044,4260,7867
334,1442,3596,4809,3158,6169,3975,4468,9174,6143,4799,8862,5350,5543,8194,1619,3703,6197,6006,3186,7580,1451,8816,9461,4228,142,7785,3179,9895,2821
2497,769,7732,410,8288,583,999,8710,915,9880,8179,2748,2117,9004,5405,1021,9325,3025,6638,6543,5119,2417,8659,4908,2290,8046,4553,8166,3680,7471
3909,3403,877,3663,4294,8624,1450,6362,2474,204,8266,6922,5880,7055,3473,2910,9931,853,2339,6813,8529,3749,847,2370,3638,7496,3088,3292,2548,9755
2069,1541,5368,4488,6326,4403,834,3296,7132,2731,524,1863,1315,8602,2913,224,7953,145,3856,6846,8396,6655,9229,1328,1371,3404,1152,8215,2785,5801
7759,6288,2379,6614,5695,2321,6999,7750,8831,254,510,7965,4069,8569,1223,9193,7348,5694,7600,9312,6778,5770,7963,5460,8377,5871,6601,4150,8584,8097
1875,4814,1397,2631,2130,7658,9844,3419,7150,2294,3010,9372,2306,1751,9172,4979,7418,8964,4025,8079,1869,1682,5421,4364,3990,1646,5799,7573,6289,3700
9241,3228,3986,2778,9752,6429,1869,9957,3539,5741,9422,2990,4787,5324,4703,5633,5907,4084,5596,2001,6055,4876,5187,5747,6936,4495,9047,5522,4940,3057
3572,7042,577,3289,8610,1661,1747,7102,6903,1158,9905,1891,74,5310,5675,9251,8463,491,4788,2995,3993,4331,497,9407,5240,8832,1862,7755,8629,1087
7620,7468,8266,8625,8988,1764,3225,4934,1317,6375,7399,621,3003,5237,9165,7678,7681,6922,9178,3793,3324,7778,2529,5465,7679,9363,5975,3859,5508,4589
4199,2683,178,7318,5962,9713,5392,6097,8430,3990,5993,277,4455,868,1343,294,4682,8106,6688,927,2109,337,8039,1713,5411,1582,186,6605,791,8135
6044,9748,4886,6184,3807,557,5241,541,4651,2995,5072,9194,5562,9374,9,4464,4078,9773,1888,6246,5444,4039,7794,2461,7371,7320,8985,2697,3771,4431
2750,8391,9550,19,4173,6026,5751,2340,751,3361,6064,2273,6279,9407,2689,4381,8648,6507,4261,3690,8830,7029,6605,8589,9054,7879,4095,5332,1943,8084
9927,1433,6116,9462,2553,5574,7162,8718,9459,5871,5717,5699,1606,8882,7997,9269,6965,5374,4881,5263,4695,24,1398,1629,9061,4622,3872,7347,4136,3625
9950,5746,63,2542,9480,9368,7594,6597,460,2476,4454,8337,8873,169,7491,3747,2710,8392,8107,6772,8770,5750,6006,1481,4196,7268,5217,5641,2508,5347
1877,2691,6868,3778,5821,2417,6407,9224,6358,3621,3473,964,9668,3325,8107,1982,447,4127,1367,8679,5975,5972,1455,8263,1126,5525,3188,54,4363,6147
2684,425,7128,4283,4395,18,4643,1454,4554,712,2548,7851,6076,2522,1527,6549,4303,7815,4061,5184,2254,7514,8609,5574,1254,209,3069,7184,9334,4023
5097,7446,6981,7554,2777,4267,3760,957,8568,3089,8857,6088,8760,4164,9843,2951,1125,6597,4451,1,3447,5386,9483,7352,3272,7971,1984,3720,3603,4717
1772,3958,9401,8267,4804,5755,1640,3147,565,9237,3115,4792,8921,3121,167,3070,9169,3589,2942,3011,4086,2064,7086,8137,6852,3959,3755,9534,7185,7693
9482,273,7091,5834,9061,2622,2661,4206,33,4601,9485,4024,5287,7779,9159,6263,9096,6074,2398,2309,8354,4893,1612,928,5105,8168,6484,3005,8776,796
421,9085,6813,9316,6378,652,7924,9805,799,8952,9808,2139,2850,6725,6822,4227,4998,2861,8271,4093,3911,9846,8053,6305,6835,2439,9654,4550,6456,6527
5112,5346,8898,1247,3919,6756,4870,1679,1117,4530,7610,2032,8208,6867,3234,1738,2132,4730,9734,2134,5098,2089,4789,4131,3869,6270,8957,4509,8723,2151
9434,6629,6385,7854,5370,7880,6583,8896,8442,7382,7199,3248,9762,4256,228,5527,8385,2033,4781,1000,1434,173,1651,2953,4807,5546,6901,1585,5126,9198
6150,5321,5949,1105,2971,5300,7346,2353,3406,254,518,1588,753,3458,5087,3258,74,96,3505,4004,1025,2193,1758,5660,6920,885,5656,6881,133,2699
6499,2796,9378,684,2978,2417,2256,1504,2893,3613,4934,7080,5724,9353,9960,6934,4155,6990,8458,4427,2315,9883,7506,9237,6641,8306,9802,2065,2928,6092
3250,7849,8451,4168,4763,4353,5167,3701,8891,4827,4923,8516,2478,7451,9769,1076,5572,3562,4375,6315,4481,710,4394,433,1653,1727,7727,9414,8945,9830
1246,6819,6710,2476,750,4197,8449,7405,6347,6852,7060,3410,5451,4528,5465,9330,9497,5307,4997,9077,802,6357,8761,3461,9826,337,2614,9440,6646,6166
9701,2893,570,3307,6462,5420,2364,5463,613,9625,5777,1860,1683,8384,5606,8555,5430,3676,1737,3016,808,9243,2867,5119,4194,3407,461,7231,212,2563
3979,7671,7004,727,8919,6697,2097,3174,6700,961,4906,1896,2805,8223,1916,1213,1589,934,3878,259,8959,1392,2911,9274,5699,2268,9486,8249,1286,437
1670,8950,939,6301,2287,1828,8229,4722,3625,5716,3866,8322,4333,3171,1840,1043,9331,9309,6466,5303,2269,1740,7575,4214,6523,6446,2673,1416,6630,3155
4942,888,6568,6883,5068,3367,8329,1248,9083,4197,1900,9406,3718,2574,5401,3196,2158,3852,9444,1253,4673,3993,7289,9443,3737,7535,6679,7371,2161,9394
9838,1924,7400,1567,9034,2894,7628,8741,6988,1608,4780,5664,603,4891,4598,4952,6369,3698,3127,1681,4664,7212,6666,4750,9828,552,7403,5798,3668,9997
1984,7456,7984,4276,176,3777,4004,3722,2443,8952,584,8365,365,5511,5552,9005,2713,8559,6877,6439,9765,2382,2827,1401,9714,90,8471,4048,9245,6334
9273,750,6919,9222,3148,4623,5052,8277,3740,1116,1858,1557,6656,9857,2444,5551,884,3215,9550,2638,8653,8476,9728,9648,4075,1576,5255,3205,5505,7575
673,6772,6775,3566,3715,4026,1146,2805,3487,9803,1632,2815,7399,9725,307,101,1601,8394,1169,3494,5993,3619,9710,2876,5424,6082,7538,4381,5972,7423
5689,119,7133,641,8389,7548,2189,9675,9604,6865,1886,4385,4033,3173,5036,2914,1784,9763,142,6247,9036,1120,5506,7860,7021,2263,3356,9469,9048,6804
8729,4626,6700,3570,4090,8647,5333,518,5901,8341,7127,512,5879,4273,2864,7928,1611,5766,6597,4884,8784,7179,7044,6666,5585,3926,1018,6427,9532,4450
7019,9167,3894,7403,6196,5586,3049,4737,2861,9789,46,8462,3147,7526,5744,1245,8225,4981,7398,7953,7388,9587,5604,4356,3248,9232,5595,167,2854,4785
6072,7285,6806,5497,4576,2558,9581,9385,9531,8906,980,9629,7241,181,613,3591,7235,1,9749,8841,1427,4456,6430,7666,9895,5321,4567,2895,1076,4051
1130,4425,2606,3942,980,8650,782,4311,7013,6649,160,9573,8380,4527,3738,8123,6001,5332,1794,566,9970,5262,6501,8284,8396,551,5405,3544,904,1577
8290,2273,8051,3500,5647,5914,8166,3356,6223,861,6209,2710,1260,9775,2926,1706,7036,181,1948,6943,5977,7745,191,3303,4790,9556,201,7278,4398,8733
5591,5412,1864,6580,8730,1828,3710,496,8649,65,4477,4533,5083,2831,568,9420,6584,8552,9262,7740,3357,1783,1784,3080,9201,6099,1561,9515,304,3708
208,3718,3396,5414,5270,2400,5982,7798,3422,7084,2623,8075,7813,3491,643,5892,2448,2193,3173,9608,7631,6801,5525,9184,807,8723,360,254,1070,117
6883,4183,2052,9560,3841,2912,8734,8922,974,8106,6601,4396,1298,2183,1981,9461,779,8434,3984,3610,5459,5723,6347,3097,5847,4789,3195,2881,3519,609
8032,6275,2837,6701,7331,9251,6433,1180,1422,7112,6066,3558,203,6260,5251,8661,6452,4263,3184,17,6344,2617,1693,9806,9577,603,1532,2490,4500,1544
1730,9018,2345,8698,1600,3728,8233,8479,9088,3437,3670,6150,3538,4799,7625,7304,440,9721,7936,3022,8974,9482,1354,2348,7332,743,365,3730,9569,2725
7103,9455,8629,7614,6659,8846,2197,3266,8423,3318,9846,2606,6839,1747,6960,7394,291,6973,4392,4804,5342,1855,2926,7886,4656,500,6195,8087,138,148
5935,5909,8436,2708,1518,9363,5026,7383,2207,493,8338,366,9944,1994,5200,6543,413,5352,4097,4632,3695,2841,8496,6725,9447,7287,8478,9054,862,2196
7533,8696,7398,6806,3149,8643,1789,5892,7850,8157,4883,2284,7685,8752,4133,6451,3090,5101,6013,5720,4026,4521,4198,5657,7240,3541,1879,3225,3601,5206
2507,9965,1184,1456,5191,5250,6982,1250,4111,9590,9207,7999,239,690,3056,9969,8960,8388,6435,8953,2695,3267,511,3443,5911,4274,6766,5256,1236,766
7136,6302,8109,2641,1548,8878,2480,7646,8942,9762,4919,1721,7720,4462,1461,4136,7457,2380,3837,7817,4546,5901,7540,712,7797,9378,3162,7334,28,9378
2886,1659,676,9173,1625,3375,1860,165,9311,7287,1480,7294,198,3171,7365,5509,3286,7651,9118,4001,5447,4274,9827,9100,4864,3840,207,7842,9351,2380
8549,5535,8392,9674,5067,4083,3566,9802,5133,835,2367,5433,1778,9056,4916,1969,1428,8621,2802,9242,8674,1284,3063,3050,6299,6983,9452,5331,5056,5185
4426,4676,8372,4027,3489,669,7027,2913,8330,1626,618,5793,3139,2793,3942,4973,1052,8901,6845,7609,1142,2592,1609,7806,976,2006,8309,8281,5517,2748
8818,5886,4214,6747,6135,5989,3436,1251,6139,8191,7683,8069,4882,7036,8522,8256,91,6807,9083,4946,5694,6021,3499,6842,8620,7023,9622,6471,7181,1
7922,2140,9238,1369,7669,6233,4892,9370,146,5579,98,7802,9811,1553,8759,4716,1816,5599,1421,7909,1580,9553,2875,6264,6419,3891,9831,8282,9272,4820
7617,6101,7824,1075,8847,2818,9246,8709,6185,814,3896,2395,3143,3627,2393,967,7034,9191,3729,887,1728,6808,7679,1944,5316,9497,721,418,3181,8908
7137,8772,6359,5649,2134,8032,9815,7457,6184,4062,9284,1535,7845,428,807,6361,718,3461,2648,5727,3232,5520,8335,6126,8115,3878,3532,2561,122,5797
9708,7581,23,172,3819,9975,8092,1358,3852,840,4661,558,861,5846,5760,9636,165,6807,2282,184,9774,6664,9777,2572,1571,5337,9396,5032,314,2358
4398,7245,5895,9349,7843,2790,2453,5006,8697,3227,3953,5675,4888,3499,6372,5160,7517,1982,9162,796,1739,7103,6215,4059,701,6043,7466,2348,7821,1645
5281,8300,8327,5760,2972,3168,9614,732,636,4107,5895,4887,5342,3696,5505,9215,3487,519,8142,3842,5926,6876,8317,1828,4589,9489,97,1271,113,3658
4023,9871,3568,2984,3277,6597,3688,6357,3374,6698,7361,5164,4701,6131,1325,6429,6982,6894,4079,7854,2804,6748,8723,6843,3408,634,6239,7057,720,594
1420,231,1314,3203,5981,880,1423,6648,9761,915,5404,8785,2819,2784,2286,9337,6291,9494,127,2324,4669,1718,8935,3552,4993,9461,2449,8544,4817,7146
4570,9267,1006,4942,211,7683,1693,6469,1217,1924,4257,2098,6321,1248,3100,6861,1376,323,7013,275,3773,9852,250,6591,8103,8522,9761,1447,2108,8876
7386,2616,3032,4481,6351,5355,1026,3472,8100,1953,4053,1378,3218,4111,8615,1018,7474,4063,6262,4243,4651,1511,3112,1384,2295,4867,2749,1576,3591,7794
3996,455,9952,3179,2423,8988,2178,2956,6821,3733,1813,7600,6935,7212,3666,8426,3043,4457,6175,1888,4132,7306,6533,8161,2893,7347,4143,4436,524,9597
7614,9039,6049,1089,5448,8840,3831,8593,2539,2601,207,2704,6426,2574,2601,7934,6291,3306,6277,9218,3334,7149,3906,8202,6299,9125,3944,8516,9605,7302
9337,7148,6422,9489,6215,1224,8531,6555,3130,8180,1654,251,6582,9858,7286,723,3200,2864,1407,4601,8118,7373,9007,5790,2383,9471,2074,3084,3939,6524
10000,29,2870,8456,9281,4242,9954,6613,5045,9186,664,4864,4089,1387,5863,4900,2597,5987,2563,8843,3877,6184,2307,8497,9191,8411,6840,496,9680,6503
6210,402,5627,893,3969,1561,6110,7668,5133,9267,4576,3456,4585,6494,897,264,4248,8775,95,7655,4539,4273,8774,5013,2523,9503,6125,1756,8842,4356
5512,9311,2988,718,9995,2270,6314,5475,877,1192,2392,8420,3435,1150,6926,2441,5203,6727,3230,9844,7603,3188,3239,9811,4666,649,7906,3470,2002,7554
471,4961,7873,4149,712,8444,3473,7445,5627,7560,6514,3596,7197,3562,1902,2057,1513,6236,6729,7667,3777,7947,2732,9313,5455,6813,4495,6846,3780,2845
8099,1802,5727,5784,5349,9495,3148,9236,9905,8948,3243,1878,4336,8337,2532,2094,5001,3920,942,7928,9920,2214,3381,5869,2935,1259,5396,5126,365,6941
5326,2672,1490,2509,2393,3413,7183,3997,9956,20,4225,2337,468,5008,1449,7239,7301,8648,5555,3476,1557,5678,8289,716,1523,3887,8733,5042,4265,1605
2980,8450,382,1684,1710,4485,4344,5479,6536,977,6193,1947,5070,3371,9955,3325,1563,2649,2585,7083,3618,3870,7741,5359,2354,8872,4737,8550,5996,8869
7989,524,1297,2714,7204,9786,9615,839,8720,2839,6202,6606,3091,8352,4832,289,4423,5686,9745,6390,1947,3520,4197,3695,7886,9641,7481,451,6104,9282
3476,6168,2773,3559,7285,6382,3151,5560,6703,9180,8198,5481,6059,5334,210,5077,357,8617,440,2909,6194,2657,5098,8582,8190,476,8359,1370,7975,8302
5814,3538,4612,2607,2966,1819,3633,2627,7057,3489,1142,2108,4747,9179,7233,5931,7401,745,3316,4450,7794,4411,9675,6108,2528,2097,997,7508,4934,1897
4233,6504,6223,228,3423,4188,8132,85,9627,6724,3567,2865,2177,7985,6011,4826,8774,8878,7224,4775,783,5566,1617,256,6321,2071,8764,7645,9024,8921
5577,7468,8962,8589,6331,9059,4759,2598,4213,9136,4830,8280,1271,8339,9374,3542,7824,4117,5275,981,1786,5048,2691,4564,5926,2946,1073,8346,5052,9834
4582,8196,6177,7156,8605,5861,5897,5810,6399,8393,8429,8111,6172,3592,3141,9292,2984,6063,3953,4080,4134,1216,4987,7182,4361,4483,941,4434,4225,8540
9768,2435,4821,885,2209,1960,794,9019,5264,7519,7783,5554,3139,9351,629,1208,4332,838,6665,5210,7449,7491,8481,1407,3878,265,7529,2670,4093,6553
4527,2466,3191,3616,4711,6158,9457,8802,8806,2753,7778,7338,8092,9425,7479,5459,6156,8373,2482,5661,7400,4675,4521,1810,1969,8953,5249,8808,2238,8230
9107,7203,3723,3421,2167,6099,3138,2691,7417,3803,2717,1253,4747,3597,4442,6277,8930,2796,5634,9692,4039,5254,5625,2125,1459,3406,6243,8300,2930,4642
167,8586,1809,3944,8983,8734,6425,1596,5153,6695,1536,1444,1587,3381,4483,5013,9861,7,2897,9578,5898,8945,7513,374,6354,6291,9259,3216,3400,3762
8465,3558,5917,1364,1676,3687,8289,9116,6225,1669,7013,2439,7717,4299,4214,7969,5936,4821,9543,1197,3704,2995,4922,4540,1030,4506,4494,4556,6122,4278
3131,1491,5552,3212,1069,4767,5233,9215,6280,9108,8732,4670,9248,8274,9391,7904,2717,2382,746,3461,3006,7430,7341,4095,1479,7164,7461,5430,8669,1315
1403,2884,6489,3870,6440,4112,1884,2944,5545,4178,4742,2812,5493,6686,2375,1209,8140,5141,2655,2406,2952,8533,7438,3008,6493,135,2624,9902,2263,5726
3955,3990,6866,6721,478,9972,6750,1663,2902,6909,6208,9807,277,753,3151,2787,5672,5629,7696,9737,8666,5222,1755,7276,5830,89,5152,9709,292,7186
6659,9146,5929,5142,2257,5257,967,4658,2896,4618,4181,6914,9743,8577,4059,7170,8889,9704,2901,7143,3304,5270,2448,7247,8984,4340,8258,9036,5361,9155
8005,4242,1704,3031,3257,9334,9535,8764,1265,208,713,7570,1500,6005,1637,6880,6844,3002,7260,1199,3360,1502,9939,3434,7123,5803,234,3479,4727,588
9097,1460,7543,6364,6164,628,7070,4998,2707,1229,4640,2207,1598,4170,6378,7502,137,4636,1740,4628,696,8546,8104,8873,6523,7056,6211,5916,7391,3590
3938,1533,7758,1977,7506,3399,8202,3858,7030,4190,2066,9921,3612,6795,9601,5488,8389,1996,126,2361,4019,1642,7557,7123,9223,6215,1302,7346,7395,3770
7801,2882,9814,4363,5495,4854,3701,4163,5135,9734,3865,8224,386,1211,2281,8045,3903,7589,326,1601,9671,8331,6732,7167,3191,3830,1544,6444,8548,2160
8042,5067,2215,1994,5137,7309,5926,7566,7670,4141,2076,732,8962,1369,1186,8630,9648,3696,2188,8969,7040,7503,2931,2275,3277,3801,8187,1138,6807,3532
7343,4333,7545,4437,4329,5329,745,8926,4461,862,2306,8601,7230,9566,1997,1241,1662,2975,4209,9886,974,9174,9563,3945,1964,4160,168,190,7770,5639
283,8002,8294,702,7788,1872,707,6920,7174,8638,6596,2971,861,9586,9627,9636,180,7051,2832,9328,7055,1485,8601,6495,3958,9806,2717,4857,3375,809
1525,5074,2641,2651,2457,2397,7730,7119,6426,6721,7803,7244,9151,9295,7228,1435,9342,5060,4465,9552,7657,6478,7241,1265,7931,7193,9393,9660,8296,3010
4821,8449,3152,4920,525,9700,75,7185,8518,8032,5357,8162,4220,6288,2608,6947,8526,5650,6476,7336,7262,2526,6906,5950,3908,9333,1512,5166,8939,2450
3631,206,9065,8398,2377,3000,4026,7289,7409,9156,1859,31,426,9906,5368,1514,2580,1436,228,8347,1957,7709,651,9250,2394,9672,9985,4844,1392,638
6626,7440,9765,5646,1464,4267,9048,1309,1047,5736,673,651,9352,2281,7993,2793,5855,9263,3253,8330,2400,787,5793,4843,8870,8789,3970,5628,77,3629
3987,6067,8555,6750,1784,5621,8936,5716,1209,346,6733,2740,4488,951,3118,8946,8894,9306,9828,8423,553,4368,9399,9471,1122,5602,4506,5324,8953,7494
5017,540,5135,8311,9734,4490,9698,9933,3292,8941,8727,9453,3885,1587,8901,4496,6154,377,5604,6864,6316,3662,1133,8887,7986,5522,4416,3995,6431,7330
9529,5746,1105,9863,3566,1552,9704,9339,6731,206,4684,337,5600,5524,491,5422,9110,2982,676,8050,9321,1217,4510,640,3245,3427,4471,4572,7507,5934
6047,1184,7789,8486,6200,4827,802,2571,1375,9439,2002,7631,7689,5344,17,5549,7292,873,5106,3803,5863,8288,220,2483,1283,8881,3805,6641,5302,3215
7754,2046,365,1712,3743,3408,9118,8861,1632,9256,5988,1329,4102,5732,1309,653,6339,1983,6148,6656,7956,2403,2691,7626,2288,3575,3640,9939,5566,4530
9069,21,3705,8536,4201,621,3740,420,8918,2891,6701,9517,1828,7706,9444,6448,3858,9637,9954,5217,3015,5683,4420,2910,2459,7511,8638,9964,7326,3882
8699,4886,6788,2014,2251,4433,6103,4454,5467,5569,4982,6243,2945,9459,8953,1247,1497,7345,8839,2886,7774,5061,266,126,5346,8525,7721,8358,4113,273
5633,1390,4962,7347,305,3557,1264,7645,8649,5128,7624,1749,3740,1398,729,5226,1028,7117,4993,9777,8431,6697,1427,3515,1507,6042,7741,5213,419,3139
6972,9589,760,5534,5185,3250,378,8068,6124,547,7170,8285,8997,8063,3714,6167,8642,1021,7140,5787,1600,3889,7787,1024,6668,4224,1191,6674,1493,3030
9018,3705,7319,3250,8824,8067,7548,9884,6561,6711,2831,8631,2414,3424,4553,8269,2765,8720,3571,5184,9836,2975,8543,2254,2939,7102,2471,4385,5323,4281
5420,4330,9677,3313,9757,8114,6142,8532,7999,8760,6596,6441,5042,4340,6072,7613,8180,338,6869,8364,9612,8878,822,7145,4377,5068,9008,1337,4667,5091
5765,9543,8195,8366,7858,1269,702,9103,1752,3490,2268,8275,2165,3207,8826,6171,3895,277,3583,1021,8466,9248,1942,4122,7557,4351,4654,8482,479,8453
7435,268,3319,3116,5955,6255,8723,2953,9480,4535,1411,8400,3615,6815,4049,1387,1189,9900,7817,8756,8294,8853,617,6263,2819,4595,9575,2884,3007,5893
4439,4569,5162,8563,343,382,857,2254,7242,8151,467,6571,3163,968,5710,2370,6799,3878,7200,3209,6873,9553,4614,6008,8432,5590,7220,3837,8125,8595
5024,6763,7652,6193,1545,9713,7204,3944,2794,5437,4455,8335,3280,3485,7571,6864,8451,7697,9208,1805,9371,2346,7388,9991,9607,9597,1139,9233,9162,9698
4119,3387,9860,5057,2747,2457,1457,828,9579,7704,1505,4815,1510,8599,1958,737,8406,1692,5996,923,9265,7598,9620,8951,1333,1811,7029,7174,9482,2815
3778,498,5139,4603,499,1744,5132,3066,9570,9990,8031,1312,1132,3661,2709,3148,6769,2776,8766,1145,4756,2271,646,6553,5114,9036,2972,5987,8293,9471
1977,2003,2744,317,1512,6871,912,6089,6615,4381,9979,569,1806,3865,3348,4440,2061,7830,6959,2455,9924,5886,5605,4506,3353,4658,3974,5741,3381,9841
3156,3544,3483,6541,3228,4932,1304,2991,7509,3447,847,3650,4629,3045,9584,5977,1565,566,3632,3968,5076,366,7554,8012,2191,3834,7276,783,9542,1046
5170,5563,6699,3537,834,3610,4834,3332,6994,4351,9726,6317,5191,3952,1850,9173,4334,6520,4221,7067,9225,4473,3503,397,3079,5197,7545,7165,4179,5943
1959,9943,5435,6110,7618,6784,5539,5944,796,8229,9374,1579,9777,6317,3516,5843,2965,4148,6167,5114,8694,6016,9358,799,7737,1956,7015,9787,8754,7617
8780,7466,3469,4067,5257,3110,1670,495,1493,8850,8855,6576,5856,4445,8191,8342,9591,9290,805,7078,6898,7354,8711,4780,6847,463,4721,6157,500,1422
3034,3205,2550,6823,1202,1412,7729,7367,9049,3897,4056,3584,5180,2915,1275,4577,5967,1345,2669,188,4563,9485,275,7461,4579,8329,6639,5918,5709,2866
3139,8543,7389,1789,7360,3510,3191,1136,2027,2636,2051,4251,7700,6077,6982,8451,6035,8538,7998,9764,6066,9137,7066,1633,514,7904,1860,2832,1696,1218
3546,4325,6267,183,76,3662,1757,2059,2321,6814,7977,7288,8444,6737,4010,4371,6367,3359,2762,312,1766,976,8795,8773,1777,3767,349,8821,3348,3754
7934,5504,1012,2102,4665,8980,1119,7882,6914,4876,9114,5850,3884,1117,2460,4568,4586,4095,3280,834,4474,3544,689,1219,7667,9150,9457,3502,6455,9051
4531,698,4786,7177,5236,1463,8909,3587,7395,7084,2498,1783,2289,313,5250,1866,8420,1791,7146,7302,8678,6741,1894,8584,9608,1403,1660,2854,3786,4507
9660,4580,4103,265,661,9103,7604,749,1459,6711,9063,3312,9814,7133,4469,4015,4351,3016,320,7793,502,4133,4633,2761,3721,5734,8145,1725,59,297
8596,1308,2609,6866,4287,6870,9971,3045,8377,1585,6575,1705,8269,5932,7509,6209,1799,7258,2510,6827,1278,2053,7915,1029,5579,7036,1146,8996,904,2679
9778,8123,6765,8959,8722,5064,3591,3671,5520,9310,2280,2554,5762,3197,7938,4325,9635,3749,3392,9363,8480,2791,5302,9468,1902,3045,1216,9115,8530,5548
4637,354,7109,5796,407,5167,6446,8447,2164,8713,616,6901,7258,8966,7222,4326,9131,2362,9775,5175,8215,4693,2211,3559,8047,2153,1111,5813,897,9867
1648,4076,8841,8362,3552,6127,5344,6247,2344,3899,76,5150,3672,3966,7569,8527,7722,1897,6144,8786,9920,9263,8601,6871,253,876,8219,1686,8806,9060
3181,5470,324,418,5039,1946,6137,9802,6909,4523,1483,1961,3936,3302,2778,7028,4123,4276,2676,9835,444,9193,5119,4510,3312,5646,7991,1615,806,8695
4854,3491,1376,7040,8320,1493,2855,7819,6965,1240,4381,8899,5157,7317,7284,8652,1108,172,233,5713,4183,804,7093,229,6893,8746,9138,622,9513,681
3728,4520,7633,9316,9986,5149,810,5567,7441,1398,5636,7051,5674,9908,6903,2058,6161,2509,4805,7404,5032,8875,6553,9074,8179,9179,5396,8628,2940,8479
5913,6498,1204,5820,6879,7449,1640,3980,1262,656,9274,4119,8207,3675,750,3199,1651,9497,1139,811,6608,5521,3190,3800,1225,2250,4776,350,4497,3691
2940,6146,5485,5089,6307,3472,8450,1647,9723,3894,9247,7683,1622,4380,7225,1398,9269,3607,1396,4449,9582,325,3874,1379,6753,5686,3153,6010,5402,9594
4953,9964,5631,2289,7743,1925,2006,2011,2612,3781,4914,3785,9764,6677,6745,7630,3146,3067,8635,939,9594,4414,8748,191,823,6810,871,6152,7123,5407
232,6807,8486,137,7729,1420,6572,1199,2666,7181,7239,7671,4313,2042,9091,9952,7914,4674,6297,2106,1737,7642,8242,566,9434,7891,1614,8632,5839,5613
8752,545,8784,8083,7690,8779,1606,9353,7046,7852,3198,6918,1826,4556,1725,1087,3835,9040,6489,3091,7157,4415,8523,8439,5713,7581,2668,6163,5290,544
2074,5072,90,1955,2534,5582,7241,3600,7540,676,8363,2310,5041,9232,3833,7173,9923,8410,6583,6544,2441,3806,8215,7745,9852,9335,6796,2072,29,2875
4495,7390,2839,2309,4346,9285,3390,5250,260,3027,4027,1895,6767,8438,7989,2207,1458,2745,7612,7658,7318,2939,6244,6302,7270,3558,1405,6545,812,4627
746,4315,3908,3385,7088,7934,2144,7455,5762,9143,6319,860,5766,877,8073,1011,4643,819,3755,1181,4415,5668,5752,4604,8537,2762,9428,1819,8788,1988
894,7025,4479,3455,374,3587,9140,2361,3691,3885,9278,289,4324,3720,4315,7545,4026,360,7794,1272,6960,6723,3337,3926,4623,6036,949,8998,5383,9976
9067,1927,3871,8914,946,973,6538,9918,7110,4794,7546,6727,3646,9037,8307,5240,2350,6658,9443,7999,2982,925,9204,6428,3124,3420,2990,8697,5460,8447
4787,9951,2861,9967,6429,5226,241,3544,6905,100,2455,4992,454,6726,448,6063,8573,2704,802,7959,2955,5561,9011,1082,5504,7279,5276,9188,208,2889
2069,1712,1235,8909,7639,5053,7727,5943,3661,2545,2336,9601,6771,6973,5771,7905,806,218,8192,3456,5849,6963,2838,1381,8516,3082,6070,9411,6413,9928
8043,1018,4416,29,1267,6210,8218,3520,7828,9206,7418,9468,7409,3173,1408,8677,9776,4781,347,1309,3610,5031,8165,4442,3602,6115,8328,4584,581,6726
1681,7608,3811,7669,7859,4339,6750,7363,4492,4672,2746,3366,5993,9688,2467,4607,4235,491,5339,1151,7981,5704,1690,1435,7876,7315,3307,1512,1082,1425
201,6788,9025,1021,7542,9698,8314,1498,8655,4157,1716,9877,3220,8828,7867,2822,3374,5294,9917,7149,7207,599,1896,8860,8029,3328,4426,5169,2723,9250
9406,5181,6974,6932,6534,973,7128,7632,3397,6233,6759,383,9412,8093,6060,3428,7977,3418,2188,2799,8018,2765,7007,1101,1107,7266,3114,5401,3907,1919
4659,3205,2997,7740,7995,1244,3475,8921,3998,6018,280,8433,6466,3644,5692,344,9530,2668,1912,1602,5123,7915,7465,8517,3887,9989,285,6808,5488,2570
7691,3209,5557,3201,6758,4196,5787,2190,1465,5480,1668,9764,376,4217,1509,2121,1368,4417,3608,3740,4560,444,4642,2041,1054,6818,5197,7270,8152,763
7844,6625,35,1490,8366,7492,987,3388,7504,2783,4686,7783,7435,7087,7977,7054,2872,5850,2973,4479,9251,2818,691,3291,3121,9058,4873,1102,666,4303
7217,7041,9259,4338,9899,8259,3245,3808,5436,9211,7481,8492,5983,793,6090,30,4563,9076,4428,7773,8111,4276,7384,6190,9191,6602,4140,1526,2319,2402
5583,1977,704,7579,6440,3609,3571,6937,5931,259,2092,2501,4535,9949,4339,7484,3636,4544,4571,5782,3769,2953,2921,865,4837,9371,2320,9457,5046,8453
3021,9705,568,3723,6832,8404,9837,8101,7726,7416,4182,7751,4612,2164,1169,5721,5177,6679,1472,1678,4792,5761,7474,4101,9408,9500,7037,366,7478,4731
842,2444,3320,1305,6982,8374,2105,7908,7439,5665,6740,7940,974,1877,1333,1133,4580,1383,5851,1890,7032,9955,6938,4107,7172,6073,325,3151,5348,6746
4137,9272,7820,1097,7630,7952,116,5592,6039,242,6982,4052,9278,2945,6826,3032,7144,6632,7575,1971,5348,8429,6585,4896,4249,3877,218,1681,5490,3780
7828,9507,9198,4015,4883,4644,1573,8656,8778,104,8539,7344,5183,6726,9950,9835,9172,4062,4382,1138,3563,1868,6765,1752,2893,3707,1202,7200,6065,4979
1870,6019,2469,7946,9176,5219,1102,3941,2173,7265,9138,9752,5783,8159,9120,4250,5283,1280,1654,921,1288,9720,8997,1022,6321,5992,9880,2019,8051,9506
1071,6381,9975,7302,4188,7151,710,7688,8463,3165,1591,7078,7204,7016,9180,1326,5252,1263,5757,4458,9155,326,2533,8485,312,8029,1749,1117,1896,5263
6566,3456,7755,1731,5570,8459,2487,6983,3810,9629,623,95,7323,2039,4307,5217,9383,6211,8317,9439,4553,8458,9094,4768,6633,9252,6657,999,8589,8219
8057,2869,9172,1944,6412,4077,236,4825,9999,7267,9707,1637,3788,5532,4504,7386,5274,8162,6036,5085,8995,6233,8438,787,2199,4307,3777,175,5262,5333
1214,401,5967,8246,806,9994,8807,7286,9093,4888,3267,6204,9529,3800,8799,4340,6363,5099,8490,8465,5940,352,8356,9305,1301,7007,9389,2323,9780,6003
9454,3808,2074,8802,1354,5384,1327,5255,4612,7948,8052,817,7543,8880,1545,2213,1829,8682,5460,1396,4659,788,7781,1627,3366,880,4121,4333,7841,7783
879,1264,5957,3182,9238,9346,6050,1106,2473,3568,4123,5599,9681,7013,7270,5364,7408,5250,9262,1286,3021,4651,1735,8913,8308,9429,2223,3613,4136,576
2486,1905,9940,8748,5518,3437,3845,8450,937,517,6741,790,6779,8445,1654,6993,3152,8839,8635,7918,1571,6298,4326,6691,2860,1301,6496,4314,9620,1872
2445,6200,9558,4706,7492,9365,491,7053,6420,2110,5863,8221,8713,3626,6309,2780,6769,7528,3064,9553,7530,4584,380,1617,1215,1785,4933,6418,5421,725
9222,783,3173,3251,7710,2908,9660,1454,3117,860,9962,9249,7070,7476,9712,9405,2304,201,8821,8165,100,3895,3441,8964,5988,6728,4,8089,7871,1287
4979,9716,438,8052,3712,3104,1489,7137,7087,3081,6020,6302,8472,7846,1203,1116,6934,6170,759,8715,4734,9838,9379,3410,6591,159,6270,2098,4511,8263
1396,252,5681,7181,7003,3921,551,8484,7638,5641,6979,2775,147,1551,2519,2961,3178,555,7479,6554,5084,7758,8476,2278,985,9922,4293,7694,9923,5060
4067,7491,222,5349,2134,681,5711,2845,1496,9381,9682,1878,1087,3489,1809,628,3386,9123,5325,6226,3194,9479,4725,2531,3889,7676,845,4592,6224,559
1941,6051,5391,2326,1669,482,1380,3136,8109,4541,7796,4934,501,5548,4868,7882,5911,7822,6412,4623,6723,3237,8947,7121,6348,7236,6152,9298,2932,1536
9144,2315,2233,9925,1570,9964,3400,5642,9991,2158,6394,2172,1647,9960,8483,6869,715,6884,7256,1991,4692,1448,1343,9818,1472,8371,100,4487,1164,2796
6819,3775,4869,800,6605,8349,3626,2442,5049,3241,9079,5891,8325,2292,6946,7854,1586,4226,1849,7607,3596,5032,2327,653,8534,7865,7025,3668,6344,574
9934,5090,1092,8314,3743,9924,7467,2205,4670,3955,2137,7300,9754,836,5247,4279,2988,6596,1413,43,4964,2246,338,9728,707,6451,5335,4075,5510,6724
9767,2004,8763,1302,3117,4269,6033,78,5642,1863,9705,8386,2857,959,1058,3054,6196,9880,7550,8547,2614,7609,7749,3462,1701,8935,8297,2486,3527,4805
3698,6184,8536,3550,2526,9979,6539,7050,9038,7344,2861,7404,3001,8139,2323,5302,3474,1951,5902,6057,5262,5868,2065,3080,1650,4039,2759,652,5271,4156
8562,994,4241,6583,6395,4829,6465,5290,3700,1749,1701,7752,9698,3848,4546,6775,3008,9895,654,6290,2499,1054,3814,726,6497,3246,5465,1791,8660,3839
6233,728,209,1313,2791,3254,6050,2273,342,9835,276,3517,8820,7159,1652,1018,3485,643,228,7558,1148,4013,7529,2294,8976,2350,1122,5056,4139,9276
7382,4999,1906,6047,6732,5625,7319,6239,2463,111,537,9587,6576,8595,2128,8859,2693,2929,8709,1199,4506,5086,4907,281,9229,8194,2055,7252,3526,7856
7254,6223,6882,889,2736,9699,2487,5223,5501,7001,6166,6696,6589,944,9774,3217,2464,764,4245,1317,1669,7811,8036,9790,673,6155,3502,6478,8179,3948
4872,5889,5480,9630,4393,9908,567,2148,9630,806,9458,650,1257,6356,4198,6151,8474,76,8421,7831,3049,2086,1830,6544,7801,9734,9605,4973,4233,6260
9643,3718,440,3495,1240,9163,4501,6910,6982,5273,9141,1310,2346,2982,6674,5158,7236,4777,3243,7917,8271,6266,9026,1582,7901,5251,7708,5374,975,9964
7026,2175,8772,3018,6842,5517,9215,1242,5917,1001,8157,3074,2658,2023,1763,6245,6640,452,7332,5533,6324,6629,2683,8914,9789,1199,2688,310,2090,9065
5004,4496,4341,8560,3834,8264,2921,3247,8832,4228,6604,8622,1565,3465,428,1752,9173,3310,8920,8918,8106,7739,4558,1623,4575,5763,9367,3056,7065,3497
9317,3843,2299,4959,1939,2848,878,4809,1760,9881,8806,373,1618,6396,8856,2891,6256,3420,4073,4148,4411,6956,4941,8645,9391,321,8282,3502,871,7238
987,7583,6996,4118,4345,5371,7131,334,1846,7741,6098,8031,697,1184,6404,4524,7759,1680,776,8803,6065,9665,4547,4271,7090,87,5088,4296,8502,286
9989,766,286,1215,5750,6107,9433,4434,666,3032,2141,2426,1318,8208,8297,3485,2598,4913,66,9838,942,947,1289,2495,5667,5843,7626,3111,3732,6300
1626,183,7948,2223,3205,3028,7765,2858,6893,8026,917,5315,2668,3885,4230,8662,3740,1684,2701,3794,998,7332,731,9522,3095,193,3229,4718,9877,9178
3405,4479,7927,7296,8677,2576,8700,6692,7653,5702,267,5151,6794,7841,3839,8160,5567,2802,8871,8703,5463,9096,7711,561,5850,2370,3680,9875,54,6784
3458,7699,8488,3646,7757,8085,5223,9461,8451,7698,1882,6983,8013,5101,5663,9384,9469,5669,4101,2697,2193,9287,1678,5004,3838,3401,8317,2125,3207,9893
4336,1891,2189,5157,7149,1238,883,7290,4252,8000,6663,9026,5503,8072,2997,4361,2517,7956,2762,4845,6142,6134,3378,9168,1721,2827,4487,353,122,5666
1331,177,6007,2937,813,577,3349,6558,974,9505,4291,5816,7735,2493,932,1693,6573,1026,2588,4459,3670,6838,6956,1896,7681,5624,9469,7294,7234,9465
2574,5438,5286,6088,9845,6405,7644,2164,2003,4591,4460,5331,3703,2370,9772,1199,5273,7061,4654,2430,5993,4746,9083,4681,8363,7042,7163,5288,1171,4719
3930,3103,3300,6592,7838,7606,1567,8509,4072,9995,597,7682,5928,2615,8319,8830,1835,1648,6458,3165,7216,1278,7176,335,9842,3834,7061,7396,6837,1213
2848,9568,7466,8801,6817,7374,5747,4258,1137,2369,5250,1508,9580,3794,8480,2568,5890,1419,1188,5284,7889,7837,4826,8597,4910,7519,1679,8416,7743,6264
9044,3461,9417,2833,4055,4822,1250,7635,9774,8257,2704,9062,7671,6572,8464,7423,5965,9586,7239,1567,5315,2615,9457,9291,7699,9191,2079,8188,8588,8982
1230,7417,1302,8157,3270,1540,4663,8269,2524,4117,1961,3926,7828,9421,4292,1805,2066,9083,7213,3523,6159,3329,9542,5696,8201,2199,4253,1359,8021,5137
2565,5165,8740,5315,1300,8067,1875,4123,1696,8784,4377,1098,3403,7837,9410,7457,9453,8263,3434,8162,2869,6997,9320,220,471,5001,6102,3527,3584,9086
44,8997,4064,4369,3788,4432,9223,74,9490,5965,1005,7902,3694,4420,4524,5998,1034,377,5204,1289,9008,9836,5467,8887,5256,8025,452,4788,1863,932
6694,9557,9763,9858,9911,5469,8842,4706,8808,6207,354,4196,9499,8296,1551,2405,8694,7803,2844,3824,5270,5578,2907,4754,848,8252,1749,5571,5714,2355
7382,2621,4762,3446,8529,4625,911,1575,812,7104,1661,2523,40,9955,9428,8661,3425,4066,3370,1822,4080,9397,1261,2687,8804,6448,4704,2151,9352,5581
9730,8222,4933,9330,3068,3556,9107,3531,1599,5835,9614,4062,8595,5969,1359,9184,6732,2513,789,1448,7162,6772,7805,1817,2444,5963,2940,8980,9895,1827
7700,309,8036,4941,4327,7004,9239,2798,5786,7706,1127,3637,5945,1185,4362,3700,552,7911,7789,9226,2170,1009,2562,1091,9737,1800,9624,1060,1784,8411
4772,8209,2898,1793,2687,1237,3760,2082,7624,2922,6614,5763,1197,9449,1308,3207,580,6410,7715,7098,2435,8163,527,3691,3382,7832,9899,5029,5839,1388
535,4619,6482,4489,1785,4185,7925,8213,8737,7968,4311,8047,9120,9747,8832,8444,7983,7880,5086,6262,2300,7762,562,4542,3884,6976,9130,105,1548,5701
3793,8239,6515,5863,5974,6268,6337,9086,42,6000,9607,9755,9304,6019,7411,5276,7945,4819,5166,1534,3965,7559,4698,6934,8263,5317,5903,9727,6787,4231
4721,1786,4562,333,2566,5302,8911,8627,2299,2819,8597,2519,4166,2973,7801,5383,9473,2050,6783,153,8920,144,1565,5450,2494,8948,4059,9337,1298,5320
4633,8329,2872,4539,1179,7532,7052,2338,3725,1504,2008,2911,1428,7720,77,9895,5829,1899,9349,5028,7784,9343,3798,5018,8825,1458,2697,5741,2736,7255
7439,6227,3669,4120,2101,4784,6267,976,6130,4893,7152,6457,4731,1600,5918,8706,4581,9260,3278,3339,4842,4645,5862,5309,3699,3934,7518,1319,5982,6496
1167,7828,4568,2779,1739,2640,2127,4098,3615,492,4145,1749,9690,6639,5078,1038,5470,6076,3852,5650,8459,499,9305,1588,2256,7648,6418,7436,6695,8189
3825,4956,476,3869,5640,3966,9210,2531,2766,6745,3242,8157,7563,9382,1060,5863,8941,4586,9393,646,7696,897,2237,6021,1461,3042,2602,3106,6785,5798
4335,9959,8094,6173,6695,2989,6637,6896,9079,8261,1214,6107,5927,6888,4479,1675,7424,2491,4105,9870,864,9639,3964,4966,8678,9071,9227,624,850,9437
9664,1164,113,1160,6182,5942,9161,6378,3569,3324,9498,3886,5815,4722,7275,9689,3931,3692,3342,1458,1850,7512,2453,6053,220,9893,5531,1961,9693,8891
3242,4880,7514,3204,5737,3773,5783,2825,9287,4879,1511,1999,2263,2355,9570,281,3456,8960,3051,5828,8857,1145,9032,8087,4990,5471,148,1302,6834,873
6966,2179,9333,3914,2431,5063,9724,7651,9010,7218,9037,4859,1306,1928,4748,7530,3167,5554,9275,4147,700,6532,9445,4946,9188,515,6991,4267,254,1202
1881,3653,6573,3517,3624,595,4265,5156,4170,7154,8602,1349,8040,8492,8145,8089,246,5605,6545,8765,3036,3349,7658,512,7808,5191,5393,2793,5295,9164
8923,5768,1374,4630,9313,3549,9456,3084,6528,3574,5794,9866,2033,869,7900,3623,160,5839,9684,5181,377,313,8043,3992,9726,3397,720,1040,5526,7063
3684,5939,9691,3199,7527,9415,4298,9990,1548,837,4271,6547,5674,4875,9087,2543,4089,8884,8656,2988,8661,3822,8889,7817,1493,7549,5748,6458,333,9496
2442,7871,5365,6705,5363,7761,6297,11,8545,9086,3810,293,401,8830,4130,9434,9975,9272,1348,3088,3745,1321,938,4687,5134,3516,3014,4349,2338,4528
4353,7124,5301,798,1927,404,4971,2206,2103,7065,6584,2773,947,7882,110,8541,3656,260,9626,2224,3499,2943,9132,2643,5758,997,6569,1587,7253,4861
2331,1902,9522,8285,9587,5826,1435,9649,5007,3579,270,8377,2818,8557,1937,3114,925,5478,2618,9088,4230,2458,4447,9631,494,5144,8088,797,7685,5679
1170,9939,2594,7149,3948,152,708,3011,8490,7684,1255,1460,1477,5479,9972,8210,6,6077,616,4111,7384,9328,7642,1202,5647,8576,620,174,8106,2673
978,501,9960,9563,4699,4660,7454,7684,1971,9847,3826,1827,6072,157,7836,3879,9467,6691,8605,1047,2300,3162,8010,1100,7602,88,4903,2873,8100,7563
2719,7311,8246,3527,4219,4487,9120,7954,815,2835,5106,7250,7385,8949,3015,3466,7209,5330,8160,9505,3791,6338,9439,1043,808,6291,6486,7160,4,1258
5040,171,6591,1994,8209,9059,6954,7450,253,4607,5434,4284,2603,3886,1966,5232,9513,9699,7904,2607,9073,9436,4358,4279,584,6461,5429,4534,4679,3940
9750,2120,4826,3445,69,6813,4323,1182,5257,1277,4666,1624,6672,4908,3976,4746,6943,3191,3149,9849,7180,167,1391,5803,2634,7937,7751,1068,233,4254
9326,8056,2826,715,91,8677,3267,2239,9507,8643,7943,693,3920,1353,1602,4446,9211,2457,4486,9342,4703,5733,9729,4711,7902,4746,4141,4007,9443,6468
4729,7187,4803,8064,5565,3868,7752,2292,9815,5819,451,8027,3101,6861,9592,9755,9498,2713,1307,7490,1959,9619,6219,466,5899,1066,603,4725,3304,6269
7196,4241,7949,2800,9130,7441,3156,7083,556,5345,3503,5143,9286,105,2213,962,7689,9069,8467,2047,1907,547,6408,594,5825,4499,1069,8542,7740,5551
2038,8199,1661,6106,9899,7443,5974,4801,9160,3790,6318,1555,6595,5978,9347,9241,8347,1184,2491,2165,7500,2804,4615,728,7073,2281,219,6581,8899,5167
7680,5764,5598,5757,7636,867,1022,4016,1444,6345,9326,7510,4909,1541,1047,9786,2488,2878,4047,6429,154,8329,167,4464,9416,1858,1550,46,134,7613
4983,6281,119,3547,6456,1356,2478,1119,8639,286,7320,387,9354,8117,9794,8372,4760,7071,1303,37,3136,4576,9456,9287,4085,2398,9162,6104,2739,7544
6595,7067,1133,7392,155,2133,5727,6653,1404,5899,1722,8721,5916,3175,7631,1240,6,5622,2104,2077,6494,4827,6350,2308,4591,5677,7277,150,7877,6166
4461,6740,3335,2390,7892,6593,822,4752,8162,6553,7053,357,9186,599,103,8314,3891,531,5646,2291,6108,9161,862,9994,1378,214,8713,3061,8066,2792
8200,4825,3042,8646,2628,7263,923,4375,9030,7744,343,1023,6716,3186,909,4850,8395,9732,9970,1510,1108,6685,566,7704,487,514,4715,429,670,2230
8848,554,6110,1233,6828,3067,6602,7890,4711,715,4815,8543,2568,7924,8804,7913,4915,893,3174,2995,7671,6599,3372,7008,8791,3458,213,9624,2128,1024
8091,8360,152,9822,8903,4062,1547,6588,9137,7703,3936,7880,759,693,5199,5070,6481,9079,4975,4858,1128,5406,6853,824,3688,6486,2397,6498,9032,1186
7173,7972,9422,4621,2833,753,4178,272,1994,5357,1824,2241,4573,2879,9933,5952,1925,1739,1570,105,6529,9506,7130,1518,6291,5727,1328,5322,9725,7164
1318,330,8224,6926,2703,6582,3793,4184,3148,7841,8157,2571,5219,3047,1384,7470,6232,5703,8409,6859,843,7864,9624,8933,8081,7684,2338,714,7491,8697
9799,9548,6716,8359,8587,7409,2489,8061,7508,5051,538,3552,4951,8316,2384,6527,6787,6898,1417,8007,7523,302,5987,2985,9699,7578,5028,7500,7993,8764
654,6860,9729,7841,8321,8720,6862,4330,5305,9282,6002,6132,809,7513,5083,2384,8504,7768,7202,5461,4942,463,2851,5137,2900,3060,4390,6868,1214,8097
7079,9437,2324,9882,5280,8584,9392,6766,2560,3358,3027,9622,312,7931,5301,1316,9871,2833,7816,6473,8105,5401,9858,9685,1001,6336,710,6866,4707,1022
5281,9665,167,2118,2187,1634,1212,8865,2244,9425,4855,6537,6193,8787,615,9947,6491,3734,8597,2497,9202,5,9889,3571,9606,4668,1251,4940,6690,3589
9892,921,3353,1094,3836,9141,6646,8213,3352,5522,831,7315,6297,1256,6248,1099,5230,2641,8786,5370,2835,265,9000,5918,1004,3301,4024,7123,431,2328
4103,1629,7172,4651,6030,435,1935,5533,4939,1766,6717,1937,7806,783,3347,9984,4446,9305,8578,4662,4811,9262,578,5207,1314,9693,8339,4820,5777,9449
424,12,1781,5855,1731,8922,5685,9785,1288,2215,4366,6513,511,5202,9487,3086,1799,3684,1816,9498,1861,8963,312,2034,9590,7966,1905,8348,8518,4882
1497,2827,1305,5328,6390,7346,8618,4635,4879,1369,5926,9417,911,5968,8379,9569,1939,2727,8446,865,7486,9987,8843,8518,4854,7801,48,4441,3406,6453
3751,4938,9193,7452,6730,8855,9278,6309,4832,3063,2580,5140,2603,6183,3115,1084,9607,6818,9025,9063,1831,9119,4178,8688,9782,1358,9532,9054,5854,1767
9425,8150,9419,173,7369,7955,3330,3416,5988,2999,2807,1003,402,7647,5435,9667,69,1958,8742,4532,6768,2988,4482,9530,6415,3396,5150,7937,7254,8705
9620,5659,7684,7660,6042,9649,769,3282,7421,7395,3064,2609,7438,2884,4709,3425,4666,7780,8998,3618,7073,5567,4786,1694,2711,4023,856,1703,6095,3030
340,9083,4944,3102,5757,2642,2638,5624,4118,6716,3546,980,8174,8208,8177,7179,7497,2120,5497,7233,3587,5633,7757,9440,2676,2454,5801,4226,794,6636
4416,3608,1026,8807,3025,2598,7014,9270,8523,9772,2986,9091,7475,1556,6,899,1705,6103,8688,2516,5693,3115,5021,8480,8244,6956,7302,9893,3414,408
9442,3520,1498,4835,8241,3906,2775,153,6164,9249,3689,1122,4360,4953,2964,7281,3872,1544,3431,8152,4481,4073,6426,7597,4975,1950,3592,9841,9951,1318
660,1297,2770,6816,6201,4516,7203,1272,6047,6787,538,8267,7910,8591,141,1125,6125,2725,6341,8888,6466,8891,7768,789,2341,8441,612,419,3485,6737
2871,8324,9788,5068,3470,5219,2399,9595,4418,2458,4594,3026,542,8242,4602,2545,7528,7947,9274,3124,732,5564,3049,6188,2509,7904,9949,4555,5990,7892
7709,5712,5293,1860,1832,3173,9843,303,9132,11,721,510,148,535,4310,7804,8672,2428,6499,5237,3584,28,414,4303,1774,1068,9294,6342,9537,6339
8503,5197,9597,1106,82,9131,774,6457,2605,3057,5940,530,774,3968,498,3407,5303,5037,2212,1998,4245,9678,8336,8792,8512,2803,9132,7867,4216,5732
7246,1331,633,1594,9829,8079,9232,1270,4416,3964,4172,3144,1153,4143,6046,4767,1459,6049,3903,3112,6120,5528,5333,6139,3742,185,6753,642,5036,3287
4558,9739,9036,9870,6746,8334,4224,3719,14,5776,213,9900,5574,1860,160,9970,4761,7733,7949,7210,2628,4911,7850,4278,6054,4740,7892,2920,3563,3423
2974,1195,85,3695,8145,4502,5955,2963,8410,554,120,7646,2730,7481,1809,8829,9363,5728,4766,1899,9552,5338,1624,7737,3326,5405,3473,529,1564,9391
9591,511,3986,2832,4821,7534,6776,8432,7846,8561,6480,7874,4223,687,2313,6293,8569,5623,481,6515,8190,5542,7668,7953,8686,2312,4214,2811,6758,6921
7142,2563,7605,5550,2527,4185,4655,557,2286,9130,6328,9398,3441,7941,5870,5075,7005,7055,2129,9132,7667,6885,1406,9945,3013,7190,7308,6211,1433,8345
8057,7959,1360,1760,2205,5522,5243,1972,4323,7620,6663,4697,450,3550,5624,9259,1997,9695,5270,1319,7409,1201,3310,1314,3821,1062,7935,6872,9200,1805
1495,5687,2084,8724,629,8604,2921,4037,5657,8093,1217,6491,340,7462,2817,5693,701,941,6145,9653,1985,6706,5020,4014,4755,885,9496,7155,7982,9345
7701,6456,2434,591,971,1910,374,2459,667,4806,5539,4949,3052,1619,8737,2926,9980,9382,8501,287,7117,1685,8014,856,6079,9008,911,6851,5122,3381
5701,2688,3940,2607,2990,3619,5720,5619,1226,1698,506,9974,3268,2742,7262,4504,2450,9034,2477,1736,3033,7700,6909,4223,1341,3741,1237,8564,1894,8153
6691,8599,2929,9948,672,4166,2611,8484,831,7768,211,9650,913,231,2848,422,4695,6701,1526,2555,4464,1129,2670,287,1945,6304,926,8730,4686,2229
5461,2788,9727,5475,2435,3703,9863,436,9294,553,5895,3423,1037,894,6215,3138,7871,5236,3427,7783,518,6784,8657,447,7030,8081,7352,9923,4525,6883
5261,5217,4251,900,8207,536,9060,5902,2716,7002,5716,7428,6004,3681,409,5951,7841,255,9085,4932,4219,254,7824,604,3075,7863,6583,3789,8994,2409
1714,376,7760,7449,9756,2260,9012,3263,8653,5021,9908,1876,267,7853,3954,4306,3616,2775,5566,1764,4730,4105,2706,7829,1119,5548,6801,2637,5048,883
2635,769,2232,1631,2511,4007,9465,6106,7658,4779,7644,1407,4455,6794,5069,1304,4017,7151,6697,1502,9900,413,1130,9060,569,8232,4418,6141,9974,9115
5404,215,9259,2396,4749,7339,8471,7994,5282,1036,2702,4889,8292,3368,7226,6962,4380,5863,1105,4573,6732,2444,3784,2856,4120,8328,9041,4613,9703,2212
6745,1584,5770,6016,1537,1389,2297,1217,2894,6565,1983,8415,5466,6124,1824,7256,6770,6377,3368,7995,5950,6876,8278,5359,8990,1563,3397,9955,953,7992
8118,2334,6334,1146,3095,5311,5621,9780,3908,4440,4326,4283,570,878,1074,1159,8195,79,5811,1289,4250,9489,71,287,3642,7659,4693,314,4638,2059
4723,6010,9938,8582,5525,8973,7683,915,2977,305,8933,4117,7335,9037,903,8383,637,8598,820,6536,6490,4254,4580,7944,4931,7267,9729,9991,2278,9505
6562,9282,5970,6713,5797,3540,707,7168,3435,132,7689,303,1794,7352,8631,2743,9374,5437,9919,4239,5113,5502,6002,43,3356,8247,7787,4229,937,1050
9013,8624,136,9747,4067,5301,911,9413,5231,714,9702,9263,2029,1616,626,3804,4107,5776,1272,3144,2581,3547,3812,6031,6648,6057,9923,3948,5569,7307
602,1359,1757,3824,2346,1542,8661,9540,6386,7400,735,7853,3369,3506,774,9640,2752,3090,4289,73,5360,4048,4239,2299,8666,6094,9230,1531,6665,3810
7452,1459,4501,2875,4747,4264,2385,9435,6245,4166,663,8790,840,6733,2149,7029,603,4235,2228,4489,5476,2288,306,1991,7031,2687,1982,42,7266,5640
1443,4577,7547,138,8412,8496,5174,6852,2426,2082,9638,7889,7424,7873,8181,3846,8705,7675,3618,9375,2452,9384,2255,1559,5631,4135,8599,6424,3956,3656
5154,9860,5302,6979,9830,2574,6112,5663,2680,2018,5637,4535,999,9630,6899,9683,3975,3153,5415,1498,9715,933,2149,6217,2187,9336,3814,1065,8316,2923
4136,3369,8938,575,4624,4555,3451,1361,9203,554,9054,824,4797,7356,4128,2908,9539,9095,597,4749,3132,4261,8602,6112,2997,959,2371,9279,1933,8191
5297,8496,822,7474,3727,5913,3582,8757,7711,9852,4943,1074,6840,9772,483,8277,1225,6822,3487,5276,7917,2437,4816,8412,8208,9815,1055,6961,3465,8467
1900,3051,5673,4995,4247,2286,5229,2873,8184,1751,5349,1547,2817,6961,1563,3400,2130,5055,996,8827,2171,9121,8334,5537,163,8460,1726,7445,1726,5627
6623,1669,8506,5110,9838,2698,5223,8632,6607,4458,3779,8523,3510,1147,5892,4412,3740,6186,825,3844,8915,1060,3206,254,8694,2131,2881,4606,4892,7281
8432,203,3031,8159,8185,1290,369,679,8033,7649,6921,2307,2320,5701,9999,1541,4081,1092,8270,2537,6161,9330,4772,8733,5677,5924,3963,7254,345,3671
19,9532,8359,4521,841,3019,5037,7167,334,1331,748,6321,1847,3570,4347,9178,990,755,5324,3556,74,3319,8647,5654,1769,6326,1453,9615,9936,3210
8890,8758,4473,609,7421,915,2306,4905,4668,7105,9137,9974,2667,4133,4087,5661,7690,1540,4088,8903,7009,7902,4199,5794,8660,2071,1049,7021,1020,1132
7570,6989,1750,7887,6577,8342,1728,4330,8509,87,8025,9591,8037,4701,9200,5415,7052,4266,285,1325,7718,9176,9870,2943,5256,4980,7882,4673,1792,9357
6771,9329,1601,7952,6330,2942,9083,9144,9907,8721,2766,8735,6397,2769,2694,275,8364,3124,8142,4288,1194,8012,9313,1167,4722,8392,6780,2760,4306,1652
889,3214,3523,9494,4009,9894,5855,9293,8554,4654,3043,3525,39,5821,5951,1754,7821,1049,4722,9028,3154,487,4000,7991,1120,3408,9293,6743,8244,2471
3074,4766,9497,7049,7897,9102,3020,2548,5688,2274,115,7544,3307,2523,9848,6359,6098,1836,7074,2377,403,6645,4361,6632,4639,5812,4378,2057,3721,5642
8495,862,9684,50,716,1683,752,3671,5074,7539,710,1707,2134,5220,9404,1494,5809,7634,7853,2557,4215,4558,9183,623,2973,7859,3892,6210,463,6025
5928,5574,8160,8514,104,4688,1410,6623,1767,7043,2541,5303,3363,6621,64,2293,1057,2429,2598,8972,1090,4188,4685,5133,8169,2642,7955,6691,108,4274
8168,4473,8475,9390,2374,688,9695,2105,2576,8700,4329,4810,9261,4160,2765,6557,3961,4526,2245,3381,4169,6878,6042,3233,7083,5390,2559,2690,3793,8278
7243,8406,7603,7102,3897,5253,4726,8070,6495,7183,400,7649,465,1760,5532,603,8707,4478,5158,4167,3927,3030,6792,128,7631,2768,9589,2220,7823,7720
846,1138,6806,2671,8298,3039,9876,1300,766,1335,2944,1585,6962,8199,2305,9021,7950,8851,5490,9472,3224,3274,7639,9246,1233,314,8237,3999,2276,3253
3336,9768,4780,7953,474,1417,7773,7107,4598,9962,2777,4810,7342,8185,6195,7215,8361,7818,5254,8160,2150,3600,3939,5961,4458,9094,5211,405,956,2331
4376,6918,1668,9734,886,7367,6335,122,2484,525,2781,7790,6067,5435,2600,4941,3458,83,669,6492,366,2308,784,5008,1997,8787,4141,1501,353,2422
8999,6219,4473,1182,7984,4519,402,777,3842,682,611,1877,3810,2396,4114,8788,5973,9137,7678,5780,4876,5044,3959,8153,7906,7958,4392,4467,7548,4704
2147,2424,1134,2858,5759,1617,8170,6945,1415,6344,8114,976,3357,9370,1726,6592,4578,4594,6779,5847,3909,3665,3731,2429,1256,6093,9941,3718,7138,9968
4720,115,631,258,3784,4890,5320,282,1887,4389,7790,2061,9927,3691,5605,9368,5967,3957,5646,8164,5566,739,3032,7381,6553,6792,9197,3288,1461,2708
7179,281,6488,8327,7573,3201,1824,1005,3141,9233,5445,555,8538,4821,3424,3019,5104,6550,5581,5096,3095,1437,222,110,9054,4168,8039,1483,1515,6470
7942,9469,3558,4343,6538,9711,7897,6080,9153,4823,8816,8916,1130,7528,5691,1262,8842,8315,2988,7915,4331,6098,6459,6131,3741,543,8739,3007,3702,6305
1990,1964,6834,8691,2906,8110,5318,5436,9594,3236,4360,1246,8615,35,3974,2660,8756,4101,2473,8912,2662,6461,3146,8129,1218,6232,2193,8378,7713,9279
473,7196,1007,2098,4236,2360,46,6953,1395,3427,3882,7965,3249,7361,5929,8807,7775,478,2283,9193,4751,4875,8706,1265,790,8810,9551,3084,1305,3943
9976,2685,1300,5470,7425,2233,5020,5329,1162,756,9866,7799,3257,7598,4707,4566,2525,8152,4889,4109,9140,1069,1647,6561,5928,8963,9243,1849,6168,2071
3921,2013,5795,9123,8093,3987,9339,8797,9310,9343,2576,4639,1217,9218,8127,5959,6946,7951,9739,8301,2104,1491,4595,65,9930,6335,7857,418,8566,8091
2595,9637,3330,2494,8208,8822,8941,9923,6125,2110,6066,9659,4217,1715,4367,1835,337,7356,4811,3704,1079,6010,5400,2793,761,1388,3606,3037,8179,3678
5092,1369,5364,2856,8224,3940,7890,5477,3109,5507,7711,1840,7510,2220,5389,1200,8857,5877,5395,7582,1257,2828,4917,5987,1589,7042,3476,9714,1608,9790
9025,8655,741,2509,6601,9971,5790,6052,6408,248,2214,2751,5522,530,5726,6613,6019,9603,5871,5927,273,678,2313,4406,7474,6936,5283,1562,1868,789
225,821,4921,164,4177,5120,6053,494,9572,5147,5843,6508,1816,3196,3461,597,4209,5998,8508,9590,4660,3505,9640,5893,5641,1233,4788,7242,6544,5154
9049,7513,7598,2753,2679,4209,7912,4378,1702,5289,9373,6405,5457,1655,3250,5587,6334,9244,9552,873,7101,1715,6534,7479,2626,80,4597,8787,4967,9195
6685,1480,8612,3139,3114,7445,5511,4570,8243,4404,4367,1098,9364,864,9032,1763,2338,4689,3291,6570,3076,8667,7248,3345,4350,1096,3752,7999,4428,6199
1528,3931,668,4733,4111,431,6035,2381,2409,3711,2440,4710,8164,5767,423,4600,2040,2227,1906,7346,3722,9566,9218,7706,3362,4235,8113,3867,1626,8852
3682,1839,500,1057,5484,5064,7002,9722,8413,7108,3748,3043,7818,3049,5576,3267,2211,2085,2913,6529,9559,9974,6037,833,640,6906,1403,9778,2634,84
1859,444,4109,7815,2057,3089,6085,323,2837,832,2183,4686,8890,26,9391,8462,2712,3124,5912,9357,33,5053,7919,6544,642,3734,5492,3996,6950,3387
7561,636,2634,1728,5605,417,439,5044,8973,1586,5833,4952,4311,6322,7941,1541,4339,1845,4409,4955,841,2010,6218,1328,9963,5376,3036,8227,6056,4390
1925,8965,720,9972,2380,7058,9753,1354,5840,7819,3118,3942,5043,3991,1086,6374,2631,3355,2300,1387,9387,7621,8845,4344,7421,1879,5076,8164,3233,3112
2523,7752,5202,9284,9193,2856,9880,7784,917,2362,1776,7862,1657,6303,5284,2249,7097,6388,4757,6691,4934,3732,440,5976,3273,3028,1334,5723,9717,5512
8166,2635,892,3717,1914,4403,8437,917,6456,4833,104,1880,67,1838,1593,6536,3728,4081,6352,7040,4152,9351,8696,2152,3960,1324,5132,1179,493,7001
4782,878,4437,2935,3272,7978,7248,4647,912,8907,9428,5855,8726,7974,3605,5746,6350,3574,6411,5132,1525,5363,5376,7669,4989,7925,8925,2498,9730,3258
8338,4720,939,2866,3820,3092,1706,2331,9516,6083,3065,6931,618,8418,1984,3694,7404,6513,8250,1472,7429,7920,5345,8772,7840,5495,1042,9059,6248,8298
4480,2975,8376,3630,4155,7349,3110,7800,3603,6884,637,4236,3614,9302,9773,2942,142,5611,3957,5871,408,9696,5234,3600,6594,7933,2806,8215,1245,6629
6808,4967,4118,6697,8909,211,5423,1188,9545,9002,6088,8080,2058,923,918,1329,1346,5968,7848,4495,3243,1141,6496,7951,7722,2022,6658,4287,2744,5266
7906,8490,4678,8319,1439,6055,6433,9357,3624,7640,1338,4869,3572,9207,9831,2567,2469,1781,5507,3882,4776,2225,3569,6493,9054,6011,7039,9729,4735,3120
7737,8961,5519,6325,7834,4053,3358,4102,8115,4965,6831,1199,4707,4654,6405,2197,2515,7867,5688,9791,427,3189,1824,759,3114,3096,5080,9259,9818,1536
3994,5323,2831,5526,8001,6578,7902,9845,8619,7232,2415,1823,3928,7656,8879,3495,3059,2776,7854,6283,6391,9123,6363,6645,1596,144,4420,4798,7459,8027
7484,3505,7052,5719,3643,8311,9591,7580,5266,9594,8907,4280,5179,9593,5312,2772,1613,7723,6151,7338,9974,6096,9749,3151,3780,1100,1336,4202,9010,3266
9032,1407,3503,2775,1608,2934,187,8304,3180,1912,3020,3170,69,60,8709,9691,9834,4432,2618,5451,5896,1274,8716,94,4299,5045,4297,7981,6960,9821
2370,6809,1551,2802,3696,2890,3777,4715,2380,2410,820,9731,8894,518,4649,6921,3275,3403,6703,5178,3758,736,4971,9223,2055,733,9499,4900,515,2335
6285,4056,1795,7798,7296,2933,4228,2946,9802,4120,7852,7979,8931,1954,7615,7051,8822,332,8968,2608,6067,2685,1327,9229,9293,7900,1460,1633,7404,3679
3123,8965,400,4470,5668,9880,4141,2736,6740,5990,6229,172,3856,9509,2975,1250,7353,7534,8945,1688,9208,1056,3164,6341,9011,8431,1051,6662,6889,6310
9821,4382,6106,6762,519,823,181,1990,4580,2481,4463,5601,4719,1883,8054,4742,8717,7859,9416,1732,989,2959,892,809,5051,617,9324,6929,5108,2307
8328,8773,8176,3494,1310,3525,707,6193,7046,4291,6533,5859,8415,7010,1564,9422,3009,5864,6459,8793,6167,4199,8871,6268,6026,220,4760,7008,230,3592
2237,2667,1370,2356,5081,5164,3715,7407,785,6136,3551,9193,2943,3520,7506,7993,7657,125,1524,7319,3416,7652,2780,4380,720,4132,3232,7247,5297,859
1144,8925,4603,1465,3346,9994,5051,1961,2142,5568,7221,7394,1216,3523,6515,7942,7912,5458,4959,9511,3667,7950,6313,7655,2775,6022,1639,8904,981,5321
4527,3886,9472,2613,1871,6597,781,7936,8055,2715,9166,7718,3057,6591,7874,840,9977,1026,8815,8018,8195,6639,5073,2525,4159,9754,4502,4449,2754,1757
6799,6266,6463,1050,5490,4914,1088,843,5531,7132,3312,1525,1198,3636,2778,1005,7411,3277,9693,6972,2628,9073,6217,5627,2404,9457,1106,6689,3900,936
5569,6175,146,3115,3472,4385,4596,8768,9027,7183,1040,1236,2339,77,4944,8608,8364,158,7900,3979,9740,2330,8383,8174,9153,3912,6955,5399,2139,7579
8319,1557,9358,1116,5919,1522,1727,4825,7858,1315,5760,1086,9435,1825,6332,4561,1914,2919,9082,8802,8794,6713,8741,3845,8943,5497,3532,4342,465,7427
4378,5644,7340,277,4176,4961,9007,5515,4849,6920,1678,8382,5413,5651,1101,9410,6193,277,5978,766,1552,5454,4516,1743,462,7971,2562,9776,4361,9436
43,4524,6657,8878,2743,3770,5614,7146,6859,2318,1698,1107,3522,2290,5608,708,9334,3521,2816,3115,8974,1945,1435,8503,7856,3907,3187,5452,4956,7955
4635,7666,2740,1016,8948,713,2645,515,9430,7099,5671,2774,6245,4954,3546,1031,5662,9365,9956,1056,9473,9923,8120,3442,9130,3003,3194,6267,2884,5454
4892,9715,1235,7760,5741,9186,4012,310,4501,446,1942,9094,1115,4855,8014,3263,3192,3712,9674,3513,6066,4773,7624,5376,2276,9675,3803,1776,9151,2632
9617,3731,4773,9868,2041,7722,2773,9436,615,6539,4882,8059,7566,4707,4968,4211,3690,5661,6865,8849,2846,9293,453,3836,903,2429,8365,6743,1328,8112
9502,6534,2819,924,4950,5015,1615,3541,2415,7086,3342,1040,3052,2727,4476,7926,4101,1605,5078,4912,5544,7273,8644,9607,674,7777,8618,7983,2566,7089
8023,4523,458,5393,7801,3866,9180,7073,4433,3623,6172,805,6676,7885,5398,1973,9097,3886,800,7245,162,4165,5443,5426,1217,2620,2090,587,4437,8833
2435,6586,5190,3400,8696,4847,8787,719,7111,9746,8408,3062,6611,9099,2223,6788,6776,7494,7580,2996,2289,440,7680,9805,9551,6145,1006,1231,6102,6658
7317,6539,7516,8441,9024,7479,243,4744,3517,9290,4889,3834,9210,7986,1363,1782,2223,4416,3631,8099,316,9778,5521,2614,2145,3046,8338,4437,3157,6965
8825,4549,4642,1331,8148,2935,4402,7339,5617,8326,5989,6312,2644,7879,5633,2147,3737,2209,6721,521,8787,3116,486,8,1049,681,9724,8140,6064,6986
7936,4883,7678,5973,4436,2897,4430,5710,277,4314,1912,3007,4327,6197,7694,2486,9339,5756,6110,8301,9367,5308,1576,366,8137,5205,9593,3528,7922,338
5655,1588,756,3173,6883,9081,5420,8050,4783,6799,4869,3781,5221,5726,2508,2562,7266,2752,2449,9117,5141,9515,7679,2291,3709,7689,8493,2549,4867,2177
5447,1774,9066,4008,6276,4961,7815,4055,4899,5464,8769,7877,5936,5453,8386,5826,6736,8972,6804,7319,4611,51,1534,6759,9495,1174,3477,9589,7706,3118
9043,2098,6530,5899,2205,7540,4266,4046,2440,3753,7764,7403,2434,3382,8660,7775,6218,8692,7336,7526,3673,8665,5445,1137,6729,1490,5057,9228,3755,6409
8904,7854,1977,8273,4740,4738,319,4833,6887,2667,771,6649,9144,7909,1668,8264,3449,5611,646,2079,3612,8998,7457,5345,6205,2585,2131,6160,2974,104
6181,5786,1399,9905,8107,4775,9813,3409,7052,2942,4869,9653,3882,7238,1866,9742,7199,2714,5369,7788,1210,1093,8232,3032,6543,4207,8142,1772,7152,9424
7461,739,1824,415,8187,849,4877,4514,8444,1316,8076,6950,7441,1569,1385,3423,1712,3791,9906,9295,4581,5903,5453,7557,8672,801,5120,7827,9312,8040
5273,1796,6759,9364,7870,5025,1383,3489,8079,3684,2933,9003,5792,5051,2579,2365,7050,3788,1513,3358,2139,6072,8232,4212,285,3523,4209,4497,5387,7755
