method,distribution,n,m,load_factor,num_hash_functions,trial,insert_time_total,insert_time_per_op,search_time_total,search_time_per_op,search_comparisons_total,search_comparisons_avg,max_chain_length,average_chain_length,non_empty_buckets,empty_buckets,chain_length_stdev,collision_count,unique_keys,p,coefficients
fixed,uniform,1000,2000,0.5,1,0,0.0012508330000855494,1.2508330000855495e-06,0.00033729099959600717,6.745819991920143e-07,587,1.174,4,0.4805,788,1212,0.6622837382874504,173,961,,
universal,uniform,1000,2000,0.5,3,0,0.002392874997894978,2.3928749978949782e-06,0.0009007919979922008,1.8015839959844015e-06,841,1.682,5,0.4805,747,1253,0.7096617151854818,214,961,2.305843009213694e+18,"[[256711980439665054, 1709899044117486289], [564682175042572888, 321752549611034334], [236337776990707882, 1707863537360842093]]"
fixed,uniform,1000,2000,0.5,1,1,0.0013735000029555522,1.3735000029555521e-06,0.0003644159987743478,7.288319975486957e-07,596,1.192,4,0.4735,771,1229,0.6665566367533969,176,947,,
universal,uniform,1000,2000,0.5,3,1,0.0025787499980651774,2.5787499980651774e-06,0.0009037079980771523,1.8074159961543047e-06,810,1.62,4,0.4735,751,1249,0.6937562612330068,196,947,2.305843009213694e+18,"[[659665203979258006, 1758630025113616856], [2212240429613108902, 852878681887507335], [1610489816920689347, 222016741360720591]]"
fixed,uniform,1000,2000,0.5,1,2,0.0012390829979267437,1.2390829979267438e-06,0.0003395830026420299,6.791660052840598e-07,601,1.202,4,0.477,785,1215,0.6583851456404526,169,954,,
universal,uniform,1000,2000,0.5,3,2,0.002539334000175586,2.5393340001755858e-06,0.0009250000002793968,1.8500000005587936e-06,839,1.678,3,0.477,778,1222,0.6659361831286839,176,954,2.305843009213694e+18,"[[1199085610155232937, 1617812241682181496], [268989063807004320, 875226211544593835], [667698580330647039, 518091674429352682]]"
fixed,uniform,1000,2000,0.5,1,3,0.0012941660024807788,1.2941660024807788e-06,0.00042587500138324685,8.517500027664937e-07,608,1.216,4,0.471,768,1232,0.664950374088172,174,942,,
universal,uniform,1000,2000,0.5,3,3,0.0025427920008951332,2.5427920008951332e-06,0.0009393750005983748,1.8787500011967496e-06,910,1.82,5,0.471,725,1275,0.7246785494272616,217,942,2.305843009213694e+18,"[[963130306873368709, 594124941275654819], [699113413627218811, 49790444920847614], [1116618126344352917, 264798812748597129]]"
fixed,uniform,1000,2000,0.5,1,4,0.0012427500005287584,1.2427500005287583e-06,0.0003345000004628673,6.690000009257347e-07,572,1.144,3,0.476,783,1217,0.661380374671036,169,952,,
universal,uniform,1000,2000,0.5,3,4,0.0024843749997671694,2.4843749997671695e-06,0.0009272090028389357,1.8544180056778713e-06,810,1.62,3,0.476,753,1247,0.6873310701546963,199,952,2.305843009213694e+18,"[[176127807941085543, 92145436972157049], [1353304280071655414, 2046636642761636536], [1463118878522575776, 350413271360474182]]"
fixed,uniform,1000,2000,0.5,1,5,0.001232665999850724,1.232665999850724e-06,0.0003287499966972973,6.574999933945947e-07,583,1.166,3,0.4755,811,1189,0.6288081981017741,140,951,,
universal,uniform,1000,2000,0.5,3,5,0.0024605830003565643,2.4605830003565644e-06,0.0009218339982908219,1.8436679965816437e-06,851,1.702,4,0.4755,767,1233,0.6748331275211673,184,951,2.305843009213694e+18,"[[144173240364996770, 1276607102766329742], [1316153465216681486, 593588258721341972], [891339916669062610, 1419387771326649839]]"
fixed,uniform,1000,2000,0.5,1,6,0.00123833300312981,1.2383330031298102e-06,0.0003344169999763835,6.68833999952767e-07,590,1.18,4,0.478,800,1200,0.6469281258377935,156,956,,
universal,uniform,1000,2000,0.5,3,6,0.0025251660008507315,2.5251660008507314e-06,0.0009315000024798792,1.8630000049597584e-06,844,1.688,5,0.478,753,1247,0.6989391962109437,203,956,2.305843009213694e+18,"[[727386515324539458, 1284136067485901726], [1233138577490571038, 1828907452299493987], [1165171476919621068, 1646066583754636611]]"
fixed,uniform,1000,2000,0.5,1,7,0.001236584001162555,1.236584001162555e-06,0.0003330830004415475,6.661660008830949e-07,592,1.184,3,0.474,796,1204,0.6436800447427278,152,948,,
universal,uniform,1000,2000,0.5,3,7,0.002479540999047458,2.4795409990474583e-06,0.0009075829984794836,1.8151659969589674e-06,852,1.704,5,0.474,755,1245,0.6944955003453946,193,948,2.305843009213694e+18,"[[793970665397899006, 2152094108188559335], [745929175751854539, 1278256298576207987], [1862522474300937406, 1567653588555493210]]"
fixed,uniform,1000,2000,0.5,1,8,0.0012458329983928706,1.2458329983928707e-06,0.0004884579975623637,9.769159951247275e-07,608,1.216,5,0.475,791,1209,0.6529739657903675,159,950,,
universal,uniform,1000,2000,0.5,3,8,0.0040354579978156835,4.035457997815683e-06,0.0009524999986751936,1.9049999973503873e-06,817,1.634,4,0.475,782,1218,0.6567914433060162,168,950,2.305843009213694e+18,"[[1973099216186019426, 839551891445904909], [2054075847285760178, 1596895736779450158], [1768356806526079850, 761040643918656312]]"
fixed,uniform,1000,2000,0.5,1,9,0.001250124998477986,1.2501249984779861e-06,0.00034183300158474594,6.836660031694919e-07,608,1.216,4,0.478,778,1222,0.6719494028570902,178,956,,
universal,uniform,1000,2000,0.5,3,9,0.002513749997888226,2.513749997888226e-06,0.0009455419967707712,1.8910839935415425e-06,948,1.896,5,0.478,745,1255,0.7172977066741535,211,956,2.305843009213694e+18,"[[1933427113282973200, 1273492775044695229], [567420718719220919, 2291110579130834537], [1919842552580472723, 589921478534064354]]"
fixed,uniform,1000,2000,0.5,1,10,0.001234874998772284,1.234874998772284e-06,0.0003429589996812865,6.85917999362573e-07,571,1.142,3,0.471,788,1212,0.644328332451709,154,942,,
universal,uniform,1000,2000,0.5,3,10,0.002546583000366809,2.546583000366809e-06,0.0009281249986088369,1.8562499972176738e-06,836,1.672,3,0.471,784,1216,0.6520421765499529,158,942,2.305843009213694e+18,"[[618696799174358726, 2029214271970554437], [1181946042011416434, 1971785935387254006], [855518877651879508, 78523067754061221]]"
fixed,uniform,1000,2000,0.5,1,11,0.0012382919994706754,1.2382919994706754e-06,0.00033400000029359944,6.680000005871989e-07,605,1.21,4,0.4705,767,1233,0.668677612904754,174,941,,
universal,uniform,1000,2000,0.5,3,11,0.0024578339980507735,2.4578339980507736e-06,0.000922249997529434,1.8444999950588681e-06,896,1.792,4,0.4705,742,1258,0.69363517067692,199,941,2.305843009213694e+18,"[[1967359095987829717, 498185230560009946], [1157680175712590001, 1113020793331031894], [1655376568515428791, 831730782862272696]]"
fixed,uniform,1000,2000,0.5,1,12,0.0012642919973586686,1.2642919973586687e-06,0.0003431250006542541,6.862500013085082e-07,590,1.18,3,0.4725,780,1220,0.6566915181422706,165,945,,
universal,uniform,1000,2000,0.5,3,12,0.002499292000720743,2.499292000720743e-06,0.0009350830005132593,1.8701660010265186e-06,889,1.778,4,0.4725,744,1256,0.6915516972721563,201,945,2.305843009213694e+18,"[[2258536001366688123, 1012121370449003109], [686970057059376321, 2051824648104402063], [1124175962628406669, 504983195232581899]]"
fixed,uniform,1000,2000,0.5,1,13,0.001246499999979278,1.246499999979278e-06,0.0003302910008642357,6.605820017284713e-07,573,1.146,3,0.476,807,1193,0.6375139214166229,145,952,,
universal,uniform,1000,2000,0.5,3,13,0.0024882500001695007,2.488250000169501e-06,0.0009035830007633194,1.8071660015266388e-06,840,1.68,5,0.476,750,1250,0.703152899446486,202,952,2.305843009213694e+18,"[[2277903568736387890, 452514279465990313], [2303280692498563247, 697951185415921787], [183691764838410618, 423743168849403417]]"
fixed,uniform,1000,2000,0.5,1,14,0.0012412910000421107,1.2412910000421107e-06,0.00033237500247196294,6.647500049439259e-07,594,1.188,3,0.4725,782,1218,0.6544033542090077,163,945,,
universal,uniform,1000,2000,0.5,3,14,0.0024657920002937317,2.4657920002937315e-06,0.0009207080001942813,1.8414160003885627e-06,833,1.666,4,0.4725,747,1253,0.6908283071791428,198,945,2.305843009213694e+18,"[[1956076132499880650, 26508845497723367], [1505952038662606745, 694384076709536977], [1251442079079685814, 2146666122401106131]]"
fixed,uniform,1000,2000,0.5,1,15,0.0012432910007191822,1.2432910007191822e-06,0.0003379580011824146,6.759160023648291e-07,583,1.166,3,0.4775,790,1210,0.6576425700941203,165,955,,
universal,uniform,1000,2000,0.5,3,15,0.0024797500009299256,2.4797500009299256e-06,0.0009158749999187421,1.8317499998374843e-06,841,1.682,4,0.4775,761,1239,0.6822710238607529,194,955,2.305843009213694e+18,"[[847978861133403702, 1395714462194184430], [518482636670340538, 740682746084312398], [1100716632290196263, 2269261073193213249]]"
fixed,uniform,1000,2000,0.5,1,16,0.0012382919994706754,1.2382919994706754e-06,0.0003358750000188593,6.717500000377186e-07,591,1.182,4,0.47,784,1216,0.6496922348312315,156,940,,
universal,uniform,1000,2000,0.5,3,16,0.002479458002198953,2.4794580021989533e-06,0.0009004589992400724,1.800917998480145e-06,873,1.746,4,0.47,751,1249,0.683447144993671,189,940,2.305843009213694e+18,"[[454612962106966139, 1702438209959121919], [2265420330264173236, 463866247378689703], [443667755326800348, 934787930118675060]]"
fixed,uniform,1000,2000,0.5,1,17,0.0012504580008680932,1.2504580008680932e-06,0.00033091600198531523,6.618320039706305e-07,591,1.182,4,0.4765,796,1204,0.6461019656370037,157,953,,
universal,uniform,1000,2000,0.5,3,17,0.002471083000273211,2.471083000273211e-06,0.0008911660006560851,1.7823320013121702e-06,875,1.75,5,0.4765,753,1247,0.6880753955781299,200,953,2.305843009213694e+18,"[[195095767942445094, 1500048066919629750], [1059562453095694534, 313986444720046481], [691564608163384468, 53651072377497930]]"
fixed,uniform,1000,2000,0.5,1,18,0.0012387499991746154,1.2387499991746153e-06,0.0003349590006109793,6.699180012219585e-07,592,1.184,4,0.4765,797,1203,0.6514965464221587,156,953,,
universal,uniform,1000,2000,0.5,3,18,0.0024703750023036264,2.4703750023036264e-06,0.0009224159985024016,1.8448319970048033e-06,877,1.754,6,0.4765,726,1274,0.7385443453171922,227,953,2.305843009213694e+18,"[[653524007492807808, 355415340864572460], [529539352426941228, 1114891161808553618], [2041277660056489008, 2248875904457507991]]"
fixed,uniform,1000,2000,0.5,1,19,0.0012397089994919952,1.2397089994919952e-06,0.00033254099980695173,6.650819996139035e-07,616,1.232,3,0.474,781,1219,0.6590326243821318,167,948,,
universal,uniform,1000,2000,0.5,3,19,0.002451374999509426,2.451374999509426e-06,0.0008938750033848919,1.7877500067697837e-06,860,1.72,4,0.474,781,1219,0.660548257131907,167,948,2.305843009213694e+18,"[[418983635330710152, 499844581152741729], [2091481658804620576, 676363097439722673], [1853845312400714918, 63921434307813850]]"
fixed,uniform,1000,2000,0.5,1,20,0.0012378749997878913,1.2378749997878913e-06,0.0003399580018594861,6.799160037189722e-07,615,1.23,4,0.4755,787,1213,0.658331033751258,164,951,,
universal,uniform,1000,2000,0.5,3,20,0.0024869170010788366,2.4869170010788368e-06,0.000925832999200793,1.851665998401586e-06,854,1.708,4,0.4755,763,1237,0.6785276339251041,188,951,2.305843009213694e+18,"[[1326467972949138173, 150235521510768009], [1878749678761878296, 2057856258604839518], [714528426559143356, 1546845777023972402]]"
fixed,uniform,1000,2000,0.5,1,21,0.0012554579989227932,1.2554579989227933e-06,0.00033437499951105565,6.687499990221113e-07,579,1.158,4,0.4825,796,1204,0.6593130895105905,169,965,,
universal,uniform,1000,2000,0.5,3,21,0.002507000001060078,2.5070000010600777e-06,0.000927624998439569,1.855249996879138e-06,891,1.782,4,0.4825,755,1245,0.7047650317659071,210,965,2.305843009213694e+18,"[[1024322815512585445, 2145571529822921201], [583220317473756343, 1521440433806999588], [891688296819238137, 181082232511610579]]"
fixed,uniform,1000,2000,0.5,1,22,0.0012648339979932643,1.2648339979932644e-06,0.00034141600190196186,6.828320038039237e-07,589,1.178,3,0.483,793,1207,0.6638606781546863,173,966,,
universal,uniform,1000,2000,0.5,3,22,0.002499833000911167,2.499833000911167e-06,0.0009126660006586462,1.8253320013172925e-06,803,1.606,4,0.483,788,1212,0.6780199112120529,178,966,2.305843009213694e+18,"[[287886780813115929, 1413457234261051687], [1236295213923302512, 1583790892526252416], [469264712334336849, 619461346342472605]]"
fixed,uniform,1000,2000,0.5,1,23,0.001240166002389742,1.240166002389742e-06,0.00033633400016697124,6.726680003339424e-07,594,1.188,4,0.4745,783,1217,0.6537199323869511,166,949,,
universal,uniform,1000,2000,0.5,3,23,0.002475583001796622,2.475583001796622e-06,0.0009244169996236451,1.8488339992472902e-06,853,1.706,4,0.4745,767,1233,0.6836298340476372,182,949,2.305843009213694e+18,"[[666030003530279332, 1185754838603315180], [507164280403988863, 1057119984642882112], [1021713661893975990, 2137083730657759889]]"
fixed,uniform,1000,2000,0.5,1,24,0.0012449169989849906,1.2449169989849907e-06,0.00033845799771370366,6.769159954274074e-07,605,1.21,4,0.4765,770,1230,0.6733852908996454,183,953,,
universal,uniform,1000,2000,0.5,3,24,0.0025017920015670825,2.5017920015670826e-06,0.0009234170029230881,1.8468340058461762e-06,970,1.94,4,0.4765,741,1259,0.709540520336929,212,953,2.305843009213694e+18,"[[719391770955253926, 2130106160647316609], [1814591772010625413, 678012837864961736], [2256121436648175771, 1806161501175307684]]"
fixed,uniform,1000,2000,0.5,1,25,0.001243874998181127,1.243874998181127e-06,0.0003315419999125879,6.630839998251758e-07,620,1.24,4,0.4765,785,1215,0.6591265053083513,168,953,,
universal,uniform,1000,2000,0.5,3,25,0.002481333001924213,2.481333001924213e-06,0.0009221669970429502,1.8443339940859005e-06,888,1.776,5,0.4765,727,1273,0.730375074875916,226,953,2.305843009213694e+18,"[[267692963849940753, 941673545738002381], [1078297968137412989, 615313745506248579], [1375102846946731697, 1124764272089465404]]"
fixed,uniform,1000,2000,0.5,1,26,0.0012466669977584388,1.246666997758439e-06,0.000328874997649109,6.57749995298218e-07,590,1.18,4,0.4745,783,1217,0.6605677482287491,166,949,,
universal,uniform,1000,2000,0.5,3,26,0.002476416000718018,2.476416000718018e-06,0.0009305410021624994,1.8610820043249987e-06,868,1.736,4,0.4745,747,1253,0.695952404981835,202,949,2.305843009213694e+18,"[[1075367493781816306, 1590101887495472611], [1902892487837865007, 1154722482783782897], [1398969667391390162, 561164263128564704]]"
fixed,uniform,1000,2000,0.5,1,27,0.0012465830004657619,1.2465830004657618e-06,0.0003378330002306029,6.756660004612058e-07,607,1.214,3,0.4775,782,1218,0.6636970317848347,173,955,,
universal,uniform,1000,2000,0.5,3,27,0.002497084002243355,2.497084002243355e-06,0.0009364580000692513,1.8729160001385025e-06,853,1.706,3,0.4775,779,1221,0.6689497365273418,176,955,2.305843009213694e+18,"[[86018572855962195, 1847883699258444581], [153743650771889609, 794633789185287595], [2121092647333014343, 2013162642849706046]]"
fixed,uniform,1000,2000,0.5,1,28,0.001246124997123843,1.2461249971238432e-06,0.0003350410006532911,6.700820013065823e-07,599,1.198,4,0.4805,808,1192,0.6415759892639374,153,961,,
universal,uniform,1000,2000,0.5,3,28,0.0024892920009733643,2.4892920009733643e-06,0.0009292079994338565,1.858415998867713e-06,861,1.722,4,0.4805,768,1232,0.6896519049491562,193,961,2.305843009213694e+18,"[[273089160051860230, 1621121173616640907], [1037773347474994553, 742865219208374151], [246540013351488701, 1890370731478794172]]"
fixed,uniform,1000,2000,0.5,1,29,0.0012440830032574013,1.2440830032574012e-06,0.0003358329995535314,6.716659991070628e-07,598,1.196,3,0.476,788,1212,0.6530114853507555,164,952,,
universal,uniform,1000,2000,0.5,3,29,0.0024887920008040965,2.4887920008040964e-06,0.0009311249996244442,1.8622499992488883e-06,831,1.662,4,0.476,766,1234,0.6822199058954524,186,952,2.305843009213694e+18,"[[1172432318357405658, 1841538480035479711], [610889197299678937, 356910957590253921], [1744744512350649053, 459482189801702091]]"
fixed,sorted,1000,2000,0.5,1,0,0.0012951669996255077,1.2951669996255077e-06,0.0003296670001873281,6.593340003746562e-07,500,1.0,1,0.5,1000,1000,0.5,0,1000,,
universal,sorted,1000,2000,0.5,3,0,0.002517708999221213,2.517708999221213e-06,0.0009063750003406312,1.8127500006812624e-06,764,1.528,4,0.5,833,1167,0.6519202405202649,167,1000,2.305843009213694e+18,"[[256711980439665054, 1709899044117486289], [564682175042572888, 321752549611034334], [236337776990707882, 1707863537360842093]]"
fixed,sorted,1000,2000,0.5,1,1,0.0012820420015486889,1.2820420015486888e-06,0.00033629200333962217,6.725840066792443e-07,500,1.0,1,0.5,1000,1000,0.5,0,1000,,
universal,sorted,1000,2000,0.5,3,1,0.0024312500027008355,2.4312500027008355e-06,0.0009090419989661314,1.8180839979322628e-06,838,1.676,4,0.5,827,1173,0.6625707509390978,173,1000,2.305843009213694e+18,"[[659665203979258006, 1758630025113616856], [2212240429613108902, 852878681887507335], [1610489816920689347, 222016741360720591]]"
fixed,sorted,1000,2000,0.5,1,2,0.0012903330025437754,1.2903330025437753e-06,0.0003349580001668073,6.699160003336147e-07,500,1.0,1,0.5,1000,1000,0.5,0,1000,,
universal,sorted,1000,2000,0.5,3,2,0.0024981659989862237,2.4981659989862235e-06,0.000896166999154957,1.792333998309914e-06,782,1.564,3,0.5,835,1165,0.6526867548832288,165,1000,2.305843009213694e+18,"[[1199085610155232937, 1617812241682181496], [268989063807004320, 875226211544593835], [667698580330647039, 518091674429352682]]"
fixed,sorted,1000,2000,0.5,1,3,0.0012876669970864896,1.2876669970864895e-06,0.00033016699671861716,6.603339934372343e-07,500,1.0,1,0.5,1000,1000,0.5,0,1000,,
universal,sorted,1000,2000,0.5,3,3,0.0024842920029186644,2.4842920029186645e-06,0.0009247499983757734,1.849499996751547e-06,1066,2.132,5,0.5,735,1265,0.8,265,1000,2.305843009213694e+18,"[[963130306873368709, 594124941275654819], [699113413627218811, 49790444920847614], [1116618126344352917, 264798812748597129]]"
fixed,sorted,1000,2000,0.5,1,4,0.0012985409994143993,1.2985409994143993e-06,0.0003296249997220002,6.592499994440005e-07,500,1.0,1,0.5,1000,1000,0.5,0,1000,,
universal,sorted,1000,2000,0.5,3,4,0.0025468339990766253,2.5468339990766252e-06,0.0009109579987125471,1.8219159974250943e-06,774,1.548,3,0.5,865,1135,0.623698645180507,135,1000,2.305843009213694e+18,"[[176127807941085543, 92145436972157049], [1353304280071655414, 2046636642761636536], [1463118878522575776, 350413271360474182]]"
fixed,sorted,1000,2000,0.5,1,5,0.0012926659983349964,1.2926659983349965e-06,0.00032645899773342535,6.529179954668507e-07,500,1.0,1,0.5,1000,1000,0.5,0,1000,,
universal,sorted,1000,2000,0.5,3,5,0.002471957999659935,2.471957999659935e-06,0.0009717920002003666,1.9435840004007333e-06,1170,2.34,6,0.5,750,1250,0.7687652437513028,250,1000,2.305843009213694e+18,"[[144173240364996770, 1276607102766329742], [1316153465216681486, 593588258721341972], [891339916669062610, 1419387771326649839]]"
fixed,sorted,1000,2000,0.5,1,6,0.0013210409997554962,1.3210409997554961e-06,0.0003382089998922311,6.764179997844622e-07,500,1.0,1,0.5,1000,1000,0.5,0,1000,,
universal,sorted,1000,2000,0.5,3,6,0.0025304170012532268,2.530417001253227e-06,0.0009046250015671831,1.809250003134366e-06,733,1.466,3,0.5,831,1169,0.6542170893518451,169,1000,2.305843009213694e+18,"[[727386515324539458, 1284136067485901726], [1233138577490571038, 1828907452299493987], [1165171476919621068, 1646066583754636611]]"
fixed,sorted,1000,2000,0.5,1,7,0.0012996250006835908,1.2996250006835908e-06,0.00033083300149883144,6.616660029976629e-07,500,1.0,1,0.5,1000,1000,0.5,0,1000,,
universal,sorted,1000,2000,0.5,3,7,0.002482250001776265,2.482250001776265e-06,0.0009098330010601785,1.819666002120357e-06,749,1.498,3,0.5,821,1179,0.6648308055437865,179,1000,2.305843009213694e+18,"[[793970665397899006, 2152094108188559335], [745929175751854539, 1278256298576207987], [1862522474300937406, 1567653588555493210]]"
fixed,sorted,1000,2000,0.5,1,8,0.0012955420024809428,1.2955420024809428e-06,0.00033229200198547915,6.645840039709583e-07,500,1.0,1,0.5,1000,1000,0.5,0,1000,,
universal,sorted,1000,2000,0.5,3,8,0.002520416001061676,2.5204160010616762e-06,0.0009191669996653218,1.8383339993306436e-06,967,1.934,4,0.5,752,1248,0.7362064927722385,248,1000,2.305843009213694e+18,"[[1973099216186019426, 839551891445904909], [2054075847285760178, 1596895736779450158], [1768356806526079850, 761040643918656312]]"
fixed,sorted,1000,2000,0.5,1,9,0.0012782909980160184,1.2782909980160185e-06,0.00032574999931966886,6.514999986393377e-07,500,1.0,1,0.5,1000,1000,0.5,0,1000,,
universal,sorted,1000,2000,0.5,3,9,0.0024812500014377292,2.4812500014377293e-06,0.0009347919985884801,1.8695839971769601e-06,956,1.912,5,0.5,735,1265,0.7529940238806679,265,1000,2.305843009213694e+18,"[[1933427113282973200, 1273492775044695229], [567420718719220919, 2291110579130834537], [1919842552580472723, 589921478534064354]]"
fixed,sorted,1000,2000,0.5,1,10,0.001274457998079015,1.274457998079015e-06,0.0003284580016043037,6.569160032086074e-07,500,1.0,1,0.5,1000,1000,0.5,0,1000,,
universal,sorted,1000,2000,0.5,3,10,0.002529833000153303,2.529833000153303e-06,0.0009234999997715931,1.8469999995431863e-06,853,1.706,5,0.5,787,1213,0.720416546173115,213,1000,2.305843009213694e+18,"[[618696799174358726, 2029214271970554437], [1181946042011416434, 1971785935387254006], [855518877651879508, 78523067754061221]]"
fixed,sorted,1000,2000,0.5,1,11,0.0013007499983359594,1.3007499983359593e-06,0.00033683299989206716,6.736659997841343e-07,500,1.0,1,0.5,1000,1000,0.5,0,1000,,
universal,sorted,1000,2000,0.5,3,11,0.0024338750008610077,2.4338750008610078e-06,0.0009318750016973354,1.8637500033946708e-06,1030,2.06,4,0.5,753,1247,0.744983221287567,247,1000,2.305843009213694e+18,"[[1967359095987829717, 498185230560009946], [1157680175712590001, 1113020793331031894], [1655376568515428791, 831730782862272696]]"
fixed,sorted,1000,2000,0.5,1,12,0.0012940829983563162,1.2940829983563162e-06,0.00032841599750099704,6.56831995001994e-07,500,1.0,1,0.5,1000,1000,0.5,0,1000,,
universal,sorted,1000,2000,0.5,3,12,0.002531707999878563,2.531707999878563e-06,0.0009287920001952443,1.8575840003904887e-06,1011,2.022,4,0.5,771,1229,0.7238784428341543,229,1000,2.305843009213694e+18,"[[2258536001366688123, 1012121370449003109], [686970057059376321, 2051824648104402063], [1124175962628406669, 504983195232581899]]"
fixed,sorted,1000,2000,0.5,1,13,0.0012699580001935828,1.2699580001935828e-06,0.00033816599898273125,6.763319979654625e-07,500,1.0,1,0.5,1000,1000,0.5,0,1000,,
universal,sorted,1000,2000,0.5,3,13,0.002443125002173474,2.4431250021734743e-06,0.0010067090006486978,2.013418001297396e-06,1146,2.292,5,0.5,717,1283,0.8080841540334769,283,1000,2.305843009213694e+18,"[[2277903568736387890, 452514279465990313], [2303280692498563247, 697951185415921787], [183691764838410618, 423743168849403417]]"
fixed,sorted,1000,2000,0.5,1,14,0.0012985829998797271,1.2985829998797271e-06,0.0003319590032333508,6.639180064667016e-07,500,1.0,1,0.5,1000,1000,0.5,0,1000,,
universal,sorted,1000,2000,0.5,3,14,0.002552709000156028,2.5527090001560283e-06,0.000929834000999108,1.8596680019982159e-06,960,1.92,4,0.5,773,1227,0.7190271204899019,227,1000,2.305843009213694e+18,"[[1956076132499880650, 26508845497723367], [1505952038662606745, 694384076709536977], [1251442079079685814, 2146666122401106131]]"
fixed,sorted,1000,2000,0.5,1,15,0.001305833000515122,1.305833000515122e-06,0.00033354200058965944,6.670840011793189e-07,500,1.0,1,0.5,1000,1000,0.5,0,1000,,
universal,sorted,1000,2000,0.5,3,15,0.002458041999489069,2.4580419994890688e-06,0.0009547499976179097,1.9094999952358192e-06,746,1.492,3,0.5,837,1163,0.648074069840786,163,1000,2.305843009213694e+18,"[[847978861133403702, 1395714462194184430], [518482636670340538, 740682746084312398], [1100716632290196263, 2269261073193213249]]"
fixed,sorted,1000,2000,0.5,1,16,0.001301333999435883,1.301333999435883e-06,0.0003329999999550637,6.659999999101273e-07,500,1.0,1,0.5,1000,1000,0.5,0,1000,,
universal,sorted,1000,2000,0.5,3,16,0.0025529999984428287,2.5529999984428286e-06,0.000932459002797259,1.864918005594518e-06,843,1.686,4,0.5,804,1196,0.6855654600401044,196,1000,2.305843009213694e+18,"[[454612962106966139, 1702438209959121919], [2265420330264173236, 463866247378689703], [443667755326800348, 934787930118675060]]"
fixed,sorted,1000,2000,0.5,1,17,0.0013010409966227598,1.3010409966227598e-06,0.0003297500006738119,6.595000013476238e-07,500,1.0,1,0.5,1000,1000,0.5,0,1000,,
universal,sorted,1000,2000,0.5,3,17,0.0024969160003820434,2.4969160003820434e-06,0.0009115409993682988,1.8230819987365975e-06,798,1.596,3,0.5,836,1164,0.6526867548832288,164,1000,2.305843009213694e+18,"[[195095767942445094, 1500048066919629750], [1059562453095694534, 313986444720046481], [691564608163384468, 53651072377497930]]"
fixed,sorted,1000,2000,0.5,1,18,0.0013335000003280584,1.3335000003280584e-06,0.0003359580005053431,6.719160010106862e-07,500,1.0,1,0.5,1000,1000,0.5,0,1000,,
universal,sorted,1000,2000,0.5,3,18,0.0025467500017839484,2.5467500017839486e-06,0.0009208750016114209,1.8417500032228418e-06,923,1.846,5,0.5,723,1277,0.7745966692414834,277,1000,2.305843009213694e+18,"[[653524007492807808, 355415340864572460], [529539352426941228, 1114891161808553618], [2041277660056489008, 2248875904457507991]]"
fixed,sorted,1000,2000,0.5,1,19,0.0012904159993922804,1.2904159993922803e-06,0.00032870799986994825,6.574159997398965e-07,500,1.0,1,0.5,1000,1000,0.5,0,1000,,
universal,sorted,1000,2000,0.5,3,19,0.0024452079996990506,2.4452079996990506e-06,0.0009014999995997641,1.8029999991995282e-06,764,1.528,3,0.5,829,1171,0.6572670690061994,171,1000,2.305843009213694e+18,"[[418983635330710152, 499844581152741729], [2091481658804620576, 676363097439722673], [1853845312400714918, 63921434307813850]]"
fixed,sorted,1000,2000,0.5,1,20,0.0012907919990539085,1.2907919990539084e-06,0.0003296670001873281,6.593340003746562e-07,500,1.0,1,0.5,1000,1000,0.5,0,1000,,
universal,sorted,1000,2000,0.5,3,20,0.0025471660010225605,2.5471660010225605e-06,0.000918624999030726,1.837249998061452e-06,821,1.642,3,0.5,800,1200,0.6884765791223402,200,1000,2.305843009213694e+18,"[[1326467972949138173, 150235521510768009], [1878749678761878296, 2057856258604839518], [714528426559143356, 1546845777023972402]]"
fixed,sorted,1000,2000,0.5,1,21,0.0012886249969596975,1.2886249969596975e-06,0.0003288750012870878,6.577500025741756e-07,500,1.0,1,0.5,1000,1000,0.5,0,1000,,
universal,sorted,1000,2000,0.5,3,21,0.0024550830021325964,2.4550830021325966e-06,0.0009059589974640403,1.8119179949280807e-06,767,1.534,3,0.5,845,1155,0.6434283176858165,155,1000,2.305843009213694e+18,"[[1024322815512585445, 2145571529822921201], [583220317473756343, 1521440433806999588], [891688296819238137, 181082232511610579]]"
fixed,sorted,1000,2000,0.5,1,22,0.0012865829994552769,1.286582999455277e-06,0.00033179200181621127,6.635840036324225e-07,500,1.0,1,0.5,1000,1000,0.5,0,1000,,
universal,sorted,1000,2000,0.5,3,22,0.002519208999729017,2.5192089997290168e-06,0.0009285829983127769,1.8571659966255538e-06,791,1.582,4,0.5,822,1178,0.6655824516917495,178,1000,2.305843009213694e+18,"[[287886780813115929, 1413457234261051687], [1236295213923302512, 1583790892526252416], [469264712334336849, 619461346342472605]]"
fixed,sorted,1000,2000,0.5,1,23,0.0012876670007244684,1.2876670007244685e-06,0.00033808299849624746,6.76165996992495e-07,500,1.0,1,0.5,1000,1000,0.5,0,1000,,
universal,sorted,1000,2000,0.5,3,23,0.0024815420001687016,2.4815420001687016e-06,0.0009108340018428862,1.8216680036857724e-06,810,1.62,4,0.5,833,1167,0.6580273550544841,167,1000,2.305843009213694e+18,"[[666030003530279332, 1185754838603315180], [507164280403988863, 1057119984642882112], [1021713661893975990, 2137083730657759889]]"
fixed,sorted,1000,2000,0.5,1,24,0.001289249998080777,1.289249998080777e-06,0.0003314159985166043,6.628319970332086e-07,500,1.0,1,0.5,1000,1000,0.5,0,1000,,
universal,sorted,1000,2000,0.5,3,24,0.0025556250002409797,2.55562500024098e-06,0.0009242500018444844,1.8485000036889686e-06,906,1.812,4,0.5,796,1204,0.6985699678629192,204,1000,2.305843009213694e+18,"[[719391770955253926, 2130106160647316609], [1814591772010625413, 678012837864961736], [2256121436648175771, 1806161501175307684]]"
fixed,sorted,1000,2000,0.5,1,25,0.0012944169975526165,1.2944169975526166e-06,0.0003312089975224808,6.624179950449615e-07,500,1.0,1,0.5,1000,1000,0.5,0,1000,,
universal,sorted,1000,2000,0.5,3,25,0.0024864170009095687,2.486417000909569e-06,0.000923542000236921,1.847084000473842e-06,914,1.828,5,0.5,763,1237,0.7368853370776216,237,1000,2.305843009213694e+18,"[[267692963849940753, 941673545738002381], [1078297968137412989, 615313745506248579], [1375102846946731697, 1124764272089465404]]"
fixed,sorted,1000,2000,0.5,1,26,0.0013088329978927504,1.3088329978927505e-06,0.00033524999889777973,6.704999977955595e-07,500,1.0,1,0.5,1000,1000,0.5,0,1000,,
universal,sorted,1000,2000,0.5,3,26,0.0025391670023964252,2.539167002396425e-06,0.0009040419972734526,1.808083994546905e-06,745,1.49,3,0.5,837,1163,0.6526867548832288,163,1000,2.305843009213694e+18,"[[1075367493781816306, 1590101887495472611], [1902892487837865007, 1154722482783782897], [1398969667391390162, 561164263128564704]]"
fixed,sorted,1000,2000,0.5,1,27,0.0012958330007677432,1.2958330007677433e-06,0.0003293330009910278,6.586660019820556e-07,500,1.0,1,0.5,1000,1000,0.5,0,1000,,
universal,sorted,1000,2000,0.5,3,27,0.0024917920018197037,2.4917920018197035e-06,0.000931665999814868,1.863331999629736e-06,853,1.706,4,0.5,800,1200,0.697137002317335,200,1000,2.305843009213694e+18,"[[86018572855962195, 1847883699258444581], [153743650771889609, 794633789185287595], [2121092647333014343, 2013162642849706046]]"
fixed,sorted,1000,2000,0.5,1,28,0.0012957079998159315,1.2957079998159316e-06,0.0003317080008855555,6.63416001771111e-07,500,1.0,1,0.5,1000,1000,0.5,0,1000,,
universal,sorted,1000,2000,0.5,3,28,0.00252179200106184,2.52179200106184e-06,0.0009166669988189824,1.8333339976379647e-06,838,1.676,4,0.5,818,1182,0.6700746227100381,182,1000,2.305843009213694e+18,"[[273089160051860230, 1621121173616640907], [1037773347474994553, 742865219208374151], [246540013351488701, 1890370731478794172]]"
fixed,sorted,1000,2000,0.5,1,29,0.0012916249979753047,1.2916249979753046e-06,0.0003322080010548234,6.644160021096468e-07,500,1.0,1,0.5,1000,1000,0.5,0,1000,,
universal,sorted,1000,2000,0.5,3,29,0.0024875839990272652,2.4875839990272653e-06,0.0009222920016327407,1.8445840032654815e-06,863,1.726,4,0.5,784,1216,0.7049822692805827,216,1000,2.305843009213694e+18,"[[1172432318357405658, 1841538480035479711], [610889197299678937, 356910957590253921], [1744744512350649053, 459482189801702091]]"
fixed,adversarial,1000,2000,0.5,1,0,0.004360040999017656,4.3600409990176555e-06,0.01559724999970058,3.119449999940116e-05,255857,511.714,1000,0.5,1,1999,22.355088906108158,999,1000,,
universal,adversarial,1000,2000,0.5,3,0,0.0025032919984369073,2.5032919984369074e-06,0.000898833000974264,1.797666001948528e-06,820,1.64,4,0.5,812,1188,0.677495387438173,188,1000,2.305843009213694e+18,"[[256711980439665054, 1709899044117486289], [564682175042572888, 321752549611034334], [236337776990707882, 1707863537360842093]]"
fixed,adversarial,1000,2000,0.5,1,1,0.004341291998571251,4.34129199857125e-06,0.01528508299816167,3.057016599632334e-05,250790,501.58,1000,0.5,1,1999,22.355088906108158,999,1000,,
universal,adversarial,1000,2000,0.5,3,1,0.002489458998752525,2.489458998752525e-06,0.0008769579981162678,1.7539159962325356e-06,745,1.49,3,0.5,836,1164,0.6519202405202649,164,1000,2.305843009213694e+18,"[[659665203979258006, 1758630025113616856], [2212240429613108902, 852878681887507335], [1610489816920689347, 222016741360720591]]"
fixed,adversarial,1000,2000,0.5,1,2,0.0043502500011527445,4.3502500011527445e-06,0.015121208001801278,3.0242416003602557e-05,247983,495.966,1000,0.5,1,1999,22.355088906108158,999,1000,,
universal,adversarial,1000,2000,0.5,3,2,0.0024312499990628567,2.4312499990628565e-06,0.0008752499998081475,1.7504999996162951e-06,756,1.512,4,0.5,826,1174,0.6625707509390978,174,1000,2.305843009213694e+18,"[[1199085610155232937, 1617812241682181496], [268989063807004320, 875226211544593835], [667698580330647039, 518091674429352682]]"
fixed,adversarial,1000,2000,0.5,1,3,0.004342208001617109,4.3422080016171095e-06,0.015160249997279607,3.0320499994559215e-05,249481,498.962,1000,0.5,1,1999,22.355088906108158,999,1000,,
universal,adversarial,1000,2000,0.5,3,3,0.0024960000009741634,2.4960000009741636e-06,0.0008891670004231855,1.778334000846371e-06,1015,2.03,4,0.5,755,1245,0.7536577472566709,245,1000,2.305843009213694e+18,"[[963130306873368709, 594124941275654819], [699113413627218811, 49790444920847614], [1116618126344352917, 264798812748597129]]"
fixed,adversarial,1000,2000,0.5,1,4,0.004339334001997486,4.339334001997486e-06,0.01452995900035603,2.905991800071206e-05,249625,499.25,1000,0.5,1,1999,22.355088906108158,999,1000,,
universal,adversarial,1000,2000,0.5,3,4,0.002503333998902235,2.503333998902235e-06,0.0008819579998089466,1.7639159996178933e-06,801,1.602,4,0.5,804,1196,0.6906518659932803,196,1000,2.305843009213694e+18,"[[176127807941085543, 92145436972157049], [1353304280071655414, 2046636642761636536], [1463118878522575776, 350413271360474182]]"
fixed,adversarial,1000,2000,0.5,1,5,0.004345207998994738,4.345207998994738e-06,0.014771750000363681,2.9543500000727363e-05,254191,508.382,1000,0.5,1,1999,22.355088906108158,999,1000,,
universal,adversarial,1000,2000,0.5,3,5,0.0024425000010523945,2.4425000010523943e-06,0.0008875000021362212,1.7750000042724424e-06,828,1.656,4,0.5,793,1207,0.697137002317335,207,1000,2.305843009213694e+18,"[[144173240364996770, 1276607102766329742], [1316153465216681486, 593588258721341972], [891339916669062610, 1419387771326649839]]"
fixed,adversarial,1000,2000,0.5,1,6,0.004340040999522898,4.340040999522898e-06,0.014418874998227693,2.8837749996455388e-05,247457,494.914,1000,0.5,1,1999,22.355088906108158,999,1000,,
universal,adversarial,1000,2000,0.5,3,6,0.0024915419999160804,2.4915419999160803e-06,0.0008906250004656613,1.7812500009313226e-06,855,1.71,4,0.5,814,1186,0.6797058187186571,186,1000,2.305843009213694e+18,"[[727386515324539458, 1284136067485901726], [1233138577490571038, 1828907452299493987], [1165171476919621068, 1646066583754636611]]"
fixed,adversarial,1000,2000,0.5,1,7,0.004341665997344535,4.3416659973445345e-06,0.014426749999984168,2.8853499999968335e-05,247589,495.178,1000,0.5,1,1999,22.355088906108158,999,1000,,
universal,adversarial,1000,2000,0.5,3,7,0.0025054170000657905,2.5054170000657903e-06,0.0008949589973781258,1.7899179947562516e-06,923,1.846,4,0.5,786,1214,0.7099295739719539,214,1000,2.305843009213694e+18,"[[793970665397899006, 2152094108188559335], [745929175751854539, 1278256298576207987], [1862522474300937406, 1567653588555493210]]"
fixed,adversarial,1000,2000,0.5,1,8,0.004347082998719998,4.347082998719997e-06,0.015084124999702908,3.0168249999405817e-05,259301,518.602,1000,0.5,1,1999,22.355088906108158,999,1000,,
universal,adversarial,1000,2000,0.5,3,8,0.00244725000084145,2.44725000084145e-06,0.0008884159979061224,1.7768319958122447e-06,848,1.696,3,0.5,839,1161,0.6496152707564686,161,1000,2.305843009213694e+18,"[[1973099216186019426, 839551891445904909], [2054075847285760178, 1596895736779450158], [1768356806526079850, 761040643918656312]]"
fixed,adversarial,1000,2000,0.5,1,9,0.004339040999184363,4.339040999184362e-06,0.01417158300318988,2.834316600637976e-05,244500,489.0,1000,0.5,1,1999,22.355088906108158,999,1000,,
universal,adversarial,1000,2000,0.5,3,9,0.002491332998033613,2.491332998033613e-06,0.0009304580016760156,1.860916003352031e-06,866,1.732,5,0.5,739,1261,0.7816648898345121,261,1000,2.305843009213694e+18,"[[1933427113282973200, 1273492775044695229], [567420718719220919, 2291110579130834537], [1919842552580472723, 589921478534064354]]"
fixed,adversarial,1000,2000,0.5,1,10,0.004340082999988226,4.340082999988227e-06,0.014456875000178115,2.8913750000356232e-05,247528,495.056,1000,0.5,1,1999,22.355088906108158,999,1000,,
universal,adversarial,1000,2000,0.5,3,10,0.0025194170011673123,2.5194170011673124e-06,0.0009393750005983748,1.8787500011967496e-06,745,1.49,3,0.5,831,1169,0.6534523701081817,169,1000,2.305843009213694e+18,"[[618696799174358726, 2029214271970554437], [1181946042011416434, 1971785935387254006], [855518877651879508, 78523067754061221]]"
fixed,adversarial,1000,2000,0.5,1,11,0.004559999997582054,4.559999997582053e-06,0.015163541997026186,3.0327083994052374e-05,256928,513.856,1000,0.5,1,1999,22.355088906108158,999,1000,,
universal,adversarial,1000,2000,0.5,3,11,0.002502916999219451,2.502916999219451e-06,0.0009888749991660006,1.9777499983320014e-06,810,1.62,4,0.5,810,1190,0.6855654600401044,190,1000,2.305843009213694e+18,"[[1967359095987829717, 498185230560009946], [1157680175712590001, 1113020793331031894], [1655376568515428791, 831730782862272696]]"
fixed,adversarial,1000,2000,0.5,1,12,0.0043798750011774246,4.379875001177424e-06,0.015461250000953441,3.092250000190688e-05,253816,507.632,1000,0.5,1,1999,22.355088906108158,999,1000,,
universal,adversarial,1000,2000,0.5,3,12,0.0027138750010635704,2.7138750010635705e-06,0.0009227920018020086,1.8455840036040171e-06,762,1.524,3,0.5,845,1155,0.6457553716385176,155,1000,2.305843009213694e+18,"[[2258536001366688123, 1012121370449003109], [686970057059376321, 2051824648104402063], [1124175962628406669, 504983195232581899]]"
fixed,adversarial,1000,2000,0.5,1,13,0.0043876249983441085,4.387624998344108e-06,0.014258124996558763,2.8516249993117525e-05,249184,498.368,1000,0.5,1,1999,22.355088906108158,999,1000,,
universal,adversarial,1000,2000,0.5,3,13,0.002489875001629116,2.489875001629116e-06,0.0009528330010653008,1.9056660021306016e-06,767,1.534,3,0.5,848,1152,0.6434283176858165,152,1000,2.305843009213694e+18,"[[2277903568736387890, 452514279465990313], [2303280692498563247, 697951185415921787], [183691764838410618, 423743168849403417]]"
fixed,adversarial,1000,2000,0.5,1,14,0.004395957999804523,4.395957999804523e-06,0.014989584000431933,2.9979168000863864e-05,254226,508.452,1000,0.5,1,1999,22.355088906108158,999,1000,,
universal,adversarial,1000,2000,0.5,3,14,0.002453125001920853,2.453125001920853e-06,0.0009101249997911509,1.8202499995823019e-06,853,1.706,4,0.5,817,1183,0.6767569726275452,183,1000,2.305843009213694e+18,"[[1956076132499880650, 26508845497723367], [1505952038662606745, 694384076709536977], [1251442079079685814, 2146666122401106131]]"
fixed,adversarial,1000,2000,0.5,1,15,0.004391832997498568,4.391832997498568e-06,0.014755790998606244,2.9511581997212487e-05,255490,510.98,1000,0.5,1,1999,22.355088906108158,999,1000,,
universal,adversarial,1000,2000,0.5,3,15,0.002463374999933876,2.463374999933876e-06,0.0009003749983094167,1.8007499966188334e-06,737,1.474,3,0.5,839,1161,0.650384501660364,161,1000,2.305843009213694e+18,"[[847978861133403702, 1395714462194184430], [518482636670340538, 740682746084312398], [1100716632290196263, 2269261073193213249]]"
fixed,adversarial,1000,2000,0.5,1,16,0.004369708000012906,4.369708000012906e-06,0.014614499999879627,2.9228999999759254e-05,247504,495.008,1000,0.5,1,1999,22.355088906108158,999,1000,,
universal,adversarial,1000,2000,0.5,3,16,0.0025023749985848553,2.502374998584855e-06,0.0008965410015662201,1.7930820031324402e-06,770,1.54,3,0.5,839,1161,0.6457553716385176,161,1000,2.305843009213694e+18,"[[454612962106966139, 1702438209959121919], [2265420330264173236, 463866247378689703], [443667755326800348, 934787930118675060]]"
fixed,adversarial,1000,2000,0.5,1,17,0.004403625000122702,4.403625000122702e-06,0.01687508400209481,3.3750168004189615e-05,267760,535.52,1000,0.5,1,1999,22.355088906108158,999,1000,,
universal,adversarial,1000,2000,0.5,3,17,0.0024195410005631857,2.419541000563186e-06,0.0009678750029706862,1.9357500059413725e-06,729,1.458,3,0.5,840,1160,0.6488451279003334,160,1000,2.305843009213694e+18,"[[195095767942445094, 1500048066919629750], [1059562453095694534, 313986444720046481], [691564608163384468, 53651072377497930]]"
fixed,adversarial,1000,2000,0.5,1,18,0.004463332999876002,4.4633329998760015e-06,0.014725832999829436,2.945166599965887e-05,246355,492.71,1000,0.5,1,1999,22.355088906108158,999,1000,,
universal,adversarial,1000,2000,0.5,3,18,0.002697957999771461,2.6979579997714607e-06,0.0009444999996048864,1.8889999992097727e-06,947,1.894,5,0.5,748,1252,0.744983221287567,252,1000,2.305843009213694e+18,"[[653524007492807808, 355415340864572460], [529539352426941228, 1114891161808553618], [2041277660056489008, 2248875904457507991]]"
fixed,adversarial,1000,2000,0.5,1,19,0.004396459000417963,4.396459000417963e-06,0.015208749999146676,3.0417499998293352e-05,259277,518.554,1000,0.5,1,1999,22.355088906108158,999,1000,,
universal,adversarial,1000,2000,0.5,3,19,0.002536625001084758,2.536625001084758e-06,0.0009175830018648412,1.8351660037296825e-06,919,1.838,4,0.5,730,1270,0.7700649323271382,270,1000,2.305843009213694e+18,"[[418983635330710152, 499844581152741729], [2091481658804620576, 676363097439722673], [1853845312400714918, 63921434307813850]]"
fixed,adversarial,1000,2000,0.5,1,20,0.004401417001645314,4.401417001645314e-06,0.015105042002687696,3.0210084005375393e-05,259544,519.088,1000,0.5,1,1999,22.355088906108158,999,1000,,
universal,adversarial,1000,2000,0.5,3,20,0.0025300000015704427,2.5300000015704426e-06,0.0008980829989013728,1.7961659978027455e-06,774,1.548,3,0.5,852,1148,0.6371812928829597,148,1000,2.305843009213694e+18,"[[1326467972949138173, 150235521510768009], [1878749678761878296, 2057856258604839518], [714528426559143356, 1546845777023972402]]"
fixed,adversarial,1000,2000,0.5,1,21,0.00437058299939963,4.37058299939963e-06,0.01534420899770339,3.068841799540678e-05,257942,515.884,1000,0.5,1,1999,22.355088906108158,999,1000,,
universal,adversarial,1000,2000,0.5,3,21,0.002411334000498755,2.411334000498755e-06,0.0008824159995128866,1.7648319990257733e-06,837,1.674,4,0.5,793,1207,0.7042726744663603,207,1000,2.305843009213694e+18,"[[1024322815512585445, 2145571529822921201], [583220317473756343, 1521440433806999588], [891688296819238137, 181082232511610579]]"
fixed,adversarial,1000,2000,0.5,1,22,0.004363249998277752,4.363249998277752e-06,0.014929749999282649,2.9859499998565297e-05,259415,518.83,1000,0.5,1,1999,22.355088906108158,999,1000,,
universal,adversarial,1000,2000,0.5,3,22,0.002418084000964882,2.4180840009648817e-06,0.0008852499995555263,1.7704999991110525e-06,775,1.55,3,0.5,837,1163,0.6511528238439882,163,1000,2.305843009213694e+18,"[[287886780813115929, 1413457234261051687], [1236295213923302512, 1583790892526252416], [469264712334336849, 619461346342472605]]"
fixed,adversarial,1000,2000,0.5,1,23,0.004365333999885479,4.365333999885479e-06,0.014944666996598244,2.9889333993196487e-05,257095,514.19,1000,0.5,1,1999,22.355088906108158,999,1000,,
universal,adversarial,1000,2000,0.5,3,23,0.002548667001974536,2.5486670019745363e-06,0.0008974999982456211,1.7949999964912422e-06,896,1.792,4,0.5,812,1188,0.6797058187186571,188,1000,2.305843009213694e+18,"[[666030003530279332, 1185754838603315180], [507164280403988863, 1057119984642882112], [1021713661893975990, 2137083730657759889]]"
fixed,adversarial,1000,2000,0.5,1,24,0.004367417001049034,4.367417001049034e-06,0.014749082998605445,2.949816599721089e-05,253382,506.764,1000,0.5,1,1999,22.355088906108158,999,1000,,
universal,adversarial,1000,2000,0.5,3,24,0.002516917000320973,2.516917000320973e-06,0.0008940830011852086,1.788166002370417e-06,860,1.72,5,0.5,753,1247,0.7509993342207435,247,1000,2.305843009213694e+18,"[[719391770955253926, 2130106160647316609], [1814591772010625413, 678012837864961736], [2256121436648175771, 1806161501175307684]]"
fixed,adversarial,1000,2000,0.5,1,25,0.004372958002932137,4.372958002932137e-06,0.015090459000930423,3.0180918001860847e-05,259465,518.93,1000,0.5,1,1999,22.355088906108158,999,1000,,
universal,adversarial,1000,2000,0.5,3,25,0.0025022080008056946,2.5022080008056945e-06,0.0008855839987518266,1.7711679975036531e-06,803,1.606,4,0.5,824,1176,0.6685805860178712,176,1000,2.305843009213694e+18,"[[267692963849940753, 941673545738002381], [1078297968137412989, 615313745506248579], [1375102846946731697, 1124764272089465404]]"
fixed,adversarial,1000,2000,0.5,1,26,0.004368917001556838,4.368917001556838e-06,0.01475524999841582,2.951049999683164e-05,253742,507.484,1000,0.5,1,1999,22.355088906108158,999,1000,,
universal,adversarial,1000,2000,0.5,3,26,0.0024990839992824476,2.499083999282448e-06,0.0008828329991956707,1.7656659983913415e-06,821,1.642,4,0.5,815,1185,0.6767569726275452,185,1000,2.305843009213694e+18,"[[1075367493781816306, 1590101887495472611], [1902892487837865007, 1154722482783782897], [1398969667391390162, 561164263128564704]]"
fixed,adversarial,1000,2000,0.5,1,27,0.004376833003334468,4.3768330033344685e-06,0.01480808300038916,2.961616600077832e-05,254366,508.732,1000,0.5,1,1999,22.355088906108158,999,1000,,
universal,adversarial,1000,2000,0.5,3,27,0.002529499997763196,2.529499997763196e-06,0.0009131250008067582,1.8262500016135163e-06,1080,2.16,4,0.5,719,1281,0.7886697661252141,281,1000,2.305843009213694e+18,"[[86018572855962195, 1847883699258444581], [153743650771889609, 794633789185287595], [2121092647333014343, 2013162642849706046]]"
fixed,adversarial,1000,2000,0.5,1,28,0.004363874999398831,4.363874999398831e-06,0.014705917001265334,2.941183400253067e-05,252632,505.264,1000,0.5,1,1999,22.355088906108158,999,1000,,
universal,adversarial,1000,2000,0.5,3,28,0.0024965000011434313,2.496500001143431e-06,0.0008850000012898818,1.7700000025797636e-06,772,1.544,4,0.5,800,1200,0.6942621983083913,200,1000,2.305843009213694e+18,"[[273089160051860230, 1621121173616640907], [1037773347474994553, 742865219208374151], [246540013351488701, 1890370731478794172]]"
fixed,adversarial,1000,2000,0.5,1,29,0.004368957997940015,4.368957997940015e-06,0.0142714169996907,2.8542833999381402e-05,244911,489.822,1000,0.5,1,1999,22.355088906108158,999,1000,,
universal,adversarial,1000,2000,0.5,3,29,0.002518167002563132,2.518167002563132e-06,0.0008951670024544001,1.7903340049088002e-06,818,1.636,3,0.5,821,1179,0.66783231428256,179,1000,2.305843009213694e+18,"[[1172432318357405658, 1841538480035479711], [610889197299678937, 356910957590253921], [1744744512350649053, 459482189801702091]]"
fixed,near_duplicate,1000,2000,0.5,1,0,0.0006629170020460151,6.629170020460152e-07,0.000323874999594409,6.47749999188818e-07,500,1.0,1,0.05,100,1900,0.21794494717703367,0,100,,
universal,near_duplicate,1000,2000,0.5,3,0,0.0017058340017683804,1.7058340017683805e-06,0.0008665829991514329,1.7331659983028658e-06,539,1.078,2,0.05,96,1904,0.22693611435820435,4,100,2.305843009213694e+18,"[[256711980439665054, 1709899044117486289], [564682175042572888, 321752549611034334], [236337776990707882, 1707863537360842093]]"
fixed,near_duplicate,1000,2000,0.5,1,1,0.0006675840013485868,6.675840013485867e-07,0.00032958299925667234,6.591659985133447e-07,500,1.0,1,0.05,100,1900,0.21794494717703367,0,100,,
universal,near_duplicate,1000,2000,0.5,3,1,0.0017271249998884741,1.7271249998884741e-06,0.0008654580014990643,1.7309160029981286e-06,508,1.016,2,0.05,99,1901,0.2202271554554524,1,100,2.305843009213694e+18,"[[659665203979258006, 1758630025113616856], [2212240429613108902, 852878681887507335], [1610489816920689347, 222016741360720591]]"
fixed,near_duplicate,1000,2000,0.5,1,2,0.0006632920012634713,6.632920012634714e-07,0.00032595800075796433,6.519160015159287e-07,500,1.0,1,0.05,100,1900,0.21794494717703367,0,100,,
universal,near_duplicate,1000,2000,0.5,3,2,0.00172404100158019,1.72404100158019e-06,0.0008736669988138601,1.7473339976277202e-06,541,1.082,2,0.05,98,1902,0.22248595461286988,2,100,2.305843009213694e+18,"[[1199085610155232937, 1617812241682181496], [268989063807004320, 875226211544593835], [667698580330647039, 518091674429352682]]"
fixed,near_duplicate,1000,2000,0.5,1,3,0.0006673340030829422,6.673340030829423e-07,0.0003273330003139563,6.546660006279126e-07,500,1.0,1,0.05,100,1900,0.21794494717703367,0,100,,
universal,near_duplicate,1000,2000,0.5,3,3,0.0017342499995720573,1.7342499995720573e-06,0.0008655410019855481,1.731082003971096e-06,526,1.052,2,0.05,98,1902,0.22248595461286988,2,100,2.305843009213694e+18,"[[963130306873368709, 594124941275654819], [699113413627218811, 49790444920847614], [1116618126344352917, 264798812748597129]]"
fixed,near_duplicate,1000,2000,0.5,1,4,0.0006663329986622557,6.663329986622557e-07,0.0003251250018365681,6.502500036731362e-07,500,1.0,1,0.05,100,1900,0.21794494717703367,0,100,,
universal,near_duplicate,1000,2000,0.5,3,4,0.0017054999989341013,1.7054999989341014e-06,0.0008600000001024455,1.720000000204891e-06,513,1.026,2,0.05,99,1901,0.2202271554554524,1,100,2.305843009213694e+18,"[[176127807941085543, 92145436972157049], [1353304280071655414, 2046636642761636536], [1463118878522575776, 350413271360474182]]"
fixed,near_duplicate,1000,2000,0.5,1,5,0.0006672919989796355,6.672919989796356e-07,0.0003253329996368848,6.506659992737696e-07,500,1.0,1,0.05,100,1900,0.21794494717703367,0,100,,
universal,near_duplicate,1000,2000,0.5,3,5,0.001717291997920256,1.7172919979202561e-06,0.0008699999998498242,1.7399999996996485e-06,553,1.106,2,0.05,97,1903,0.22472205054244232,3,100,2.305843009213694e+18,"[[144173240364996770, 1276607102766329742], [1316153465216681486, 593588258721341972], [891339916669062610, 1419387771326649839]]"
fixed,near_duplicate,1000,2000,0.5,1,6,0.0006654999997408595,6.654999997408595e-07,0.0003254999974160455,6.50999994832091e-07,500,1.0,1,0.05,100,1900,0.21794494717703367,0,100,,
universal,near_duplicate,1000,2000,0.5,3,6,0.0017102079982578289,1.710207998257829e-06,0.0008593749989813659,1.7187499979627319e-06,528,1.056,2,0.05,99,1901,0.2202271554554524,1,100,2.305843009213694e+18,"[[727386515324539458, 1284136067485901726], [1233138577490571038, 1828907452299493987], [1165171476919621068, 1646066583754636611]]"
fixed,near_duplicate,1000,2000,0.5,1,7,0.0006648749986197799,6.6487499861978e-07,0.0003259579971199855,6.519159942399711e-07,500,1.0,1,0.05,100,1900,0.21794494717703367,0,100,,
universal,near_duplicate,1000,2000,0.5,3,7,0.0017211670019605663,1.7211670019605663e-06,0.0008670839997648727,1.7341679995297453e-06,570,1.14,2,0.05,98,1902,0.22248595461286988,2,100,2.305843009213694e+18,"[[793970665397899006, 2152094108188559335], [745929175751854539, 1278256298576207987], [1862522474300937406, 1567653588555493210]]"
fixed,near_duplicate,1000,2000,0.5,1,8,0.0006649579991062637,6.649579991062638e-07,0.0003259170007368084,6.518340014736168e-07,500,1.0,1,0.05,100,1900,0.21794494717703367,0,100,,
universal,near_duplicate,1000,2000,0.5,3,8,0.0017209580000780988,1.7209580000780988e-06,0.000858833001984749,1.717666003969498e-06,525,1.05,1,0.05,100,1900,0.21794494717703367,0,100,2.305843009213694e+18,"[[1973099216186019426, 839551891445904909], [2054075847285760178, 1596895736779450158], [1768356806526079850, 761040643918656312]]"
fixed,near_duplicate,1000,2000,0.5,1,9,0.000663417002215283,6.63417002215283e-07,0.00033454100048402324,6.690820009680464e-07,500,1.0,1,0.05,100,1900,0.21794494717703367,0,100,,
universal,near_duplicate,1000,2000,0.5,3,9,0.001718666997476248,1.718666997476248e-06,0.0008634160003566649,1.7268320007133298e-06,522,1.044,2,0.05,97,1903,0.22472205054244232,3,100,2.305843009213694e+18,"[[1933427113282973200, 1273492775044695229], [567420718719220919, 2291110579130834537], [1919842552580472723, 589921478534064354]]"
fixed,near_duplicate,1000,2000,0.5,1,10,0.0006663330023002345,6.663330023002345e-07,0.00032608399851596914,6.521679970319383e-07,500,1.0,1,0.05,100,1900,0.21794494717703367,0,100,,
universal,near_duplicate,1000,2000,0.5,3,10,0.0017344580010103527,1.7344580010103527e-06,0.0008633329998701811,1.7266659997403622e-06,536,1.072,2,0.05,97,1903,0.22472205054244232,3,100,2.305843009213694e+18,"[[618696799174358726, 2029214271970554437], [1181946042011416434, 1971785935387254006], [855518877651879508, 78523067754061221]]"
fixed,near_duplicate,1000,2000,0.5,1,11,0.0006676670018350706,6.676670018350705e-07,0.0003264580009272322,6.529160018544644e-07,500,1.0,1,0.05,100,1900,0.21794494717703367,0,100,,
universal,near_duplicate,1000,2000,0.5,3,11,0.0017389999993611127,1.7389999993611127e-06,0.0008656250029162038,1.7312500058324077e-06,530,1.06,2,0.05,98,1902,0.22248595461286988,2,100,2.305843009213694e+18,"[[1967359095987829717, 498185230560009946], [1157680175712590001, 1113020793331031894], [1655376568515428791, 831730782862272696]]"
fixed,near_duplicate,1000,2000,0.5,1,12,0.0006617920007556677,6.617920007556677e-07,0.00032649999775458127,6.529999955091625e-07,500,1.0,1,0.05,100,1900,0.21794494717703367,0,100,,
universal,near_duplicate,1000,2000,0.5,3,12,0.0017156249996332917,1.7156249996332917e-06,0.0008702090017322917,1.7404180034645832e-06,528,1.056,1,0.05,100,1900,0.21794494717703367,0,100,2.305843009213694e+18,"[[2258536001366688123, 1012121370449003109], [686970057059376321, 2051824648104402063], [1124175962628406669, 504983195232581899]]"
fixed,near_duplicate,1000,2000,0.5,1,13,0.0006657910016656388,6.657910016656387e-07,0.0003266669991717208,6.533339983434416e-07,500,1.0,1,0.05,100,1900,0.21794494717703367,0,100,,
universal,near_duplicate,1000,2000,0.5,3,13,0.0017197500019392464,1.7197500019392465e-06,0.0008527080026397016,1.705416005279403e-06,529,1.058,2,0.05,95,1905,0.229128784747792,5,100,2.305843009213694e+18,"[[2277903568736387890, 452514279465990313], [2303280692498563247, 697951185415921787], [183691764838410618, 423743168849403417]]"
fixed,near_duplicate,1000,2000,0.5,1,14,0.0006617910003114957,6.617910003114958e-07,0.000326083001709776,6.52166003419552e-07,500,1.0,1,0.05,100,1900,0.21794494717703367,0,100,,
universal,near_duplicate,1000,2000,0.5,3,14,0.0017219580004166346,1.7219580004166346e-06,0.0008613339996372815,1.722667999274563e-06,529,1.058,2,0.05,98,1902,0.22248595461286988,2,100,2.305843009213694e+18,"[[1956076132499880650, 26508845497723367], [1505952038662606745, 694384076709536977], [1251442079079685814, 2146666122401106131]]"
fixed,near_duplicate,1000,2000,0.5,1,15,0.0006615419988520443,6.615419988520443e-07,0.00032616699900245294,6.523339980049059e-07,500,1.0,1,0.05,100,1900,0.21794494717703367,0,100,,
universal,near_duplicate,1000,2000,0.5,3,15,0.0017091250010707881,1.709125001070788e-06,0.0008527080026397016,1.705416005279403e-06,518,1.036,2,0.05,98,1902,0.22248595461286988,2,100,2.305843009213694e+18,"[[847978861133403702, 1395714462194184430], [518482636670340538, 740682746084312398], [1100716632290196263, 2269261073193213249]]"
fixed,near_duplicate,1000,2000,0.5,1,16,0.0006678329991700593,6.678329991700594e-07,0.00032324999847332947,6.464999969466589e-07,500,1.0,1,0.05,100,1900,0.21794494717703367,0,100,,
universal,near_duplicate,1000,2000,0.5,3,16,0.0017553329998918343,1.7553329998918343e-06,0.0008702500017534476,1.7405000035068952e-06,533,1.066,2,0.05,97,1903,0.22472205054244232,3,100,2.305843009213694e+18,"[[454612962106966139, 1702438209959121919], [2265420330264173236, 463866247378689703], [443667755326800348, 934787930118675060]]"
fixed,near_duplicate,1000,2000,0.5,1,17,0.0006641250001848675,6.641250001848676e-07,0.0003253329996368848,6.506659992737696e-07,500,1.0,1,0.05,100,1900,0.21794494717703367,0,100,,
universal,near_duplicate,1000,2000,0.5,3,17,0.0017531669982417952,1.7531669982417952e-06,0.0008635830017738044,1.727166003547609e-06,518,1.036,1,0.05,100,1900,0.21794494717703367,0,100,2.305843009213694e+18,"[[195095767942445094, 1500048066919629750], [1059562453095694534, 313986444720046481], [691564608163384468, 53651072377497930]]"
fixed,near_duplicate,1000,2000,0.5,1,18,0.000664334002067335,6.643340020673349e-07,0.00032429099883302115,6.485819976660423e-07,500,1.0,1,0.05,100,1900,0.21794494717703367,0,100,,
universal,near_duplicate,1000,2000,0.5,3,18,0.001717750001262175,1.717750001262175e-06,0.0008532079991709907,1.7064159983419814e-06,512,1.024,2,0.05,99,1901,0.2202271554554524,1,100,2.305843009213694e+18,"[[653524007492807808, 355415340864572460], [529539352426941228, 1114891161808553618], [2041277660056489008, 2248875904457507991]]"
fixed,near_duplicate,1000,2000,0.5,1,19,0.0006651250005234033,6.651250005234033e-07,0.00032483399991178885,6.496679998235777e-07,500,1.0,1,0.05,100,1900,0.21794494717703367,0,100,,
universal,near_duplicate,1000,2000,0.5,3,19,0.0017242909998458344,1.7242909998458344e-06,0.0008759580014157109,1.7519160028314218e-06,547,1.094,2,0.05,96,1904,0.22693611435820435,4,100,2.305843009213694e+18,"[[418983635330710152, 499844581152741729], [2091481658804620576, 676363097439722673], [1853845312400714918, 63921434307813850]]"
fixed,near_duplicate,1000,2000,0.5,1,20,0.0006642499974987004,6.642499974987004e-07,0.00032450000071548857,6.490000014309771e-07,500,1.0,1,0.05,100,1900,0.21794494717703367,0,100,,
universal,near_duplicate,1000,2000,0.5,3,20,0.0017296250007348135,1.7296250007348136e-06,0.0008654999983264133,1.7309999966528267e-06,525,1.05,2,0.05,98,1902,0.22248595461286988,2,100,2.305843009213694e+18,"[[1326467972949138173, 150235521510768009], [1878749678761878296, 2057856258604839518], [714528426559143356, 1546845777023972402]]"
fixed,near_duplicate,1000,2000,0.5,1,21,0.0006624999987252522,6.624999987252523e-07,0.0003267920001235325,6.53584000247065e-07,500,1.0,1,0.05,100,1900,0.21794494717703367,0,100,,
universal,near_duplicate,1000,2000,0.5,3,21,0.0017281670006923378,1.7281670006923378e-06,0.0008607500021753367,1.7215000043506735e-06,539,1.078,2,0.05,98,1902,0.22248595461286988,2,100,2.305843009213694e+18,"[[1024322815512585445, 2145571529822921201], [583220317473756343, 1521440433806999588], [891688296819238137, 181082232511610579]]"
fixed,near_duplicate,1000,2000,0.5,1,22,0.0006618339975830168,6.618339975830167e-07,0.0003255830015405081,6.511660030810162e-07,500,1.0,1,0.05,100,1900,0.21794494717703367,0,100,,
universal,near_duplicate,1000,2000,0.5,3,22,0.0017493330014985986,1.7493330014985986e-06,0.000864666002598824,1.729332005197648e-06,541,1.082,1,0.05,100,1900,0.21794494717703367,0,100,2.305843009213694e+18,"[[287886780813115929, 1413457234261051687], [1236295213923302512, 1583790892526252416], [469264712334336849, 619461346342472605]]"
fixed,near_duplicate,1000,2000,0.5,1,23,0.0006640830033575185,6.640830033575185e-07,0.0003252909991715569,6.505819983431138e-07,500,1.0,1,0.05,100,1900,0.21794494717703367,0,100,,
universal,near_duplicate,1000,2000,0.5,3,23,0.0017492090009909589,1.7492090009909588e-06,0.0008578329980082344,1.715665996016469e-06,510,1.02,2,0.05,98,1902,0.22248595461286988,2,100,2.305843009213694e+18,"[[666030003530279332, 1185754838603315180], [507164280403988863, 1057119984642882112], [1021713661893975990, 2137083730657759889]]"
fixed,near_duplicate,1000,2000,0.5,1,24,0.000663499999063788,6.63499999063788e-07,0.0003265000013925601,6.530000027851202e-07,500,1.0,1,0.05,100,1900,0.21794494717703367,0,100,,
universal,near_duplicate,1000,2000,0.5,3,24,0.0017372500005876645,1.7372500005876644e-06,0.0008604169997852296,1.7208339995704592e-06,529,1.058,2,0.05,95,1905,0.229128784747792,5,100,2.305843009213694e+18,"[[719391770955253926, 2130106160647316609], [1814591772010625413, 678012837864961736], [2256121436648175771, 1806161501175307684]]"
fixed,near_duplicate,1000,2000,0.5,1,25,0.0006656250006926712,6.656250006926711e-07,0.0003243749997636769,6.487499995273537e-07,500,1.0,1,0.05,100,1900,0.21794494717703367,0,100,,
universal,near_duplicate,1000,2000,0.5,3,25,0.0017251659992325585,1.7251659992325584e-06,0.0008594169994466938,1.7188339988933877e-06,519,1.038,1,0.05,100,1900,0.21794494717703367,0,100,2.305843009213694e+18,"[[267692963849940753, 941673545738002381], [1078297968137412989, 615313745506248579], [1375102846946731697, 1124764272089465404]]"
fixed,near_duplicate,1000,2000,0.5,1,26,0.0006635419995291159,6.635419995291158e-07,0.00032733400075812824,6.546680015162564e-07,500,1.0,1,0.05,100,1900,0.21794494717703367,0,100,,
universal,near_duplicate,1000,2000,0.5,3,26,0.0017355410018353723,1.7355410018353724e-06,0.0008686250002938323,1.7372500005876644e-06,545,1.09,2,0.05,99,1901,0.2202271554554524,1,100,2.305843009213694e+18,"[[1075367493781816306, 1590101887495472611], [1902892487837865007, 1154722482783782897], [1398969667391390162, 561164263128564704]]"
fixed,near_duplicate,1000,2000,0.5,1,27,0.000668041997414548,6.68041997414548e-07,0.00032708299841033295,6.541659968206659e-07,500,1.0,1,0.05,100,1900,0.21794494717703367,0,100,,
universal,near_duplicate,1000,2000,0.5,3,27,0.0017461659990658518,1.7461659990658519e-06,0.0008590420002292376,1.718084000458475e-06,508,1.016,2,0.05,99,1901,0.2202271554554524,1,100,2.305843009213694e+18,"[[86018572855962195, 1847883699258444581], [153743650771889609, 794633789185287595], [2121092647333014343, 2013162642849706046]]"
fixed,near_duplicate,1000,2000,0.5,1,28,0.000666665997414384,6.66665997414384e-07,0.0003267920001235325,6.53584000247065e-07,500,1.0,1,0.05,100,1900,0.21794494717703367,0,100,,
universal,near_duplicate,1000,2000,0.5,3,28,0.0017086669977288693,1.7086669977288694e-06,0.0008626250019005965,1.725250003801193e-06,536,1.072,2,0.05,97,1903,0.22472205054244232,3,100,2.305843009213694e+18,"[[273089160051860230, 1621121173616640907], [1037773347474994553, 742865219208374151], [246540013351488701, 1890370731478794172]]"
fixed,near_duplicate,1000,2000,0.5,1,29,0.0006707920001645107,6.707920001645107e-07,0.0003263340004195925,6.52668000839185e-07,500,1.0,1,0.05,100,1900,0.21794494717703367,0,100,,
universal,near_duplicate,1000,2000,0.5,3,29,0.001734790999762481,1.734790999762481e-06,0.0008582079972256906,1.7164159944513813e-06,516,1.032,1,0.05,100,1900,0.21794494717703367,0,100,2.305843009213694e+18,"[[1172432318357405658, 1841538480035479711], [610889197299678937, 356910957590253921], [1744744512350649053, 459482189801702091]]"
fixed,uniform,1000,1334,0.75,1,0,0.0012676249971264042,1.2676249971264043e-06,0.0003394579980522394,6.789159961044788e-07,655,1.31,4,0.7203898050974513,709,625,0.8079001773905599,252,961,,
universal,uniform,1000,1334,0.75,3,0,0.002433916997688357,2.433916997688357e-06,0.0009022499980346765,1.804499996069353e-06,988,1.976,5,0.7203898050974513,684,650,0.8512735838839959,277,961,2.305843009213694e+18,"[[256711980439665054, 1709899044117486289], [564682175042572888, 321752549611034334], [236337776990707882, 1707863537360842093]]"
fixed,uniform,1000,1334,0.75,1,1,0.0012521249991550576,1.2521249991550576e-06,0.0003398749977350235,6.79749995470047e-07,638,1.276,4,0.7098950524737632,705,629,0.7957577670174671,242,947,,
universal,uniform,1000,1334,0.75,3,1,0.00238754200108815,2.3875420010881497e-06,0.000894791999598965,1.78958399919793e-06,1042,2.084,4,0.7098950524737632,682,652,0.8379713246943505,265,947,2.305843009213694e+18,"[[659665203979258006, 1758630025113616856], [2212240429613108902, 852878681887507335], [1610489816920689347, 222016741360720591]]"
fixed,uniform,1000,1334,0.75,1,2,0.001250541001354577,1.250541001354577e-06,0.00033975000042119063,6.795000008423813e-07,654,1.308,4,0.7151424287856072,711,623,0.7999972464994456,243,954,,
universal,uniform,1000,1334,0.75,3,2,0.002394291001110105,2.394291001110105e-06,0.0008989170019049197,1.7978340038098395e-06,1013,2.026,5,0.7151424287856072,684,650,0.8366394739666534,270,954,2.305843009213694e+18,"[[1199085610155232937, 1617812241682181496], [268989063807004320, 875226211544593835], [667698580330647039, 518091674429352682]]"
fixed,uniform,1000,1334,0.75,1,3,0.001246042000275338,1.2460420002753381e-06,0.00034374999813735485,6.874999962747097e-07,650,1.3,4,0.7061469265367316,699,635,0.7872720608232726,243,942,,
universal,uniform,1000,1334,0.75,3,3,0.0024039170020841993,2.4039170020841993e-06,0.0009022909980558325,1.804581996111665e-06,1049,2.098,5,0.7061469265367316,659,675,0.8670244118457282,283,942,2.305843009213694e+18,"[[963130306873368709, 594124941275654819], [699113413627218811, 49790444920847614], [1116618126344352917, 264798812748597129]]"
fixed,uniform,1000,1334,0.75,1,4,0.001256415998796001,1.256415998796001e-06,0.0003415420032979455,6.830840065958909e-07,625,1.25,5,0.7136431784107946,716,618,0.7862249651129181,236,952,,
universal,uniform,1000,1334,0.75,3,4,0.0024062079974100925,2.4062079974100923e-06,0.0009068340004887432,1.8136680009774865e-06,1014,2.028,5,0.7136431784107946,677,657,0.8556241723166582,275,952,2.305843009213694e+18,"[[176127807941085543, 92145436972157049], [1353304280071655414, 2046636642761636536], [1463118878522575776, 350413271360474182]]"
fixed,uniform,1000,1334,0.75,1,5,0.0012674999998125713,1.2674999998125712e-06,0.00033879200054798275,6.775840010959655e-07,640,1.28,4,0.7128935532233883,696,638,0.8052666924320464,255,951,,
universal,uniform,1000,1334,0.75,3,5,0.002421666998998262,2.421666998998262e-06,0.0009026669977174606,1.8053339954349212e-06,993,1.986,5,0.7128935532233883,700,634,0.815442333990201,251,951,2.305843009213694e+18,"[[144173240364996770, 1276607102766329742], [1316153465216681486, 593588258721341972], [891339916669062610, 1419387771326649839]]"
fixed,uniform,1000,1334,0.75,1,6,0.0012601660018844996,1.2601660018844996e-06,0.00033687499671941623,6.737499934388325e-07,653,1.306,4,0.7166416791604198,717,617,0.7967750565853456,239,956,,
universal,uniform,1000,1334,0.75,3,6,0.0024098329995467793,2.4098329995467794e-06,0.0009062919998541474,1.8125839997082948e-06,1036,2.072,5,0.7166416791604198,674,660,0.8469411203922462,282,956,2.305843009213694e+18,"[[727386515324539458, 1284136067485901726], [1233138577490571038, 1828907452299493987], [1165171476919621068, 1646066583754636611]]"
fixed,uniform,1000,1334,0.75,1,7,0.0012485830011428334,1.2485830011428333e-06,0.0003437919986026827,6.875839972053654e-07,673,1.346,3,0.7106446776611695,693,641,0.8039952922548269,255,948,,
universal,uniform,1000,1334,0.75,3,7,0.002406250001513399,2.4062500015133993e-06,0.0009152910024567973,1.8305820049135945e-06,1192,2.384,5,0.7106446776611695,642,692,0.9040591643783942,306,948,2.305843009213694e+18,"[[793970665397899006, 2152094108188559335], [745929175751854539, 1278256298576207987], [1862522474300937406, 1567653588555493210]]"
fixed,uniform,1000,1334,0.75,1,8,0.0012593749997904524,1.2593749997904524e-06,0.00033720799910952337,6.744159982190467e-07,665,1.33,4,0.712143928035982,706,628,0.8017331621198798,244,950,,
universal,uniform,1000,1334,0.75,3,8,0.0023949589995027054,2.3949589995027056e-06,0.0009036659976118244,1.8073319952236488e-06,986,1.972,4,0.712143928035982,690,644,0.8347149673607122,260,950,2.305843009213694e+18,"[[1973099216186019426, 839551891445904909], [2054075847285760178, 1596895736779450158], [1768356806526079850, 761040643918656312]]"
fixed,uniform,1000,1334,0.75,1,9,0.0012584999967657495,1.2584999967657494e-06,0.00034220800080220215,6.844160016044043e-07,672,1.344,4,0.7166416791604198,713,621,0.8061283982993693,243,956,,
universal,uniform,1000,1334,0.75,3,9,0.0024147499971149955,2.4147499971149957e-06,0.0009102080002776347,1.8204160005552695e-06,1087,2.174,4,0.7166416791604198,705,629,0.8061283982993693,251,956,2.305843009213694e+18,"[[1933427113282973200, 1273492775044695229], [567420718719220919, 2291110579130834537], [1919842552580472723, 589921478534064354]]"
fixed,uniform,1000,1334,0.75,1,10,0.0012512079993030056,1.2512079993030056e-06,0.0003366250020917505,6.73250004183501e-07,644,1.288,5,0.7061469265367316,686,648,0.820835130367954,256,942,,
universal,uniform,1000,1334,0.75,3,10,0.0024092910025501624,2.4092910025501624e-06,0.0009128749989031348,1.8257499978062696e-06,1004,2.008,7,0.7061469265367316,687,647,0.8244800256800806,255,942,2.305843009213694e+18,"[[618696799174358726, 2029214271970554437], [1181946042011416434, 1971785935387254006], [855518877651879508, 78523067754061221]]"
fixed,uniform,1000,1334,0.75,1,11,0.0012564580028993078,1.2564580028993077e-06,0.004390916998090688,8.781833996181376e-06,672,1.344,4,0.7053973013493253,689,645,0.8062820903183511,252,941,,
universal,uniform,1000,1334,0.75,3,11,0.012090332998923259,1.2090332998923259e-05,0.007607666997500928,1.5215333995001856e-05,980,1.96,5,0.7053973013493253,679,655,0.8337075748801299,262,941,2.305843009213694e+18,"[[1967359095987829717, 498185230560009946], [1157680175712590001, 1113020793331031894], [1655376568515428791, 831730782862272696]]"
fixed,uniform,1000,1334,0.75,1,12,0.004779291997692781,4.77929199769278e-06,0.0034334160009166226,6.866832001833245e-06,658,1.316,4,0.7083958020989505,689,645,0.8110767858138499,256,945,,
universal,uniform,1000,1334,0.75,3,12,0.010129624999535736,1.0129624999535735e-05,0.010244958000839688,2.0489916001679377e-05,996,1.992,4,0.7083958020989505,696,638,0.8184372642326512,249,945,2.305843009213694e+18,"[[2258536001366688123, 1012121370449003109], [686970057059376321, 2051824648104402063], [1124175962628406669, 504983195232581899]]"
fixed,uniform,1000,1334,0.75,1,13,0.007826916000340134,7.826916000340135e-06,0.0003633329979493283,7.266659958986566e-07,639,1.278,5,0.7136431784107946,716,618,0.7795222531417054,236,952,,
universal,uniform,1000,1334,0.75,3,13,0.0064126669967663474,6.412666996766348e-06,0.0010988750000251457,2.1977500000502916e-06,1008,2.016,4,0.7136431784107946,696,638,0.8097104143686952,256,952,2.305843009213694e+18,"[[2277903568736387890, 452514279465990313], [2303280692498563247, 697951185415921787], [183691764838410618, 423743168849403417]]"
fixed,uniform,1000,1334,0.75,1,14,0.0013469160003296565,1.3469160003296565e-06,0.00034500000037951395,6.900000007590279e-07,637,1.274,4,0.7083958020989505,717,617,0.7828588897379578,228,945,,
universal,uniform,1000,1334,0.75,3,14,0.0026937499969790224,2.6937499969790225e-06,0.0008982500003185123,1.7965000006370245e-06,1012,2.024,4,0.7083958020989505,672,662,0.8410236708053712,273,945,2.305843009213694e+18,"[[1956076132499880650, 26508845497723367], [1505952038662606745, 694384076709536977], [1251442079079685814, 2146666122401106131]]"
fixed,uniform,1000,1334,0.75,1,15,0.001264541999262292,1.264541999262292e-06,0.0003487089998088777,6.974179996177554e-07,671,1.342,5,0.7158920539730135,700,634,0.8081866946907079,255,955,,
universal,uniform,1000,1334,0.75,3,15,0.0024181660010071937,2.4181660010071936e-06,0.0009151660015049856,1.8303320030099713e-06,1039,2.078,6,0.7158920539730135,676,658,0.8655158909362078,279,955,2.305843009213694e+18,"[[847978861133403702, 1395714462194184430], [518482636670340538, 740682746084312398], [1100716632290196263, 2269261073193213249]]"
fixed,uniform,1000,1334,0.75,1,16,0.0012567500016302802,1.2567500016302802e-06,0.00034212499667773955,6.842499933554791e-07,661,1.322,4,0.704647676161919,699,635,0.7971233815809918,241,940,,
universal,uniform,1000,1334,0.75,3,16,0.002404625000053784,2.404625000053784e-06,0.0009485410009801853,1.8970820019603707e-06,1034,2.068,4,0.704647676161919,684,650,0.8221225246780771,256,940,2.305843009213694e+18,"[[454612962106966139, 1702438209959121919], [2265420330264173236, 463866247378689703], [443667755326800348, 934787930118675060]]"
fixed,uniform,1000,1334,0.75,1,17,0.0015085829982126597,1.5085829982126597e-06,0.00044270799844525754,8.854159968905151e-07,646,1.292,4,0.7143928035982009,708,626,0.7926686456756488,245,953,,
universal,uniform,1000,1334,0.75,3,17,0.003669542002171511,3.669542002171511e-06,0.0020040409981447738,4.008081996289547e-06,1060,2.12,5,0.7143928035982009,689,645,0.8359356132223696,264,953,2.305843009213694e+18,"[[195095767942445094, 1500048066919629750], [1059562453095694534, 313986444720046481], [691564608163384468, 53651072377497930]]"
fixed,uniform,1000,1334,0.75,1,18,0.001340792001428781,1.340792001428781e-06,0.0004421250014274847,8.842500028549694e-07,649,1.298,5,0.7143928035982009,709,625,0.8030039451710096,244,953,,
universal,uniform,1000,1334,0.75,3,18,0.004671082999266218,4.671082999266218e-06,0.0012222920013300609,2.4445840026601216e-06,1028,2.056,4,0.7143928035982009,663,671,0.860678430047025,290,953,2.305843009213694e+18,"[[653524007492807808, 355415340864572460], [529539352426941228, 1114891161808553618], [2041277660056489008, 2248875904457507991]]"
fixed,uniform,1000,1334,0.75,1,19,0.0013436250010272488,1.3436250010272487e-06,0.0003532919981807936,7.065839963615872e-07,641,1.282,5,0.7106446776611695,708,626,0.7955596624984271,240,948,,
universal,uniform,1000,1334,0.75,3,19,0.0039632910011278,3.9632910011278e-06,0.0009163340000668541,1.8326680001337082e-06,1084,2.168,6,0.7106446776611695,680,654,0.8554914969374287,268,948,2.305843009213694e+18,"[[418983635330710152, 499844581152741729], [2091481658804620576, 676363097439722673], [1853845312400714918, 63921434307813850]]"
fixed,uniform,1000,1334,0.75,1,20,0.0012697919992206153,1.2697919992206152e-06,0.0004997920004825573,9.995840009651148e-07,673,1.346,5,0.7128935532233883,696,638,0.8126797948386245,255,951,,
universal,uniform,1000,1334,0.75,3,20,0.0026392079998913687,2.6392079998913687e-06,0.003429583000979619,6.859166001959238e-06,1012,2.024,5,0.7128935532233883,690,644,0.8034027291407609,261,951,2.305843009213694e+18,"[[1326467972949138173, 150235521510768009], [1878749678761878296, 2057856258604839518], [714528426559143356, 1546845777023972402]]"
fixed,uniform,1000,1334,0.75,1,21,0.0014345409981615376,1.4345409981615375e-06,0.0003464170004008338,6.928340008016676e-07,667,1.334,4,0.7233883058470765,715,619,0.8042849473320547,250,965,,
universal,uniform,1000,1334,0.75,3,21,0.0024595419999968726,2.4595419999968726e-06,0.0009211670003423933,1.8423340006847866e-06,1010,2.02,4,0.7233883058470765,695,639,0.8344756071172731,270,965,2.305843009213694e+18,"[[1024322815512585445, 2145571529822921201], [583220317473756343, 1521440433806999588], [891688296819238137, 181082232511610579]]"
fixed,uniform,1000,1334,0.75,1,22,0.001959041997906752,1.9590419979067517e-06,0.00036104099854128435,7.220819970825687e-07,655,1.31,4,0.7241379310344828,700,634,0.8252403032974238,266,966,,
universal,uniform,1000,1334,0.75,3,22,0.002790957998513477,2.790957998513477e-06,0.001000874999590451,2.0017499991809017e-06,1011,2.022,5,0.7241379310344828,710,624,0.8133457464780033,256,966,2.305843009213694e+18,"[[287886780813115929, 1413457234261051687], [1236295213923302512, 1583790892526252416], [469264712334336849, 619461346342472605]]"
fixed,uniform,1000,1334,0.75,1,23,0.0014682500004710164,1.4682500004710165e-06,0.0006330830001388676,1.2661660002777353e-06,635,1.27,4,0.7113943028485757,699,635,0.8009958225818843,250,949,,
universal,uniform,1000,1334,0.75,3,23,0.0027362500004528556,2.7362500004528554e-06,0.004572041998471832,9.144083996943664e-06,1038,2.076,4,0.7113943028485757,684,650,0.8276911070340158,265,949,2.305843009213694e+18,"[[666030003530279332, 1185754838603315180], [507164280403988863, 1057119984642882112], [1021713661893975990, 2137083730657759889]]"
fixed,uniform,1000,1334,0.75,1,24,0.0014181249971443322,1.4181249971443323e-06,0.00036283399822423235,7.256679964484647e-07,640,1.28,4,0.7143928035982009,708,626,0.7983226691546113,245,953,,
universal,uniform,1000,1334,0.75,3,24,0.0027636250015348196,2.7636250015348196e-06,0.0030284169988590293,6.056833997718058e-06,955,1.91,4,0.7143928035982009,708,626,0.8048688319905493,245,953,2.305843009213694e+18,"[[719391770955253926, 2130106160647316609], [1814591772010625413, 678012837864961736], [2256121436648175771, 1806161501175307684]]"
fixed,uniform,1000,1334,0.75,1,25,0.0013716249995923135,1.3716249995923135e-06,0.00042708299952209927,8.541659990441985e-07,657,1.314,4,0.7143928035982009,705,629,0.8067294078310622,248,953,,
universal,uniform,1000,1334,0.75,3,25,0.002441540997097036,2.441540997097036e-06,0.001137292001658352,2.2745840033167042e-06,986,1.972,5,0.7143928035982009,703,631,0.8278255227281567,250,953,2.305843009213694e+18,"[[267692963849940753, 941673545738002381], [1078297968137412989, 615313745506248579], [1375102846946731697, 1124764272089465404]]"
fixed,uniform,1000,1334,0.75,1,26,0.001332332998572383,1.3323329985723831e-06,0.0003712920006364584,7.425840012729167e-07,667,1.334,5,0.7113943028485757,691,643,0.8167506132017555,258,949,,
universal,uniform,1000,1334,0.75,3,26,0.0037061670009279624,3.706167000927962e-06,0.0013083749981888104,2.616749996377621e-06,1014,2.028,4,0.7113943028485757,695,639,0.8285962943665675,254,949,2.305843009213694e+18,"[[1075367493781816306, 1590101887495472611], [1902892487837865007, 1154722482783782897], [1398969667391390162, 561164263128564704]]"
fixed,uniform,1000,1334,0.75,1,27,0.0031657090003136545,3.1657090003136547e-06,0.0005982909970043693,1.1965819940087386e-06,658,1.316,4,0.7158920539730135,688,646,0.8337534071713555,267,955,,
universal,uniform,1000,1334,0.75,3,27,0.003829499997664243,3.829499997664243e-06,0.0018549999986134935,3.709999997226987e-06,1020,2.04,4,0.7158920539730135,698,636,0.809113702670956,257,955,2.305843009213694e+18,"[[86018572855962195, 1847883699258444581], [153743650771889609, 794633789185287595], [2121092647333014343, 2013162642849706046]]"
fixed,uniform,1000,1334,0.75,1,28,0.002376749998802552,2.376749998802552e-06,0.0007936250003695022,1.5872500007390044e-06,649,1.298,4,0.7203898050974513,711,623,0.7976283235346897,250,961,,
universal,uniform,1000,1334,0.75,3,28,0.005379958001867635,5.379958001867635e-06,0.002209124999353662,4.418249998707324e-06,1092,2.184,6,0.7203898050974513,672,662,0.8790009821454727,289,961,2.305843009213694e+18,"[[273089160051860230, 1621121173616640907], [1037773347474994553, 742865219208374151], [246540013351488701, 1890370731478794172]]"
fixed,uniform,1000,1334,0.75,1,29,0.0022609170009673107,2.260917000967311e-06,0.0005532499999389984,1.1064999998779967e-06,632,1.264,3,0.7136431784107946,713,621,0.7795222531417054,239,952,,
universal,uniform,1000,1334,0.75,3,29,0.004986415999155724,4.986415999155725e-06,0.004320541000197409,8.641082000394817e-06,996,1.992,4,0.7136431784107946,683,651,0.835230486531638,269,952,2.305843009213694e+18,"[[1172432318357405658, 1841538480035479711], [610889197299678937, 356910957590253921], [1744744512350649053, 459482189801702091]]"
fixed,sorted,1000,1334,0.75,1,0,0.004606249996868428,4.606249996868428e-06,0.002483083000697661,4.966166001395323e-06,500,1.0,1,0.7496251874062968,1000,334,0.43322888386206565,0,1000,,
universal,sorted,1000,1334,0.75,3,0,0.006633500001044013,6.633500001044012e-06,0.007691124999837484,1.538224999967497e-05,1010,2.02,4,0.7496251874062968,736,598,0.8086743055019665,264,1000,2.305843009213694e+18,"[[256711980439665054, 1709899044117486289], [564682175042572888, 321752549611034334], [236337776990707882, 1707863537360842093]]"
fixed,sorted,1000,1334,0.75,1,1,0.0030130000013741665,3.0130000013741663e-06,0.0005436659994302318,1.0873319988604635e-06,500,1.0,1,0.7496251874062968,1000,334,0.43322888386206565,0,1000,,
universal,sorted,1000,1334,0.75,3,1,0.003804832998866914,3.8048329988669137e-06,0.0044230410021555144,8.846082004311029e-06,1339,2.678,6,0.7496251874062968,657,677,0.9750926656436204,343,1000,2.305843009213694e+18,"[[659665203979258006, 1758630025113616856], [2212240429613108902, 852878681887507335], [1610489816920689347, 222016741360720591]]"
fixed,sorted,1000,1334,0.75,1,2,0.0037089159995957743,3.7089159995957745e-06,0.0007239170008688234,1.4478340017376468e-06,500,1.0,1,0.7496251874062968,1000,334,0.43322888386206565,0,1000,,
universal,sorted,1000,1334,0.75,3,2,0.016850958003487904,1.6850958003487902e-05,0.00474654199933866,9.493083998677321e-06,947,1.894,4,0.7496251874062968,728,606,0.8224614811656997,272,1000,2.305843009213694e+18,"[[1199085610155232937, 1617812241682181496], [268989063807004320, 875226211544593835], [667698580330647039, 518091674429352682]]"
fixed,sorted,1000,1334,0.75,1,3,0.02238379199843621,2.238379199843621e-05,0.00212074999944889,4.24149999889778e-06,500,1.0,1,0.7496251874062968,1000,334,0.43322888386206565,0,1000,,
universal,sorted,1000,1334,0.75,3,3,0.005081499999505468,5.081499999505468e-06,0.00297912499809172,5.95824999618344e-06,1451,2.902,6,0.7496251874062968,613,721,1.0142813840755613,387,1000,2.305843009213694e+18,"[[963130306873368709, 594124941275654819], [699113413627218811, 49790444920847614], [1116618126344352917, 264798812748597129]]"
fixed,sorted,1000,1334,0.75,1,4,0.010697167002945207,1.0697167002945208e-05,0.000363874998583924,7.277499971678481e-07,500,1.0,1,0.7496251874062968,1000,334,0.43322888386206565,0,1000,,
universal,sorted,1000,1334,0.75,3,4,0.008080708998022601,8.080708998022602e-06,0.0014207909989636391,2.841581997927278e-06,963,1.926,5,0.7496251874062968,691,643,0.897428782820765,309,1000,2.305843009213694e+18,"[[176127807941085543, 92145436972157049], [1353304280071655414, 2046636642761636536], [1463118878522575776, 350413271360474182]]"
fixed,sorted,1000,1334,0.75,1,5,0.0081107920013892,8.1107920013892e-06,0.0029447919987433124,5.889583997486625e-06,500,1.0,1,0.7496251874062968,1000,334,0.43322888386206565,0,1000,,
universal,sorted,1000,1334,0.75,3,5,0.010931542001344496,1.0931542001344496e-05,0.004946666998876026,9.893333997752051e-06,971,1.942,5,0.7496251874062968,736,598,0.8142171913119762,264,1000,2.305843009213694e+18,"[[144173240364996770, 1276607102766329742], [1316153465216681486, 593588258721341972], [891339916669062610, 1419387771326649839]]"
fixed,sorted,1000,1334,0.75,1,6,0.003490750001219567,3.490750001219567e-06,0.0010028329998021945,2.005665999604389e-06,500,1.0,1,0.7496251874062968,1000,334,0.43322888386206565,0,1000,,
universal,sorted,1000,1334,0.75,3,6,0.006615250000322703,6.615250000322703e-06,0.0017386250001436565,3.477250000287313e-06,1189,2.378,6,0.7496251874062968,631,703,1.003134074020042,369,1000,2.305843009213694e+18,"[[727386515324539458, 1284136067485901726], [1233138577490571038, 1828907452299493987], [1165171476919621068, 1646066583754636611]]"
fixed,sorted,1000,1334,0.75,1,7,0.0025279580004280433,2.5279580004280433e-06,0.0028698339992843103,5.7396679985686205e-06,500,1.0,1,0.7496251874062968,1000,334,0.43322888386206565,0,1000,,
universal,sorted,1000,1334,0.75,3,7,0.007203499997558538,7.203499997558538e-06,0.002167750000808155,4.33550000161631e-06,1273,2.546,6,0.7496251874062968,645,689,0.9673743860801026,355,1000,2.305843009213694e+18,"[[793970665397899006, 2152094108188559335], [745929175751854539, 1278256298576207987], [1862522474300937406, 1567653588555493210]]"
fixed,sorted,1000,1334,0.75,1,8,0.0018622079987835605,1.8622079987835605e-06,0.00035325000135344453,7.065000027068891e-07,500,1.0,1,0.7496251874062968,1000,334,0.43322888386206565,0,1000,,
universal,sorted,1000,1334,0.75,3,8,0.002741833999607479,2.7418339996074793e-06,0.001095125000574626,2.190250001149252e-06,960,1.92,4,0.7496251874062968,732,602,0.8123737648880214,268,1000,2.305843009213694e+18,"[[1973099216186019426, 839551891445904909], [2054075847285760178, 1596895736779450158], [1768356806526079850, 761040643918656312]]"
fixed,sorted,1000,1334,0.75,1,9,0.0015948750005918555,1.5948750005918555e-06,0.0003541249971021898,7.082499942043797e-07,500,1.0,1,0.7496251874062968,1000,334,0.43322888386206565,0,1000,,
universal,sorted,1000,1334,0.75,3,9,0.0037604579993057996,3.7604579993057997e-06,0.0012764580023940653,2.5529160047881305e-06,895,1.79,4,0.7496251874062968,764,570,0.7697303859220912,236,1000,2.305843009213694e+18,"[[1933427113282973200, 1273492775044695229], [567420718719220919, 2291110579130834537], [1919842552580472723, 589921478534064354]]"
fixed,sorted,1000,1334,0.75,1,10,0.0016465830012748484,1.6465830012748483e-06,0.0005770419993496034,1.154083998699207e-06,500,1.0,1,0.7496251874062968,1000,334,0.43322888386206565,0,1000,,
universal,sorted,1000,1334,0.75,3,10,0.003334416000143392,3.334416000143392e-06,0.0014970829979574773,2.994165995914955e-06,893,1.786,3,0.7496251874062968,760,574,0.7668031793669962,240,1000,2.305843009213694e+18,"[[618696799174358726, 2029214271970554437], [1181946042011416434, 1971785935387254006], [855518877651879508, 78523067754061221]]"
fixed,sorted,1000,1334,0.75,1,11,0.0015538750012638047,1.5538750012638047e-06,0.00034570899879327044,6.914179975865409e-07,500,1.0,1,0.7496251874062968,1000,334,0.43322888386206565,0,1000,,
universal,sorted,1000,1334,0.75,3,11,0.002583875000709668,2.583875000709668e-06,0.0010742919985204935,2.148583997040987e-06,1086,2.172,6,0.7496251874062968,715,619,0.8720096954683371,285,1000,2.305843009213694e+18,"[[1967359095987829717, 498185230560009946], [1157680175712590001, 1113020793331031894], [1655376568515428791, 831730782862272696]]"
fixed,sorted,1000,1334,0.75,1,12,0.0013357089992496185,1.3357089992496184e-06,0.00035479199868859723,7.095839973771945e-07,500,1.0,1,0.7496251874062968,1000,334,0.43322888386206565,0,1000,,
universal,sorted,1000,1334,0.75,3,12,0.0026070000021718442,2.6070000021718443e-06,0.0012407499998516869,2.4814999997033736e-06,847,1.694,4,0.7496251874062968,765,569,0.7559731223822678,235,1000,2.305843009213694e+18,"[[2258536001366688123, 1012121370449003109], [686970057059376321, 2051824648104402063], [1124175962628406669, 504983195232581899]]"
fixed,sorted,1000,1334,0.75,1,13,0.0016727080001146533,1.6727080001146532e-06,0.0003349580001668073,6.699160003336147e-07,500,1.0,1,0.7496251874062968,1000,334,0.43322888386206565,0,1000,,
universal,sorted,1000,1334,0.75,3,13,0.002566708000813378,2.566708000813378e-06,0.0009736669999256264,1.947333999851253e-06,894,1.788,3,0.7496251874062968,766,568,0.7559731223822678,234,1000,2.305843009213694e+18,"[[2277903568736387890, 452514279465990313], [2303280692498563247, 697951185415921787], [183691764838410618, 423743168849403417]]"
fixed,sorted,1000,1334,0.75,1,14,0.0012988340022275224,1.2988340022275224e-06,0.0003331660009280313,6.663320018560625e-07,500,1.0,1,0.7496251874062968,1000,334,0.43322888386206565,0,1000,,
universal,sorted,1000,1334,0.75,3,14,0.0024842500024533365,2.4842500024533365e-06,0.000924459000088973,1.848918000177946e-06,1018,2.036,4,0.7496251874062968,737,597,0.8058885662761633,263,1000,2.305843009213694e+18,"[[1956076132499880650, 26508845497723367], [1505952038662606745, 694384076709536977], [1251442079079685814, 2146666122401106131]]"
fixed,sorted,1000,1334,0.75,1,15,0.0013405830031842925,1.3405830031842926e-06,0.00032783300048322417,6.556660009664483e-07,500,1.0,1,0.7496251874062968,1000,334,0.43322888386206565,0,1000,,
universal,sorted,1000,1334,0.75,3,15,0.002466542002366623,2.466542002366623e-06,0.0009206660033669323,1.8413320067338646e-06,1019,2.038,5,0.7496251874062968,699,635,0.8940813266900889,301,1000,2.305843009213694e+18,"[[847978861133403702, 1395714462194184430], [518482636670340538, 740682746084312398], [1100716632290196263, 2269261073193213249]]"
fixed,sorted,1000,1334,0.75,1,16,0.0013361669989535585,1.3361669989535585e-06,0.00033258400071645156,6.651680014329032e-07,500,1.0,1,0.7496251874062968,1000,334,0.43322888386206565,0,1000,,
universal,sorted,1000,1334,0.75,3,16,0.002510999998776242,2.510999998776242e-06,0.0009206249997077975,1.841249999415595e-06,954,1.908,4,0.7496251874062968,738,596,0.804957844163182,262,1000,2.305843009213694e+18,"[[454612962106966139, 1702438209959121919], [2265420330264173236, 463866247378689703], [443667755326800348, 934787930118675060]]"
fixed,sorted,1000,1334,0.75,1,17,0.001331458999629831,1.331458999629831e-06,0.00033549999716342427,6.709999943268485e-07,500,1.0,1,0.7496251874062968,1000,334,0.43322888386206565,0,1000,,
universal,sorted,1000,1334,0.75,3,17,0.0025293329999840353,2.5293329999840355e-06,0.0009394999979122076,1.8789999958244153e-06,1125,2.25,5,0.7496251874062968,666,668,0.9358649410312108,334,1000,2.305843009213694e+18,"[[195095767942445094, 1500048066919629750], [1059562453095694534, 313986444720046481], [691564608163384468, 53651072377497930]]"
fixed,sorted,1000,1334,0.75,1,18,0.0012872500010416843,1.2872500010416843e-06,0.0003308750019641593,6.617500039283186e-07,500,1.0,1,0.7496251874062968,1000,334,0.43322888386206565,0,1000,,
universal,sorted,1000,1334,0.75,3,18,0.0024740420012676623,2.474042001267662e-06,0.0009115419998124707,1.8230839996249416e-06,918,1.836,4,0.7496251874062968,745,589,0.7927590277046827,255,1000,2.305843009213694e+18,"[[653524007492807808, 355415340864572460], [529539352426941228, 1114891161808553618], [2041277660056489008, 2248875904457507991]]"
fixed,sorted,1000,1334,0.75,1,19,0.0012744170016958378,1.2744170016958378e-06,0.0003349170001456514,6.698340002913028e-07,500,1.0,1,0.7496251874062968,1000,334,0.43322888386206565,0,1000,,
universal,sorted,1000,1334,0.75,3,19,0.002596458998596063,2.5964589985960628e-06,0.0009808750000956934,1.961750000191387e-06,917,1.834,4,0.7496251874062968,748,586,0.7889676004171675,252,1000,2.305843009213694e+18,"[[418983635330710152, 499844581152741729], [2091481658804620576, 676363097439722673], [1853845312400714918, 63921434307813850]]"
fixed,sorted,1000,1334,0.75,1,20,0.0013208329983172007,1.3208329983172007e-06,0.00036337499841465615,7.267499968293123e-07,500,1.0,1,0.7496251874062968,1000,334,0.43322888386206565,0,1000,,
universal,sorted,1000,1334,0.75,3,20,0.002721708002354717,2.721708002354717e-06,0.0013394579982559662,2.6789159965119326e-06,942,1.884,4,0.7496251874062968,749,585,0.7880168933044588,251,1000,2.305843009213694e+18,"[[1326467972949138173, 150235521510768009], [1878749678761878296, 2057856258604839518], [714528426559143356, 1546845777023972402]]"
fixed,sorted,1000,1334,0.75,1,21,0.0013913339971622918,1.3913339971622918e-06,0.0003607500002544839,7.215000005089678e-07,500,1.0,1,0.7496251874062968,1000,334,0.43322888386206565,0,1000,,
universal,sorted,1000,1334,0.75,3,21,0.0029060830020171124,2.9060830020171126e-06,0.001046207999024773,2.0924159980495462e-06,955,1.91,4,0.7496251874062968,761,573,0.7784459649745028,239,1000,2.305843009213694e+18,"[[1024322815512585445, 2145571529822921201], [583220317473756343, 1521440433806999588], [891688296819238137, 181082232511610579]]"
fixed,sorted,1000,1334,0.75,1,22,0.0013746670010732487,1.3746670010732486e-06,0.0004790419989149086,9.580839978298173e-07,500,1.0,1,0.7496251874062968,1000,334,0.43322888386206565,0,1000,,
universal,sorted,1000,1334,0.75,3,22,0.0037635420012520626,3.7635420012520624e-06,0.0009512090000498574,1.902418000099715e-06,908,1.816,4,0.7496251874062968,749,585,0.7861120297919283,251,1000,2.305843009213694e+18,"[[287886780813115929, 1413457234261051687], [1236295213923302512, 1583790892526252416], [469264712334336849, 619461346342472605]]"
fixed,sorted,1000,1334,0.75,1,23,0.0012940000015078112,1.2940000015078112e-06,0.00035708400173461996,7.141680034692399e-07,500,1.0,1,0.7496251874062968,1000,334,0.43322888386206565,0,1000,,
universal,sorted,1000,1334,0.75,3,23,0.0025533750012982637,2.553375001298264e-06,0.0010692910000216216,2.1385820000432432e-06,1069,2.138,5,0.7496251874062968,711,623,0.8572710496797193,289,1000,2.305843009213694e+18,"[[666030003530279332, 1185754838603315180], [507164280403988863, 1057119984642882112], [1021713661893975990, 2137083730657759889]]"
fixed,sorted,1000,1334,0.75,1,24,0.0012803329991584178,1.2803329991584178e-06,0.00033108299976447597,6.62165999528952e-07,500,1.0,1,0.7496251874062968,1000,334,0.43322888386206565,0,1000,,
universal,sorted,1000,1334,0.75,3,24,0.0024618749994260725,2.4618749994260725e-06,0.0009315839997725561,1.8631679995451122e-06,895,1.79,3,0.7496251874062968,750,584,0.7794083466065125,250,1000,2.305843009213694e+18,"[[719391770955253926, 2130106160647316609], [1814591772010625413, 678012837864961736], [2256121436648175771, 1806161501175307684]]"
fixed,sorted,1000,1334,0.75,1,25,0.0013104169993312098,1.3104169993312097e-06,0.00033074999737436883,6.614999947487377e-07,500,1.0,1,0.7496251874062968,1000,334,0.43322888386206565,0,1000,,
universal,sorted,1000,1334,0.75,3,25,0.0024842090024321806,2.4842090024321805e-06,0.0009256669982278254,1.8513339964556508e-06,972,1.944,4,0.7496251874062968,736,598,0.8021591985107442,264,1000,2.305843009213694e+18,"[[267692963849940753, 941673545738002381], [1078297968137412989, 615313745506248579], [1375102846946731697, 1124764272089465404]]"
fixed,sorted,1000,1334,0.75,1,26,0.001291000000492204,1.291000000492204e-06,0.00034208400029456243,6.841680005891249e-07,500,1.0,1,0.7496251874062968,1000,334,0.43322888386206565,0,1000,,
universal,sorted,1000,1334,0.75,3,26,0.002495708002243191,2.495708002243191e-06,0.0009260840015485883,1.8521680030971766e-06,1022,2.044,4,0.7496251874062968,704,630,0.8668364359796527,296,1000,2.305843009213694e+18,"[[1075367493781816306, 1590101887495472611], [1902892487837865007, 1154722482783782897], [1398969667391390162, 561164263128564704]]"
fixed,sorted,1000,1334,0.75,1,27,0.0013166669996280689,1.3166669996280689e-06,0.00035441700310911983,7.088340062182396e-07,500,1.0,1,0.7496251874062968,1000,334,0.43322888386206565,0,1000,,
universal,sorted,1000,1334,0.75,3,27,0.002541999998356914,2.541999998356914e-06,0.0009622500001569279,1.9245000003138557e-06,1112,2.224,5,0.7496251874062968,699,635,0.8797125453033481,301,1000,2.305843009213694e+18,"[[86018572855962195, 1847883699258444581], [153743650771889609, 794633789185287595], [2121092647333014343, 2013162642849706046]]"
fixed,sorted,1000,1334,0.75,1,28,0.0013677499991899822,1.3677499991899821e-06,0.0003394999985175673,6.789999970351346e-07,500,1.0,1,0.7496251874062968,1000,334,0.43322888386206565,0,1000,,
universal,sorted,1000,1334,0.75,3,28,0.0024882920006348286,2.4882920006348285e-06,0.0009328749983978923,1.8657499967957848e-06,980,1.96,4,0.7496251874062968,736,598,0.811450481239321,264,1000,2.305843009213694e+18,"[[273089160051860230, 1621121173616640907], [1037773347474994553, 742865219208374151], [246540013351488701, 1890370731478794172]]"
fixed,sorted,1000,1334,0.75,1,29,0.0017422080018150155,1.7422080018150155e-06,0.00039129099968704395,7.825819993740879e-07,500,1.0,1,0.7496251874062968,1000,334,0.43322888386206565,0,1000,,
universal,sorted,1000,1334,0.75,3,29,0.0035133339988533407,3.5133339988533406e-06,0.0009490000011282973,1.8980000022565945e-06,1204,2.408,5,0.7496251874062968,687,647,0.890721290436385,313,1000,2.305843009213694e+18,"[[1172432318357405658, 1841538480035479711], [610889197299678937, 356910957590253921], [1744744512350649053, 459482189801702091]]"
fixed,adversarial,1000,1334,0.75,1,0,0.005234624997683568,5.234624997683568e-06,0.014888665999023942,2.9777331998047885e-05,255857,511.714,1000,0.7496251874062968,1,1333,27.36901988535035,999,1000,,
universal,adversarial,1000,1334,0.75,3,0,0.0024462079963996075,2.4462079963996075e-06,0.0009060830016096588,1.8121660032193176e-06,1048,2.096,5,0.7496251874062968,725,609,0.8360213176848217,275,1000,2.305843009213694e+18,"[[256711980439665054, 1709899044117486289], [564682175042572888, 321752549611034334], [236337776990707882, 1707863537360842093]]"
fixed,adversarial,1000,1334,0.75,1,1,0.004390958001749823,4.390958001749823e-06,0.01543133299855981,3.086266599711962e-05,250790,501.58,1000,0.7496251874062968,1,1333,27.36901988535035,999,1000,,
universal,adversarial,1000,1334,0.75,3,1,0.0024174999998649582,2.417499999864958e-06,0.0008926659975259099,1.7853319950518198e-06,896,1.792,4,0.7496251874062968,759,575,0.7628827658219075,241,1000,2.305843009213694e+18,"[[659665203979258006, 1758630025113616856], [2212240429613108902, 852878681887507335], [1610489816920689347, 222016741360720591]]"
fixed,adversarial,1000,1334,0.75,1,2,0.00437308300024597,4.37308300024597e-06,0.014445417000388261,2.8890834000776523e-05,247983,495.966,1000,0.7496251874062968,1,1333,27.36901988535035,999,1000,,
universal,adversarial,1000,1334,0.75,3,2,0.002391540998360142,2.391540998360142e-06,0.0008942909989855252,1.7885819979710504e-06,1030,2.06,4,0.7496251874062968,728,606,0.8270061304944115,272,1000,2.305843009213694e+18,"[[1199085610155232937, 1617812241682181496], [268989063807004320, 875226211544593835], [667698580330647039, 518091674429352682]]"
fixed,adversarial,1000,1334,0.75,1,3,0.004369125002995133,4.369125002995133e-06,0.014525334001518786,2.905066800303757e-05,249481,498.962,1000,0.7496251874062968,1,1333,27.36901988535035,999,1000,,
universal,adversarial,1000,1334,0.75,3,3,0.0024185830006899778,2.418583000689978e-06,0.0009193330006382894,1.8386660012765788e-06,1226,2.452,6,0.7496251874062968,661,673,0.9430463621819793,339,1000,2.305843009213694e+18,"[[963130306873368709, 594124941275654819], [699113413627218811, 49790444920847614], [1116618126344352917, 264798812748597129]]"
fixed,adversarial,1000,1334,0.75,1,4,0.0043749590004154015,4.374959000415402e-06,0.014527249997627223,2.9054499995254445e-05,249625,499.25,1000,0.7496251874062968,1,1333,27.36901988535035,999,1000,,
universal,adversarial,1000,1334,0.75,3,4,0.002433374997053761,2.433374997053761e-06,0.0008934170000429731,1.7868340000859462e-06,932,1.864,4,0.7496251874062968,733,601,0.8215495344934863,267,1000,2.305843009213694e+18,"[[176127807941085543, 92145436972157049], [1353304280071655414, 2046636642761636536], [1463118878522575776, 350413271360474182]]"
fixed,adversarial,1000,1334,0.75,1,5,0.004388125002151355,4.388125002151355e-06,0.0158328329998767,3.16656659997534e-05,254191,508.382,1000,0.7496251874062968,1,1333,27.36901988535035,999,1000,,
universal,adversarial,1000,1334,0.75,3,5,0.0024345000019820873,2.4345000019820873e-06,0.0009079169976757839,1.8158339953515678e-06,1079,2.158,4,0.7496251874062968,698,636,0.867700787781548,302,1000,2.305843009213694e+18,"[[144173240364996770, 1276607102766329742], [1316153465216681486, 593588258721341972], [891339916669062610, 1419387771326649839]]"
fixed,adversarial,1000,1334,0.75,1,6,0.004366167002444854,4.366167002444854e-06,0.014401458000065759,2.880291600013152e-05,247457,494.914,1000,0.7496251874062968,1,1333,27.36901988535035,999,1000,,
universal,adversarial,1000,1334,0.75,3,6,0.002418000000034226,2.418000000034226e-06,0.0008877500004018657,1.7755000008037313e-06,963,1.926,4,0.7496251874062968,743,591,0.7984124111360928,257,1000,2.305843009213694e+18,"[[727386515324539458, 1284136067485901726], [1233138577490571038, 1828907452299493987], [1165171476919621068, 1646066583754636611]]"
fixed,adversarial,1000,1334,0.75,1,7,0.004373791001853533,4.373791001853533e-06,0.014258458999393042,2.8516917998786084e-05,247589,495.178,1000,0.7496251874062968,1,1333,27.36901988535035,999,1000,,
universal,adversarial,1000,1334,0.75,3,7,0.0024666669996804558,2.4666669996804557e-06,0.0009078749972104561,1.8157499944209122e-06,1003,2.006,4,0.7496251874062968,712,622,0.8378127143777963,288,1000,2.305843009213694e+18,"[[793970665397899006, 2152094108188559335], [745929175751854539, 1278256298576207987], [1862522474300937406, 1567653588555493210]]"
fixed,adversarial,1000,1334,0.75,1,8,0.004352665997430449,4.3526659974304495e-06,0.015097208997758571,3.0194417995517142e-05,259301,518.602,1000,0.7496251874062968,1,1333,27.36901988535035,999,1000,,
universal,adversarial,1000,1334,0.75,3,8,0.002461209001921816,2.461209001921816e-06,0.0009252499985450413,1.8504999970900826e-06,1008,2.016,4,0.7496251874062968,733,601,0.7984124111360928,267,1000,2.305843009213694e+18,"[[1973099216186019426, 839551891445904909], [2054075847285760178, 1596895736779450158], [1768356806526079850, 761040643918656312]]"
fixed,adversarial,1000,1334,0.75,1,9,0.004560749999654945,4.560749999654945e-06,0.014463916999375215,2.892783399875043e-05,244500,489.0,1000,0.7496251874062968,1,1333,27.36901988535035,999,1000,,
universal,adversarial,1000,1334,0.75,3,9,0.006889083000714891,6.889083000714891e-06,0.0009393750005983748,1.8787500011967496e-06,1003,2.006,5,0.7496251874062968,688,646,0.9139821812986354,312,1000,2.305843009213694e+18,"[[1933427113282973200, 1273492775044695229], [567420718719220919, 2291110579130834537], [1919842552580472723, 589921478534064354]]"
fixed,adversarial,1000,1334,0.75,1,10,0.0043727080010285135,4.372708001028514e-06,0.014408082999580074,2.8816165999160147e-05,247528,495.056,1000,0.7496251874062968,1,1333,27.36901988535035,999,1000,,
universal,adversarial,1000,1334,0.75,3,10,0.004408917000546353,4.408917000546353e-06,0.005413957998825936,1.0827915997651871e-05,899,1.798,3,0.7496251874062968,760,574,0.7589421011439759,240,1000,2.305843009213694e+18,"[[618696799174358726, 2029214271970554437], [1181946042011416434, 1971785935387254006], [855518877651879508, 78523067754061221]]"
fixed,adversarial,1000,1334,0.75,1,11,0.01574204100325005,1.574204100325005e-05,0.015078417000040645,3.015683400008129e-05,256928,513.856,1000,0.7496251874062968,1,1333,27.36901988535035,999,1000,,
universal,adversarial,1000,1334,0.75,3,11,0.002474125001754146,2.474125001754146e-06,0.0009324999991804361,1.8649999983608722e-06,1015,2.03,4,0.7496251874062968,734,600,0.8096007551589243,266,1000,2.305843009213694e+18,"[[1967359095987829717, 498185230560009946], [1157680175712590001, 1113020793331031894], [1655376568515428791, 831730782862272696]]"
fixed,adversarial,1000,1334,0.75,1,12,0.004545499999949243,4.545499999949243e-06,0.014710082999954466,2.942016599990893e-05,253816,507.632,1000,0.7496251874062968,1,1333,27.36901988535035,999,1000,,
universal,adversarial,1000,1334,0.75,3,12,0.0024444170012429822,2.4444170012429824e-06,0.0009072909997485112,1.8145819994970224e-06,970,1.94,4,0.7496251874062968,734,600,0.8068182147357995,266,1000,2.305843009213694e+18,"[[2258536001366688123, 1012121370449003109], [686970057059376321, 2051824648104402063], [1124175962628406669, 504983195232581899]]"
fixed,adversarial,1000,1334,0.75,1,13,0.004397415999846999,4.397415999846999e-06,0.015605583001160994,3.1211166002321986e-05,249184,498.368,1000,0.7496251874062968,1,1333,27.36901988535035,999,1000,,
universal,adversarial,1000,1334,0.75,3,13,0.0027629999967757612,2.762999996775761e-06,0.0009350000000267755,1.870000000053551e-06,911,1.822,4,0.7496251874062968,746,588,0.795590740979124,254,1000,2.305843009213694e+18,"[[2277903568736387890, 452514279465990313], [2303280692498563247, 697951185415921787], [183691764838410618, 423743168849403417]]"
fixed,adversarial,1000,1334,0.75,1,14,0.004492750002100365,4.492750002100365e-06,0.01639295799759566,3.278591599519132e-05,254226,508.452,1000,0.7496251874062968,1,1333,27.36901988535035,999,1000,,
universal,adversarial,1000,1334,0.75,3,14,0.002483125001162989,2.483125001162989e-06,0.0010034999977506232,2.0069999955012462e-06,1071,2.142,4,0.7496251874062968,734,600,0.8123737648880214,266,1000,2.305843009213694e+18,"[[1956076132499880650, 26508845497723367], [1505952038662606745, 694384076709536977], [1251442079079685814, 2146666122401106131]]"
fixed,adversarial,1000,1334,0.75,1,15,0.006084667002141941,6.0846670021419414e-06,0.01461350000317907,2.922700000635814e-05,255490,510.98,1000,0.7496251874062968,1,1333,27.36901988535035,999,1000,,
universal,adversarial,1000,1334,0.75,3,15,0.0026150830017286353,2.6150830017286353e-06,0.000899750000826316,1.7995000016526319e-06,867,1.734,3,0.7496251874062968,751,583,0.7784459649745028,249,1000,2.305843009213694e+18,"[[847978861133403702, 1395714462194184430], [518482636670340538, 740682746084312398], [1100716632290196263, 2269261073193213249]]"
fixed,adversarial,1000,1334,0.75,1,16,0.004379375001008157,4.379375001008156e-06,0.01447287499831873,2.894574999663746e-05,247504,495.008,1000,0.7496251874062968,1,1333,27.36901988535035,999,1000,,
universal,adversarial,1000,1334,0.75,3,16,0.00241354100216995,2.41354100216995e-06,0.0009282499995606486,1.856499999121297e-06,904,1.808,4,0.7496251874062968,763,571,0.7736160989218243,237,1000,2.305843009213694e+18,"[[454612962106966139, 1702438209959121919], [2265420330264173236, 463866247378689703], [443667755326800348, 934787930118675060]]"
fixed,adversarial,1000,1334,0.75,1,17,0.004528083001787309,4.528083001787308e-06,0.015688916999351932,3.1377833998703866e-05,267760,535.52,1000,0.7496251874062968,1,1333,27.36901988535035,999,1000,,
universal,adversarial,1000,1334,0.75,3,17,0.0024492079974152148,2.4492079974152146e-06,0.0009065000012924429,1.8130000025848858e-06,899,1.798,3,0.7496251874062968,762,572,0.7579537337555772,238,1000,2.305843009213694e+18,"[[195095767942445094, 1500048066919629750], [1059562453095694534, 313986444720046481], [691564608163384468, 53651072377497930]]"
fixed,adversarial,1000,1334,0.75,1,18,0.004373499999928754,4.373499999928754e-06,0.01430508300109068,2.861016600218136e-05,246355,492.71,1000,0.7496251874062968,1,1333,27.36901988535035,999,1000,,
universal,adversarial,1000,1334,0.75,3,18,0.002448125000228174,2.448125000228174e-06,0.0009094999986700714,1.8189999973401428e-06,1119,2.238,5,0.7496251874062968,669,665,0.9115183358588975,331,1000,2.305843009213694e+18,"[[653524007492807808, 355415340864572460], [529539352426941228, 1114891161808553618], [2041277660056489008, 2248875904457507991]]"
fixed,adversarial,1000,1334,0.75,1,19,0.004622874999768101,4.6228749997681e-06,0.01483412500238046,2.966825000476092e-05,259277,518.554,1000,0.7496251874062968,1,1333,27.36901988535035,999,1000,,
universal,adversarial,1000,1334,0.75,3,19,0.0024208750000980217,2.4208750000980215e-06,0.0009099589988181833,1.8199179976363666e-06,1028,2.056,5,0.7496251874062968,676,658,0.8965930904598514,324,1000,2.305843009213694e+18,"[[418983635330710152, 499844581152741729], [2091481658804620576, 676363097439722673], [1853845312400714918, 63921434307813850]]"
fixed,adversarial,1000,1334,0.75,1,20,0.004383792002045084,4.383792002045084e-06,0.01625091700043413,3.250183400086826e-05,259544,519.088,1000,0.7496251874062968,1,1333,27.36901988535035,999,1000,,
universal,adversarial,1000,1334,0.75,3,20,0.0024456669998471625,2.4456669998471625e-06,0.0009491659984632861,1.8983319969265722e-06,902,1.804,4,0.7496251874062968,748,586,0.7889676004171675,252,1000,2.305843009213694e+18,"[[1326467972949138173, 150235521510768009], [1878749678761878296, 2057856258604839518], [714528426559143356, 1546845777023972402]]"
fixed,adversarial,1000,1334,0.75,1,21,0.004383625000627944,4.383625000627944e-06,0.015017833000456449,3.0035666000912896e-05,257942,515.884,1000,0.7496251874062968,1,1333,27.36901988535035,999,1000,,
universal,adversarial,1000,1334,0.75,3,21,0.002449957999488106,2.449957999488106e-06,0.0009188749972963706,1.837749994592741e-06,1028,2.056,4,0.7496251874062968,720,614,0.8342260741992188,280,1000,2.305843009213694e+18,"[[1024322815512585445, 2145571529822921201], [583220317473756343, 1521440433806999588], [891688296819238137, 181082232511610579]]"
fixed,adversarial,1000,1334,0.75,1,22,0.00439208300304017,4.392083003040171e-06,0.015223083002638305,3.044616600527661e-05,259415,518.83,1000,0.7496251874062968,1,1333,27.36901988535035,999,1000,,
universal,adversarial,1000,1334,0.75,3,22,0.00243991700335755,2.43991700335755e-06,0.000915915999939898,1.831831999879796e-06,916,1.832,4,0.7496251874062968,769,565,0.7589421011439759,231,1000,2.305843009213694e+18,"[[287886780813115929, 1413457234261051687], [1236295213923302512, 1583790892526252416], [469264712334336849, 619461346342472605]]"
fixed,adversarial,1000,1334,0.75,1,23,0.004373208001197781,4.373208001197782e-06,0.015860707997489953,3.172141599497991e-05,257095,514.19,1000,0.7496251874062968,1,1333,27.36901988535035,999,1000,,
universal,adversarial,1000,1334,0.75,3,23,0.002441459000692703,2.441459000692703e-06,0.0009292499998991843,1.8584999997983688e-06,1087,2.174,4,0.7496251874062968,712,622,0.8422745373375321,288,1000,2.305843009213694e+18,"[[666030003530279332, 1185754838603315180], [507164280403988863, 1057119984642882112], [1021713661893975990, 2137083730657759889]]"
fixed,adversarial,1000,1334,0.75,1,24,0.0043835420001414604,4.383542000141461e-06,0.014405207999516279,2.8810415999032558e-05,253382,506.764,1000,0.7496251874062968,1,1333,27.36901988535035,999,1000,,
universal,adversarial,1000,1334,0.75,3,24,0.0024492910015396774,2.4492910015396776e-06,0.0009117500012507662,1.8235000025015324e-06,1003,2.006,5,0.7496251874062968,706,628,0.8625016839797146,294,1000,2.305843009213694e+18,"[[719391770955253926, 2130106160647316609], [1814591772010625413, 678012837864961736], [2256121436648175771, 1806161501175307684]]"
fixed,adversarial,1000,1334,0.75,1,25,0.004369083999335999,4.369083999335999e-06,0.014735500000824686,2.9471000001649373e-05,259465,518.93,1000,0.7496251874062968,1,1333,27.36901988535035,999,1000,,
universal,adversarial,1000,1334,0.75,3,25,0.002444999998260755,2.444999998260755e-06,0.0009062919998541474,1.8125839997082948e-06,1010,2.02,4,0.7496251874062968,741,593,0.795590740979124,259,1000,2.305843009213694e+18,"[[267692963849940753, 941673545738002381], [1078297968137412989, 615313745506248579], [1375102846946731697, 1124764272089465404]]"
fixed,adversarial,1000,1334,0.75,1,26,0.004351791001681704,4.351791001681704e-06,0.014455749998887768,2.8911499997775535e-05,253742,507.484,1000,0.7496251874062968,1,1333,27.36901988535035,999,1000,,
universal,adversarial,1000,1334,0.75,3,26,0.0024335419984709006,2.4335419984709005e-06,0.0009443329981877469,1.8886659963754936e-06,1092,2.184,5,0.7496251874062968,702,632,0.8581450361062403,298,1000,2.305843009213694e+18,"[[1075367493781816306, 1590101887495472611], [1902892487837865007, 1154722482783782897], [1398969667391390162, 561164263128564704]]"
fixed,adversarial,1000,1334,0.75,1,27,0.0043893340007343795,4.389334000734379e-06,0.015471792001335416,3.094358400267083e-05,254366,508.732,1000,0.7496251874062968,1,1333,27.36901988535035,999,1000,,
universal,adversarial,1000,1334,0.75,3,27,0.0024542079991078936,2.4542079991078934e-06,0.0009449169992876705,1.889833998575341e-06,1389,2.778,7,0.7496251874062968,643,691,1.035492630080872,357,1000,2.305843009213694e+18,"[[86018572855962195, 1847883699258444581], [153743650771889609, 794633789185287595], [2121092647333014343, 2013162642849706046]]"
fixed,adversarial,1000,1334,0.75,1,28,0.0043807920010294765,4.3807920010294765e-06,0.014500500001304317,2.9001000002608633e-05,252632,505.264,1000,0.7496251874062968,1,1333,27.36901988535035,999,1000,,
universal,adversarial,1000,1334,0.75,3,28,0.0028251660005480517,2.8251660005480515e-06,0.0009293330003856681,1.8586660007713362e-06,943,1.886,5,0.7496251874062968,702,632,0.8720096954683371,298,1000,2.305843009213694e+18,"[[273089160051860230, 1621121173616640907], [1037773347474994553, 742865219208374151], [246540013351488701, 1890370731478794172]]"
fixed,adversarial,1000,1334,0.75,1,29,0.0044059170031687245,4.405917003168724e-06,0.014320875001430977,2.8641750002861956e-05,244911,489.822,1000,0.7496251874062968,1,1333,27.36901988535035,999,1000,,
universal,adversarial,1000,1334,0.75,3,29,0.0024618749994260725,2.4618749994260725e-06,0.0009174160004477017,1.8348320008954034e-06,954,1.908,3,0.7496251874062968,755,579,0.7813295537156665,245,1000,2.305843009213694e+18,"[[1172432318357405658, 1841538480035479711], [610889197299678937, 356910957590253921], [1744744512350649053, 459482189801702091]]"
fixed,near_duplicate,1000,1334,0.75,1,0,0.0006693750001431908,6.693750001431909e-07,0.0003248329994676169,6.496659989352338e-07,500,1.0,1,0.07496251874062969,100,1234,0.26333085562594144,0,100,,
universal,near_duplicate,1000,1334,0.75,3,0,0.0017187500016007107,1.7187500016007106e-06,0.0008712090020708274,1.7424180041416547e-06,547,1.094,2,0.07496251874062969,96,1238,0.27448158594692795,4,100,2.305843009213694e+18,"[[256711980439665054, 1709899044117486289], [564682175042572888, 321752549611034334], [236337776990707882, 1707863537360842093]]"
fixed,near_duplicate,1000,1334,0.75,1,1,0.0006638330014538951,6.638330014538952e-07,0.00033025000084307976,6.605000016861595e-07,500,1.0,1,0.07496251874062969,100,1234,0.26333085562594144,0,100,,
universal,near_duplicate,1000,1334,0.75,3,1,0.0018846659986593295,1.8846659986593294e-06,0.0008796669972070958,1.7593339944141916e-06,688,1.376,2,0.07496251874062969,95,1239,0.27719919083351124,5,100,2.305843009213694e+18,"[[659665203979258006, 1758630025113616856], [2212240429613108902, 852878681887507335], [1610489816920689347, 222016741360720591]]"
fixed,near_duplicate,1000,1334,0.75,1,2,0.0006640829997195397,6.640829997195396e-07,0.0003299169984529726,6.598339969059452e-07,500,1.0,1,0.07496251874062969,100,1234,0.26333085562594144,0,100,,
universal,near_duplicate,1000,1334,0.75,3,2,0.0017372499969496857,1.7372499969496857e-06,0.0008730410008865874,1.7460820017731748e-06,523,1.046,1,0.07496251874062969,100,1234,0.26333085562594144,0,100,2.305843009213694e+18,"[[1199085610155232937, 1617812241682181496], [268989063807004320, 875226211544593835], [667698580330647039, 518091674429352682]]"
fixed,near_duplicate,1000,1334,0.75,1,3,0.0006737919975421391,6.737919975421392e-07,0.00033695799720590003,6.739159944118e-07,500,1.0,1,0.07496251874062969,100,1234,0.26333085562594144,0,100,,
universal,near_duplicate,1000,1334,0.75,3,3,0.0017315420009254012,1.7315420009254012e-06,0.0008816250010568183,1.7632500021136365e-06,549,1.098,2,0.07496251874062969,97,1237,0.2717368040018286,3,100,2.305843009213694e+18,"[[963130306873368709, 594124941275654819], [699113413627218811, 49790444920847614], [1116618126344352917, 264798812748597129]]"
fixed,near_duplicate,1000,1334,0.75,1,4,0.0006700420017295983,6.700420017295982e-07,0.0003571250017557759,7.142500035115518e-07,500,1.0,1,0.07496251874062969,100,1234,0.26333085562594144,0,100,,
universal,near_duplicate,1000,1334,0.75,3,4,0.00175275000219699,1.7527500021969899e-06,0.0008789169987721834,1.7578339975443668e-06,523,1.046,2,0.07496251874062969,98,1236,0.26896401297258266,2,100,2.305843009213694e+18,"[[176127807941085543, 92145436972157049], [1353304280071655414, 2046636642761636536], [1463118878522575776, 350413271360474182]]"
fixed,near_duplicate,1000,1334,0.75,1,5,0.0006909580006322358,6.909580006322358e-07,0.0003277910000178963,6.555820000357926e-07,500,1.0,1,0.07496251874062969,100,1234,0.26333085562594144,0,100,,
universal,near_duplicate,1000,1334,0.75,3,5,0.0017291250005655456,1.7291250005655456e-06,0.0008744580009079073,1.7489160018158145e-06,538,1.076,1,0.07496251874062969,100,1234,0.26333085562594144,0,100,2.305843009213694e+18,"[[144173240364996770, 1276607102766329742], [1316153465216681486, 593588258721341972], [891339916669062610, 1419387771326649839]]"
fixed,near_duplicate,1000,1334,0.75,1,6,0.0006722920006723143,6.722920006723143e-07,0.00032366700179409236,6.473340035881847e-07,500,1.0,1,0.07496251874062969,100,1234,0.26333085562594144,0,100,,
universal,near_duplicate,1000,1334,0.75,3,6,0.0017272090008191299,1.7272090008191298e-06,0.0008774999987508636,1.7549999975017273e-06,674,1.348,3,0.07496251874062969,92,1242,0.2878131214833746,8,100,2.305843009213694e+18,"[[727386515324539458, 1284136067485901726], [1233138577490571038, 1828907452299493987], [1165171476919621068, 1646066583754636611]]"
fixed,near_duplicate,1000,1334,0.75,1,7,0.0006687080021947622,6.687080021947623e-07,0.0004645000008167699,9.290000016335398e-07,500,1.0,1,0.07496251874062969,100,1234,0.26333085562594144,0,100,,
universal,near_duplicate,1000,1334,0.75,3,7,0.0017918750017997809,1.7918750017997808e-06,0.0008712500020919833,1.7425000041839667e-06,581,1.162,2,0.07496251874062969,95,1239,0.27719919083351124,5,100,2.305843009213694e+18,"[[793970665397899006, 2152094108188559335], [745929175751854539, 1278256298576207987], [1862522474300937406, 1567653588555493210]]"
fixed,near_duplicate,1000,1334,0.75,1,8,0.0006787919992348179,6.787919992348179e-07,0.0003317079972475767,6.634159944951534e-07,500,1.0,1,0.07496251874062969,100,1234,0.26333085562594144,0,100,,
universal,near_duplicate,1000,1334,0.75,3,8,0.00175495900111855,1.75495900111855e-06,0.0008720829973754007,1.7441659947508014e-06,554,1.108,2,0.07496251874062969,96,1238,0.27448158594692795,4,100,2.305843009213694e+18,"[[1973099216186019426, 839551891445904909], [2054075847285760178, 1596895736779450158], [1768356806526079850, 761040643918656312]]"
fixed,near_duplicate,1000,1334,0.75,1,9,0.0006750419997842982,6.750419997842983e-07,0.00032595800075796433,6.519160015159287e-07,500,1.0,1,0.07496251874062969,100,1234,0.26333085562594144,0,100,,
universal,near_duplicate,1000,1334,0.75,3,9,0.001725874997646315,1.725874997646315e-06,0.0008720420009922236,1.7440840019844471e-06,536,1.072,2,0.07496251874062969,99,1235,0.2661623374925593,1,100,2.305843009213694e+18,"[[1933427113282973200, 1273492775044695229], [567420718719220919, 2291110579130834537], [1919842552580472723, 589921478534064354]]"
fixed,near_duplicate,1000,1334,0.75,1,10,0.0006671250012004748,6.671250012004748e-07,0.00032495800041942857,6.499160008388571e-07,500,1.0,1,0.07496251874062969,100,1234,0.26333085562594144,0,100,,
universal,near_duplicate,1000,1334,0.75,3,10,0.0017704999991110526,1.7704999991110525e-06,0.0008712079979886767,1.7424159959773533e-06,508,1.016,1,0.07496251874062969,100,1234,0.26333085562594144,0,100,2.305843009213694e+18,"[[618696799174358726, 2029214271970554437], [1181946042011416434, 1971785935387254006], [855518877651879508, 78523067754061221]]"
fixed,near_duplicate,1000,1334,0.75,1,11,0.0006700419980916195,6.700419980916195e-07,0.00032429100247099996,6.485820049419999e-07,500,1.0,1,0.07496251874062969,100,1234,0.26333085562594144,0,100,,
universal,near_duplicate,1000,1334,0.75,3,11,0.0017345830019621644,1.7345830019621644e-06,0.00086508400272578,1.73016800545156e-06,557,1.114,2,0.07496251874062969,98,1236,0.26896401297258266,2,100,2.305843009213694e+18,"[[1967359095987829717, 498185230560009946], [1157680175712590001, 1113020793331031894], [1655376568515428791, 831730782862272696]]"
fixed,near_duplicate,1000,1334,0.75,1,12,0.0006696250020468142,6.696250020468142e-07,0.00044204100049682893,8.840820009936578e-07,500,1.0,1,0.07496251874062969,100,1234,0.26333085562594144,0,100,,
universal,near_duplicate,1000,1334,0.75,3,12,0.001761374998750398,1.7613749987503978e-06,0.0008844170006341301,1.76883400126826e-06,530,1.06,2,0.07496251874062969,99,1235,0.2661623374925593,1,100,2.305843009213694e+18,"[[2258536001366688123, 1012121370449003109], [686970057059376321, 2051824648104402063], [1124175962628406669, 504983195232581899]]"
fixed,near_duplicate,1000,1334,0.75,1,13,0.000672499998472631,6.72499998472631e-07,0.00032862499938346446,6.572499987669289e-07,500,1.0,1,0.07496251874062969,100,1234,0.26333085562594144,0,100,,
universal,near_duplicate,1000,1334,0.75,3,13,0.0017030000017257407,1.7030000017257407e-06,0.0008619170002930332,1.7238340005860663e-06,532,1.064,2,0.07496251874062969,98,1236,0.26896401297258266,2,100,2.305843009213694e+18,"[[2277903568736387890, 452514279465990313], [2303280692498563247, 697951185415921787], [183691764838410618, 423743168849403417]]"
fixed,near_duplicate,1000,1334,0.75,1,14,0.0006708750006509945,6.708750006509944e-07,0.00032854199889698066,6.570839977939614e-07,500,1.0,1,0.07496251874062969,100,1234,0.26333085562594144,0,100,,
universal,near_duplicate,1000,1334,0.75,3,14,0.00172625000050175,1.7262500005017501e-06,0.0008698749988980126,1.739749997796025e-06,526,1.052,2,0.07496251874062969,98,1236,0.26896401297258266,2,100,2.305843009213694e+18,"[[1956076132499880650, 26508845497723367], [1505952038662606745, 694384076709536977], [1251442079079685814, 2146666122401106131]]"
fixed,near_duplicate,1000,1334,0.75,1,15,0.0006699160003336146,6.699160003336147e-07,0.00033149999944726005,6.629999988945201e-07,500,1.0,1,0.07496251874062969,100,1234,0.26333085562594144,0,100,,
universal,near_duplicate,1000,1334,0.75,3,15,0.0017367079999530688,1.7367079999530687e-06,0.0009580000005371403,1.9160000010742804e-06,539,1.078,1,0.07496251874062969,100,1234,0.26333085562594144,0,100,2.305843009213694e+18,"[[847978861133403702, 1395714462194184430], [518482636670340538, 740682746084312398], [1100716632290196263, 2269261073193213249]]"
fixed,near_duplicate,1000,1334,0.75,1,16,0.0006754159985575825,6.754159985575825e-07,0.0003307920014776755,6.61584002955351e-07,500,1.0,1,0.07496251874062969,100,1234,0.26333085562594144,0,100,,
universal,near_duplicate,1000,1334,0.75,3,16,0.0017305000001215376,1.7305000001215376e-06,0.0008800409996183589,1.7600819992367179e-06,515,1.03,2,0.07496251874062969,99,1235,0.2661623374925593,1,100,2.305843009213694e+18,"[[454612962106966139, 1702438209959121919], [2265420330264173236, 463866247378689703], [443667755326800348, 934787930118675060]]"
fixed,near_duplicate,1000,1334,0.75,1,17,0.0006753339985152707,6.753339985152707e-07,0.00033062500006053597,6.612500001210719e-07,500,1.0,1,0.07496251874062969,100,1234,0.26333085562594144,0,100,,
universal,near_duplicate,1000,1334,0.75,3,17,0.001764458000252489,1.764458000252489e-06,0.0008855000014591496,1.7710000029182992e-06,538,1.076,2,0.07496251874062969,98,1236,0.26896401297258266,2,100,2.305843009213694e+18,"[[195095767942445094, 1500048066919629750], [1059562453095694534, 313986444720046481], [691564608163384468, 53651072377497930]]"
fixed,near_duplicate,1000,1334,0.75,1,18,0.0009412500003236346,9.412500003236345e-07,0.00033083300149883144,6.616660029976629e-07,500,1.0,1,0.07496251874062969,100,1234,0.26333085562594144,0,100,,
universal,near_duplicate,1000,1334,0.75,3,18,0.002011582997511141,2.011582997511141e-06,0.0008668749978824053,1.7337499957648106e-06,520,1.04,2,0.07496251874062969,98,1236,0.26896401297258266,2,100,2.305843009213694e+18,"[[653524007492807808, 355415340864572460], [529539352426941228, 1114891161808553618], [2041277660056489008, 2248875904457507991]]"
fixed,near_duplicate,1000,1334,0.75,1,19,0.0006742920013493858,6.742920013493858e-07,0.0003304999991087243,6.609999982174486e-07,500,1.0,1,0.07496251874062969,100,1234,0.26333085562594144,0,100,,
universal,near_duplicate,1000,1334,0.75,3,19,0.0017444160002924036,1.7444160002924036e-06,0.0008829170001263265,1.765834000252653e-06,532,1.064,2,0.07496251874062969,97,1237,0.2717368040018286,3,100,2.305843009213694e+18,"[[418983635330710152, 499844581152741729], [2091481658804620576, 676363097439722673], [1853845312400714918, 63921434307813850]]"
fixed,near_duplicate,1000,1334,0.75,1,20,0.0006827090001024771,6.827090001024772e-07,0.00033083299786085263,6.616659957217053e-07,500,1.0,1,0.07496251874062969,100,1234,0.26333085562594144,0,100,,
universal,near_duplicate,1000,1334,0.75,3,20,0.0017322919993603136,1.7322919993603136e-06,0.0008689169990248047,1.7378339980496094e-06,528,1.056,2,0.07496251874062969,99,1235,0.2661623374925593,1,100,2.305843009213694e+18,"[[1326467972949138173, 150235521510768009], [1878749678761878296, 2057856258604839518], [714528426559143356, 1546845777023972402]]"
fixed,near_duplicate,1000,1334,0.75,1,21,0.000681458997860318,6.81458997860318e-07,0.00033962499946937896,6.792499989387579e-07,500,1.0,1,0.07496251874062969,100,1234,0.26333085562594144,0,100,,
universal,near_duplicate,1000,1334,0.75,3,21,0.001722167002299102,1.722167002299102e-06,0.0009047500025189947,1.8095000050379895e-06,591,1.182,2,0.07496251874062969,95,1239,0.27719919083351124,5,100,2.305843009213694e+18,"[[1024322815512585445, 2145571529822921201], [583220317473756343, 1521440433806999588], [891688296819238137, 181082232511610579]]"
fixed,near_duplicate,1000,1334,0.75,1,22,0.0006708750006509945,6.708750006509944e-07,0.00033479199919383973,6.695839983876795e-07,500,1.0,1,0.07496251874062969,100,1234,0.26333085562594144,0,100,,
universal,near_duplicate,1000,1334,0.75,3,22,0.0017496670006948989,1.749667000694899e-06,0.0008897909974621143,1.7795819949242286e-06,536,1.072,2,0.07496251874062969,98,1236,0.26896401297258266,2,100,2.305843009213694e+18,"[[287886780813115929, 1413457234261051687], [1236295213923302512, 1583790892526252416], [469264712334336849, 619461346342472605]]"
fixed,near_duplicate,1000,1334,0.75,1,23,0.0006749589992978144,6.749589992978145e-07,0.0003348749996803235,6.697499993606471e-07,500,1.0,1,0.07496251874062969,100,1234,0.26333085562594144,0,100,,
universal,near_duplicate,1000,1334,0.75,3,23,0.0019579170002543833,1.9579170002543832e-06,0.0008842089991958346,1.7684179983916692e-06,552,1.104,2,0.07496251874062969,98,1236,0.26896401297258266,2,100,2.305843009213694e+18,"[[666030003530279332, 1185754838603315180], [507164280403988863, 1057119984642882112], [1021713661893975990, 2137083730657759889]]"
fixed,near_duplicate,1000,1334,0.75,1,24,0.0006708750006509945,6.708750006509944e-07,0.00032987500162562355,6.597500032512472e-07,500,1.0,1,0.07496251874062969,100,1234,0.26333085562594144,0,100,,
universal,near_duplicate,1000,1334,0.75,3,24,0.001748750000842847,1.748750000842847e-06,0.0008826670018606819,1.7653340037213638e-06,544,1.088,2,0.07496251874062969,98,1236,0.26896401297258266,2,100,2.305843009213694e+18,"[[719391770955253926, 2130106160647316609], [1814591772010625413, 678012837864961736], [2256121436648175771, 1806161501175307684]]"
fixed,near_duplicate,1000,1334,0.75,1,25,0.0006753329980710987,6.753329980710988e-07,0.00032916599957388826,6.583319991477765e-07,500,1.0,1,0.07496251874062969,100,1234,0.26333085562594144,0,100,,
universal,near_duplicate,1000,1334,0.75,3,25,0.0017317499987257179,1.731749998725718e-06,0.0008698330020706635,1.739666004141327e-06,526,1.052,2,0.07496251874062969,98,1236,0.26896401297258266,2,100,2.305843009213694e+18,"[[267692963849940753, 941673545738002381], [1078297968137412989, 615313745506248579], [1375102846946731697, 1124764272089465404]]"
fixed,near_duplicate,1000,1334,0.75,1,26,0.0006734580019838177,6.734580019838176e-07,0.0003325420002511237,6.650840005022473e-07,500,1.0,1,0.07496251874062969,100,1234,0.26333085562594144,0,100,,
universal,near_duplicate,1000,1334,0.75,3,26,0.0017350830021314323,1.7350830021314323e-06,0.0008870420024322812,1.7740840048645624e-06,605,1.21,2,0.07496251874062969,95,1239,0.27719919083351124,5,100,2.305843009213694e+18,"[[1075367493781816306, 1590101887495472611], [1902892487837865007, 1154722482783782897], [1398969667391390162, 561164263128564704]]"
fixed,near_duplicate,1000,1334,0.75,1,27,0.0006755409995093942,6.755409995093942e-07,0.0003366249984537717,6.732499969075433e-07,500,1.0,1,0.07496251874062969,100,1234,0.26333085562594144,0,100,,
universal,near_duplicate,1000,1334,0.75,3,27,0.0017507920019852463,1.7507920019852464e-06,0.0008620830012660008,1.7241660025320016e-06,512,1.024,2,0.07496251874062969,99,1235,0.2661623374925593,1,100,2.305843009213694e+18,"[[86018572855962195, 1847883699258444581], [153743650771889609, 794633789185287595], [2121092647333014343, 2013162642849706046]]"
fixed,near_duplicate,1000,1334,0.75,1,28,0.0006727090003550984,6.727090003550984e-07,0.0003296249997220002,6.592499994440005e-07,500,1.0,1,0.07496251874062969,100,1234,0.26333085562594144,0,100,,
universal,near_duplicate,1000,1334,0.75,3,28,0.0017512080012238584,1.7512080012238585e-06,0.0008737499993003439,1.7474999986006878e-06,549,1.098,2,0.07496251874062969,97,1237,0.2717368040018286,3,100,2.305843009213694e+18,"[[273089160051860230, 1621121173616640907], [1037773347474994553, 742865219208374151], [246540013351488701, 1890370731478794172]]"
fixed,near_duplicate,1000,1334,0.75,1,29,0.0006733329973940272,6.733329973940272e-07,0.0003327080012240913,6.654160024481825e-07,500,1.0,1,0.07496251874062969,100,1234,0.26333085562594144,0,100,,
universal,near_duplicate,1000,1334,0.75,3,29,0.0017595839999557938,1.7595839999557938e-06,0.0008739169970795047,1.7478339941590093e-06,544,1.088,2,0.07496251874062969,95,1239,0.27719919083351124,5,100,2.305843009213694e+18,"[[1172432318357405658, 1841538480035479711], [610889197299678937, 356910957590253921], [1744744512350649053, 459482189801702091]]"
fixed,uniform,1000,1000,1.0,1,0,0.0012849169979745056,1.2849169979745056e-06,0.000352167000528425,7.0433400105685e-07,708,1.416,5,0.961,633,367,0.9356703479324329,328,961,,
universal,uniform,1000,1000,1.0,3,0,0.0024529579968657345,2.4529579968657343e-06,0.0010661659980542026,2.1323319961084053e-06,1251,2.502,5,0.961,598,402,1.0263912509369904,363,961,2.305843009213694e+18,"[[256711980439665054, 1709899044117486289], [564682175042572888, 321752549611034334], [236337776990707882, 1707863537360842093]]"
fixed,uniform,1000,1000,1.0,1,1,0.00141004200122552,1.4100420012255198e-06,0.0003480000013951212,6.960000027902425e-07,691,1.382,4,0.947,627,373,0.9274648241308131,320,947,,
universal,uniform,1000,1000,1.0,3,1,0.002414415997918695,2.4144159979186954e-06,0.0009077089998754673,1.8154179997509345e-06,1137,2.274,6,0.947,613,387,0.9716949109674291,334,947,2.305843009213694e+18,"[[659665203979258006, 1758630025113616856], [2212240429613108902, 852878681887507335], [1610489816920689347, 222016741360720591]]"
fixed,uniform,1000,1000,1.0,1,2,0.0012732079994748347,1.2732079994748347e-06,0.00034633299947017804,6.92665998940356e-07,724,1.448,6,0.954,617,383,0.9528294705769758,337,954,,
universal,uniform,1000,1000,1.0,3,2,0.002406708001217339,2.4067080012173392e-06,0.0009203330009768251,1.8406660019536503e-06,1202,2.404,4,0.954,623,377,0.9496757341324459,331,954,2.305843009213694e+18,"[[1199085610155232937, 1617812241682181496], [268989063807004320, 875226211544593835], [667698580330647039, 518091674429352682]]"
fixed,uniform,1000,1000,1.0,1,3,0.0012612919999810401,1.2612919999810401e-06,0.00034666599822230637,6.933319964446127e-07,749,1.498,5,0.942,616,384,0.9574110924780431,326,942,,
universal,uniform,1000,1000,1.0,3,3,0.002420167002128437,2.420167002128437e-06,0.0009197500003210735,1.8395000006421468e-06,1194,2.388,6,0.942,611,389,0.9801204007671711,331,942,2.305843009213694e+18,"[[963130306873368709, 594124941275654819], [699113413627218811, 49790444920847614], [1116618126344352917, 264798812748597129]]"
fixed,uniform,1000,1000,1.0,1,4,0.0012640830027521588,1.2640830027521588e-06,0.0003414999991946388,6.829999983892776e-07,672,1.344,6,0.952,643,357,0.9141640990544313,309,952,,
universal,uniform,1000,1000,1.0,3,4,0.0024043749981501605,2.4043749981501607e-06,0.0009201250031765085,1.840250006353017e-06,1148,2.296,5,0.952,604,396,0.9683470452270715,348,952,2.305843009213694e+18,"[[176127807941085543, 92145436972157049], [1353304280071655414, 2046636642761636536], [1463118878522575776, 350413271360474182]]"
fixed,uniform,1000,1000,1.0,1,5,0.001267290997930104,1.267290997930104e-06,0.00034870799936470576,6.974159987294115e-07,715,1.43,4,0.951,648,352,0.8880309679284839,303,951,,
universal,uniform,1000,1000,1.0,3,5,0.002424334001261741,2.424334001261741e-06,0.0009232919983332977,1.8465839966665952e-06,1247,2.494,6,0.951,629,371,0.9458324375913526,322,951,2.305843009213694e+18,"[[144173240364996770, 1276607102766329742], [1316153465216681486, 593588258721341972], [891339916669062610, 1419387771326649839]]"
fixed,uniform,1000,1000,1.0,1,6,0.0012706659981631674,1.2706659981631674e-06,0.00034833300014724955,6.966660002944991e-07,709,1.418,5,0.956,630,370,0.9209039037814967,326,956,,
universal,uniform,1000,1000,1.0,3,6,0.002424375001282897,2.424375001282897e-06,0.0009206659997289535,1.8413319994579068e-06,1204,2.408,6,0.956,613,387,0.9990315310339308,343,956,2.305843009213694e+18,"[[727386515324539458, 1284136067485901726], [1233138577490571038, 1828907452299493987], [1165171476919621068, 1646066583754636611]]"
fixed,uniform,1000,1000,1.0,1,7,0.0012670420001086313,1.2670420001086313e-06,0.0003437080013100058,6.874160026200116e-07,700,1.4,5,0.948,637,363,0.9095581344806939,311,948,,
universal,uniform,1000,1000,1.0,3,7,0.002481040999555262,2.4810409995552617e-06,0.000913208001293242,1.826416002586484e-06,1186,2.372,6,0.948,621,379,0.9702041022382868,327,948,2.305843009213694e+18,"[[793970665397899006, 2152094108188559335], [745929175751854539, 1278256298576207987], [1862522474300937406, 1567653588555493210]]"
fixed,uniform,1000,1000,1.0,1,8,0.0012672920020122547,1.2672920020122546e-06,0.0003453330027696211,6.906660055392422e-07,731,1.462,6,0.95,621,379,0.9568176419778223,329,950,,
universal,uniform,1000,1000,1.0,3,8,0.002409875000012107,2.409875000012107e-06,0.0009237920021405444,1.8475840042810886e-06,1179,2.358,4,0.95,635,365,0.9162423260251624,315,950,2.305843009213694e+18,"[[1973099216186019426, 839551891445904909], [2054075847285760178, 1596895736779450158], [1768356806526079850, 761040643918656312]]"
fixed,uniform,1000,1000,1.0,1,9,0.0012718749967461918,1.2718749967461918e-06,0.0003465839981799945,6.93167996359989e-07,698,1.396,6,0.956,637,363,0.9423714766481421,319,956,,
universal,uniform,1000,1000,1.0,3,9,0.0024370419996557757,2.4370419996557756e-06,0.0009332090012321714,1.866418002464343e-06,1269,2.538,5,0.956,604,396,1.002029939672463,352,956,2.305843009213694e+18,"[[1933427113282973200, 1273492775044695229], [567420718719220919, 2291110579130834537], [1919842552580472723, 589921478534064354]]"
fixed,uniform,1000,1000,1.0,1,10,0.0012647500007005874,1.2647500007005873e-06,0.0003432500016060658,6.865000032121316e-07,689,1.378,5,0.942,633,367,0.9113923414205323,309,942,,
universal,uniform,1000,1000,1.0,3,10,0.002411749999737367,2.411749999737367e-06,0.00092758300161222,1.8551660032244399e-06,1181,2.362,4,0.942,623,377,0.9266261382024575,319,942,2.305843009213694e+18,"[[618696799174358726, 2029214271970554437], [1181946042011416434, 1971785935387254006], [855518877651879508, 78523067754061221]]"
fixed,uniform,1000,1000,1.0,1,11,0.0012607499993464444,1.2607499993464444e-06,0.0003446669979894068,6.893339959788136e-07,732,1.464,5,0.941,618,382,0.9442028383774326,323,941,,
universal,uniform,1000,1000,1.0,3,11,0.0024105000011331867,2.4105000011331866e-06,0.000919458001590101,1.838916003180202e-06,1229,2.458,5,0.941,609,391,0.9826082637551956,332,941,2.305843009213694e+18,"[[1967359095987829717, 498185230560009946], [1157680175712590001, 1113020793331031894], [1655376568515428791, 831730782862272696]]"
fixed,uniform,1000,1000,1.0,1,12,0.0012714170006802306,1.2714170006802306e-06,0.00034129199775634333,6.825839955126867e-07,681,1.362,4,0.945,643,357,0.8842935033121073,302,945,,
universal,uniform,1000,1000,1.0,3,12,0.0024137500004144385,2.4137500004144384e-06,0.0009309170018241275,1.861834003648255e-06,1310,2.62,6,0.945,614,386,0.9695230786319633,331,945,2.305843009213694e+18,"[[2258536001366688123, 1012121370449003109], [686970057059376321, 2051824648104402063], [1124175962628406669, 504983195232581899]]"
fixed,uniform,1000,1000,1.0,1,13,0.0012652080004045274,1.2652080004045275e-06,0.00034358399716438726,6.871679943287745e-07,695,1.39,5,0.952,640,360,0.8987190884809335,312,952,,
universal,uniform,1000,1000,1.0,3,13,0.0024316250019182917,2.431625001918292e-06,0.0009279160003643483,1.8558320007286966e-06,1218,2.436,9,0.952,601,399,1.0196548435622714,351,952,2.305843009213694e+18,"[[2277903568736387890, 452514279465990313], [2303280692498563247, 697951185415921787], [183691764838410618, 423743168849403417]]"
fixed,uniform,1000,1000,1.0,1,14,0.0012656250000873115,1.2656250000873116e-06,0.0003480000013951212,6.960000027902425e-07,706,1.412,4,0.945,635,365,0.9230249184068651,310,945,,
universal,uniform,1000,1000,1.0,3,14,0.0024125000018102583,2.4125000018102583e-06,0.0009170420016744174,1.8340840033488349e-06,1175,2.35,5,0.945,604,396,0.9767164378672041,341,945,2.305843009213694e+18,"[[1956076132499880650, 26508845497723367], [1505952038662606745, 694384076709536977], [1251442079079685814, 2146666122401106131]]"
fixed,uniform,1000,1000,1.0,1,15,0.0012705419976555277,1.2705419976555276e-06,0.00034458300069672987,6.891660013934597e-07,710,1.42,4,0.955,628,372,0.9354009835359379,327,955,,
universal,uniform,1000,1000,1.0,3,15,0.0024183329987863544,2.4183329987863543e-06,0.0009193749974656384,1.8387499949312769e-06,1213,2.426,5,0.955,614,386,0.966941053012023,341,955,2.305843009213694e+18,"[[847978861133403702, 1395714462194184430], [518482636670340538, 740682746084312398], [1100716632290196263, 2269261073193213249]]"
fixed,uniform,1000,1000,1.0,1,16,0.0012619590015674476,1.2619590015674475e-06,0.00034574999881442636,6.914999976288527e-07,719,1.438,6,0.94,627,373,0.9308061022576076,313,940,,
universal,uniform,1000,1000,1.0,3,16,0.0024147909971361514,2.4147909971361512e-06,0.000931624999793712,1.8632499995874241e-06,1169,2.338,5,0.94,610,390,0.9635351576356723,330,940,2.305843009213694e+18,"[[454612962106966139, 1702438209959121919], [2265420330264173236, 463866247378689703], [443667755326800348, 934787930118675060]]"
fixed,uniform,1000,1000,1.0,1,17,0.0012745829990308266,1.2745829990308266e-06,0.00034737500027404167,6.947500005480834e-07,710,1.42,5,0.953,641,359,0.9092804847790367,312,953,,
universal,uniform,1000,1000,1.0,3,17,0.0024205000008805655,2.4205000008805657e-06,0.0009325409992015921,1.8650819984031842e-06,1256,2.512,5,0.953,613,387,0.9543537080139627,340,953,2.305843009213694e+18,"[[195095767942445094, 1500048066919629750], [1059562453095694534, 313986444720046481], [691564608163384468, 53651072377497930]]"
fixed,uniform,1000,1000,1.0,1,18,0.001272583001991734,1.2725830019917339e-06,0.0004301669978303835,8.603339956607669e-07,706,1.412,5,0.953,642,358,0.9353026248225758,311,953,,
universal,uniform,1000,1000,1.0,3,18,0.0024515829973097425,2.4515829973097426e-06,0.0009468749994994141,1.8937499989988283e-06,1224,2.448,7,0.953,593,407,1.0280034046636226,360,953,2.305843009213694e+18,"[[653524007492807808, 355415340864572460], [529539352426941228, 1114891161808553618], [2041277660056489008, 2248875904457507991]]"
fixed,uniform,1000,1000,1.0,1,19,0.0012706670022453181,1.2706670022453182e-06,0.00034900000173365697,6.980000034673139e-07,727,1.454,5,0.948,635,365,0.9237402232229579,313,948,,
universal,uniform,1000,1000,1.0,3,19,0.0024320840020664036,2.4320840020664037e-06,0.000936583001021063,1.873166002042126e-06,1237,2.474,4,0.948,632,368,0.9183114939931875,316,948,2.305843009213694e+18,"[[418983635330710152, 499844581152741729], [2091481658804620576, 676363097439722673], [1853845312400714918, 63921434307813850]]"
fixed,uniform,1000,1000,1.0,1,20,0.0012651249999180436,1.2651249999180437e-06,0.0003444169997237623,6.888339994475245e-07,757,1.514,5,0.951,623,377,0.9458324375913526,328,951,,
universal,uniform,1000,1000,1.0,3,20,0.002454833000228973,2.454833000228973e-06,0.0009407500001543667,1.8815000003087335e-06,1206,2.412,5,0.951,619,381,0.9479446186354982,332,951,2.305843009213694e+18,"[[1326467972949138173, 150235521510768009], [1878749678761878296, 2057856258604839518], [714528426559143356, 1546845777023972402]]"
fixed,uniform,1000,1000,1.0,1,21,0.0013066249994153623,1.3066249994153622e-06,0.0003464579967840109,6.929159935680218e-07,708,1.416,5,0.965,648,352,0.9207469793596936,317,965,,
universal,uniform,1000,1000,1.0,3,21,0.0025364590001117904,2.5364590001117903e-06,0.0009164580005744938,1.8329160011489876e-06,1223,2.446,5,0.965,630,370,0.9766140486394818,335,965,2.305843009213694e+18,"[[1024322815512585445, 2145571529822921201], [583220317473756343, 1521440433806999588], [891688296819238137, 181082232511610579]]"
fixed,uniform,1000,1000,1.0,1,22,0.001266750001377659,1.2667500013776588e-06,0.000344541000231402,6.89082000462804e-07,697,1.394,4,0.966,643,357,0.9202412727105865,323,966,,
universal,uniform,1000,1000,1.0,3,22,0.002440416999888839,2.440416999888839e-06,0.0009245830005966127,1.8491660011932254e-06,1186,2.372,7,0.966,619,381,0.9984207529894398,347,966,2.305843009213694e+18,"[[287886780813115929, 1413457234261051687], [1236295213923302512, 1583790892526252416], [469264712334336849, 619461346342472605]]"
fixed,uniform,1000,1000,1.0,1,23,0.0013648329986608587,1.3648329986608588e-06,0.00034700000105658546,6.94000002113171e-07,692,1.384,5,0.949,638,362,0.9243370597352462,311,949,,
universal,uniform,1000,1000,1.0,3,23,0.0024695410029380582,2.469541002938058e-06,0.0009209580020979047,1.8419160041958094e-06,1217,2.434,5,0.949,625,375,0.9562421241505731,324,949,2.305843009213694e+18,"[[666030003530279332, 1185754838603315180], [507164280403988863, 1057119984642882112], [1021713661893975990, 2137083730657759889]]"
fixed,uniform,1000,1000,1.0,1,24,0.0012697499987552874,1.2697499987552874e-06,0.00034404200050630607,6.880840010126121e-07,705,1.41,5,0.953,622,378,0.9363711870834129,331,953,,
universal,uniform,1000,1000,1.0,3,24,0.0024430419980490115,2.4430419980490113e-06,0.0009282499995606486,1.856499999121297e-06,1248,2.496,5,0.953,617,383,0.9574920365204089,336,953,2.305843009213694e+18,"[[719391770955253926, 2130106160647316609], [1814591772010625413, 678012837864961736], [2256121436648175771, 1806161501175307684]]"
fixed,uniform,1000,1000,1.0,1,25,0.0012761250000039581,1.2761250000039582e-06,0.0003495410019240808,6.990820038481616e-07,741,1.482,5,0.953,629,371,0.9331618294808248,324,953,,
universal,uniform,1000,1000,1.0,3,25,0.0025785830002860166,2.5785830002860167e-06,0.0009294590017816518,1.8589180035633035e-06,1231,2.462,6,0.953,602,398,1.0133069623761597,351,953,2.305843009213694e+18,"[[267692963849940753, 941673545738002381], [1078297968137412989, 615313745506248579], [1375102846946731697, 1124764272089465404]]"
fixed,uniform,1000,1000,1.0,1,26,0.0012971249998372514,1.2971249998372514e-06,0.000343625000823522,6.87250001647044e-07,699,1.398,5,0.949,626,374,0.9467835021798806,323,949,,
universal,uniform,1000,1000,1.0,3,26,0.0024448340009257663,2.4448340009257663e-06,0.0009256660014216322,1.8513320028432645e-06,1187,2.374,5,0.949,605,395,0.9871165078145537,344,949,2.305843009213694e+18,"[[1075367493781816306, 1590101887495472611], [1902892487837865007, 1154722482783782897], [1398969667391390162, 561164263128564704]]"
fixed,uniform,1000,1000,1.0,1,27,0.0012644589987758081,1.2644589987758081e-06,0.00034020800012513064,6.804160002502613e-07,719,1.438,5,0.955,622,378,0.9428547077890633,333,955,,
universal,uniform,1000,1000,1.0,3,27,0.00244537500111619,2.4453750011161902e-06,0.0009294580013374798,1.8589160026749596e-06,1248,2.496,5,0.955,634,366,0.9224830621751274,321,955,2.305843009213694e+18,"[[86018572855962195, 1847883699258444581], [153743650771889609, 794633789185287595], [2121092647333014343, 2013162642849706046]]"
fixed,uniform,1000,1000,1.0,1,28,0.0012660409993259236,1.2660409993259237e-06,0.00034566700196592137,6.913340039318427e-07,720,1.44,6,0.961,635,365,0.9260016198689935,326,961,,
universal,uniform,1000,1000,1.0,3,28,0.002431417000479996,2.431417000479996e-06,0.0009259170001314487,1.8518340002628975e-06,1242,2.484,6,0.961,627,373,0.9825879095531351,334,961,2.305843009213694e+18,"[[273089160051860230, 1621121173616640907], [1037773347474994553, 742865219208374151], [246540013351488701, 1890370731478794172]]"
fixed,uniform,1000,1000,1.0,1,29,0.001257250001799548,1.257250001799548e-06,0.00033970799995586276,6.794159999117255e-07,702,1.404,5,0.952,632,368,0.9196173117117794,320,952,,
universal,uniform,1000,1000,1.0,3,29,0.0025329169984615874,2.532916998461587e-06,0.0009201249995385297,1.8402499990770594e-06,1190,2.38,5,0.952,611,389,0.9897959385651166,341,952,2.305843009213694e+18,"[[1172432318357405658, 1841538480035479711], [610889197299678937, 356910957590253921], [1744744512350649053, 459482189801702091]]"
fixed,sorted,1000,1000,1.0,1,0,0.001302625001699198,1.302625001699198e-06,0.0003276250026829075,6.55250005365815e-07,500,1.0,1,1.0,1000,0,0.0,0,1000,,
universal,sorted,1000,1000,1.0,3,0,0.002479958999174414,2.4799589991744143e-06,0.0009384590011904947,1.8769180023809895e-06,1146,2.292,4,1.0,661,339,0.9262828941527529,339,1000,2.305843009213694e+18,"[[256711980439665054, 1709899044117486289], [564682175042572888, 321752549611034334], [236337776990707882, 1707863537360842093]]"
fixed,sorted,1000,1000,1.0,1,1,0.001277917002880713,1.277917002880713e-06,0.00032825000016600825,6.565000003320165e-07,500,1.0,1,1.0,1000,0,0.0,0,1000,,
universal,sorted,1000,1000,1.0,3,1,0.0024510419971193187,2.4510419971193187e-06,0.0009346660008304752,1.8693320016609506e-06,1220,2.44,5,1.0,645,355,0.9528903399657277,355,1000,2.305843009213694e+18,"[[659665203979258006, 1758630025113616856], [2212240429613108902, 852878681887507335], [1610489816920689347, 222016741360720591]]"
fixed,sorted,1000,1000,1.0,1,2,0.0012687079979514237,1.2687079979514237e-06,0.00033441599953221157,6.688319990644232e-07,500,1.0,1,1.0,1000,0,0.0,0,1000,,
universal,sorted,1000,1000,1.0,3,2,0.0024594999995315447,2.459499999531545e-06,0.0009307920008723158,1.8615840017446317e-06,1166,2.332,5,1.0,664,336,0.9176055797563569,336,1000,2.305843009213694e+18,"[[1199085610155232937, 1617812241682181496], [268989063807004320, 875226211544593835], [667698580330647039, 518091674429352682]]"
fixed,sorted,1000,1000,1.0,1,3,0.001273041001695674,1.273041001695674e-06,0.0003245839980081655,6.49167996016331e-07,500,1.0,1,1.0,1000,0,0.0,0,1000,,
universal,sorted,1000,1000,1.0,3,3,0.0024619169998914003,2.4619169998914e-06,0.0009539579987176694,1.907915997435339e-06,1467,2.934,7,1.0,581,419,1.1515207336387825,419,1000,2.305843009213694e+18,"[[963130306873368709, 594124941275654819], [699113413627218811, 49790444920847614], [1116618126344352917, 264798812748597129]]"
fixed,sorted,1000,1000,1.0,1,4,0.0012705829976766836,1.2705829976766836e-06,0.00033525000253575854,6.705000050715171e-07,500,1.0,1,1.0,1000,0,0.0,0,1000,,
universal,sorted,1000,1000,1.0,3,4,0.0026771249977173284,2.677124997717328e-06,0.0009594160001142882,1.9188320002285763e-06,1081,2.162,4,1.0,699,301,0.8318653737234168,301,1000,2.305843009213694e+18,"[[176127807941085543, 92145436972157049], [1353304280071655414, 2046636642761636536], [1463118878522575776, 350413271360474182]]"
fixed,sorted,1000,1000,1.0,1,5,0.0012917919993924443,1.2917919993924443e-06,0.00032566699883318506,6.513339976663701e-07,500,1.0,1,1.0,1000,0,0.0,0,1000,,
universal,sorted,1000,1000,1.0,3,5,0.0024699579989828635,2.4699579989828635e-06,0.0009535000026517082,1.9070000053034163e-06,1450,2.9,7,1.0,625,375,1.0353743284435828,375,1000,2.305843009213694e+18,"[[144173240364996770, 1276607102766329742], [1316153465216681486, 593588258721341972], [891339916669062610, 1419387771326649839]]"
fixed,sorted,1000,1000,1.0,1,6,0.0012695410005107988,1.2695410005107987e-06,0.00032787499731057324,6.557499946211464e-07,500,1.0,1,1.0,1000,0,0.0,0,1000,,
universal,sorted,1000,1000,1.0,3,6,0.002451625001413049,2.451625001413049e-06,0.000928458000998944,1.8569160019978881e-06,1147,2.294,5,1.0,649,351,0.9518403227432635,351,1000,2.305843009213694e+18,"[[727386515324539458, 1284136067485901726], [1233138577490571038, 1828907452299493987], [1165171476919621068, 1646066583754636611]]"
fixed,sorted,1000,1000,1.0,1,7,0.0012782090016116854,1.2782090016116853e-06,0.00032708300204831176,6.541660040966235e-07,500,1.0,1,1.0,1000,0,0.0,0,1000,,
universal,sorted,1000,1000,1.0,3,7,0.002474167002219474,2.4741670022194738e-06,0.0009299999983340967,1.8599999966681936e-06,1025,2.05,4,1.0,651,349,0.920869154657707,349,1000,2.305843009213694e+18,"[[793970665397899006, 2152094108188559335], [745929175751854539, 1278256298576207987], [1862522474300937406, 1567653588555493210]]"
fixed,sorted,1000,1000,1.0,1,8,0.001277917002880713,1.277917002880713e-06,0.00032537500010221265,6.507500002044253e-07,500,1.0,1,1.0,1000,0,0.0,0,1000,,
universal,sorted,1000,1000,1.0,3,8,0.0024918340022850316,2.4918340022850316e-06,0.0009494170008110814,1.8988340016221628e-06,1384,2.768,6,1.0,628,372,0.9959919678390986,372,1000,2.305843009213694e+18,"[[1973099216186019426, 839551891445904909], [2054075847285760178, 1596895736779450158], [1768356806526079850, 761040643918656312]]"
fixed,sorted,1000,1000,1.0,1,9,0.0014245840029616375,1.4245840029616374e-06,0.0003260000012232922,6.520000024465844e-07,500,1.0,1,1.0,1000,0,0.0,0,1000,,
universal,sorted,1000,1000,1.0,3,9,0.0024942499985627364,2.4942499985627366e-06,0.0009499170009803493,1.8998340019606984e-06,1209,2.418,5,1.0,618,382,1.0168579055108928,382,1000,2.305843009213694e+18,"[[1933427113282973200, 1273492775044695229], [567420718719220919, 2291110579130834537], [1919842552580472723, 589921478534064354]]"
fixed,sorted,1000,1000,1.0,1,10,0.0012783749989466742,1.2783749989466741e-06,0.0003316250003990717,6.632500007981434e-07,500,1.0,1,1.0,1000,0,0.0,0,1000,,
universal,sorted,1000,1000,1.0,3,10,0.0024850830013747327,2.4850830013747327e-06,0.0009350000000267755,1.870000000053551e-06,1111,2.222,5,1.0,673,327,0.9305912099305473,327,1000,2.305843009213694e+18,"[[618696799174358726, 2029214271970554437], [1181946042011416434, 1971785935387254006], [855518877651879508, 78523067754061221]]"
fixed,sorted,1000,1000,1.0,1,11,0.0012773330017807893,1.2773330017807893e-06,0.00032662499870639294,6.532499974127859e-07,500,1.0,1,1.0,1000,0,0.0,0,1000,,
universal,sorted,1000,1000,1.0,3,11,0.0024681670001882594,2.4681670001882595e-06,0.0009345420003228355,1.869084000645671e-06,1281,2.562,5,1.0,635,365,0.9969954864491614,365,1000,2.305843009213694e+18,"[[1967359095987829717, 498185230560009946], [1157680175712590001, 1113020793331031894], [1655376568515428791, 831730782862272696]]"
fixed,sorted,1000,1000,1.0,1,12,0.001279291001992533,1.279291001992533e-06,0.0003300419994047843,6.600839988095686e-07,500,1.0,1,1.0,1000,0,0.0,0,1000,,
universal,sorted,1000,1000,1.0,3,12,0.002488624999386957,2.4886249993869568e-06,0.0009606659987184685,1.921331997436937e-06,1580,3.16,6,1.0,619,381,1.0981803130633876,381,1000,2.305843009213694e+18,"[[2258536001366688123, 1012121370449003109], [686970057059376321, 2051824648104402063], [1124175962628406669, 504983195232581899]]"
fixed,sorted,1000,1000,1.0,1,13,0.0012762500009557698,1.2762500009557698e-06,0.00033558300128788687,6.711660025757738e-07,500,1.0,1,1.0,1000,0,0.0,0,1000,,
universal,sorted,1000,1000,1.0,3,13,0.002448540999466786,2.448540999466786e-06,0.001144084002589807,2.288168005179614e-06,1397,2.794,7,1.0,609,391,1.1027239001672178,391,1000,2.305843009213694e+18,"[[2277903568736387890, 452514279465990313], [2303280692498563247, 697951185415921787], [183691764838410618, 423743168849403417]]"
fixed,sorted,1000,1000,1.0,1,14,0.0012958330007677432,1.2958330007677433e-06,0.0003302080003777519,6.604160007555038e-07,500,1.0,1,1.0,1000,0,0.0,0,1000,,
universal,sorted,1000,1000,1.0,3,14,0.002542417001677677,2.542417001677677e-06,0.0009594170005584601,1.9188340011169203e-06,1304,2.608,5,1.0,618,382,1.0099504938362078,382,1000,2.305843009213694e+18,"[[1956076132499880650, 26508845497723367], [1505952038662606745, 694384076709536977], [1251442079079685814, 2146666122401106131]]"
fixed,sorted,1000,1000,1.0,1,15,0.001296375001402339,1.296375001402339e-06,0.00033524999889777973,6.704999977955595e-07,500,1.0,1,1.0,1000,0,0.0,0,1000,,
universal,sorted,1000,1000,1.0,3,15,0.0024941660012700595,2.4941660012700595e-06,0.0009304170016548596,1.8608340033097193e-06,1066,2.132,5,1.0,670,330,0.8899438184514795,330,1000,2.305843009213694e+18,"[[847978861133403702, 1395714462194184430], [518482636670340538, 740682746084312398], [1100716632290196263, 2269261073193213249]]"
fixed,sorted,1000,1000,1.0,1,16,0.001306374997511739,1.306374997511739e-06,0.00033183399864356034,6.636679972871207e-07,500,1.0,1,1.0,1000,0,0.0,0,1000,,
universal,sorted,1000,1000,1.0,3,16,0.002500125003280118,2.500125003280118e-06,0.0009514169978501741,1.9028339957003482e-06,1217,2.434,5,1.0,631,369,0.9919677414109795,369,1000,2.305843009213694e+18,"[[454612962106966139, 1702438209959121919], [2265420330264173236, 463866247378689703], [443667755326800348, 934787930118675060]]"
fixed,sorted,1000,1000,1.0,1,17,0.0012906250012747478,1.2906250012747478e-06,0.0003280420023656916,6.560840047313831e-07,500,1.0,1,1.0,1000,0,0.0,0,1000,,
universal,sorted,1000,1000,1.0,3,17,0.0024757909995969385,2.4757909995969386e-06,0.0009382499993080273,1.8764999986160546e-06,1101,2.202,3,1.0,712,288,0.812403840463596,288,1000,2.305843009213694e+18,"[[195095767942445094, 1500048066919629750], [1059562453095694534, 313986444720046481], [691564608163384468, 53651072377497930]]"
fixed,sorted,1000,1000,1.0,1,18,0.0012926669987791684,1.2926669987791683e-06,0.000332874999003252,6.65749998006504e-07,500,1.0,1,1.0,1000,0,0.0,0,1000,,
universal,sorted,1000,1000,1.0,3,18,0.0025042089982889593,2.5042089982889593e-06,0.0009400829985679593,1.8801659971359185e-06,1150,2.3,5,1.0,614,386,1.0305338422390602,386,1000,2.305843009213694e+18,"[[653524007492807808, 355415340864572460], [529539352426941228, 1114891161808553618], [2041277660056489008, 2248875904457507991]]"
fixed,sorted,1000,1000,1.0,1,19,0.0013020420010434464,1.3020420010434464e-06,0.00033170900132972747,6.634180026594549e-07,500,1.0,1,1.0,1000,0,0.0,0,1000,,
universal,sorted,1000,1000,1.0,3,19,0.002471542000421323,2.471542000421323e-06,0.0009289169975090772,1.8578339950181545e-06,1060,2.12,5,1.0,683,317,0.8752142594816426,317,1000,2.305843009213694e+18,"[[418983635330710152, 499844581152741729], [2091481658804620576, 676363097439722673], [1853845312400714918, 63921434307813850]]"
fixed,sorted,1000,1000,1.0,1,20,0.0012910830009786878,1.2910830009786879e-06,0.000330083003063919,6.60166006127838e-07,500,1.0,1,1.0,1000,0,0.0,0,1000,,
universal,sorted,1000,1000,1.0,3,20,0.0024929169994720723,2.4929169994720725e-06,0.0009477909989072941,1.8955819978145883e-06,1115,2.23,5,1.0,639,361,0.9909591313469996,361,1000,2.305843009213694e+18,"[[1326467972949138173, 150235521510768009], [1878749678761878296, 2057856258604839518], [714528426559143356, 1546845777023972402]]"
fixed,sorted,1000,1000,1.0,1,21,0.001299957999435719,1.299957999435719e-06,0.0003272499998274725,6.54499999654945e-07,500,1.0,1,1.0,1000,0,0.0,0,1000,,
universal,sorted,1000,1000,1.0,3,21,0.0025099580016103573,2.5099580016103572e-06,0.000933916999201756,1.867833998403512e-06,1120,2.24,4,1.0,690,310,0.8508818954473059,310,1000,2.305843009213694e+18,"[[1024322815512585445, 2145571529822921201], [583220317473756343, 1521440433806999588], [891688296819238137, 181082232511610579]]"
fixed,sorted,1000,1000,1.0,1,22,0.0012890840007457882,1.2890840007457882e-06,0.0003259590012021363,6.519180024042726e-07,500,1.0,1,1.0,1000,0,0.0,0,1000,,
universal,sorted,1000,1000,1.0,3,22,0.0024924160024966113,2.4924160024966115e-06,0.0009464169997954741,1.8928339995909483e-06,1200,2.4,4,1.0,661,339,0.9241212041718337,339,1000,2.305843009213694e+18,"[[287886780813115929, 1413457234261051687], [1236295213923302512, 1583790892526252416], [469264712334336849, 619461346342472605]]"
fixed,sorted,1000,1000,1.0,1,23,0.001272665998840239,1.272665998840239e-06,0.0003289579981355928,6.579159962711855e-07,500,1.0,1,1.0,1000,0,0.0,0,1000,,
universal,sorted,1000,1000,1.0,3,23,0.002488624999386957,2.4886249993869568e-06,0.0009369170002173632,1.8738340004347266e-06,1127,2.254,5,1.0,679,321,0.8899438184514795,321,1000,2.305843009213694e+18,"[[666030003530279332, 1185754838603315180], [507164280403988863, 1057119984642882112], [1021713661893975990, 2137083730657759889]]"
fixed,sorted,1000,1000,1.0,1,24,0.001275708000321174,1.275708000321174e-06,0.00033420900217606686,6.684180043521337e-07,500,1.0,1,1.0,1000,0,0.0,0,1000,,
universal,sorted,1000,1000,1.0,3,24,0.002481915998941986,2.481915998941986e-06,0.000942833001317922,1.885666002635844e-06,1269,2.538,5,1.0,630,370,1.0039920318408906,370,1000,2.305843009213694e+18,"[[719391770955253926, 2130106160647316609], [1814591772010625413, 678012837864961736], [2256121436648175771, 1806161501175307684]]"
fixed,sorted,1000,1000,1.0,1,25,0.0012844159973610658,1.2844159973610658e-06,0.0003271249988756608,6.542499977513216e-07,500,1.0,1,1.0,1000,0,0.0,0,1000,,
universal,sorted,1000,1000,1.0,3,25,0.0024802910011203494,2.4802910011203495e-06,0.0009383329997945111,1.8766659995890222e-06,1145,2.29,5,1.0,653,347,0.9581231653602788,347,1000,2.305843009213694e+18,"[[267692963849940753, 941673545738002381], [1078297968137412989, 615313745506248579], [1375102846946731697, 1124764272089465404]]"
fixed,sorted,1000,1000,1.0,1,26,0.0012842090000049211,1.284209000004921e-06,0.00033404099667677656,6.680819933535532e-07,500,1.0,1,1.0,1000,0,0.0,0,1000,,
universal,sorted,1000,1000,1.0,3,26,0.0024884160011424683,2.4884160011424685e-06,0.0009246660010830965,1.849332002166193e-06,1055,2.11,4,1.0,682,318,0.867179335547152,318,1000,2.305843009213694e+18,"[[1075367493781816306, 1590101887495472611], [1902892487837865007, 1154722482783782897], [1398969667391390162, 561164263128564704]]"
fixed,sorted,1000,1000,1.0,1,27,0.0012818329996662214,1.2818329996662214e-06,0.00033254099980695173,6.650819996139035e-07,500,1.0,1,1.0,1000,0,0.0,0,1000,,
universal,sorted,1000,1000,1.0,3,27,0.00247908399978769,2.47908399978769e-06,0.0009444999996048864,1.8889999992097727e-06,1135,2.27,5,1.0,675,325,0.8910667763978186,325,1000,2.305843009213694e+18,"[[86018572855962195, 1847883699258444581], [153743650771889609, 794633789185287595], [2121092647333014343, 2013162642849706046]]"
fixed,sorted,1000,1000,1.0,1,28,0.0013988749997224659,1.3988749997224659e-06,0.0003247499989811331,6.494999979622662e-07,500,1.0,1,1.0,1000,0,0.0,0,1000,,
universal,sorted,1000,1000,1.0,3,28,0.0025129589994321577,2.512958999432158e-06,0.0009458749991608784,1.8917499983217568e-06,1267,2.534,5,1.0,654,346,0.9654014708917736,346,1000,2.305843009213694e+18,"[[273089160051860230, 1621121173616640907], [1037773347474994553, 742865219208374151], [246540013351488701, 1890370731478794172]]"
fixed,sorted,1000,1000,1.0,1,29,0.0012755419993482064,1.2755419993482065e-06,0.0003348749996803235,6.697499993606471e-07,500,1.0,1,1.0,1000,0,0.0,0,1000,,
universal,sorted,1000,1000,1.0,3,29,0.0024846660016919486,2.4846660016919488e-06,0.0009570000001986045,1.914000000397209e-06,1378,2.756,5,1.0,590,410,1.089954127475097,410,1000,2.305843009213694e+18,"[[1172432318357405658, 1841538480035479711], [610889197299678937, 356910957590253921], [1744744512350649053, 459482189801702091]]"
fixed,adversarial,1000,1000,1.0,1,0,0.0043624579993775114,4.3624579993775115e-06,0.014870041999529349,2.97400839990587e-05,255857,511.714,1000,1.0,1,999,31.606961258558215,999,1000,,
universal,adversarial,1000,1000,1.0,3,0,0.0024392500017711427,2.439250001771143e-06,0.0009357500020996667,1.8715000041993335e-06,1312,2.624,5,1.0,625,375,1.0019980039900278,375,1000,2.305843009213694e+18,"[[256711980439665054, 1709899044117486289], [564682175042572888, 321752549611034334], [236337776990707882, 1707863537360842093]]"
fixed,adversarial,1000,1000,1.0,1,1,0.00434879199747229,4.34879199747229e-06,0.014426541998545872,2.8853083997091746e-05,250790,501.58,1000,1.0,1,999,31.606961258558215,999,1000,,
universal,adversarial,1000,1000,1.0,3,1,0.0024212919997808058,2.421291999780806e-06,0.000909624999621883,1.819249999243766e-06,1087,2.174,5,1.0,672,328,0.8966604708583957,328,1000,2.305843009213694e+18,"[[659665203979258006, 1758630025113616856], [2212240429613108902, 852878681887507335], [1610489816920689347, 222016741360720591]]"
fixed,adversarial,1000,1000,1.0,1,2,0.004355166998720961,4.355166998720961e-06,0.014088332998653641,2.8176665997307283e-05,247983,495.966,1000,1.0,1,999,31.606961258558215,999,1000,,
universal,adversarial,1000,1000,1.0,3,2,0.0024177910017897375,2.4177910017897373e-06,0.000915541997528635,1.83108399505727e-06,1240,2.48,4,1.0,651,349,0.9433981132056604,349,1000,2.305843009213694e+18,"[[1199085610155232937, 1617812241682181496], [268989063807004320, 875226211544593835], [667698580330647039, 518091674429352682]]"
fixed,adversarial,1000,1000,1.0,1,3,0.004334875000495231,4.334875000495231e-06,0.014200875000824453,2.8401750001648905e-05,249481,498.962,1000,1.0,1,999,31.606961258558215,999,1000,,
universal,adversarial,1000,1000,1.0,3,3,0.0024689579986443277,2.4689579986443277e-06,0.0009398750007676426,1.8797500015352852e-06,1347,2.694,6,1.0,603,397,1.099090533122727,397,1000,2.305843009213694e+18,"[[963130306873368709, 594124941275654819], [699113413627218811, 49790444920847614], [1116618126344352917, 264798812748597129]]"
fixed,adversarial,1000,1000,1.0,1,4,0.004336207999585895,4.336207999585895e-06,0.014186707998305792,2.8373415996611582e-05,249625,499.25,1000,1.0,1,999,31.606961258558215,999,1000,,
universal,adversarial,1000,1000,1.0,3,4,0.0024402919989370275,2.4402919989370274e-06,0.0009084579978662077,1.8169159957324154e-06,1161,2.322,5,1.0,629,371,0.9818350166906862,371,1000,2.305843009213694e+18,"[[176127807941085543, 92145436972157049], [1353304280071655414, 2046636642761636536], [1463118878522575776, 350413271360474182]]"
fixed,adversarial,1000,1000,1.0,1,5,0.004355832999863196,4.355832999863196e-06,0.014431166000576923,2.8862332001153846e-05,254191,508.382,1000,1.0,1,999,31.606961258558215,999,1000,,
universal,adversarial,1000,1000,1.0,3,5,0.002455292000377085,2.455292000377085e-06,0.0009167090029222891,1.8334180058445781e-06,1285,2.57,5,1.0,615,385,1.0353743284435828,385,1000,2.305843009213694e+18,"[[144173240364996770, 1276607102766329742], [1316153465216681486, 593588258721341972], [891339916669062610, 1419387771326649839]]"
fixed,adversarial,1000,1000,1.0,1,6,0.0043542500025068875,4.354250002506888e-06,0.01406979099920136,2.8139581998402718e-05,247457,494.914,1000,1.0,1,999,31.606961258558215,999,1000,,
universal,adversarial,1000,1000,1.0,3,6,0.0024109580008371267,2.410958000837127e-06,0.0009074580011656508,1.8149160023313015e-06,1103,2.206,4,1.0,655,345,0.9132360045464699,345,1000,2.305843009213694e+18,"[[727386515324539458, 1284136067485901726], [1233138577490571038, 1828907452299493987], [1165171476919621068, 1646066583754636611]]"
fixed,adversarial,1000,1000,1.0,1,7,0.0043475420025060885,4.347542002506089e-06,0.014068333999603055,2.813666799920611e-05,247589,495.178,1000,1.0,1,999,31.606961258558215,999,1000,,
universal,adversarial,1000,1000,1.0,3,7,0.002435916001559235,2.435916001559235e-06,0.0009111670005950145,1.8223340011900292e-06,1157,2.314,5,1.0,653,347,0.9412757300600074,347,1000,2.305843009213694e+18,"[[793970665397899006, 2152094108188559335], [745929175751854539, 1278256298576207987], [1862522474300937406, 1567653588555493210]]"
fixed,adversarial,1000,1000,1.0,1,8,0.004348375001427485,4.348375001427485e-06,0.014713749998918502,2.9427499997837002e-05,259301,518.602,1000,1.0,1,999,31.606961258558215,999,1000,,
universal,adversarial,1000,1000,1.0,3,8,0.002439249998133164,2.439249998133164e-06,0.0009163329996226821,1.8326659992453641e-06,1262,2.524,5,1.0,673,327,0.909945053286186,327,1000,2.305843009213694e+18,"[[1973099216186019426, 839551891445904909], [2054075847285760178, 1596895736779450158], [1768356806526079850, 761040643918656312]]"
fixed,adversarial,1000,1000,1.0,1,9,0.004333082997618476,4.333082997618476e-06,0.013899834000767441,2.779966800153488e-05,244500,489.0,1000,1.0,1,999,31.606961258558215,999,1000,,
universal,adversarial,1000,1000,1.0,3,9,0.002445874997647479,2.445874997647479e-06,0.0009205839996866416,1.8411679993732833e-06,1233,2.466,5,1.0,620,380,1.0353743284435828,380,1000,2.305843009213694e+18,"[[1933427113282973200, 1273492775044695229], [567420718719220919, 2291110579130834537], [1919842552580472723, 589921478534064354]]"
fixed,adversarial,1000,1000,1.0,1,10,0.004347041001892649,4.347041001892648e-06,0.014062542002648115,2.8125084005296232e-05,247528,495.056,1000,1.0,1,999,31.606961258558215,999,1000,,
universal,adversarial,1000,1000,1.0,3,10,0.002441374999762047,2.4413749997620473e-06,0.0009100419993046671,1.8200839986093342e-06,1030,2.06,5,1.0,679,321,0.8752142594816426,321,1000,2.305843009213694e+18,"[[618696799174358726, 2029214271970554437], [1181946042011416434, 1971785935387254006], [855518877651879508, 78523067754061221]]"
fixed,adversarial,1000,1000,1.0,1,11,0.004352459000074305,4.352459000074305e-06,0.014591874998586718,2.9183749997173437e-05,256928,513.856,1000,1.0,1,999,31.606961258558215,999,1000,,
universal,adversarial,1000,1000,1.0,3,11,0.0024204580004152376,2.4204580004152376e-06,0.0009124169991991948,1.8248339983983896e-06,1196,2.392,5,1.0,665,335,0.9252026804976302,335,1000,2.305843009213694e+18,"[[1967359095987829717, 498185230560009946], [1157680175712590001, 1113020793331031894], [1655376568515428791, 831730782862272696]]"
fixed,adversarial,1000,1000,1.0,1,12,0.004352874999312917,4.352874999312917e-06,0.014413500000955537,2.8827000001911073e-05,253816,507.632,1000,1.0,1,999,31.606961258558215,999,1000,,
universal,adversarial,1000,1000,1.0,3,12,0.002431041997624561,2.4310419976245613e-06,0.0009180839988403022,1.8361679976806045e-06,1158,2.316,5,1.0,665,335,0.9262828941527529,335,1000,2.305843009213694e+18,"[[2258536001366688123, 1012121370449003109], [686970057059376321, 2051824648104402063], [1124175962628406669, 504983195232581899]]"
fixed,adversarial,1000,1000,1.0,1,13,0.0043471659992064815,4.347165999206482e-06,0.014144374999887077,2.8288749999774153e-05,249184,498.368,1000,1.0,1,999,31.606961258558215,999,1000,,
universal,adversarial,1000,1000,1.0,3,13,0.0024407079981756397,2.4407079981756397e-06,0.000908291000087047,1.8165820001740939e-06,1076,2.152,4,1.0,681,319,0.8797726979169108,319,1000,2.305843009213694e+18,"[[2277903568736387890, 452514279465990313], [2303280692498563247, 697951185415921787], [183691764838410618, 423743168849403417]]"
fixed,adversarial,1000,1000,1.0,1,14,0.004347582998889266,4.347582998889265e-06,0.015506416002608603,3.1012832005217204e-05,254226,508.452,1000,1.0,1,999,31.606961258558215,999,1000,,
universal,adversarial,1000,1000,1.0,3,14,0.002412208999885479,2.412208999885479e-06,0.0009229589995811693,1.8459179991623387e-06,1312,2.624,6,1.0,639,361,0.985900603509299,361,1000,2.305843009213694e+18,"[[1956076132499880650, 26508845497723367], [1505952038662606745, 694384076709536977], [1251442079079685814, 2146666122401106131]]"
fixed,adversarial,1000,1000,1.0,1,15,0.004354707998572849,4.354707998572849e-06,0.014499042001261842,2.8998084002523683e-05,255490,510.98,1000,1.0,1,999,31.606961258558215,999,1000,,
universal,adversarial,1000,1000,1.0,3,15,0.0024349580016860273,2.4349580016860272e-06,0.0009095829991565552,1.8191659983131104e-06,1077,2.154,4,1.0,668,332,0.8988882021697693,332,1000,2.305843009213694e+18,"[[847978861133403702, 1395714462194184430], [518482636670340538, 740682746084312398], [1100716632290196263, 2269261073193213249]]"
fixed,adversarial,1000,1000,1.0,1,16,0.004351832998509053,4.351832998509053e-06,0.014056291001907084,2.811258200381417e-05,247504,495.008,1000,1.0,1,999,31.606961258558215,999,1000,,
universal,adversarial,1000,1000,1.0,3,16,0.0024451659992337227,2.4451659992337226e-06,0.0009134590000030585,1.826918000006117e-06,1109,2.218,4,1.0,660,340,0.9197825830053535,340,1000,2.305843009213694e+18,"[[454612962106966139, 1702438209959121919], [2265420330264173236, 463866247378689703], [443667755326800348, 934787930118675060]]"
fixed,adversarial,1000,1000,1.0,1,17,0.0043526670015126,4.3526670015126005e-06,0.015183416999207111,3.036683399841422e-05,267760,535.52,1000,1.0,1,999,31.606961258558215,999,1000,,
universal,adversarial,1000,1000,1.0,3,17,0.0024334170011570677,2.433417001157068e-06,0.0009102909971261397,1.8205819942522793e-06,1149,2.298,4,1.0,679,321,0.8729261137118078,321,1000,2.305843009213694e+18,"[[195095767942445094, 1500048066919629750], [1059562453095694534, 313986444720046481], [691564608163384468, 53651072377497930]]"
fixed,adversarial,1000,1000,1.0,1,18,0.004345624998677522,4.345624998677522e-06,0.014003333002619911,2.800666600523982e-05,246355,492.71,1000,1.0,1,999,31.606961258558215,999,1000,,
universal,adversarial,1000,1000,1.0,3,18,0.002445041998726083,2.445041998726083e-06,0.0009241670013580006,1.848334002716001e-06,1381,2.762,5,1.0,621,379,1.0421132376090423,379,1000,2.305843009213694e+18,"[[653524007492807808, 355415340864572460], [529539352426941228, 1114891161808553618], [2041277660056489008, 2248875904457507991]]"
fixed,adversarial,1000,1000,1.0,1,19,0.004350208000687417,4.350208000687417e-06,0.014717000001837732,2.9434000003675465e-05,259277,518.554,1000,1.0,1,999,31.606961258558215,999,1000,,
universal,adversarial,1000,1000,1.0,3,19,0.0024264589992526453,2.4264589992526454e-06,0.0009188750009343494,1.8377500018686988e-06,1235,2.47,6,1.0,619,381,1.0217631819555841,381,1000,2.305843009213694e+18,"[[418983635330710152, 499844581152741729], [2091481658804620576, 676363097439722673], [1853845312400714918, 63921434307813850]]"
fixed,adversarial,1000,1000,1.0,1,20,0.004345500001363689,4.345500001363689e-06,0.014990792002208764,2.9981584004417528e-05,259544,519.088,1000,1.0,1,999,31.606961258558215,999,1000,,
universal,adversarial,1000,1000,1.0,3,20,0.00245083299887483,2.45083299887483e-06,0.0009267080022254959,1.8534160044509918e-06,1023,2.046,4,1.0,698,302,0.8414273587185052,302,1000,2.305843009213694e+18,"[[1326467972949138173, 150235521510768009], [1878749678761878296, 2057856258604839518], [714528426559143356, 1546845777023972402]]"
fixed,adversarial,1000,1000,1.0,1,21,0.004376084001705749,4.376084001705749e-06,0.014689625000755768,2.9379250001511535e-05,257942,515.884,1000,1.0,1,999,31.606961258558215,999,1000,,
universal,adversarial,1000,1000,1.0,3,21,0.002473708002071362,2.473708002071362e-06,0.0009308330008934718,1.8616660017869435e-06,1176,2.352,4,1.0,667,333,0.9230384607371461,333,1000,2.305843009213694e+18,"[[1024322815512585445, 2145571529822921201], [583220317473756343, 1521440433806999588], [891688296819238137, 181082232511610579]]"
fixed,adversarial,1000,1000,1.0,1,22,0.00435641700096312,4.35641700096312e-06,0.014722832998813828,2.9445665997627656e-05,259415,518.83,1000,1.0,1,999,31.606961258558215,999,1000,,
universal,adversarial,1000,1000,1.0,3,22,0.0024869580010999925,2.4869580010999927e-06,0.0009260000006179325,1.8520000012358651e-06,1126,2.252,4,1.0,687,313,0.8637129152675673,313,1000,2.305843009213694e+18,"[[287886780813115929, 1413457234261051687], [1236295213923302512, 1583790892526252416], [469264712334336849, 619461346342472605]]"
fixed,adversarial,1000,1000,1.0,1,23,0.004368000001704786,4.368000001704786e-06,0.015009415998065379,3.0018831996130756e-05,257095,514.19,1000,1.0,1,999,31.606961258558215,999,1000,,
universal,adversarial,1000,1000,1.0,3,23,0.002463834000081988,2.4638340000819882e-06,0.0009296669995819684,1.8593339991639368e-06,1249,2.498,4,1.0,667,333,0.908845421400141,333,1000,2.305843009213694e+18,"[[666030003530279332, 1185754838603315180], [507164280403988863, 1057119984642882112], [1021713661893975990, 2137083730657759889]]"
fixed,adversarial,1000,1000,1.0,1,24,0.0043651659980241675,4.365165998024167e-06,0.014772959002584685,2.9545918005169368e-05,253382,506.764,1000,1.0,1,999,31.606961258558215,999,1000,,
universal,adversarial,1000,1000,1.0,3,24,0.00245566700323252,2.45566700323252e-06,0.0009233329983544536,1.8466659967089072e-06,1152,2.304,4,1.0,643,357,0.9767292357659824,357,1000,2.305843009213694e+18,"[[719391770955253926, 2130106160647316609], [1814591772010625413, 678012837864961736], [2256121436648175771, 1806161501175307684]]"
fixed,adversarial,1000,1000,1.0,1,25,0.004354459000751376,4.354459000751376e-06,0.014797583000472514,2.959516600094503e-05,259465,518.93,1000,1.0,1,999,31.606961258558215,999,1000,,
universal,adversarial,1000,1000,1.0,3,25,0.002476375000696862,2.476375000696862e-06,0.0009309169981861487,1.8618339963722974e-06,1182,2.364,4,1.0,656,344,0.9273618495495703,344,1000,2.305843009213694e+18,"[[267692963849940753, 941673545738002381], [1078297968137412989, 615313745506248579], [1375102846946731697, 1124764272089465404]]"
fixed,adversarial,1000,1000,1.0,1,26,0.004360500002803747,4.360500002803747e-06,0.01472233300228254,2.9444666004565077e-05,253742,507.484,1000,1.0,1,999,31.606961258558215,999,1000,,
universal,adversarial,1000,1000,1.0,3,26,0.0024699999994481914,2.4699999994481916e-06,0.0009442500013392419,1.8885000026784838e-06,1273,2.546,6,1.0,620,380,1.0178408519999578,380,1000,2.305843009213694e+18,"[[1075367493781816306, 1590101887495472611], [1902892487837865007, 1154722482783782897], [1398969667391390162, 561164263128564704]]"
fixed,adversarial,1000,1000,1.0,1,27,0.004374459000246134,4.374459000246134e-06,0.014491707999695791,2.898341599939158e-05,254366,508.732,1000,1.0,1,999,31.606961258558215,999,1000,,
universal,adversarial,1000,1000,1.0,3,27,0.002662791001057485,2.662791001057485e-06,0.0009826249988691416,1.965249997738283e-06,1743,3.486,8,1.0,572,428,1.2641202474448385,428,1000,2.305843009213694e+18,"[[86018572855962195, 1847883699258444581], [153743650771889609, 794633789185287595], [2121092647333014343, 2013162642849706046]]"
fixed,adversarial,1000,1000,1.0,1,28,0.00438383300206624,4.38383300206624e-06,0.014350749999721302,2.8701499999442604e-05,252632,505.264,1000,1.0,1,999,31.606961258558215,999,1000,,
universal,adversarial,1000,1000,1.0,3,28,0.0024757909995969385,2.4757909995969386e-06,0.0009207080001942813,1.8414160003885627e-06,1106,2.212,6,1.0,620,380,1.03440804327886,380,1000,2.305843009213694e+18,"[[273089160051860230, 1621121173616640907], [1037773347474994553, 742865219208374151], [246540013351488701, 1890370731478794172]]"
fixed,adversarial,1000,1000,1.0,1,29,0.0043826250002894085,4.3826250002894085e-06,0.013926792002166621,2.7853584004333244e-05,244911,489.822,1000,1.0,1,999,31.606961258558215,999,1000,,
universal,adversarial,1000,1000,1.0,3,29,0.002454541998304194,2.4545419983041937e-06,0.0009245840010407846,1.8491680020815693e-06,1106,2.212,4,1.0,676,324,0.8977750274985377,324,1000,2.305843009213694e+18,"[[1172432318357405658, 1841538480035479711], [610889197299678937, 356910957590253921], [1744744512350649053, 459482189801702091]]"
fixed,near_duplicate,1000,1000,1.0,1,0,0.0006685420012217946,6.685420012217947e-07,0.0003297910006949678,6.595820013899356e-07,500,1.0,1,0.1,100,900,0.3,0,100,,
universal,near_duplicate,1000,1000,1.0,3,0,0.00172358300187625,1.7235830018762498e-06,0.0008802909978840034,1.7605819957680068e-06,553,1.106,2,0.1,93,907,0.322490309931942,7,100,2.305843009213694e+18,"[[256711980439665054, 1709899044117486289], [564682175042572888, 321752549611034334], [236337776990707882, 1707863537360842093]]"
fixed,near_duplicate,1000,1000,1.0,1,1,0.0006670829970971681,6.670829970971681e-07,0.00032958299925667234,6.591659985133447e-07,500,1.0,1,0.1,100,900,0.3,0,100,,
universal,near_duplicate,1000,1000,1.0,3,1,0.0017295830002694856,1.7295830002694857e-06,0.0008769589985604398,1.7539179971208797e-06,517,1.034,2,0.1,98,902,0.3065941943351178,2,100,2.305843009213694e+18,"[[659665203979258006, 1758630025113616856], [2212240429613108902, 852878681887507335], [1610489816920689347, 222016741360720591]]"
fixed,near_duplicate,1000,1000,1.0,1,2,0.0006706249987473711,6.706249987473712e-07,0.0003304590027255472,6.609180054510944e-07,500,1.0,1,0.1,100,900,0.3,0,100,,
universal,near_duplicate,1000,1000,1.0,3,2,0.001764041997375898,1.7640419973758981e-06,0.000881709001987474,1.7634180039749482e-06,553,1.106,2,0.1,96,904,0.31304951684997057,4,100,2.305843009213694e+18,"[[1199085610155232937, 1617812241682181496], [268989063807004320, 875226211544593835], [667698580330647039, 518091674429352682]]"
fixed,near_duplicate,1000,1000,1.0,1,3,0.0006691660018987022,6.691660018987023e-07,0.0003290410022600554,6.580820045201108e-07,500,1.0,1,0.1,100,900,0.3,0,100,,
universal,near_duplicate,1000,1000,1.0,3,3,0.0017441249983676244,1.7441249983676244e-06,0.0008744170008867513,1.7488340017735027e-06,561,1.122,2,0.1,97,903,0.30983866769659335,3,100,2.305843009213694e+18,"[[963130306873368709, 594124941275654819], [699113413627218811, 49790444920847614], [1116618126344352917, 264798812748597129]]"
fixed,near_duplicate,1000,1000,1.0,1,4,0.0006648340022366028,6.648340022366028e-07,0.0003251669986639172,6.503339973278344e-07,500,1.0,1,0.1,100,900,0.3,0,100,,
universal,near_duplicate,1000,1000,1.0,3,4,0.0017363330007356126,1.7363330007356126e-06,0.0008706670014362317,1.7413340028724633e-06,538,1.076,2,0.1,98,902,0.3065941943351178,2,100,2.305843009213694e+18,"[[176127807941085543, 92145436972157049], [1353304280071655414, 2046636642761636536], [1463118878522575776, 350413271360474182]]"
fixed,near_duplicate,1000,1000,1.0,1,5,0.0006671250012004748,6.671250012004748e-07,0.0003285830025561154,6.571660051122308e-07,500,1.0,1,0.1,100,900,0.3,0,100,,
universal,near_duplicate,1000,1000,1.0,3,5,0.001749166000081459,1.749166000081459e-06,0.0008862920003593899,1.7725840007187798e-06,579,1.158,2,0.1,97,903,0.30983866769659335,3,100,2.305843009213694e+18,"[[144173240364996770, 1276607102766329742], [1316153465216681486, 593588258721341972], [891339916669062610, 1419387771326649839]]"
fixed,near_duplicate,1000,1000,1.0,1,6,0.000671582998620579,6.71582998620579e-07,0.0003339590002724435,6.67918000544887e-07,500,1.0,1,0.1,100,900,0.3,0,100,,
universal,near_duplicate,1000,1000,1.0,3,6,0.00175183400278911,1.7518340027891099e-06,0.0008740000012039673,1.7480000024079345e-06,613,1.226,2,0.1,92,908,0.3255764119219941,8,100,2.305843009213694e+18,"[[727386515324539458, 1284136067485901726], [1233138577490571038, 1828907452299493987], [1165171476919621068, 1646066583754636611]]"
fixed,near_duplicate,1000,1000,1.0,1,7,0.0006687909990432672,6.687909990432672e-07,0.00032454199754283763,6.490839950856753e-07,500,1.0,1,0.1,100,900,0.3,0,100,,
universal,near_duplicate,1000,1000,1.0,3,7,0.0017474170017521828,1.7474170017521828e-06,0.0008802499978628475,1.760499995725695e-06,604,1.208,2,0.1,97,903,0.30983866769659335,3,100,2.305843009213694e+18,"[[793970665397899006, 2152094108188559335], [745929175751854539, 1278256298576207987], [1862522474300937406, 1567653588555493210]]"
fixed,near_duplicate,1000,1000,1.0,1,8,0.000663957998767728,6.63957998767728e-07,0.0003258749966335017,6.517499932670034e-07,500,1.0,1,0.1,100,900,0.3,0,100,,
universal,near_duplicate,1000,1000,1.0,3,8,0.0017495829997642431,1.749582999764243e-06,0.0008754999980737921,1.750999996147584e-06,550,1.1,2,0.1,99,901,0.30331501776206204,1,100,2.305843009213694e+18,"[[1973099216186019426, 839551891445904909], [2054075847285760178, 1596895736779450158], [1768356806526079850, 761040643918656312]]"
fixed,near_duplicate,1000,1000,1.0,1,9,0.0006679170001007151,6.679170001007151e-07,0.0003281660028733313,6.563320057466626e-07,500,1.0,1,0.1,100,900,0.3,0,100,,
universal,near_duplicate,1000,1000,1.0,3,9,0.0017440000010537915,1.7440000010537915e-06,0.00087508399883518,1.75016799767036e-06,552,1.104,2,0.1,96,904,0.31304951684997057,4,100,2.305843009213694e+18,"[[1933427113282973200, 1273492775044695229], [567420718719220919, 2291110579130834537], [1919842552580472723, 589921478534064354]]"
fixed,near_duplicate,1000,1000,1.0,1,10,0.0006687909990432672,6.687909990432672e-07,0.00032858399936230853,6.571679987246171e-07,500,1.0,1,0.1,100,900,0.3,0,100,,
universal,near_duplicate,1000,1000,1.0,3,10,0.0017560830019647256,1.7560830019647255e-06,0.0008769169980951119,1.7538339961902238e-06,554,1.108,2,0.1,96,904,0.31304951684997057,4,100,2.305843009213694e+18,"[[618696799174358726, 2029214271970554437], [1181946042011416434, 1971785935387254006], [855518877651879508, 78523067754061221]]"
fixed,near_duplicate,1000,1000,1.0,1,11,0.0006684580002911389,6.684580002911389e-07,0.0003274160008004401,6.548320016008802e-07,500,1.0,1,0.1,100,900,0.3,0,100,,
universal,near_duplicate,1000,1000,1.0,3,11,0.0017407080013072118,1.7407080013072119e-06,0.0008744170008867513,1.7488340017735027e-06,557,1.114,2,0.1,97,903,0.30983866769659335,3,100,2.305843009213694e+18,"[[1967359095987829717, 498185230560009946], [1157680175712590001, 1113020793331031894], [1655376568515428791, 831730782862272696]]"
fixed,near_duplicate,1000,1000,1.0,1,12,0.0006676670018350706,6.676670018350705e-07,0.00032533400008105673,6.506680001621135e-07,500,1.0,1,0.1,100,900,0.3,0,100,,
universal,near_duplicate,1000,1000,1.0,3,12,0.0017520830006105825,1.7520830006105825e-06,0.000881374999153195,1.76274999830639e-06,551,1.102,2,0.1,99,901,0.30331501776206204,1,100,2.305843009213694e+18,"[[2258536001366688123, 1012121370449003109], [686970057059376321, 2051824648104402063], [1124175962628406669, 504983195232581899]]"
fixed,near_duplicate,1000,1000,1.0,1,13,0.0006712079994031228,6.712079994031228e-07,0.0003277080031693913,6.554160063387826e-07,500,1.0,1,0.1,100,900,0.3,0,100,,
universal,near_duplicate,1000,1000,1.0,3,13,0.0017018329999700654,1.7018329999700654e-06,0.0008565829994040541,1.7131659988081083e-06,546,1.092,2,0.1,93,907,0.322490309931942,7,100,2.305843009213694e+18,"[[2277903568736387890, 452514279465990313], [2303280692498563247, 697951185415921787], [183691764838410618, 423743168849403417]]"
fixed,near_duplicate,1000,1000,1.0,1,14,0.0007102909985405859,7.102909985405859e-07,0.00034183300158474594,6.836660031694919e-07,500,1.0,1,0.1,100,900,0.3,0,100,,
universal,near_duplicate,1000,1000,1.0,3,14,0.0017457920002925675,1.7457920002925676e-06,0.0009524169981887098,1.9048339963774197e-06,563,1.126,2,0.1,96,904,0.31304951684997057,4,100,2.305843009213694e+18,"[[1956076132499880650, 26508845497723367], [1505952038662606745, 694384076709536977], [1251442079079685814, 2146666122401106131]]"
fixed,near_duplicate,1000,1000,1.0,1,15,0.0006769170031475369,6.769170031475369e-07,0.00033591700048418716,6.718340009683743e-07,500,1.0,1,0.1,100,900,0.3,0,100,,
universal,near_duplicate,1000,1000,1.0,3,15,0.0017367500004183967,1.7367500004183967e-06,0.0008673749980516732,1.7347499961033463e-06,535,1.07,2,0.1,98,902,0.3065941943351178,2,100,2.305843009213694e+18,"[[847978861133403702, 1395714462194184430], [518482636670340538, 740682746084312398], [1100716632290196263, 2269261073193213249]]"
fixed,near_duplicate,1000,1000,1.0,1,16,0.0006783330027246848,6.783330027246848e-07,0.0003305829995952081,6.611659991904162e-07,500,1.0,1,0.1,100,900,0.3,0,100,,
universal,near_duplicate,1000,1000,1.0,3,16,0.0017412090019206516,1.7412090019206516e-06,0.0008767500003159512,1.7535000006319023e-06,542,1.084,2,0.1,95,905,0.31622776601683794,5,100,2.305843009213694e+18,"[[454612962106966139, 1702438209959121919], [2265420330264173236, 463866247378689703], [443667755326800348, 934787930118675060]]"
fixed,near_duplicate,1000,1000,1.0,1,17,0.0006762910015822854,6.762910015822853e-07,0.0003296249997220002,6.592499994440005e-07,500,1.0,1,0.1,100,900,0.3,0,100,,
universal,near_duplicate,1000,1000,1.0,3,17,0.0017485829994257074,1.7485829994257075e-06,0.0008712079979886767,1.7424159959773533e-06,541,1.082,2,0.1,99,901,0.30331501776206204,1,100,2.305843009213694e+18,"[[195095767942445094, 1500048066919629750], [1059562453095694534, 313986444720046481], [691564608163384468, 53651072377497930]]"
fixed,near_duplicate,1000,1000,1.0,1,18,0.0006694170006085187,6.694170006085187e-07,0.00032833300065249205,6.566660013049841e-07,500,1.0,1,0.1,100,900,0.3,0,100,,
universal,near_duplicate,1000,1000,1.0,3,18,0.0017341250022582244,1.7341250022582245e-06,0.0008760000018810388,1.7520000037620775e-06,541,1.082,2,0.1,97,903,0.30983866769659335,3,100,2.305843009213694e+18,"[[653524007492807808, 355415340864572460], [529539352426941228, 1114891161808553618], [2041277660056489008, 2248875904457507991]]"
fixed,near_duplicate,1000,1000,1.0,1,19,0.0006756660004612058,6.756660004612058e-07,0.00033754200194380246,6.75084003887605e-07,500,1.0,1,0.1,100,900,0.3,0,100,,
universal,near_duplicate,1000,1000,1.0,3,19,0.001727249997202307,1.727249997202307e-06,0.0008788749983068556,1.7577499966137112e-06,611,1.222,2,0.1,91,909,0.3286335345030997,9,100,2.305843009213694e+18,"[[418983635330710152, 499844581152741729], [2091481658804620576, 676363097439722673], [1853845312400714918, 63921434307813850]]"
fixed,near_duplicate,1000,1000,1.0,1,20,0.0006706659987685271,6.706659987685271e-07,0.0003280829987488687,6.561659974977374e-07,500,1.0,1,0.1,100,900,0.3,0,100,,
universal,near_duplicate,1000,1000,1.0,3,20,0.0017678340009297244,1.7678340009297245e-06,0.0008730829977139365,1.746165995427873e-06,541,1.082,2,0.1,98,902,0.3065941943351178,2,100,2.305843009213694e+18,"[[1326467972949138173, 150235521510768009], [1878749678761878296, 2057856258604839518], [714528426559143356, 1546845777023972402]]"
fixed,near_duplicate,1000,1000,1.0,1,21,0.0006729159977112431,6.729159977112431e-07,0.00032958299925667234,6.591659985133447e-07,500,1.0,1,0.1,100,900,0.3,0,100,,
universal,near_duplicate,1000,1000,1.0,3,21,0.0017262090004805941,1.7262090004805941e-06,0.0008735000010346994,1.7470000020693989e-06,545,1.09,2,0.1,97,903,0.30983866769659335,3,100,2.305843009213694e+18,"[[1024322815512585445, 2145571529822921201], [583220317473756343, 1521440433806999588], [891688296819238137, 181082232511610579]]"
fixed,near_duplicate,1000,1000,1.0,1,22,0.000673333001032006,6.73333001032006e-07,0.00033229200198547915,6.645840039709583e-07,500,1.0,1,0.1,100,900,0.3,0,100,,
universal,near_duplicate,1000,1000,1.0,3,22,0.0017471669998485595,1.7471669998485595e-06,0.0008719580000615679,1.7439160001231357e-06,553,1.106,2,0.1,98,902,0.3065941943351178,2,100,2.305843009213694e+18,"[[287886780813115929, 1413457234261051687], [1236295213923302512, 1583790892526252416], [469264712334336849, 619461346342472605]]"
fixed,near_duplicate,1000,1000,1.0,1,23,0.0006716669995512348,6.716669995512347e-07,0.0003299589989183005,6.59917997836601e-07,500,1.0,1,0.1,100,900,0.3,0,100,,
universal,near_duplicate,1000,1000,1.0,3,23,0.0017456669993407559,1.745666999340756e-06,0.000869167000928428,1.7383340018568561e-06,534,1.068,2,0.1,96,904,0.31304951684997057,4,100,2.305843009213694e+18,"[[666030003530279332, 1185754838603315180], [507164280403988863, 1057119984642882112], [1021713661893975990, 2137083730657759889]]"
fixed,near_duplicate,1000,1000,1.0,1,24,0.0006712920003337786,6.712920003337785e-07,0.000329250000504544,6.585000010090881e-07,500,1.0,1,0.1,100,900,0.3,0,100,,
universal,near_duplicate,1000,1000,1.0,3,24,0.0017447090031055268,1.7447090031055267e-06,0.0008726250016479753,1.7452500032959506e-06,537,1.074,2,0.1,95,905,0.31622776601683794,5,100,2.305843009213694e+18,"[[719391770955253926, 2130106160647316609], [1814591772010625413, 678012837864961736], [2256121436648175771, 1806161501175307684]]"
fixed,near_duplicate,1000,1000,1.0,1,25,0.0006762909979443066,6.762909979443066e-07,0.00032774999999674037,6.554999999934807e-07,500,1.0,1,0.1,100,900,0.3,0,100,,
universal,near_duplicate,1000,1000,1.0,3,25,0.0017279169987887144,1.7279169987887144e-06,0.0008677080004417803,1.7354160008835606e-06,558,1.116,2,0.1,98,902,0.3065941943351178,2,100,2.305843009213694e+18,"[[267692963849940753, 941673545738002381], [1078297968137412989, 615313745506248579], [1375102846946731697, 1124764272089465404]]"
fixed,near_duplicate,1000,1000,1.0,1,26,0.000676040999678662,6.76040999678662e-07,0.00033075000101234764,6.615000020246953e-07,500,1.0,1,0.1,100,900,0.3,0,100,,
universal,near_duplicate,1000,1000,1.0,3,26,0.001740208001137944,1.740208001137944e-06,0.0008801250005490147,1.7602500010980294e-06,561,1.122,2,0.1,99,901,0.30331501776206204,1,100,2.305843009213694e+18,"[[1075367493781816306, 1590101887495472611], [1902892487837865007, 1154722482783782897], [1398969667391390162, 561164263128564704]]"
fixed,near_duplicate,1000,1000,1.0,1,27,0.0006767500017303973,6.767500017303974e-07,0.00032795800143503584,6.559160028700717e-07,500,1.0,1,0.1,100,900,0.3,0,100,,
universal,near_duplicate,1000,1000,1.0,3,27,0.001755082997988211,1.755082997988211e-06,0.0008677920013724361,1.735584002744872e-06,521,1.042,2,0.1,98,902,0.3065941943351178,2,100,2.305843009213694e+18,"[[86018572855962195, 1847883699258444581], [153743650771889609, 794633789185287595], [2121092647333014343, 2013162642849706046]]"
fixed,near_duplicate,1000,1000,1.0,1,28,0.000670666999212699,6.70666999212699e-07,0.0003273330003139563,6.546660006279126e-07,500,1.0,1,0.1,100,900,0.3,0,100,,
universal,near_duplicate,1000,1000,1.0,3,28,0.0017367079999530688,1.7367079999530687e-06,0.0008768750012677629,1.7537500025355257e-06,571,1.142,2,0.1,93,907,0.322490309931942,7,100,2.305843009213694e+18,"[[273089160051860230, 1621121173616640907], [1037773347474994553, 742865219208374151], [246540013351488701, 1890370731478794172]]"
fixed,near_duplicate,1000,1000,1.0,1,29,0.0006734589987900108,6.734589987900108e-07,0.0003315419999125879,6.630839998251758e-07,500,1.0,1,0.1,100,900,0.3,0,100,,
universal,near_duplicate,1000,1000,1.0,3,29,0.0017368750013702083,1.7368750013702083e-06,0.000873707998835016,1.7474159976700322e-06,562,1.124,2,0.1,98,902,0.3065941943351178,2,100,2.305843009213694e+18,"[[1172432318357405658, 1841538480035479711], [610889197299678937, 356910957590253921], [1744744512350649053, 459482189801702091]]"
fixed,uniform,1000,500,2.0,1,0,0.0012928750002174638,1.2928750002174637e-06,0.00036854200152447447,7.37084003048949e-07,953,1.906,7,1.922,424,76,1.328124994117647,537,961,,
universal,uniform,1000,500,2.0,3,0,0.002521375001379056,2.521375001379056e-06,0.0009942500000761356,1.9885000001522712e-06,2025,4.05,8,1.922,410,90,1.5962192831813553,551,961,2.305843009213694e+18,"[[256711980439665054, 1709899044117486289], [564682175042572888, 321752549611034334], [236337776990707882, 1707863537360842093]]"
fixed,uniform,1000,500,2.0,1,1,0.0012840410017815884,1.2840410017815885e-06,0.0003619169983721804,7.238339967443607e-07,942,1.884,7,1.894,430,70,1.3110163995923163,517,947,,
universal,uniform,1000,500,2.0,3,1,0.0024887079998734407,2.4887079998734408e-06,0.00097250000180793,1.94500000361586e-06,1814,3.628,7,1.894,435,65,1.338194305771774,512,947,2.305843009213694e+18,"[[659665203979258006, 1758630025113616856], [2212240429613108902, 852878681887507335], [1610489816920689347, 222016741360720591]]"
fixed,uniform,1000,500,2.0,1,2,0.0012879579990112688,1.287957999011269e-06,0.0003684170005726628,7.368340011453256e-07,944,1.888,8,1.908,429,71,1.360711578549988,525,954,,
universal,uniform,1000,500,2.0,3,2,0.0025032500016095582,2.5032500016095584e-06,0.0009827090034377761,1.9654180068755523e-06,1877,3.754,6,1.908,441,59,1.2710373715984908,513,954,2.305843009213694e+18,"[[1199085610155232937, 1617812241682181496], [268989063807004320, 875226211544593835], [667698580330647039, 518091674429352682]]"
fixed,uniform,1000,500,2.0,1,3,0.0012695840014202986,1.2695840014202986e-06,0.00036675000228569843,7.335000045713968e-07,967,1.934,6,1.884,429,71,1.3351194703096798,513,942,,
universal,uniform,1000,500,2.0,3,3,0.002484000000549713,2.4840000005497132e-06,0.0009832499999902211,1.966499999980442e-06,1895,3.79,6,1.884,420,80,1.3559292016915927,522,942,2.305843009213694e+18,"[[963130306873368709, 594124941275654819], [699113413627218811, 49790444920847614], [1116618126344352917, 264798812748597129]]"
fixed,uniform,1000,500,2.0,1,4,0.0012682920023507904,1.2682920023507904e-06,0.00036375000127009116,7.275000025401824e-07,880,1.76,7,1.904,449,51,1.2596761488573165,503,952,,
universal,uniform,1000,500,2.0,3,4,0.0025185839986079372,2.5185839986079372e-06,0.0009841249993769452,1.96824999875389e-06,1804,3.608,7,1.904,422,78,1.3736025626068116,530,952,2.305843009213694e+18,"[[176127807941085543, 92145436972157049], [1353304280071655414, 2046636642761636536], [1463118878522575776, 350413271360474182]]"
fixed,uniform,1000,500,2.0,1,5,0.0012704580003628507,1.2704580003628508e-06,0.00036979200012865476,7.395840002573095e-07,955,1.91,6,1.902,437,63,1.2603158334322393,514,951,,
universal,uniform,1000,500,2.0,3,5,0.0025053749996004626,2.5053749996004627e-06,0.000990958997135749,1.981917994271498e-06,1997,3.994,7,1.902,436,64,1.3252909114605744,515,951,2.305843009213694e+18,"[[144173240364996770, 1276607102766329742], [1316153465216681486, 593588258721341972], [891339916669062610, 1419387771326649839]]"
fixed,uniform,1000,500,2.0,1,6,0.0012696670019067824,1.2696670019067824e-06,0.000361542002792703,7.23084005585406e-07,918,1.836,6,1.912,436,64,1.2362265164604747,520,956,,
universal,uniform,1000,500,2.0,3,6,0.0025004580020322464,2.5004580020322465e-06,0.000979707998340018,1.959415996680036e-06,1885,3.77,7,1.912,427,73,1.4409219271008404,529,956,2.305843009213694e+18,"[[727386515324539458, 1284136067485901726], [1233138577490571038, 1828907452299493987], [1165171476919621068, 1646066583754636611]]"
fixed,uniform,1000,500,2.0,1,7,0.0012786250008502975,1.2786250008502976e-06,0.000366083000699291,7.32166001398582e-07,934,1.868,7,1.896,434,66,1.29196903987673,514,948,,
universal,uniform,1000,500,2.0,3,7,0.002494875003321795,2.4948750033217947e-06,0.0009823330001381692,1.9646660002763385e-06,1880,3.76,8,1.896,416,84,1.4300992972517677,532,948,2.305843009213694e+18,"[[793970665397899006, 2152094108188559335], [745929175751854539, 1278256298576207987], [1862522474300937406, 1567653588555493210]]"
fixed,uniform,1000,500,2.0,1,8,0.0012739580015477259,1.2739580015477258e-06,0.00036916599856340326,7.383319971268066e-07,977,1.954,7,1.9,424,76,1.3274034804836095,526,950,,
universal,uniform,1000,500,2.0,3,8,0.002506917000573594,2.506917000573594e-06,0.000987415998679353,1.974831997358706e-06,1835,3.67,6,1.9,436,64,1.2751470503436064,514,950,2.305843009213694e+18,"[[1973099216186019426, 839551891445904909], [2054075847285760178, 1596895736779450158], [1768356806526079850, 761040643918656312]]"
fixed,uniform,1000,500,2.0,1,9,0.001277542000025278,1.277542000025278e-06,0.00036758300120709464,7.351660024141893e-07,947,1.894,7,1.912,437,63,1.2869560987073336,519,956,,
universal,uniform,1000,500,2.0,3,9,0.002508667002985021,2.508667002985021e-06,0.0009917079987644684,1.9834159975289368e-06,1924,3.848,7,1.912,428,72,1.3697649433388197,528,956,2.305843009213694e+18,"[[1933427113282973200, 1273492775044695229], [567420718719220919, 2291110579130834537], [1919842552580472723, 589921478534064354]]"
fixed,uniform,1000,500,2.0,1,10,0.0012588749996211845,1.2588749996211845e-06,0.0003660000002128072,7.320000004256144e-07,902,1.804,7,1.884,432,68,1.27222010674254,510,942,,
universal,uniform,1000,500,2.0,3,10,0.002511082999262726,2.5110829992627257e-06,0.0009955829991667997,1.9911659983335995e-06,1902,3.804,8,1.884,422,78,1.3676783247533024,520,942,2.305843009213694e+18,"[[618696799174358726, 2029214271970554437], [1181946042011416434, 1971785935387254006], [855518877651879508, 78523067754061221]]"
fixed,uniform,1000,500,2.0,1,11,0.0012781670011463575,1.2781670011463575e-06,0.00037075000000186265,7.415000000037253e-07,972,1.944,8,1.882,422,78,1.3667757680029302,519,941,,
universal,uniform,1000,500,2.0,3,11,0.002494292002666043,2.494292002666043e-06,0.0009853750016191043,1.970750003238209e-06,1932,3.864,7,1.882,422,78,1.3885517635291815,519,941,2.305843009213694e+18,"[[1967359095987829717, 498185230560009946], [1157680175712590001, 1113020793331031894], [1655376568515428791, 831730782862272696]]"
fixed,uniform,1000,500,2.0,1,12,0.0012719999976980034,1.2719999976980034e-06,0.0003642919982667081,7.285839965334162e-07,920,1.84,6,1.89,435,65,1.2640806936267954,510,945,,
universal,uniform,1000,500,2.0,3,12,0.0024922920019889716,2.4922920019889715e-06,0.000985082999250153,1.9701659985003063e-06,1886,3.772,7,1.89,428,72,1.2984221193433205,517,945,2.305843009213694e+18,"[[2258536001366688123, 1012121370449003109], [686970057059376321, 2051824648104402063], [1124175962628406669, 504983195232581899]]"
fixed,uniform,1000,500,2.0,1,13,0.0012702909989457112,1.2702909989457111e-06,0.00036954200186301023,7.390840037260205e-07,901,1.802,6,1.904,442,58,1.2144068511005692,510,952,,
universal,uniform,1000,500,2.0,3,13,0.0025053749996004626,2.5053749996004627e-06,0.0009888750028039794,1.977750005607959e-06,1925,3.85,10,1.904,427,73,1.4264585517988246,525,952,2.305843009213694e+18,"[[2277903568736387890, 452514279465990313], [2303280692498563247, 697951185415921787], [183691764838410618, 423743168849403417]]"
fixed,uniform,1000,500,2.0,1,14,0.0012681660009548068,1.2681660009548068e-06,0.0003719159976753872,7.438319953507743e-07,940,1.88,6,1.89,437,63,1.3030349189488362,508,945,,
universal,uniform,1000,500,2.0,3,14,0.0025170000008074567,2.517000000807457e-06,0.000986457998806145,1.97291599761229e-06,1890,3.78,7,1.89,422,78,1.4205280708243677,523,945,2.305843009213694e+18,"[[1956076132499880650, 26508845497723367], [1505952038662606745, 694384076709536977], [1251442079079685814, 2146666122401106131]]"
fixed,uniform,1000,500,2.0,1,15,0.0012692080017586704,1.2692080017586704e-06,0.00036733399974764325,7.346679994952865e-07,975,1.95,7,1.91,428,72,1.357166165213383,527,955,,
universal,uniform,1000,500,2.0,3,15,0.002498417001334019,2.4984170013340192e-06,0.0009844169981079176,1.968833996215835e-06,1913,3.826,10,1.91,425,75,1.4162979912433682,530,955,2.305843009213694e+18,"[[847978861133403702, 1395714462194184430], [518482636670340538, 740682746084312398], [1100716632290196263, 2269261073193213249]]"
fixed,uniform,1000,500,2.0,1,16,0.0012717909994535148,1.2717909994535149e-06,0.00036458300019148737,7.291660003829748e-07,951,1.902,7,1.88,433,67,1.2967652061957862,507,940,,
universal,uniform,1000,500,2.0,3,16,0.0024950420011009555,2.4950420011009554e-06,0.0009934580011758953,1.986916002351791e-06,1891,3.782,6,1.88,432,68,1.3481839637082174,508,940,2.305843009213694e+18,"[[454612962106966139, 1702438209959121919], [2265420330264173236, 463866247378689703], [443667755326800348, 934787930118675060]]"
fixed,uniform,1000,500,2.0,1,17,0.0012750839996442664,1.2750839996442663e-06,0.00036470800114329904,7.294160022865981e-07,962,1.924,7,1.906,432,68,1.3134549859054934,521,953,,
universal,uniform,1000,500,2.0,3,17,0.0025139169993053656,2.5139169993053657e-06,0.0009942920005414635,1.988584001082927e-06,1967,3.934,6,1.906,425,75,1.3524658960580116,528,953,2.305843009213694e+18,"[[195095767942445094, 1500048066919629750], [1059562453095694534, 313986444720046481], [691564608163384468, 53651072377497930]]"
fixed,uniform,1000,500,2.0,1,18,0.001277875002415385,1.2778750024153852e-06,0.0003694160004670266,7.388320009340533e-07,929,1.858,6,1.906,441,59,1.259032962237288,512,953,,
universal,uniform,1000,500,2.0,3,18,0.0025170829976559617,2.517082997655962e-06,0.0009932499997375999,1.9864999994752e-06,1939,3.878,9,1.906,423,77,1.3759229629597727,530,953,2.305843009213694e+18,"[[653524007492807808, 355415340864572460], [529539352426941228, 1114891161808553618], [2041277660056489008, 2248875904457507991]]"
fixed,uniform,1000,500,2.0,1,19,0.0012825000012526289,1.282500001252629e-06,0.00037008300205343403,7.401660041068681e-07,980,1.96,6,1.896,437,63,1.279524911832513,511,948,,
universal,uniform,1000,500,2.0,3,19,0.0024932500018621795,2.4932500018621793e-06,0.0009941660027834587,1.9883320055669175e-06,1978,3.956,6,1.896,429,71,1.2779608757704595,519,948,2.305843009213694e+18,"[[418983635330710152, 499844581152741729], [2091481658804620576, 676363097439722673], [1853845312400714918, 63921434307813850]]"
fixed,uniform,1000,500,2.0,1,20,0.001274458998523187,1.2744589985231868e-06,0.00036874999932479113,7.374999986495823e-07,1027,2.054,7,1.902,421,79,1.4115225821785495,530,951,,
universal,uniform,1000,500,2.0,3,20,0.002514125000743661,2.514125000743661e-06,0.0010059590022137854,2.011918004427571e-06,1974,3.948,6,1.902,429,71,1.3252909114605744,522,951,2.305843009213694e+18,"[[1326467972949138173, 150235521510768009], [1878749678761878296, 2057856258604839518], [714528426559143356, 1546845777023972402]]"
fixed,uniform,1000,500,2.0,1,21,0.0012929999975312967,1.2929999975312966e-06,0.0003683750001073349,7.367500002146699e-07,956,1.912,7,1.93,439,61,1.31190700889964,526,965,,
universal,uniform,1000,500,2.0,3,21,0.0025112910007010214,2.5112910007010214e-06,0.0009922499993990641,1.9844999987981282e-06,2004,4.008,9,1.93,440,60,1.3509626197641442,525,965,2.305843009213694e+18,"[[1024322815512585445, 2145571529822921201], [583220317473756343, 1521440433806999588], [891688296819238137, 181082232511610579]]"
fixed,uniform,1000,500,2.0,1,22,0.0012911669982713647,1.2911669982713647e-06,0.00037595899993903004,7.519179998780601e-07,934,1.868,6,1.932,441,59,1.294363163876352,525,966,,
universal,uniform,1000,500,2.0,3,22,0.002533999999286607,2.533999999286607e-06,0.0009943330005626194,1.988666001125239e-06,1929,3.858,8,1.932,426,74,1.4139929278465293,540,966,2.305843009213694e+18,"[[287886780813115929, 1413457234261051687], [1236295213923302512, 1583790892526252416], [469264712334336849, 619461346342472605]]"
fixed,uniform,1000,500,2.0,1,23,0.001280208998650778,1.280208998650778e-06,0.00036145799822406843,7.229159964481369e-07,933,1.866,7,1.898,443,57,1.299075055568384,506,949,,
universal,uniform,1000,500,2.0,3,23,0.002506917000573594,2.506917000573594e-06,0.0009838330006459728,1.9676660012919456e-06,1920,3.84,7,1.898,434,66,1.3264976441743122,515,949,2.305843009213694e+18,"[[666030003530279332, 1185754838603315180], [507164280403988863, 1057119984642882112], [1021713661893975990, 2137083730657759889]]"
fixed,uniform,1000,500,2.0,1,24,0.001281124998058658,1.281124998058658e-06,0.00036529199860524386,7.305839972104877e-07,915,1.83,6,1.906,442,58,1.3027524707326408,511,953,,
universal,uniform,1000,500,2.0,3,24,0.0025022500012710225,2.5022500012710225e-06,0.0009811660020204727,1.9623320040409455e-06,1844,3.688,6,1.906,430,70,1.3225596394870063,523,953,2.305843009213694e+18,"[[719391770955253926, 2130106160647316609], [1814591772010625413, 678012837864961736], [2256121436648175771, 1806161501175307684]]"
fixed,uniform,1000,500,2.0,1,25,0.001278416999412002,1.278416999412002e-06,0.0003738750019692816,7.477500039385632e-07,984,1.968,7,1.906,424,76,1.324070995075415,529,953,,
universal,uniform,1000,500,2.0,3,25,0.0025350000032631215,2.5350000032631215e-06,0.0009859579986368772,1.9719159972737543e-06,1841,3.682,7,1.906,432,68,1.3539438688512904,521,953,2.305843009213694e+18,"[[267692963849940753, 941673545738002381], [1078297968137412989, 615313745506248579], [1375102846946731697, 1124764272089465404]]"
fixed,uniform,1000,500,2.0,1,26,0.0012827079990529455,1.2827079990529456e-06,0.00036433299828786403,7.286659965757281e-07,900,1.8,7,1.898,435,65,1.3143804624232664,514,949,,
universal,uniform,1000,500,2.0,3,26,0.0025176250019285362,2.5176250019285364e-06,0.0009925409976858646,1.985081995371729e-06,1897,3.794,8,1.898,424,76,1.4183074419885133,525,949,2.305843009213694e+18,"[[1075367493781816306, 1590101887495472611], [1902892487837865007, 1154722482783782897], [1398969667391390162, 561164263128564704]]"
fixed,uniform,1000,500,2.0,1,27,0.0012807909988623578,1.2807909988623577e-06,0.0003651249971881043,7.302499943762086e-07,956,1.912,7,1.91,429,71,1.34532523948672,526,955,,
universal,uniform,1000,500,2.0,3,27,0.0025103750012931414,2.5103750012931416e-06,0.0010020829977293033,2.0041659954586067e-06,1972,3.944,7,1.91,442,58,1.2545517127643644,513,955,2.305843009213694e+18,"[[86018572855962195, 1847883699258444581], [153743650771889609, 794633789185287595], [2121092647333014343, 2013162642849706046]]"
fixed,uniform,1000,500,2.0,1,28,0.0012790420005330816,1.2790420005330815e-06,0.00037408299976959825,7.481659995391965e-07,975,1.95,9,1.922,434,66,1.3608512042100709,527,961,,
universal,uniform,1000,500,2.0,3,28,0.002526709002268035,2.526709002268035e-06,0.0009910000007948838,1.9820000015897676e-06,1955,3.91,7,1.922,425,75,1.3971098739898735,536,961,2.305843009213694e+18,"[[273089160051860230, 1621121173616640907], [1037773347474994553, 742865219208374151], [246540013351488701, 1890370731478794172]]"
fixed,uniform,1000,500,2.0,1,29,0.0012914159997308161,1.2914159997308162e-06,0.00037483300184248947,7.496660036849789e-07,918,1.836,6,1.904,436,64,1.2817113559612399,516,952,,
universal,uniform,1000,500,2.0,3,29,0.0025243329982913565,2.5243329982913566e-06,0.0009908749998430721,1.9817499996861443e-06,1859,3.718,7,1.904,416,84,1.4180211564007077,536,952,2.305843009213694e+18,"[[1172432318357405658, 1841538480035479711], [610889197299678937, 356910957590253921], [1744744512350649053, 459482189801702091]]"
fixed,sorted,1000,500,2.0,1,0,0.0012741669997922145,1.2741669997922145e-06,0.000356249998731073,7.12499997462146e-07,757,1.514,2,2.0,500,0,0.0,500,1000,,
universal,sorted,1000,500,2.0,3,0,0.00256045799687854,2.56045799687854e-06,0.0010261249990435317,2.0522499980870635e-06,2026,4.052,7,2.0,427,73,1.4127986409959488,573,1000,2.305843009213694e+18,"[[256711980439665054, 1709899044117486289], [564682175042572888, 321752549611034334], [236337776990707882, 1707863537360842093]]"
fixed,sorted,1000,500,2.0,1,1,0.001294624998990912,1.294624998990912e-06,0.00035845800084643997,7.169160016928799e-07,763,1.526,2,2.0,500,0,0.0,500,1000,,
universal,sorted,1000,500,2.0,3,1,0.002560082997661084,2.560082997661084e-06,0.0010321250010747463,2.0642500021494924e-06,2203,4.406,6,2.0,429,71,1.4212670403551895,571,1000,2.305843009213694e+18,"[[659665203979258006, 1758630025113616856], [2212240429613108902, 852878681887507335], [1610489816920689347, 222016741360720591]]"
fixed,sorted,1000,500,2.0,1,2,0.0012882090013590641,1.2882090013590642e-06,0.0003562080019037239,7.124160038074479e-07,750,1.5,2,2.0,500,0,0.0,500,1000,,
universal,sorted,1000,500,2.0,3,2,0.0025452500012761448,2.545250001276145e-06,0.0010110830007761251,2.0221660015522503e-06,1881,3.762,7,2.0,459,41,1.2099586769803339,541,1000,2.305843009213694e+18,"[[1199085610155232937, 1617812241682181496], [268989063807004320, 875226211544593835], [667698580330647039, 518091674429352682]]"
fixed,sorted,1000,500,2.0,1,3,0.001269417000003159,1.2694170000031591e-06,0.0003550420005922206,7.100840011844412e-07,752,1.504,2,2.0,500,0,0.0,500,1000,,
universal,sorted,1000,500,2.0,3,3,0.002569541997218039,2.569541997218039e-06,0.0010234159999527037,2.0468319999054072e-06,2194,4.388,8,2.0,420,80,1.5414279094398156,580,1000,2.305843009213694e+18,"[[963130306873368709, 594124941275654819], [699113413627218811, 49790444920847614], [1116618126344352917, 264798812748597129]]"
fixed,sorted,1000,500,2.0,1,4,0.00128249999761465,1.28249999761465e-06,0.00036308299968368374,7.261659993673674e-07,739,1.478,2,2.0,500,0,0.0,500,1000,,
universal,sorted,1000,500,2.0,3,4,0.00257074999899487,2.57074999899487e-06,0.0010067920011351816,2.0135840022703635e-06,1792,3.584,7,2.0,455,45,1.2,545,1000,2.305843009213694e+18,"[[176127807941085543, 92145436972157049], [1353304280071655414, 2046636642761636536], [1463118878522575776, 350413271360474182]]"
fixed,sorted,1000,500,2.0,1,5,0.001286999999138061,1.2869999991380609e-06,0.0003529169989633374,7.058339979266748e-07,745,1.49,2,2.0,500,0,0.0,500,1000,,
universal,sorted,1000,500,2.0,3,5,0.0025724999977683183,2.5724999977683184e-06,0.0010245829980704002,2.0491659961408003e-06,2048,4.096,8,2.0,432,68,1.4518953130305228,568,1000,2.305843009213694e+18,"[[144173240364996770, 1276607102766329742], [1316153465216681486, 593588258721341972], [891339916669062610, 1419387771326649839]]"
fixed,sorted,1000,500,2.0,1,6,0.0012898749992018566,1.2898749992018566e-06,0.0003500829989206977,7.001659978413954e-07,742,1.484,2,2.0,500,0,0.0,500,1000,,
universal,sorted,1000,500,2.0,3,6,0.002570708998973714,2.5707089989737144e-06,0.0010238750001008157,2.0477500002016315e-06,1944,3.888,6,2.0,429,71,1.4014278433083882,571,1000,2.305843009213694e+18,"[[727386515324539458, 1284136067485901726], [1233138577490571038, 1828907452299493987], [1165171476919621068, 1646066583754636611]]"
fixed,sorted,1000,500,2.0,1,7,0.0012711249983112793,1.2711249983112794e-06,0.0003602090000640601,7.204180001281202e-07,755,1.51,2,2.0,500,0,0.0,500,1000,,
universal,sorted,1000,500,2.0,3,7,0.002559459000622155,2.559459000622155e-06,0.0010034170009021182,2.006834001804236e-06,1757,3.514,6,2.0,443,57,1.2345039489608771,557,1000,2.305843009213694e+18,"[[793970665397899006, 2152094108188559335], [745929175751854539, 1278256298576207987], [1862522474300937406, 1567653588555493210]]"
fixed,sorted,1000,500,2.0,1,8,0.001273000001674518,1.273000001674518e-06,0.0003510829992592335,7.02165998518467e-07,773,1.546,2,2.0,500,0,0.0,500,1000,,
universal,sorted,1000,500,2.0,3,8,0.002557333998993272,2.557333998993272e-06,0.0010194159985985607,2.0388319971971213e-06,1937,3.874,6,2.0,450,50,1.2016655108639842,550,1000,2.305843009213694e+18,"[[1973099216186019426, 839551891445904909], [2054075847285760178, 1596895736779450158], [1768356806526079850, 761040643918656312]]"
fixed,sorted,1000,500,2.0,1,9,0.0012891669975942932,1.2891669975942933e-06,0.0003507090004859492,7.014180009718985e-07,740,1.48,2,2.0,500,0,0.0,500,1000,,
universal,sorted,1000,500,2.0,3,9,0.0025601670022297185,2.5601670022297183e-06,0.001012041000649333,2.024082001298666e-06,1803,3.606,6,2.0,437,63,1.3084341787036902,563,1000,2.305843009213694e+18,"[[1933427113282973200, 1273492775044695229], [567420718719220919, 2291110579130834537], [1919842552580472723, 589921478534064354]]"
fixed,sorted,1000,500,2.0,1,10,0.0012751670001307502,1.2751670001307501e-06,0.00035524999839253724,7.104999967850745e-07,746,1.492,2,2.0,500,0,0.0,500,1000,,
universal,sorted,1000,500,2.0,3,10,0.0025749999986146577,2.5749999986146576e-06,0.0010164170016651042,2.0328340033302082e-06,1780,3.56,7,2.0,453,47,1.2214745187681977,547,1000,2.305843009213694e+18,"[[618696799174358726, 2029214271970554437], [1181946042011416434, 1971785935387254006], [855518877651879508, 78523067754061221]]"
fixed,sorted,1000,500,2.0,1,11,0.0012837499998568092,1.283749999856809e-06,0.00035283300167066045,7.056660033413209e-07,757,1.514,2,2.0,500,0,0.0,500,1000,,
universal,sorted,1000,500,2.0,3,11,0.002539749999414198,2.539749999414198e-06,0.0010092080010508653,2.0184160021017306e-06,1906,3.812,7,2.0,445,55,1.3579396157414365,555,1000,2.305843009213694e+18,"[[1967359095987829717, 498185230560009946], [1157680175712590001, 1113020793331031894], [1655376568515428791, 831730782862272696]]"
fixed,sorted,1000,500,2.0,1,12,0.0012866670003859326,1.2866670003859326e-06,0.0003546250009094365,7.092500018188729e-07,754,1.508,2,2.0,500,0,0.0,500,1000,,
universal,sorted,1000,500,2.0,3,12,0.002546041003370192,2.546041003370192e-06,0.0010343750000174623,2.0687500000349247e-06,2182,4.364,8,2.0,433,67,1.4505171491574995,567,1000,2.305843009213694e+18,"[[2258536001366688123, 1012121370449003109], [686970057059376321, 2051824648104402063], [1124175962628406669, 504983195232581899]]"
fixed,sorted,1000,500,2.0,1,13,0.001285624999582069,1.285624999582069e-06,0.0003547080013959203,7.094160027918406e-07,751,1.502,2,2.0,500,0,0.0,500,1000,,
universal,sorted,1000,500,2.0,3,13,0.002532082999096019,2.5320829990960194e-06,0.0010131670023838524,2.0263340047677046e-06,2033,4.066,9,2.0,426,74,1.469693845669907,574,1000,2.305843009213694e+18,"[[2277903568736387890, 452514279465990313], [2303280692498563247, 697951185415921787], [183691764838410618, 423743168849403417]]"
fixed,sorted,1000,500,2.0,1,14,0.0012983749984414317,1.2983749984414317e-06,0.0003767080015677493,7.534160031354986e-07,749,1.498,2,2.0,500,0,0.0,500,1000,,
universal,sorted,1000,500,2.0,3,14,0.0026582909995340742,2.6582909995340743e-06,0.0010296660002495628,2.0593320004991256e-06,1888,3.776,5,2.0,437,63,1.2361229712289954,563,1000,2.305843009213694e+18,"[[1956076132499880650, 26508845497723367], [1505952038662606745, 694384076709536977], [1251442079079685814, 2146666122401106131]]"
fixed,sorted,1000,500,2.0,1,15,0.0012699580001935828,1.2699580001935828e-06,0.0003623749980761204,7.247499961522407e-07,756,1.512,2,2.0,500,0,0.0,500,1000,,
universal,sorted,1000,500,2.0,3,15,0.002611667001474416,2.611667001474416e-06,0.0010017919994425029,2.003583998885006e-06,1770,3.54,6,2.0,441,59,1.245792920191795,559,1000,2.305843009213694e+18,"[[847978861133403702, 1395714462194184430], [518482636670340538, 740682746084312398], [1100716632290196263, 2269261073193213249]]"
fixed,sorted,1000,500,2.0,1,16,0.0012852500003646128,1.2852500003646128e-06,0.0003601669995987322,7.203339991974644e-07,746,1.492,2,2.0,500,0,0.0,500,1000,,
universal,sorted,1000,500,2.0,3,16,0.002572124998550862,2.572124998550862e-06,0.0010289580022799782,2.0579160045599564e-06,2017,4.034,8,2.0,429,71,1.4805404418657397,571,1000,2.305843009213694e+18,"[[454612962106966139, 1702438209959121919], [2265420330264173236, 463866247378689703], [443667755326800348, 934787930118675060]]"
fixed,sorted,1000,500,2.0,1,17,0.0012767499974870589,1.276749997487059e-06,0.0003627920013968833,7.255840027937665e-07,786,1.572,2,2.0,500,0,0.0,500,1000,,
universal,sorted,1000,500,2.0,3,17,0.002576209000835661,2.5762090008356607e-06,0.0010202080011367798,2.0404160022735597e-06,1873,3.746,6,2.0,458,42,1.1541230437002807,542,1000,2.305843009213694e+18,"[[195095767942445094, 1500048066919629750], [1059562453095694534, 313986444720046481], [691564608163384468, 53651072377497930]]"
fixed,sorted,1000,500,2.0,1,18,0.0012795420007023495,1.2795420007023494e-06,0.0003575830014597159,7.151660029194318e-07,758,1.516,2,2.0,500,0,0.0,500,1000,,
universal,sorted,1000,500,2.0,3,18,0.002593084002000978,2.5930840020009783e-06,0.001163458000519313,2.326916001038626e-06,1768,3.536,7,2.0,430,70,1.354990774876346,570,1000,2.305843009213694e+18,"[[653524007492807808, 355415340864572460], [529539352426941228, 1114891161808553618], [2041277660056489008, 2248875904457507991]]"
fixed,sorted,1000,500,2.0,1,19,0.001295082998694852,1.295082998694852e-06,0.0003571249981177971,7.142499962355941e-07,764,1.528,2,2.0,500,0,0.0,500,1000,,
universal,sorted,1000,500,2.0,3,19,0.002754166998784058,2.754166998784058e-06,0.0010392080002930015,2.078416000586003e-06,1839,3.678,7,2.0,453,47,1.2132600710482482,547,1000,2.305843009213694e+18,"[[418983635330710152, 499844581152741729], [2091481658804620576, 676363097439722673], [1853845312400714918, 63921434307813850]]"
fixed,sorted,1000,500,2.0,1,20,0.0013299579986778554,1.3299579986778553e-06,0.00035525000203051604,7.10500004061032e-07,767,1.534,2,2.0,500,0,0.0,500,1000,,
universal,sorted,1000,500,2.0,3,20,0.0025994159987021703,2.5994159987021703e-06,0.0010235419977107085,2.047083995421417e-06,1834,3.668,6,2.0,447,53,1.2976902558006669,553,1000,2.305843009213694e+18,"[[1326467972949138173, 150235521510768009], [1878749678761878296, 2057856258604839518], [714528426559143356, 1546845777023972402]]"
fixed,sorted,1000,500,2.0,1,21,0.001289208001253428,1.289208001253428e-06,0.00035924999974668026,7.184999994933606e-07,763,1.526,2,2.0,500,0,0.0,500,1000,,
universal,sorted,1000,500,2.0,3,21,0.0025629160008975305,2.5629160008975306e-06,0.0010213749992544763,2.0427499985089527e-06,1913,3.826,6,2.0,447,53,1.2263767773404712,553,1000,2.305843009213694e+18,"[[1024322815512585445, 2145571529822921201], [583220317473756343, 1521440433806999588], [891688296819238137, 181082232511610579]]"
fixed,sorted,1000,500,2.0,1,22,0.0012745419990096707,1.2745419990096706e-06,0.0003577499992388766,7.154999984777532e-07,772,1.544,2,2.0,500,0,0.0,500,1000,,
universal,sorted,1000,500,2.0,3,22,0.0025812499989115167,2.5812499989115166e-06,0.0010264169977745041,2.0528339955490085e-06,1995,3.99,7,2.0,447,53,1.3446189051177289,553,1000,2.305843009213694e+18,"[[287886780813115929, 1413457234261051687], [1236295213923302512, 1583790892526252416], [469264712334336849, 619461346342472605]]"
fixed,sorted,1000,500,2.0,1,23,0.001279333999264054,1.279333999264054e-06,0.00035666699841385707,7.133339968277141e-07,762,1.524,2,2.0,500,0,0.0,500,1000,,
universal,sorted,1000,500,2.0,3,23,0.002570333999756258,2.570333999756258e-06,0.0010174580020247959,2.034916004049592e-06,1920,3.84,7,2.0,435,65,1.3023056476879764,565,1000,2.305843009213694e+18,"[[666030003530279332, 1185754838603315180], [507164280403988863, 1057119984642882112], [1021713661893975990, 2137083730657759889]]"
fixed,sorted,1000,500,2.0,1,24,0.0012711659983324353,1.2711659983324353e-06,0.00035954199847765267,7.190839969553054e-07,747,1.494,2,2.0,500,0,0.0,500,1000,,
universal,sorted,1000,500,2.0,3,24,0.0025682919986138586,2.5682919986138588e-06,0.0010166249994654208,2.0332499989308415e-06,1874,3.748,6,2.0,448,52,1.289961239727768,552,1000,2.305843009213694e+18,"[[719391770955253926, 2130106160647316609], [1814591772010625413, 678012837864961736], [2256121436648175771, 1806161501175307684]]"
fixed,sorted,1000,500,2.0,1,25,0.0012887499979115091,1.2887499979115091e-06,0.00036204199932399206,7.240839986479841e-07,767,1.534,2,2.0,500,0,0.0,500,1000,,
universal,sorted,1000,500,2.0,3,25,0.0025605830014683306,2.5605830014683306e-06,0.0010175839997828007,2.0351679995656012e-06,1845,3.69,6,2.0,455,45,1.2231107881136525,545,1000,2.305843009213694e+18,"[[267692963849940753, 941673545738002381], [1078297968137412989, 615313745506248579], [1375102846946731697, 1124764272089465404]]"
fixed,sorted,1000,500,2.0,1,26,0.0012740000020130537,1.2740000020130538e-06,0.00035650000063469633,7.130000012693927e-07,756,1.512,2,2.0,500,0,0.0,500,1000,,
universal,sorted,1000,500,2.0,3,26,0.002575333997810958,2.575333997810958e-06,0.001000874999590451,2.0017499991809017e-06,1742,3.484,6,2.0,452,48,1.2231107881136525,548,1000,2.305843009213694e+18,"[[1075367493781816306, 1590101887495472611], [1902892487837865007, 1154722482783782897], [1398969667391390162, 561164263128564704]]"
fixed,sorted,1000,500,2.0,1,27,0.001276290997338947,1.2762909973389468e-06,0.00035195799864595756,7.039159972919151e-07,757,1.514,2,2.0,500,0,0.0,500,1000,,
universal,sorted,1000,500,2.0,3,27,0.0025583749993529636,2.5583749993529637e-06,0.0010242499993182719,2.0484999986365437e-06,1863,3.726,6,2.0,461,39,1.1730302638892145,539,1000,2.305843009213694e+18,"[[86018572855962195, 1847883699258444581], [153743650771889609, 794633789185287595], [2121092647333014343, 2013162642849706046]]"
fixed,sorted,1000,500,2.0,1,28,0.001279708001675317,1.279708001675317e-06,0.00035166599991498515,7.033319998299704e-07,753,1.506,2,2.0,500,0,0.0,500,1000,,
universal,sorted,1000,500,2.0,3,28,0.0025845419986580964,2.5845419986580964e-06,0.0010204999998677522,2.0409999997355042e-06,1993,3.986,6,2.0,440,60,1.3341664064126333,560,1000,2.305843009213694e+18,"[[273089160051860230, 1621121173616640907], [1037773347474994553, 742865219208374151], [246540013351488701, 1890370731478794172]]"
fixed,sorted,1000,500,2.0,1,29,0.0012745410022034775,1.2745410022034775e-06,0.00035370799741940573,7.074159948388114e-07,732,1.464,2,2.0,500,0,0.0,500,1000,,
universal,sorted,1000,500,2.0,3,29,0.0025791670013859402,2.5791670013859402e-06,0.0010271249993820675,2.0542499987641347e-06,1998,3.996,6,2.0,431,69,1.33566462856512,569,1000,2.305843009213694e+18,"[[1172432318357405658, 1841538480035479711], [610889197299678937, 356910957590253921], [1744744512350649053, 459482189801702091]]"
fixed,adversarial,1000,500,2.0,1,0,0.004362540999863995,4.362540999863995e-06,0.014877459001581883,2.9754918003163768e-05,255857,511.714,1000,2.0,1,499,44.67661580737735,999,1000,,
universal,adversarial,1000,500,2.0,3,0,0.0025086249988817144,2.5086249988817146e-06,0.001000416999886511,2.000833999773022e-06,2044,4.088,7,2.0,439,61,1.4352700094407325,561,1000,2.305843009213694e+18,"[[256711980439665054, 1709899044117486289], [564682175042572888, 321752549611034334], [236337776990707882, 1707863537360842093]]"
fixed,adversarial,1000,500,2.0,1,1,0.00437041600162047,4.37041600162047e-06,0.014714958997501526,2.942991799500305e-05,250790,501.58,1000,2.0,1,499,44.67661580737735,999,1000,,
universal,adversarial,1000,500,2.0,3,1,0.002501291997759836,2.5012919977598357e-06,0.0009797919992706738,1.9595839985413477e-06,1784,3.568,6,2.0,454,46,1.1627553482998907,546,1000,2.305843009213694e+18,"[[659665203979258006, 1758630025113616856], [2212240429613108902, 852878681887507335], [1610489816920689347, 222016741360720591]]"
fixed,adversarial,1000,500,2.0,1,2,0.004368582998722559,4.368582998722558e-06,0.014434832999540959,2.8869665999081917e-05,247983,495.966,1000,2.0,1,499,44.67661580737735,999,1000,,
universal,adversarial,1000,500,2.0,3,2,0.0025188750005327165,2.5188750005327165e-06,0.0009917079987644684,1.9834159975289368e-06,2068,4.136,6,2.0,425,75,1.3971399357258385,575,1000,2.305843009213694e+18,"[[1199085610155232937, 1617812241682181496], [268989063807004320, 875226211544593835], [667698580330647039, 518091674429352682]]"
fixed,adversarial,1000,500,2.0,1,3,0.004361167000752175,4.361167000752175e-06,0.014528749998135027,2.9057499996270054e-05,249481,498.962,1000,2.0,1,499,44.67661580737735,999,1000,,
universal,adversarial,1000,500,2.0,3,3,0.0025633330005803145,2.5633330005803145e-06,0.0009933749970514327,1.9867499941028656e-06,1991,3.982,7,2.0,431,69,1.4669696656713798,569,1000,2.305843009213694e+18,"[[963130306873368709, 594124941275654819], [699113413627218811, 49790444920847614], [1116618126344352917, 264798812748597129]]"
fixed,adversarial,1000,500,2.0,1,4,0.004347042002336821,4.347042002336821e-06,0.014526874998409767,2.9053749996819533e-05,249625,499.25,1000,2.0,1,499,44.67661580737735,999,1000,,
universal,adversarial,1000,500,2.0,3,4,0.002545041003031656,2.545041003031656e-06,0.0010451670023030601,2.0903340046061205e-06,1871,3.742,6,2.0,440,60,1.283744522870497,560,1000,2.305843009213694e+18,"[[176127807941085543, 92145436972157049], [1353304280071655414, 2046636642761636536], [1463118878522575776, 350413271360474182]]"
fixed,adversarial,1000,500,2.0,1,5,0.00436329199874308,4.363291998743079e-06,0.015040542002680013,3.0081084005360026e-05,254191,508.382,1000,2.0,1,499,44.67661580737735,999,1000,,
universal,adversarial,1000,500,2.0,3,5,0.0025637090002419427,2.563709000241943e-06,0.0010145420019398443,2.0290840038796885e-06,2241,4.482,8,2.0,413,87,1.58871016865884,587,1000,2.305843009213694e+18,"[[144173240364996770, 1276607102766329742], [1316153465216681486, 593588258721341972], [891339916669062610, 1419387771326649839]]"
fixed,adversarial,1000,500,2.0,1,6,0.00435624999954598,4.35624999954598e-06,0.014394499998161336,2.8788999996322673e-05,247457,494.914,1000,2.0,1,499,44.67661580737735,999,1000,,
universal,adversarial,1000,500,2.0,3,6,0.0025219999988621566,2.5219999988621567e-06,0.0009687919991847593,1.9375839983695186e-06,1811,3.622,6,2.0,451,49,1.18490505948789,549,1000,2.305843009213694e+18,"[[727386515324539458, 1284136067485901726], [1233138577490571038, 1828907452299493987], [1165171476919621068, 1646066583754636611]]"
fixed,adversarial,1000,500,2.0,1,7,0.004362292002042523,4.362292002042523e-06,0.014404333000129554,2.880866600025911e-05,247589,495.178,1000,2.0,1,499,44.67661580737735,999,1000,,
universal,adversarial,1000,500,2.0,3,7,0.002546042000176385,2.546042000176385e-06,0.0009762909976416267,1.9525819952832535e-06,1771,3.542,7,2.0,434,66,1.3326664999166145,566,1000,2.305843009213694e+18,"[[793970665397899006, 2152094108188559335], [745929175751854539, 1278256298576207987], [1862522474300937406, 1567653588555493210]]"
fixed,adversarial,1000,500,2.0,1,8,0.0043682499999704305,4.36824999997043e-06,0.015063917002407834,3.0127834004815666e-05,259301,518.602,1000,2.0,1,499,44.67661580737735,999,1000,,
universal,adversarial,1000,500,2.0,3,8,0.002540249999583466,2.540249999583466e-06,0.000990500000625616,1.9810000012512317e-06,1905,3.81,5,2.0,453,47,1.1966620241321273,547,1000,2.305843009213694e+18,"[[1973099216186019426, 839551891445904909], [2054075847285760178, 1596895736779450158], [1768356806526079850, 761040643918656312]]"
fixed,adversarial,1000,500,2.0,1,9,0.004370999999082414,4.3709999990824145e-06,0.014116791997366818,2.8233583994733637e-05,244500,489.0,1000,2.0,1,499,44.67661580737735,999,1000,,
universal,adversarial,1000,500,2.0,3,9,0.002552875001128996,2.552875001128996e-06,0.0009907920029945672,1.9815840059891343e-06,1828,3.656,6,2.0,441,59,1.3827508813954883,559,1000,2.305843009213694e+18,"[[1933427113282973200, 1273492775044695229], [567420718719220919, 2291110579130834537], [1919842552580472723, 589921478534064354]]"
fixed,adversarial,1000,500,2.0,1,10,0.0043543339997995645,4.3543339997995645e-06,0.01537004099736805,3.07400819947361e-05,247528,495.056,1000,2.0,1,499,44.67661580737735,999,1000,,
universal,adversarial,1000,500,2.0,3,10,0.0025534589985909406,2.5534589985909405e-06,0.0009816669989959337,1.9633339979918674e-06,1775,3.55,5,2.0,461,39,1.1764352935882194,539,1000,2.305843009213694e+18,"[[618696799174358726, 2029214271970554437], [1181946042011416434, 1971785935387254006], [855518877651879508, 78523067754061221]]"
fixed,adversarial,1000,500,2.0,1,11,0.004366332999779843,4.366332999779843e-06,0.014940290999220451,2.9880581998440904e-05,256928,513.856,1000,2.0,1,499,44.67661580737735,999,1000,,
universal,adversarial,1000,500,2.0,3,11,0.002543750000768341,2.543750000768341e-06,0.0009924579971993808,1.9849159943987616e-06,1969,3.938,6,2.0,448,52,1.296148139681572,552,1000,2.305843009213694e+18,"[[1967359095987829717, 498185230560009946], [1157680175712590001, 1113020793331031894], [1655376568515428791, 831730782862272696]]"
fixed,adversarial,1000,500,2.0,1,12,0.004370749997178791,4.370749997178791e-06,0.0158462920007878,3.1692584001575595e-05,253816,507.632,1000,2.0,1,499,44.67661580737735,999,1000,,
universal,adversarial,1000,500,2.0,3,12,0.0025176249982905574,2.5176249982905574e-06,0.0009943340010067914,1.988668002013583e-06,1883,3.766,6,2.0,445,55,1.2743625857659193,555,1000,2.305843009213694e+18,"[[2258536001366688123, 1012121370449003109], [686970057059376321, 2051824648104402063], [1124175962628406669, 504983195232581899]]"
fixed,adversarial,1000,500,2.0,1,13,0.004407667001942173,4.407667001942173e-06,0.01429991600161884,2.859983200323768e-05,249184,498.368,1000,2.0,1,499,44.67661580737735,999,1000,,
universal,adversarial,1000,500,2.0,3,13,0.0025651249998190906,2.5651249998190906e-06,0.0010006250013248064,2.0012500026496128e-06,1904,3.808,6,2.0,451,49,1.2116104984688767,549,1000,2.305843009213694e+18,"[[2277903568736387890, 452514279465990313], [2303280692498563247, 697951185415921787], [183691764838410618, 423743168849403417]]"
fixed,adversarial,1000,500,2.0,1,14,0.004399083001771942,4.399083001771941e-06,0.014664541999081848,2.9329083998163697e-05,254226,508.452,1000,2.0,1,499,44.67661580737735,999,1000,,
universal,adversarial,1000,500,2.0,3,14,0.002533582999603823,2.5335829996038227e-06,0.0010141660022782162,2.0283320045564322e-06,2150,4.3,7,2.0,435,65,1.36088206689632,565,1000,2.305843009213694e+18,"[[1956076132499880650, 26508845497723367], [1505952038662606745, 694384076709536977], [1251442079079685814, 2146666122401106131]]"
fixed,adversarial,1000,500,2.0,1,15,0.004377833000035025,4.377833000035025e-06,0.015392208999401191,3.078441799880238e-05,255490,510.98,1000,2.0,1,499,44.67661580737735,999,1000,,
universal,adversarial,1000,500,2.0,3,15,0.002534957999159815,2.534957999159815e-06,0.0009839160011324566,1.9678320022649132e-06,1814,3.628,6,2.0,441,59,1.2633289357883006,559,1000,2.305843009213694e+18,"[[847978861133403702, 1395714462194184430], [518482636670340538, 740682746084312398], [1100716632290196263, 2269261073193213249]]"
fixed,adversarial,1000,500,2.0,1,16,0.004355500001111068,4.3555000011110676e-06,0.014059249999263557,2.8118499998527113e-05,247504,495.008,1000,2.0,1,499,44.67661580737735,999,1000,,
universal,adversarial,1000,500,2.0,3,16,0.002568040999904042,2.568040999904042e-06,0.0009965419994841795,1.993083998968359e-06,1883,3.766,6,2.0,453,47,1.1781341180018512,547,1000,2.305843009213694e+18,"[[454612962106966139, 1702438209959121919], [2265420330264173236, 463866247378689703], [443667755326800348, 934787930118675060]]"
fixed,adversarial,1000,500,2.0,1,17,0.004365042001154507,4.365042001154506e-06,0.015201250000245636,3.040250000049127e-05,267760,535.52,1000,2.0,1,499,44.67661580737735,999,1000,,
universal,adversarial,1000,500,2.0,3,17,0.0025566250005795155,2.5566250005795157e-06,0.000988208001217572,1.976416002435144e-06,1858,3.716,7,2.0,456,44,1.1983321743156194,544,1000,2.305843009213694e+18,"[[195095767942445094, 1500048066919629750], [1059562453095694534, 313986444720046481], [691564608163384468, 53651072377497930]]"
fixed,adversarial,1000,500,2.0,1,18,0.004369833000964718,4.369833000964718e-06,0.014001999999891268,2.8003999999782538e-05,246355,492.71,1000,2.0,1,499,44.67661580737735,999,1000,,
universal,adversarial,1000,500,2.0,3,18,0.002569917000073474,2.5699170000734738e-06,0.0009984579992305953,1.9969159984611905e-06,2060,4.12,7,2.0,418,82,1.4791889669680476,582,1000,2.305843009213694e+18,"[[653524007492807808, 355415340864572460], [529539352426941228, 1114891161808553618], [2041277660056489008, 2248875904457507991]]"
fixed,adversarial,1000,500,2.0,1,19,0.0043808330010506324,4.3808330010506325e-06,0.014747916000487749,2.9495832000975498e-05,259277,518.554,1000,2.0,1,499,44.67661580737735,999,1000,,
universal,adversarial,1000,500,2.0,3,19,0.0025342500011902303,2.5342500011902303e-06,0.0009919160002027638,1.9838320004055276e-06,1914,3.828,6,2.0,447,53,1.331164903383499,553,1000,2.305843009213694e+18,"[[418983635330710152, 499844581152741729], [2091481658804620576, 676363097439722673], [1853845312400714918, 63921434307813850]]"
fixed,adversarial,1000,500,2.0,1,20,0.004370791000837926,4.370791000837926e-06,0.014736458000697894,2.947291600139579e-05,259544,519.088,1000,2.0,1,499,44.67661580737735,999,1000,,
universal,adversarial,1000,500,2.0,3,20,0.0025664999993750826,2.5664999993750827e-06,0.000987791998340981,1.975583996681962e-06,1757,3.514,6,2.0,464,36,1.150651989091402,536,1000,2.305843009213694e+18,"[[1326467972949138173, 150235521510768009], [1878749678761878296, 2057856258604839518], [714528426559143356, 1546845777023972402]]"
fixed,adversarial,1000,500,2.0,1,21,0.004382457998872269,4.382457998872269e-06,0.01562016699972446,3.124033399944892e-05,257942,515.884,1000,2.0,1,499,44.67661580737735,999,1000,,
universal,adversarial,1000,500,2.0,3,21,0.002555375001975335,2.555375001975335e-06,0.0009905840015562717,1.9811680031125434e-06,1889,3.778,6,2.0,454,46,1.2214745187681977,546,1000,2.305843009213694e+18,"[[1024322815512585445, 2145571529822921201], [583220317473756343, 1521440433806999588], [891688296819238137, 181082232511610579]]"
fixed,adversarial,1000,500,2.0,1,22,0.004371167000499554,4.371167000499554e-06,0.014743667001312133,2.9487334002624265e-05,259415,518.83,1000,2.0,1,499,44.67661580737735,999,1000,,
universal,adversarial,1000,500,2.0,3,22,0.0025664579989097547,2.5664579989097547e-06,0.000998584000626579,1.997168001253158e-06,1932,3.864,7,2.0,449,51,1.2181953866272848,551,1000,2.305843009213694e+18,"[[287886780813115929, 1413457234261051687], [1236295213923302512, 1583790892526252416], [469264712334336849, 619461346342472605]]"
fixed,adversarial,1000,500,2.0,1,23,0.004360582999652252,4.360582999652252e-06,0.015164625001489185,3.032925000297837e-05,257095,514.19,1000,2.0,1,499,44.67661580737735,999,1000,,
universal,adversarial,1000,500,2.0,3,23,0.002531292000639951,2.5312920006399508e-06,0.0009790830008569174,1.958166001713835e-06,1832,3.664,6,2.0,453,47,1.2181953866272848,547,1000,2.305843009213694e+18,"[[666030003530279332, 1185754838603315180], [507164280403988863, 1057119984642882112], [1021713661893975990, 2137083730657759889]]"
fixed,adversarial,1000,500,2.0,1,24,0.004365791999589419,4.365791999589419e-06,0.014692583001306048,2.9385166002612095e-05,253382,506.764,1000,2.0,1,499,44.67661580737735,999,1000,,
universal,adversarial,1000,500,2.0,3,24,0.0025085000015678816,2.5085000015678815e-06,0.000996333001239691,1.992666002479382e-06,1866,3.732,7,2.0,440,60,1.3114877048604001,560,1000,2.305843009213694e+18,"[[719391770955253926, 2130106160647316609], [1814591772010625413, 678012837864961736], [2256121436648175771, 1806161501175307684]]"
fixed,adversarial,1000,500,2.0,1,25,0.004381542003102368,4.381542003102368e-06,0.014740667000296526,2.948133400059305e-05,259465,518.93,1000,2.0,1,499,44.67661580737735,999,1000,,
universal,adversarial,1000,500,2.0,3,25,0.002542041998822242,2.542041998822242e-06,0.0009903329992084764,1.980665998416953e-06,1859,3.718,6,2.0,447,53,1.2263767773404712,553,1000,2.305843009213694e+18,"[[267692963849940753, 941673545738002381], [1078297968137412989, 615313745506248579], [1375102846946731697, 1124764272089465404]]"
fixed,adversarial,1000,500,2.0,1,26,0.0043599999989965,4.3599999989965e-06,0.014411000000109198,2.8822000000218395e-05,253742,507.484,1000,2.0,1,499,44.67661580737735,999,1000,,
universal,adversarial,1000,500,2.0,3,26,0.002533124999899883,2.533124999899883e-06,0.0009804590008570813,1.9609180017141624e-06,1982,3.964,7,2.0,428,72,1.4028542333400145,572,1000,2.305843009213694e+18,"[[1075367493781816306, 1590101887495472611], [1902892487837865007, 1154722482783782897], [1398969667391390162, 561164263128564704]]"
fixed,adversarial,1000,500,2.0,1,27,0.004381375001685228,4.381375001685228e-06,0.014440999999351334,2.8881999998702666e-05,254366,508.732,1000,2.0,1,499,44.67661580737735,999,1000,,
universal,adversarial,1000,500,2.0,3,27,0.002568624997365987,2.568624997365987e-06,0.0010566670025582425,2.113334005116485e-06,3025,6.05,11,2.0,396,104,2.1475567512873788,604,1000,2.305843009213694e+18,"[[86018572855962195, 1847883699258444581], [153743650771889609, 794633789185287595], [2121092647333014343, 2013162642849706046]]"
fixed,adversarial,1000,500,2.0,1,28,0.00434191699969233,4.34191699969233e-06,0.014354292001371505,2.870858400274301e-05,252632,505.264,1000,2.0,1,499,44.67661580737735,999,1000,,
universal,adversarial,1000,500,2.0,3,28,0.0025466250008321367,2.5466250008321366e-06,0.0009825419983826578,1.9650839967653155e-06,1920,3.84,7,2.0,422,78,1.46424041741785,578,1000,2.305843009213694e+18,"[[273089160051860230, 1621121173616640907], [1037773347474994553, 742865219208374151], [246540013351488701, 1890370731478794172]]"
fixed,adversarial,1000,500,2.0,1,29,0.004363374999229563,4.363374999229564e-06,0.01392354199924739,2.784708399849478e-05,244911,489.822,1000,2.0,1,499,44.67661580737735,999,1000,,
universal,adversarial,1000,500,2.0,3,29,0.002536666997912107,2.536666997912107e-06,0.0009912499990605284,1.9824999981210565e-06,1887,3.774,6,2.0,442,58,1.2664912159190052,558,1000,2.305843009213694e+18,"[[1172432318357405658, 1841538480035479711], [610889197299678937, 356910957590253921], [1744744512350649053, 459482189801702091]]"
fixed,near_duplicate,1000,500,2.0,1,0,0.0006597920000785962,6.597920000785962e-07,0.0003281249992141966,6.562499984283931e-07,500,1.0,1,0.2,100,400,0.4,0,100,,
universal,near_duplicate,1000,500,2.0,3,0,0.0017443750002712477,1.7443750002712476e-06,0.0008949590010161046,1.7899180020322092e-06,647,1.294,2,0.2,91,409,0.4427188724235731,9,100,2.305843009213694e+18,"[[256711980439665054, 1709899044117486289], [564682175042572888, 321752549611034334], [236337776990707882, 1707863537360842093]]"
fixed,near_duplicate,1000,500,2.0,1,1,0.0006680000005871989,6.680000005871989e-07,0.000328416997945169,6.56833995890338e-07,500,1.0,1,0.2,100,400,0.4,0,100,,
universal,near_duplicate,1000,500,2.0,3,1,0.0017447909995098598,1.74479099950986e-06,0.0008828749996609986,1.7657499993219971e-06,554,1.108,2,0.2,96,404,0.41952353926806063,4,100,2.305843009213694e+18,"[[659665203979258006, 1758630025113616856], [2212240429613108902, 852878681887507335], [1610489816920689347, 222016741360720591]]"
fixed,near_duplicate,1000,500,2.0,1,2,0.0006639589992118999,6.639589992119e-07,0.0003279590018792078,6.559180037584155e-07,500,1.0,1,0.2,100,400,0.4,0,100,,
universal,near_duplicate,1000,500,2.0,3,2,0.0017552499994053505,1.7552499994053505e-06,0.0008955410012276843,1.7910820024553685e-06,632,1.264,3,0.2,91,409,0.4472135954999579,9,100,2.305843009213694e+18,"[[1199085610155232937, 1617812241682181496], [268989063807004320, 875226211544593835], [667698580330647039, 518091674429352682]]"
fixed,near_duplicate,1000,500,2.0,1,3,0.0006754159985575825,6.754159985575825e-07,0.00032779200046206824,6.555840009241365e-07,500,1.0,1,0.2,100,400,0.4,0,100,,
universal,near_duplicate,1000,500,2.0,3,3,0.001774374999513384,1.7743749995133839e-06,0.0009045420010806993,1.8090840021613985e-06,598,1.196,2,0.2,94,406,0.4289522117905443,6,100,2.305843009213694e+18,"[[963130306873368709, 594124941275654819], [699113413627218811, 49790444920847614], [1116618126344352917, 264798812748597129]]"
fixed,near_duplicate,1000,500,2.0,1,4,0.0006705420018988661,6.705420018988661e-07,0.00032729199665482156,6.545839933096432e-07,500,1.0,1,0.2,100,400,0.4,0,100,,
universal,near_duplicate,1000,500,2.0,3,4,0.0017698750016279519,1.769875001627952e-06,0.0008859579975251108,1.7719159950502217e-06,573,1.146,2,0.2,93,407,0.433589667773576,7,100,2.305843009213694e+18,"[[176127807941085543, 92145436972157049], [1353304280071655414, 2046636642761636536], [1463118878522575776, 350413271360474182]]"
fixed,near_duplicate,1000,500,2.0,1,5,0.0006735419992764946,6.735419992764946e-07,0.00033037500179489143,6.607500035897829e-07,500,1.0,1,0.2,100,400,0.4,0,100,,
universal,near_duplicate,1000,500,2.0,3,5,0.0017625830005272292,1.7625830005272291e-06,0.0008971669994934928,1.7943339989869854e-06,625,1.25,2,0.2,95,405,0.4242640687119285,5,100,2.305843009213694e+18,"[[144173240364996770, 1276607102766329742], [1316153465216681486, 593588258721341972], [891339916669062610, 1419387771326649839]]"
fixed,near_duplicate,1000,500,2.0,1,6,0.0006766249971406069,6.766249971406069e-07,0.00032712500251363963,6.542500050272793e-07,500,1.0,1,0.2,100,400,0.4,0,100,,
universal,near_duplicate,1000,500,2.0,3,6,0.0017494169987912755,1.7494169987912755e-06,0.0008992500006570481,1.7985000013140962e-06,765,1.53,3,0.2,85,415,0.47749345545253286,15,100,2.305843009213694e+18,"[[727386515324539458, 1284136067485901726], [1233138577490571038, 1828907452299493987], [1165171476919621068, 1646066583754636611]]"
fixed,near_duplicate,1000,500,2.0,1,7,0.000817624997580424,8.17624997580424e-07,0.0003237910023017321,6.475820046034642e-07,500,1.0,1,0.2,100,400,0.4,0,100,,
universal,near_duplicate,1000,500,2.0,3,7,0.0017533749996800907,1.7533749996800907e-06,0.0008926250011427328,1.7852500022854655e-06,653,1.306,2,0.2,91,409,0.4427188724235731,9,100,2.305843009213694e+18,"[[793970665397899006, 2152094108188559335], [745929175751854539, 1278256298576207987], [1862522474300937406, 1567653588555493210]]"
fixed,near_duplicate,1000,500,2.0,1,8,0.0006650409995927475,6.650409995927476e-07,0.0003276249990449287,6.552499980898574e-07,500,1.0,1,0.2,100,400,0.4,0,100,,
universal,near_duplicate,1000,500,2.0,3,8,0.001779332997102756,1.7793329971027561e-06,0.0008955000012065284,1.7910000024130568e-06,628,1.256,2,0.2,94,406,0.4289522117905443,6,100,2.305843009213694e+18,"[[1973099216186019426, 839551891445904909], [2054075847285760178, 1596895736779450158], [1768356806526079850, 761040643918656312]]"
fixed,near_duplicate,1000,500,2.0,1,9,0.0006604160007555038,6.604160007555038e-07,0.0003288330008217599,6.576660016435198e-07,500,1.0,1,0.2,100,400,0.4,0,100,,
universal,near_duplicate,1000,500,2.0,3,9,0.0017584999986866023,1.7584999986866023e-06,0.0008972089999588206,1.7944179999176413e-06,609,1.218,2,0.2,93,407,0.433589667773576,7,100,2.305843009213694e+18,"[[1933427113282973200, 1273492775044695229], [567420718719220919, 2291110579130834537], [1919842552580472723, 589921478534064354]]"
fixed,near_duplicate,1000,500,2.0,1,10,0.0006634580022364389,6.634580022364389e-07,0.00032987500162562355,6.597500032512472e-07,500,1.0,1,0.2,100,400,0.4,0,100,,
universal,near_duplicate,1000,500,2.0,3,10,0.0017782499999157153,1.7782499999157152e-06,0.000900542003364535,1.80108400672907e-06,600,1.2,2,0.2,93,407,0.433589667773576,7,100,2.305843009213694e+18,"[[618696799174358726, 2029214271970554437], [1181946042011416434, 1971785935387254006], [855518877651879508, 78523067754061221]]"
fixed,near_duplicate,1000,500,2.0,1,11,0.0006721250028931536,6.721250028931536e-07,0.0003275419985584449,6.550839971168898e-07,500,1.0,1,0.2,100,400,0.4,0,100,,
universal,near_duplicate,1000,500,2.0,3,11,0.0017650410009082407,1.7650410009082407e-06,0.0008983330008049961,1.7966660016099922e-06,651,1.302,3,0.2,93,407,0.4381780460041329,7,100,2.305843009213694e+18,"[[1967359095987829717, 498185230560009946], [1157680175712590001, 1113020793331031894], [1655376568515428791, 831730782862272696]]"
fixed,near_duplicate,1000,500,2.0,1,12,0.0006650420000369195,6.650420000369195e-07,0.0003302080003777519,6.604160007555038e-07,500,1.0,1,0.2,100,400,0.4,0,100,,
universal,near_duplicate,1000,500,2.0,3,12,0.0017884999979287386,1.7884999979287386e-06,0.0009047910025401507,1.8095820050803013e-06,638,1.276,2,0.2,94,406,0.4289522117905443,6,100,2.305843009213694e+18,"[[2258536001366688123, 1012121370449003109], [686970057059376321, 2051824648104402063], [1124175962628406669, 504983195232581899]]"
fixed,near_duplicate,1000,500,2.0,1,13,0.000672957998176571,6.72957998176571e-07,0.0003269580010965001,6.539160021930002e-07,500,1.0,1,0.2,100,400,0.4,0,100,,
universal,near_duplicate,1000,500,2.0,3,13,0.0017737089983711485,1.7737089983711485e-06,0.0008832919993437827,1.7665839986875654e-06,601,1.202,2,0.2,87,413,0.4604345773288535,13,100,2.305843009213694e+18,"[[2277903568736387890, 452514279465990313], [2303280692498563247, 697951185415921787], [183691764838410618, 423743168849403417]]"
fixed,near_duplicate,1000,500,2.0,1,14,0.0006628330011153594,6.628330011153593e-07,0.00032791600096970797,6.558320019394159e-07,500,1.0,1,0.2,100,400,0.4,0,100,,
universal,near_duplicate,1000,500,2.0,3,14,0.0017659170007391367,1.7659170007391368e-06,0.0008960000013757963,1.7920000027515926e-06,594,1.188,2,0.2,93,407,0.433589667773576,7,100,2.305843009213694e+18,"[[1956076132499880650, 26508845497723367], [1505952038662606745, 694384076709536977], [1251442079079685814, 2146666122401106131]]"
fixed,near_duplicate,1000,500,2.0,1,15,0.0006634579985984601,6.634579985984601e-07,0.00032737500077928416,6.547500015585683e-07,500,1.0,1,0.2,100,400,0.4,0,100,,
universal,near_duplicate,1000,500,2.0,3,15,0.0017666250023467,1.7666250023467001e-06,0.0008892499972716905,1.7784999945433811e-06,625,1.25,2,0.2,92,408,0.4381780460041329,8,100,2.305843009213694e+18,"[[847978861133403702, 1395714462194184430], [518482636670340538, 740682746084312398], [1100716632290196263, 2269261073193213249]]"
fixed,near_duplicate,1000,500,2.0,1,16,0.0006955419994483236,6.955419994483236e-07,0.00033158299993374385,6.631659998674877e-07,500,1.0,1,0.2,100,400,0.4,0,100,,
universal,near_duplicate,1000,500,2.0,3,16,0.0017641250015003607,1.7641250015003607e-06,0.0009037089985213242,1.8074179970426485e-06,604,1.208,2,0.2,92,408,0.4381780460041329,8,100,2.305843009213694e+18,"[[454612962106966139, 1702438209959121919], [2265420330264173236, 463866247378689703], [443667755326800348, 934787930118675060]]"
fixed,near_duplicate,1000,500,2.0,1,17,0.0006666250010312069,6.666250010312069e-07,0.0003267920001235325,6.53584000247065e-07,500,1.0,1,0.2,100,400,0.4,0,100,,
universal,near_duplicate,1000,500,2.0,3,17,0.0017725840007187799,1.7725840007187798e-06,0.0009087079997698311,1.8174159995396621e-06,585,1.17,2,0.2,94,406,0.4289522117905443,6,100,2.305843009213694e+18,"[[195095767942445094, 1500048066919629750], [1059562453095694534, 313986444720046481], [691564608163384468, 53651072377497930]]"
fixed,near_duplicate,1000,500,2.0,1,18,0.0006617500002903398,6.617500002903398e-07,0.000329250000504544,6.585000010090881e-07,500,1.0,1,0.2,100,400,0.4,0,100,,
universal,near_duplicate,1000,500,2.0,3,18,0.001787874996807659,1.787874996807659e-06,0.0008956669989856891,1.7913339979713783e-06,607,1.214,2,0.2,93,407,0.433589667773576,7,100,2.305843009213694e+18,"[[653524007492807808, 355415340864572460], [529539352426941228, 1114891161808553618], [2041277660056489008, 2248875904457507991]]"
fixed,near_duplicate,1000,500,2.0,1,19,0.0006725419989379589,6.725419989379589e-07,0.0003294590023870114,6.589180047740229e-07,500,1.0,1,0.2,100,400,0.4,0,100,,
universal,near_duplicate,1000,500,2.0,3,19,0.0017939590034075081,1.7939590034075081e-06,0.0009170839985017665,1.834167997003533e-06,781,1.562,3,0.2,86,414,0.469041575982343,14,100,2.305843009213694e+18,"[[418983635330710152, 499844581152741729], [2091481658804620576, 676363097439722673], [1853845312400714918, 63921434307813850]]"
fixed,near_duplicate,1000,500,2.0,1,20,0.000672957998176571,6.72957998176571e-07,0.0003269580010965001,6.539160021930002e-07,500,1.0,1,0.2,100,400,0.4,0,100,,
universal,near_duplicate,1000,500,2.0,3,20,0.0017735000001266599,1.7735000001266598e-06,0.0008949580005719326,1.7899160011438653e-06,569,1.138,2,0.2,96,404,0.41952353926806063,4,100,2.305843009213694e+18,"[[1326467972949138173, 150235521510768009], [1878749678761878296, 2057856258604839518], [714528426559143356, 1546845777023972402]]"
fixed,near_duplicate,1000,500,2.0,1,21,0.0006597080027859192,6.597080027859192e-07,0.00034458300069672987,6.891660013934597e-07,500,1.0,1,0.2,100,400,0.4,0,100,,
universal,near_duplicate,1000,500,2.0,3,21,0.0017673750007816125,1.7673750007816125e-06,0.0008973749972938094,1.7947499945876188e-06,636,1.272,2,0.2,91,409,0.4427188724235731,9,100,2.305843009213694e+18,"[[1024322815512585445, 2145571529822921201], [583220317473756343, 1521440433806999588], [891688296819238137, 181082232511610579]]"
fixed,near_duplicate,1000,500,2.0,1,22,0.0006692499991913792,6.692499991913791e-07,0.00032566699883318506,6.513339976663701e-07,500,1.0,1,0.2,100,400,0.4,0,100,,
universal,near_duplicate,1000,500,2.0,3,22,0.0017927910012076609,1.7927910012076608e-06,0.0009080829986487515,1.816165997297503e-06,601,1.202,2,0.2,96,404,0.41952353926806063,4,100,2.305843009213694e+18,"[[287886780813115929, 1413457234261051687], [1236295213923302512, 1583790892526252416], [469264712334336849, 619461346342472605]]"
fixed,near_duplicate,1000,500,2.0,1,23,0.0006626670001423918,6.626670001423918e-07,0.0003235419972043019,6.470839944086038e-07,500,1.0,1,0.2,100,400,0.4,0,100,,
universal,near_duplicate,1000,500,2.0,3,23,0.001783292002073722,1.7832920020737219e-06,0.0008989999987534247,1.7979999975068496e-06,610,1.22,2,0.2,93,407,0.433589667773576,7,100,2.305843009213694e+18,"[[666030003530279332, 1185754838603315180], [507164280403988863, 1057119984642882112], [1021713661893975990, 2137083730657759889]]"
fixed,near_duplicate,1000,500,2.0,1,24,0.000662583999655908,6.62583999655908e-07,0.0003244580002501607,6.489160005003214e-07,500,1.0,1,0.2,100,400,0.4,0,100,,
universal,near_duplicate,1000,500,2.0,3,24,0.001786041000741534,1.786041000741534e-06,0.0009034579998115078,1.8069159996230155e-06,626,1.252,3,0.2,85,415,0.47749345545253286,15,100,2.305843009213694e+18,"[[719391770955253926, 2130106160647316609], [1814591772010625413, 678012837864961736], [2256121436648175771, 1806161501175307684]]"
fixed,near_duplicate,1000,500,2.0,1,25,0.000668415999825811,6.68415999825811e-07,0.0003244580002501607,6.489160005003214e-07,500,1.0,1,0.2,100,400,0.4,0,100,,
universal,near_duplicate,1000,500,2.0,3,25,0.0017661669990047812,1.7661669990047812e-06,0.0008997499971883371,1.7994999943766744e-06,604,1.208,2,0.2,97,403,0.4147288270665544,3,100,2.305843009213694e+18,"[[267692963849940753, 941673545738002381], [1078297968137412989, 615313745506248579], [1375102846946731697, 1124764272089465404]]"
fixed,near_duplicate,1000,500,2.0,1,26,0.0006678749996353872,6.678749996353872e-07,0.00032345799991162494,6.469159998232499e-07,500,1.0,1,0.2,100,400,0.4,0,100,,
universal,near_duplicate,1000,500,2.0,3,26,0.001806167001632275,1.8061670016322752e-06,0.000909665999643039,1.819331999286078e-06,643,1.286,2,0.2,94,406,0.4289522117905443,6,100,2.305843009213694e+18,"[[1075367493781816306, 1590101887495472611], [1902892487837865007, 1154722482783782897], [1398969667391390162, 561164263128564704]]"
fixed,near_duplicate,1000,500,2.0,1,27,0.0006652079973719083,6.652079973719082e-07,0.0003236250013287645,6.47250002657529e-07,500,1.0,1,0.2,100,400,0.4,0,100,,
universal,near_duplicate,1000,500,2.0,3,27,0.0017749590006133076,1.7749590006133076e-06,0.0008944170003815088,1.7888340007630177e-06,588,1.176,2,0.2,95,405,0.4242640687119285,5,100,2.305843009213694e+18,"[[86018572855962195, 1847883699258444581], [153743650771889609, 794633789185287595], [2121092647333014343, 2013162642849706046]]"
fixed,near_duplicate,1000,500,2.0,1,28,0.0006716669995512348,6.716669995512347e-07,0.000324791999446461,6.49583998892922e-07,500,1.0,1,0.2,100,400,0.4,0,100,,
universal,near_duplicate,1000,500,2.0,3,28,0.0017870000010589138,1.7870000010589138e-06,0.0009078750008484349,1.8157500016968697e-06,614,1.228,3,0.2,91,409,0.4472135954999579,9,100,2.305843009213694e+18,"[[273089160051860230, 1621121173616640907], [1037773347474994553, 742865219208374151], [246540013351488701, 1890370731478794172]]"
fixed,near_duplicate,1000,500,2.0,1,29,0.0006674169999314472,6.674169999314472e-07,0.0003290410022600554,6.580820045201108e-07,500,1.0,1,0.2,100,400,0.4,0,100,,
universal,near_duplicate,1000,500,2.0,3,29,0.001767624999047257,1.767624999047257e-06,0.0008998329976748209,1.799665995349642e-06,609,1.218,2,0.2,96,404,0.41952353926806063,4,100,2.305843009213694e+18,"[[1172432318357405658, 1841538480035479711], [610889197299678937, 356910957590253921], [1744744512350649053, 459482189801702091]]"
fixed,uniform,5000,10000,0.5,1,0,0.006466582999564707,1.2933165999129414e-06,0.0024011249988689087,9.604499995475635e-07,2991,1.1964,4,0.4747,3898,6102,0.6619364848684502,849,4747,,
universal,uniform,5000,10000,0.5,3,0,0.012442916999134468,2.4885833998268937e-06,0.005131833000632469,2.0527332002529876e-06,4335,1.734,5,0.4747,3751,6249,0.6962470179469352,996,4747,2.305843009213694e+18,"[[256711980439665054, 1709899044117486289], [564682175042572888, 321752549611034334], [236337776990707882, 1707863537360842093]]"
fixed,uniform,5000,10000,0.5,1,1,0.007527042002038797,1.5054084004077595e-06,0.0023154170012276154,9.261668004910461e-07,2947,1.1788,4,0.4755,3955,6045,0.652992917266336,800,4755,,
universal,uniform,5000,10000,0.5,3,1,0.013702999996894505,2.740599999378901e-06,0.005460041997139342,2.184016798855737e-06,4327,1.7308,7,0.4755,3724,6276,0.7022818166519763,1031,4755,2.305843009213694e+18,"[[659665203979258006, 1758630025113616856], [2212240429613108902, 852878681887507335], [1610489816920689347, 222016741360720591]]"
fixed,uniform,5000,10000,0.5,1,2,0.006898042000102578,1.3796084000205156e-06,0.0018900830000347923,7.56033200013917e-07,2973,1.1892,4,0.4777,3960,6040,0.6561270532450251,817,4777,,
universal,uniform,5000,10000,0.5,3,2,0.0121701669995673,2.43403339991346e-06,0.004745791000459576,1.8983164001838304e-06,4188,1.6752,5,0.4777,3860,6140,0.6787508453033411,917,4777,2.305843009213694e+18,"[[1199085610155232937, 1617812241682181496], [268989063807004320, 875226211544593835], [667698580330647039, 518091674429352682]]"
fixed,uniform,5000,10000,0.5,1,3,0.007293958002264844,1.4587916004529688e-06,0.002069916998152621,8.279667992610485e-07,2919,1.1676,4,0.4738,3951,6049,0.6486243597029023,787,4738,,
universal,uniform,5000,10000,0.5,3,3,0.01215283299825387,2.4305665996507743e-06,0.004825666997930966,1.9302667991723864e-06,4605,1.842,6,0.4738,3624,6376,0.724923140753556,1114,4738,2.305843009213694e+18,"[[963130306873368709, 594124941275654819], [699113413627218811, 49790444920847614], [1116618126344352917, 264798812748597129]]"
fixed,uniform,5000,10000,0.5,1,4,0.006322083001577994,1.2644166003155987e-06,0.001644959000259405,6.57983600103762e-07,2973,1.1892,4,0.4769,3919,6081,0.660353231233103,850,4769,,
universal,uniform,5000,10000,0.5,3,4,0.012014541000098689,2.4029082000197376e-06,0.004441791999852285,1.776716799940914e-06,4291,1.7164,5,0.4769,3781,6219,0.6940218944673143,988,4769,2.305843009213694e+18,"[[176127807941085543, 92145436972157049], [1353304280071655414, 2046636642761636536], [1463118878522575776, 350413271360474182]]"
fixed,uniform,5000,10000,0.5,1,5,0.0061583329988934565,1.2316665997786912e-06,0.0016557089984416962,6.622835993766784e-07,3005,1.202,4,0.4758,3909,6091,0.6639385212502736,849,4758,,
universal,uniform,5000,10000,0.5,3,5,0.011852083000121638,2.3704166000243275e-06,0.004328874998464016,1.7315499993856065e-06,4248,1.6992,4,0.4758,3791,6209,0.6863048593737334,967,4758,2.305843009213694e+18,"[[144173240364996770, 1276607102766329742], [1316153465216681486, 593588258721341972], [891339916669062610, 1419387771326649839]]"
fixed,uniform,5000,10000,0.5,1,6,0.00615983299940126,1.231966599880252e-06,0.0016749160022300202,6.699664008920081e-07,2991,1.1964,4,0.4744,3904,6096,0.6601095666629897,840,4744,,
universal,uniform,5000,10000,0.5,3,6,0.011786833001679042,2.3573666003358084e-06,0.004352459000074305,1.740983600029722e-06,4268,1.7072,5,0.4744,3805,6195,0.6818684917196277,939,4744,2.305843009213694e+18,"[[727386515324539458, 1284136067485901726], [1233138577490571038, 1828907452299493987], [1165171476919621068, 1646066583754636611]]"
fixed,uniform,5000,10000,0.5,1,7,0.006159791999380104,1.231958399876021e-06,0.0016695000012987293,6.678000005194917e-07,2922,1.1688,4,0.475,3942,6058,0.6538921929492659,808,4750,,
universal,uniform,5000,10000,0.5,3,7,0.011743040999135701,2.34860819982714e-06,0.00439616700168699,1.758466800674796e-06,4116,1.6464,4,0.475,3733,6267,0.6995534289816612,1017,4750,2.305843009213694e+18,"[[793970665397899006, 2152094108188559335], [745929175751854539, 1278256298576207987], [1862522474300937406, 1567653588555493210]]"
fixed,uniform,5000,10000,0.5,1,8,0.006177957999170758,1.2355915998341515e-06,0.0016704579975339584,6.681831990135834e-07,2979,1.1916,4,0.477,3957,6043,0.6541184907950547,813,4770,,
universal,uniform,5000,10000,0.5,3,8,0.011907874999451451,2.3815749998902903e-06,0.004408042001159629,1.7632168004638516e-06,4091,1.6364,5,0.477,3849,6151,0.6787274858144468,921,4770,2.305843009213694e+18,"[[1973099216186019426, 839551891445904909], [2054075847285760178, 1596895736779450158], [1768356806526079850, 761040643918656312]]"
fixed,uniform,5000,10000,0.5,1,9,0.006210833998920862,1.2421667997841724e-06,0.0016607920006208587,6.643168002483435e-07,2994,1.1976,4,0.4756,3923,6077,0.657574817036054,833,4756,,
universal,uniform,5000,10000,0.5,3,9,0.01186316699750023,2.372633399500046e-06,0.004369040998426499,1.7476163993705995e-06,4134,1.6536,5,0.4756,3853,6147,0.6733532802325982,903,4756,2.305843009213694e+18,"[[1933427113282973200, 1273492775044695229], [567420718719220919, 2291110579130834537], [1919842552580472723, 589921478534064354]]"
fixed,uniform,5000,10000,0.5,1,10,0.006201916999998502,1.2403833999997005e-06,0.0016458750033052638,6.583500013221056e-07,3016,1.2064,4,0.4739,3907,6093,0.6584214379863401,832,4739,,
universal,uniform,5000,10000,0.5,3,10,0.011952417000429705,2.390483400085941e-06,0.004357707999588456,1.7430831998353825e-06,4065,1.626,4,0.4739,3812,6188,0.6787626904890987,927,4739,2.305843009213694e+18,"[[618696799174358726, 2029214271970554437], [1181946042011416434, 1971785935387254006], [855518877651879508, 78523067754061221]]"
fixed,uniform,5000,10000,0.5,1,11,0.006214084001840092,1.2428168003680184e-06,0.001657042001170339,6.628168004681356e-07,3012,1.2048,4,0.4742,3919,6081,0.6566082241336915,823,4742,,
universal,uniform,5000,10000,0.5,3,11,0.011988583999482216,2.3977167998964433e-06,0.004351957999460865,1.740783199784346e-06,4188,1.6752,5,0.4742,3789,6211,0.6846417749451168,953,4742,2.305843009213694e+18,"[[1967359095987829717, 498185230560009946], [1157680175712590001, 1113020793331031894], [1655376568515428791, 831730782862272696]]"
fixed,uniform,5000,10000,0.5,1,12,0.006181082997500198,1.2362165995000396e-06,0.0016800410012365319,6.720164004946128e-07,2965,1.186,4,0.4748,3965,6035,0.6482013267496449,783,4748,,
universal,uniform,5000,10000,0.5,3,12,0.011811165997642092,2.3622331995284184e-06,0.0043287090011290275,1.731483600451611e-06,4117,1.6468,4,0.4748,3850,6150,0.6727294850086475,898,4748,2.305843009213694e+18,"[[2258536001366688123, 1012121370449003109], [686970057059376321, 2051824648104402063], [1124175962628406669, 504983195232581899]]"
fixed,uniform,5000,10000,0.5,1,13,0.006183375000546221,1.236675000109244e-06,0.0016712920005375054,6.685168002150022e-07,2936,1.1744,4,0.477,3976,6024,0.6516678601864603,794,4770,,
universal,uniform,5000,10000,0.5,3,13,0.011864416999742389,2.3728833999484776e-06,0.0044087089991080575,1.7634835996432229e-06,4224,1.6896,4,0.477,3839,6161,0.6824009085574256,931,4770,2.305843009213694e+18,"[[2277903568736387890, 452514279465990313], [2303280692498563247, 697951185415921787], [183691764838410618, 423743168849403417]]"
fixed,uniform,5000,10000,0.5,1,14,0.006192042001202935,1.238408400240587e-06,0.0016307910009345505,6.523164003738202e-07,2992,1.1968,4,0.4753,3943,6057,0.6557361588321937,810,4753,,
universal,uniform,5000,10000,0.5,3,14,0.011859833997732494,2.3719667995464987e-06,0.004331124997406732,1.732449998962693e-06,4193,1.6772,5,0.4753,3799,6201,0.6870152181720577,954,4753,2.305843009213694e+18,"[[1956076132499880650, 26508845497723367], [1505952038662606745, 694384076709536977], [1251442079079685814, 2146666122401106131]]"
fixed,uniform,5000,10000,0.5,1,15,0.00620379099927959,1.240758199855918e-06,0.001675083000009181,6.700332000036724e-07,2975,1.19,4,0.4761,3919,6081,0.6619885119849135,842,4761,,
universal,uniform,5000,10000,0.5,3,15,0.011919291002413956,2.383858200482791e-06,0.0043574580013228115,1.7429832005291247e-06,4062,1.6248,5,0.4761,3823,6177,0.68266301349934,938,4761,2.305843009213694e+18,"[[847978861133403702, 1395714462194184430], [518482636670340538, 740682746084312398], [1100716632290196263, 2269261073193213249]]"
fixed,uniform,5000,10000,0.5,1,16,0.00614954099728493,1.229908199456986e-06,0.001664750001509674,6.659000006038695e-07,3013,1.2052,4,0.4713,3851,6149,0.6649633899697035,862,4713,,
universal,uniform,5000,10000,0.5,3,16,0.0118996250021155,2.3799250004230997e-06,0.00443641699894215,1.77456679957686e-06,4132,1.6528,5,0.4713,3826,6174,0.671547697486932,887,4713,2.305843009213694e+18,"[[454612962106966139, 1702438209959121919], [2265420330264173236, 463866247378689703], [443667755326800348, 934787930118675060]]"
fixed,uniform,5000,10000,0.5,1,17,0.006199790997925447,1.2399581995850894e-06,0.0016896249981073197,6.758499992429278e-07,2991,1.1964,4,0.4776,3935,6065,0.6581019981735354,841,4776,,
universal,uniform,5000,10000,0.5,3,17,0.011939167001401074,2.387833400280215e-06,0.004382875002193032,1.7531500008772128e-06,4250,1.7,5,0.4776,3870,6130,0.6756465348094371,906,4776,2.305843009213694e+18,"[[195095767942445094, 1500048066919629750], [1059562453095694534, 313986444720046481], [691564608163384468, 53651072377497930]]"
fixed,uniform,5000,10000,0.5,1,18,0.0061916669983475,1.2383333996695001e-06,0.0016733330012357328,6.693332004942931e-07,2968,1.1872,4,0.4746,3914,6086,0.658752487661337,832,4746,,
universal,uniform,5000,10000,0.5,3,18,0.01189370900101494,2.3787418002029883e-06,0.004414667000673944,1.7658668002695777e-06,4245,1.698,5,0.4746,3775,6225,0.688879408895345,971,4746,2.305843009213694e+18,"[[653524007492807808, 355415340864572460], [529539352426941228, 1114891161808553618], [2041277660056489008, 2248875904457507991]]"
fixed,uniform,5000,10000,0.5,1,19,0.00621595800112118,1.2431916002242361e-06,0.0016676659979566466,6.670663991826586e-07,3004,1.2016,4,0.4764,3929,6071,0.6576040145862858,835,4764,,
universal,uniform,5000,10000,0.5,3,19,0.012095165999198798,2.4190331998397598e-06,0.004397415999846999,1.7589663999387994e-06,4186,1.6744,4,0.4764,3848,6152,0.6772318952914135,916,4764,2.305843009213694e+18,"[[418983635330710152, 499844581152741729], [2091481658804620576, 676363097439722673], [1853845312400714918, 63921434307813850]]"
fixed,uniform,5000,10000,0.5,1,20,0.006189083000208484,1.2378166000416968e-06,0.00165624999863212,6.62499999452848e-07,2938,1.1752,4,0.4736,3950,6050,0.6473816803092284,786,4736,,
universal,uniform,5000,10000,0.5,3,20,0.01192379200074356,2.384758400148712e-06,0.004369415997643955,1.747766399057582e-06,4257,1.7028,5,0.4736,3805,6195,0.6811042798279864,931,4736,2.305843009213694e+18,"[[1326467972949138173, 150235521510768009], [1878749678761878296, 2057856258604839518], [714528426559143356, 1546845777023972402]]"
fixed,uniform,5000,10000,0.5,1,21,0.006237166999198962,1.2474333998397923e-06,0.0016672080018906854,6.668832007562742e-07,2979,1.1916,4,0.4772,3975,6025,0.6489068962493773,797,4772,,
universal,uniform,5000,10000,0.5,3,21,0.011792708999564638,2.3585417999129275e-06,0.004464124998776242,1.785649999510497e-06,4263,1.7052,5,0.4772,3809,6191,0.6856239202361598,963,4772,2.305843009213694e+18,"[[1024322815512585445, 2145571529822921201], [583220317473756343, 1521440433806999588], [891688296819238137, 181082232511610579]]"
fixed,uniform,5000,10000,0.5,1,22,0.006310332999419188,1.2620665998838376e-06,0.001678707998507889,6.714831994031556e-07,2971,1.1884,4,0.4752,3933,6067,0.6549694344013315,819,4752,,
universal,uniform,5000,10000,0.5,3,22,0.011790166001446778,2.3580332002893556e-06,0.004362042000138899,1.7448168000555598e-06,4200,1.68,5,0.4752,3843,6157,0.6730415737530632,909,4752,2.305843009213694e+18,"[[287886780813115929, 1413457234261051687], [1236295213923302512, 1583790892526252416], [469264712334336849, 619461346342472605]]"
fixed,uniform,5000,10000,0.5,1,23,0.006171000000904314,1.234200000180863e-06,0.0016820409982756246,6.728163993102499e-07,2963,1.1852,4,0.4778,3954,6046,0.6570442603051944,824,4778,,
universal,uniform,5000,10000,0.5,3,23,0.0117805000008957,2.35610000017914e-06,0.004379250000056345,1.751700000022538e-06,4956,1.9824,5,0.4778,3706,6294,0.711833660344887,1072,4778,2.305843009213694e+18,"[[666030003530279332, 1185754838603315180], [507164280403988863, 1057119984642882112], [1021713661893975990, 2137083730657759889]]"
fixed,uniform,5000,10000,0.5,1,24,0.00619274999917252,1.238549999834504e-06,0.001660291000007419,6.641164000029676e-07,2921,1.1684,4,0.4767,3977,6023,0.6511966753600635,790,4767,,
universal,uniform,5000,10000,0.5,3,24,0.012001167000562418,2.400233400112484e-06,0.00436220899791806,1.744883599167224e-06,4116,1.6464,4,0.4767,3843,6157,0.677537534015644,924,4767,2.305843009213694e+18,"[[719391770955253926, 2130106160647316609], [1814591772010625413, 678012837864961736], [2256121436648175771, 1806161501175307684]]"
fixed,uniform,5000,10000,0.5,1,25,0.006211542000528425,1.242308400105685e-06,0.0016513750015292317,6.605500006116926e-07,2954,1.1816,4,0.4744,3919,6081,0.6540218956579359,825,4744,,
universal,uniform,5000,10000,0.5,3,25,0.011964875000558095,2.392975000111619e-06,0.004359958998975344,1.7439835995901377e-06,4227,1.6908,6,0.4744,3788,6212,0.683772359780651,956,4744,2.305843009213694e+18,"[[267692963849940753, 941673545738002381], [1078297968137412989, 615313745506248579], [1375102846946731697, 1124764272089465404]]"
fixed,uniform,5000,10000,0.5,1,26,0.00622891700186301,1.245783400372602e-06,0.0016447910020360723,6.579164008144289e-07,2972,1.1888,4,0.4772,3941,6059,0.6580882615576729,831,4772,,
universal,uniform,5000,10000,0.5,3,26,0.012032082999212435,2.406416599842487e-06,0.0044257909976295196,1.7703163990518078e-06,4158,1.6632,5,0.4772,3857,6143,0.6799118766428485,915,4772,2.305843009213694e+18,"[[1075367493781816306, 1590101887495472611], [1902892487837865007, 1154722482783782897], [1398969667391390162, 561164263128564704]]"
fixed,uniform,5000,10000,0.5,1,27,0.006189207997522317,1.2378415995044634e-06,0.0016231660010816995,6.492664004326798e-07,2918,1.1672,4,0.4784,3931,6069,0.6602525577383248,853,4784,,
universal,uniform,5000,10000,0.5,3,27,0.01197337499979767,2.394674999959534e-06,0.00443595899923821,1.7743835996952838e-06,5129,2.0516,5,0.4784,3649,6351,0.7292005485461458,1135,4784,2.305843009213694e+18,"[[86018572855962195, 1847883699258444581], [153743650771889609, 794633789185287595], [2121092647333014343, 2013162642849706046]]"
fixed,uniform,5000,10000,0.5,1,28,0.006158500000310596,1.2317000000621193e-06,0.0016353749997506384,6.541499999002553e-07,2955,1.182,5,0.4748,3954,6046,0.6488181255174673,794,4748,,
universal,uniform,5000,10000,0.5,3,28,0.011883332997967955,2.376666599593591e-06,0.0043340830015949905,1.7336332006379962e-06,4198,1.6792,5,0.4748,3782,6218,0.6897571746636638,966,4748,2.305843009213694e+18,"[[273089160051860230, 1621121173616640907], [1037773347474994553, 742865219208374151], [246540013351488701, 1890370731478794172]]"
fixed,uniform,5000,10000,0.5,1,29,0.006151833000330953,1.2303666000661906e-06,0.0016770000001997687,6.708000000799075e-07,2954,1.1816,4,0.4743,3951,6049,0.6494147442120483,792,4743,,
universal,uniform,5000,10000,0.5,3,29,0.011995333999948343,2.3990667999896686e-06,0.004437040999619057,1.774816399847623e-06,4231,1.6924,5,0.4743,3829,6171,0.6795141720376404,914,4743,2.305843009213694e+18,"[[1172432318357405658, 1841538480035479711], [610889197299678937, 356910957590253921], [1744744512350649053, 459482189801702091]]"
fixed,sorted,5000,10000,0.5,1,0,0.006386708999343682,1.2773417998687364e-06,0.0016163749969564378,6.465499987825751e-07,2500,1.0,1,0.5,5000,5000,0.5,0,5000,,
universal,sorted,5000,10000,0.5,3,0,0.011998833000689046,2.399766600137809e-06,0.004318166997109074,1.7272667988436296e-06,3834,1.5336,3,0.5,4196,5804,0.6485368146836384,804,5000,2.305843009213694e+18,"[[256711980439665054, 1709899044117486289], [564682175042572888, 321752549611034334], [236337776990707882, 1707863537360842093]]"
fixed,sorted,5000,10000,0.5,1,1,0.006456082999648061,1.291216599929612e-06,0.0016307090008922387,6.522836003568954e-07,2500,1.0,1,0.5,5000,5000,0.5,0,5000,,
universal,sorted,5000,10000,0.5,3,1,0.01198770799965132,2.3975415999302642e-06,0.004307499999413267,1.7229999997653067e-06,3869,1.5476,3,0.5,4201,5799,0.648074069840786,799,5000,2.305843009213694e+18,"[[659665203979258006, 1758630025113616856], [2212240429613108902, 852878681887507335], [1610489816920689347, 222016741360720591]]"
fixed,sorted,5000,10000,0.5,1,2,0.00640762499824632,1.281524999649264e-06,0.001633291998587083,6.533167994348333e-07,2500,1.0,1,0.5,5000,5000,0.5,0,5000,,
universal,sorted,5000,10000,0.5,3,2,0.0120193750008184,2.40387500016368e-06,0.004355999997642357,1.7423999990569428e-06,3847,1.5388,4,0.5,4213,5787,0.6477653896280658,787,5000,2.305843009213694e+18,"[[1199085610155232937, 1617812241682181496], [268989063807004320, 875226211544593835], [667698580330647039, 518091674429352682]]"
fixed,sorted,5000,10000,0.5,1,3,0.006404166997526772,1.2808333995053545e-06,0.0016422499975305982,6.568999990122393e-07,2500,1.0,1,0.5,5000,5000,0.5,0,5000,,
universal,sorted,5000,10000,0.5,3,3,0.0123783339986403,2.47566679972806e-06,0.004684707997512305,1.873883199004922e-06,8723,3.4892,12,0.5,3274,6726,1.0496666137398103,1726,5000,2.305843009213694e+18,"[[963130306873368709, 594124941275654819], [699113413627218811, 49790444920847614], [1116618126344352917, 264798812748597129]]"
fixed,sorted,5000,10000,0.5,1,4,0.0064678749986342154,1.293574999726843e-06,0.0015977080001903232,6.390832000761293e-07,2500,1.0,1,0.5,5000,5000,0.5,0,5000,,
universal,sorted,5000,10000,0.5,3,4,0.012181624999357155,2.436324999871431e-06,0.004427957999723731,1.7711831998894922e-06,4640,1.856,5,0.5,3944,6056,0.7071067811865476,1056,5000,2.305843009213694e+18,"[[176127807941085543, 92145436972157049], [1353304280071655414, 2046636642761636536], [1463118878522575776, 350413271360474182]]"
fixed,sorted,5000,10000,0.5,1,5,0.006526208002469502,1.3052416004939004e-06,0.0016458329992019571,6.583331996807829e-07,2500,1.0,1,0.5,5000,5000,0.5,0,5000,,
universal,sorted,5000,10000,0.5,3,5,0.012134167001931928,2.4268334003863858e-06,0.004345749999629334,1.7382999998517334e-06,3805,1.522,5,0.5,4175,5825,0.6542170893518451,825,5000,2.305843009213694e+18,"[[144173240364996770, 1276607102766329742], [1316153465216681486, 593588258721341972], [891339916669062610, 1419387771326649839]]"
fixed,sorted,5000,10000,0.5,1,6,0.006390250000549713,1.2780500001099425e-06,0.001610833998711314,6.443335994845256e-07,2500,1.0,1,0.5,5000,5000,0.5,0,5000,,
universal,sorted,5000,10000,0.5,3,6,0.011993125001026783,2.3986250002053566e-06,0.004397582997626159,1.7590331990504637e-06,3826,1.5304,3,0.5,4196,5804,0.6482283548256741,804,5000,2.305843009213694e+18,"[[727386515324539458, 1284136067485901726], [1233138577490571038, 1828907452299493987], [1165171476919621068, 1646066583754636611]]"
fixed,sorted,5000,10000,0.5,1,7,0.0064013330011221115,1.2802666002244222e-06,0.0016260829979728442,6.504331991891377e-07,2500,1.0,1,0.5,5000,5000,0.5,0,5000,,
universal,sorted,5000,10000,0.5,3,7,0.012076457998773549,2.41529159975471e-06,0.004384542000479996,1.7538168001919984e-06,3821,1.5284,4,0.5,4155,5845,0.6562011886609167,845,5000,2.305843009213694e+18,"[[793970665397899006, 2152094108188559335], [745929175751854539, 1278256298576207987], [1862522474300937406, 1567653588555493210]]"
fixed,sorted,5000,10000,0.5,1,8,0.0063999580015661195,1.279991600313224e-06,0.0016085419993032701,6.434167997213081e-07,2500,1.0,1,0.5,5000,5000,0.5,0,5000,,
universal,sorted,5000,10000,0.5,3,8,0.011996000001090579,2.399200000218116e-06,0.004410166999150533,1.7640667996602132e-06,4246,1.6984,4,0.5,4073,5927,0.67468511173732,927,5000,2.305843009213694e+18,"[[1973099216186019426, 839551891445904909], [2054075847285760178, 1596895736779450158], [1768356806526079850, 761040643918656312]]"
fixed,sorted,5000,10000,0.5,1,9,0.006382084000506438,1.2764168001012877e-06,0.0016163330001290888,6.465332000516355e-07,2500,1.0,1,0.5,5000,5000,0.5,0,5000,,
universal,sorted,5000,10000,0.5,3,9,0.012071417000697693,2.4142834001395388e-06,0.004449415999260964,1.7797663997043855e-06,4422,1.7688,4,0.5,4020,5980,0.6865857557508749,980,5000,2.305843009213694e+18,"[[1933427113282973200, 1273492775044695229], [567420718719220919, 2291110579130834537], [1919842552580472723, 589921478534064354]]"
fixed,sorted,5000,10000,0.5,1,10,0.00640075000046636,1.280150000093272e-06,0.0016329579993907828,6.531831997563132e-07,2500,1.0,1,0.5,5000,5000,0.5,0,5000,,
universal,sorted,5000,10000,0.5,3,10,0.012118041999201523,2.4236083998403046e-06,0.004355083001428284,1.7420332005713135e-06,3898,1.5592,4,0.5,4177,5823,0.6546754921333163,823,5000,2.305843009213694e+18,"[[618696799174358726, 2029214271970554437], [1181946042011416434, 1971785935387254006], [855518877651879508, 78523067754061221]]"
fixed,sorted,5000,10000,0.5,1,11,0.006429625002056127,1.2859250004112255e-06,0.00162208300025668,6.48833200102672e-07,2500,1.0,1,0.5,5000,5000,0.5,0,5000,,
universal,sorted,5000,10000,0.5,3,11,0.012075082999217557,2.4150165998435113e-06,0.004411292000440881,1.7645168001763522e-06,4047,1.6188,4,0.5,4143,5857,0.6601514977639602,857,5000,2.305843009213694e+18,"[[1967359095987829717, 498185230560009946], [1157680175712590001, 1113020793331031894], [1655376568515428791, 831730782862272696]]"
fixed,sorted,5000,10000,0.5,1,12,0.0066547079986776225,1.3309415997355245e-06,0.0016223329985223245,6.489331994089298e-07,2500,1.0,1,0.5,5000,5000,0.5,0,5000,,
universal,sorted,5000,10000,0.5,3,12,0.012394041998049943,2.4788083996099886e-06,0.004364666001492878,1.7458664005971514e-06,4324,1.7296,4,0.5,3995,6005,0.691809222257119,1005,5000,2.305843009213694e+18,"[[2258536001366688123, 1012121370449003109], [686970057059376321, 2051824648104402063], [1124175962628406669, 504983195232581899]]"
fixed,sorted,5000,10000,0.5,1,13,0.0062805419984215405,1.2561083996843082e-06,0.0016297910005960148,6.519164002384059e-07,2500,1.0,1,0.5,5000,5000,0.5,0,5000,,
universal,sorted,5000,10000,0.5,3,13,0.011883833001775201,2.3767666003550404e-06,0.004380834001494804,1.7523336005979217e-06,4373,1.7492,5,0.5,3780,6220,0.7329392880723478,1220,5000,2.305843009213694e+18,"[[2277903568736387890, 452514279465990313], [2303280692498563247, 697951185415921787], [183691764838410618, 423743168849403417]]"
fixed,sorted,5000,10000,0.5,1,14,0.006362459000229137,1.2724918000458274e-06,0.0016221250007220078,6.488500002888031e-07,2500,1.0,1,0.5,5000,5000,0.5,0,5000,,
universal,sorted,5000,10000,0.5,3,14,0.011960458003159147,2.3920916006318294e-06,0.004320333999203285,1.7281335996813142e-06,3732,1.4928,3,0.5,4255,5745,0.637808748764079,745,5000,2.305843009213694e+18,"[[1956076132499880650, 26508845497723367], [1505952038662606745, 694384076709536977], [1251442079079685814, 2146666122401106131]]"
fixed,sorted,5000,10000,0.5,1,15,0.00636566700268304,1.273133400536608e-06,0.001621166000404628,6.484664001618512e-07,2500,1.0,1,0.5,5000,5000,0.5,0,5000,,
universal,sorted,5000,10000,0.5,3,15,0.01212041700273403,2.424083400546806e-06,0.004329791998316068,1.7319167993264274e-06,3877,1.5508,4,0.5,4105,5895,0.6688796603276258,895,5000,2.305843009213694e+18,"[[847978861133403702, 1395714462194184430], [518482636670340538, 740682746084312398], [1100716632290196263, 2269261073193213249]]"
fixed,sorted,5000,10000,0.5,1,16,0.006357709000440082,1.2715418000880163e-06,0.0016092920013761614,6.437168005504645e-07,2500,1.0,1,0.5,5000,5000,0.5,0,5000,,
universal,sorted,5000,10000,0.5,3,16,0.01193858300030115,2.38771660006023e-06,0.004345582998212194,1.7382331992848777e-06,3771,1.5084,4,0.5,4152,5848,0.6592419889539803,848,5000,2.305843009213694e+18,"[[454612962106966139, 1702438209959121919], [2265420330264173236, 463866247378689703], [443667755326800348, 934787930118675060]]"
fixed,sorted,5000,10000,0.5,1,17,0.006388249999872642,1.2776499999745284e-06,0.0016276249989459757,6.510499995783903e-07,2500,1.0,1,0.5,5000,5000,0.5,0,5000,,
universal,sorted,5000,10000,0.5,3,17,0.01207266600249568,2.414533200499136e-06,0.004424290997121716,1.7697163988486863e-06,4235,1.694,4,0.5,4029,5971,0.6852736679604725,971,5000,2.305843009213694e+18,"[[195095767942445094, 1500048066919629750], [1059562453095694534, 313986444720046481], [691564608163384468, 53651072377497930]]"
fixed,sorted,5000,10000,0.5,1,18,0.006398166999133537,1.2796333998267073e-06,0.0016564580000704154,6.625832000281661e-07,2500,1.0,1,0.5,5000,5000,0.5,0,5000,,
universal,sorted,5000,10000,0.5,3,18,0.012141667000832967,2.4283334001665933e-06,0.0044150419998914,1.7660167999565602e-06,4246,1.6984,6,0.5,3785,6215,0.7492663077971676,1215,5000,2.305843009213694e+18,"[[653524007492807808, 355415340864572460], [529539352426941228, 1114891161808553618], [2041277660056489008, 2248875904457507991]]"
fixed,sorted,5000,10000,0.5,1,19,0.006382874998962507,1.2765749997925014e-06,0.0016163340005732607,6.465336002293043e-07,2500,1.0,1,0.5,5000,5000,0.5,0,5000,,
universal,sorted,5000,10000,0.5,3,19,0.012088041999959387,2.4176083999918773e-06,0.004355165998276789,1.7420663993107154e-06,4154,1.6616,4,0.5,4083,5917,0.6740919818541087,917,5000,2.305843009213694e+18,"[[418983635330710152, 499844581152741729], [2091481658804620576, 676363097439722673], [1853845312400714918, 63921434307813850]]"
fixed,sorted,5000,10000,0.5,1,20,0.006365541001287056,1.2731082002574112e-06,0.0016380829983972944,6.552331993589178e-07,2500,1.0,1,0.5,5000,5000,0.5,0,5000,,
universal,sorted,5000,10000,0.5,3,20,0.011980291001236765,2.396058200247353e-06,0.004371292001451366,1.7485168005805462e-06,4009,1.6036,4,0.5,3998,6002,0.6900724599634447,1002,5000,2.305843009213694e+18,"[[1326467972949138173, 150235521510768009], [1878749678761878296, 2057856258604839518], [714528426559143356, 1546845777023972402]]"
fixed,sorted,5000,10000,0.5,1,21,0.007605499999044696,1.5210999998089392e-06,0.0018891250001615845,7.556500000646338e-07,2500,1.0,1,0.5,5000,5000,0.5,0,5000,,
universal,sorted,5000,10000,0.5,3,21,0.014662125002359971,2.9324250004719944e-06,0.004930709001200739,1.9722836004802956e-06,3790,1.516,3,0.5,4213,5787,0.6434283176858165,787,5000,2.305843009213694e+18,"[[1024322815512585445, 2145571529822921201], [583220317473756343, 1521440433806999588], [891688296819238137, 181082232511610579]]"
fixed,sorted,5000,10000,0.5,1,22,0.006450707998737926,1.290141599747585e-06,0.001812124999560183,7.248499998240732e-07,2500,1.0,1,0.5,5000,5000,0.5,0,5000,,
universal,sorted,5000,10000,0.5,3,22,0.012675250000029337,2.5350500000058674e-06,0.0045258330028445926,1.810333201137837e-06,5294,2.1176,6,0.5,3787,6213,0.7477967638335967,1213,5000,2.305843009213694e+18,"[[287886780813115929, 1413457234261051687], [1236295213923302512, 1583790892526252416], [469264712334336849, 619461346342472605]]"
fixed,sorted,5000,10000,0.5,1,23,0.006464583002525615,1.2929166005051228e-06,0.0017000000007101335,6.800000002840534e-07,2500,1.0,1,0.5,5000,5000,0.5,0,5000,,
universal,sorted,5000,10000,0.5,3,23,0.012236624999786727,2.4473249999573454e-06,0.004404584000440082,1.7618336001760326e-06,4684,1.8736,4,0.5,3920,6080,0.7071067811865476,1080,5000,2.305843009213694e+18,"[[666030003530279332, 1185754838603315180], [507164280403988863, 1057119984642882112], [1021713661893975990, 2137083730657759889]]"
fixed,sorted,5000,10000,0.5,1,24,0.006994749997829786,1.3989499995659572e-06,0.002743332999671111,1.0973331998684444e-06,2500,1.0,1,0.5,5000,5000,0.5,0,5000,,
universal,sorted,5000,10000,0.5,3,24,0.012733708001178456,2.5467416002356914e-06,0.004734209000162082,1.8936836000648327e-06,4234,1.6936,4,0.5,4078,5922,0.6757218362610461,922,5000,2.305843009213694e+18,"[[719391770955253926, 2130106160647316609], [1814591772010625413, 678012837864961736], [2256121436648175771, 1806161501175307684]]"
fixed,sorted,5000,10000,0.5,1,25,0.007700166002905462,1.5400332005810924e-06,0.0017767919998732395,7.107167999492959e-07,2500,1.0,1,0.5,5000,5000,0.5,0,5000,,
universal,sorted,5000,10000,0.5,3,25,0.014008666999870911,2.8017333999741823e-06,0.005857541000295896,2.3430164001183585e-06,3985,1.594,5,0.5,4002,5998,0.6933974329343886,998,5000,2.305843009213694e+18,"[[267692963849940753, 941673545738002381], [1078297968137412989, 615313745506248579], [1375102846946731697, 1124764272089465404]]"
fixed,sorted,5000,10000,0.5,1,26,0.006541833998198854,1.3083667996397708e-06,0.0016620420028630178,6.648168011452071e-07,2500,1.0,1,0.5,5000,5000,0.5,0,5000,,
universal,sorted,5000,10000,0.5,3,26,0.012305625001317821,2.461125000263564e-06,0.009308959000918549,3.7235836003674196e-06,3697,1.4788,3,0.5,4237,5763,0.6421837743200929,763,5000,2.305843009213694e+18,"[[1075367493781816306, 1590101887495472611], [1902892487837865007, 1154722482783782897], [1398969667391390162, 561164263128564704]]"
fixed,sorted,5000,10000,0.5,1,27,0.0684440419972816,1.368880839945632e-05,0.0028066670020052698,1.122666800802108e-06,2500,1.0,1,0.5,5000,5000,0.5,0,5000,,
universal,sorted,5000,10000,0.5,3,27,0.05826533299841685,1.1653066599683371e-05,0.007486458998755552,2.9945835995022207e-06,5125,2.05,5,0.5,3805,6195,0.731983606373804,1195,5000,2.305843009213694e+18,"[[86018572855962195, 1847883699258444581], [153743650771889609, 794633789185287595], [2121092647333014343, 2013162642849706046]]"
fixed,sorted,5000,10000,0.5,1,28,0.010549541002546903,2.1099082005093806e-06,0.0027484590027597733,1.0993836011039093e-06,2500,1.0,1,0.5,5000,5000,0.5,0,5000,,
universal,sorted,5000,10000,0.5,3,28,0.021376583001256222,4.275316600251244e-06,0.008531708001100924,3.4126832004403695e-06,3708,1.4832,3,0.5,4220,5780,0.6438944012802099,780,5000,2.305843009213694e+18,"[[273089160051860230, 1621121173616640907], [1037773347474994553, 742865219208374151], [246540013351488701, 1890370731478794172]]"
fixed,sorted,5000,10000,0.5,1,29,0.009592958998837275,1.918591799767455e-06,0.0023777920032443944,9.511168012977578e-07,2500,1.0,1,0.5,5000,5000,0.5,0,5000,,
universal,sorted,5000,10000,0.5,3,29,0.017142707998573314,3.428541599714663e-06,0.00608358300087275,2.4334332003491e-06,3962,1.5848,4,0.5,4075,5925,0.6715653356152326,925,5000,2.305843009213694e+18,"[[1172432318357405658, 1841538480035479711], [610889197299678937, 356910957590253921], [1744744512350649053, 459482189801702091]]"
fixed,adversarial,5000,10000,0.5,1,0,0.12009825000131968,2.401965000026394e-05,0.3543836669996381,0.00014175346679985522,6315604,2526.2416,5000,0.5,1,9999,49.997499937496876,4999,5000,,
universal,adversarial,5000,10000,0.5,3,0,0.012115833000279963,2.4231666000559926e-06,0.004458834002434742,1.7835336009738967e-06,3781,1.5124,3,0.5,4193,5807,0.6516133823057965,807,5000,2.305843009213694e+18,"[[256711980439665054, 1709899044117486289], [564682175042572888, 321752549611034334], [236337776990707882, 1707863537360842093]]"
fixed,adversarial,5000,10000,0.5,1,1,0.08733545799987041,1.7467091599974083e-05,0.3533935419982299,0.00014135741679929196,6284376,2513.7504,5000,0.5,1,9999,49.997499937496876,4999,5000,,
universal,adversarial,5000,10000,0.5,3,1,0.012084999998478452,2.41699999969569e-06,0.004691541998909088,1.8766167995636352e-06,4452,1.7808,4,0.5,3966,6034,0.6975672010638115,1034,5000,2.305843009213694e+18,"[[659665203979258006, 1758630025113616856], [2212240429613108902, 852878681887507335], [1610489816920689347, 222016741360720591]]"
fixed,adversarial,5000,10000,0.5,1,2,0.08704999999827123,1.7409999999654246e-05,0.35392070899979444,0.00014156828359991778,6259224,2503.6896,5000,0.5,1,9999,49.997499937496876,4999,5000,,
universal,adversarial,5000,10000,0.5,3,2,0.012015125001198612,2.4030250002397224e-06,0.004779750001034699,1.9119000004138796e-06,4552,1.8208,5,0.5,3903,6097,0.716798437498297,1097,5000,2.305843009213694e+18,"[[1199085610155232937, 1617812241682181496], [268989063807004320, 875226211544593835], [667698580330647039, 518091674429352682]]"
fixed,adversarial,5000,10000,0.5,1,3,0.08744591699723969,1.748918339944794e-05,0.36033920800036867,0.00014413568320014746,6259113,2503.6452,5000,0.5,1,9999,49.997499937496876,4999,5000,,
universal,adversarial,5000,10000,0.5,3,3,0.012360249998891959,2.472049999778392e-06,0.004521582999586826,1.8086331998347304e-06,3752,1.5008,3,0.5,4207,5793,0.6457553716385176,793,5000,2.305843009213694e+18,"[[963130306873368709, 594124941275654819], [699113413627218811, 49790444920847614], [1116618126344352917, 264798812748597129]]"
fixed,adversarial,5000,10000,0.5,1,4,0.08834624999872176,1.7669249999744352e-05,0.3525586249998014,0.00014102344999992057,6275042,2510.0168,5000,0.5,1,9999,49.997499937496876,4999,5000,,
universal,adversarial,5000,10000,0.5,3,4,0.012756250001984881,2.5512500003969763e-06,0.0047123330004978925,1.884933200199157e-06,4033,1.6132,4,0.5,4125,5875,0.6625707509390978,875,5000,2.305843009213694e+18,"[[176127807941085543, 92145436972157049], [1353304280071655414, 2046636642761636536], [1463118878522575776, 350413271360474182]]"
fixed,adversarial,5000,10000,0.5,1,5,0.0877504170020984,1.755008340041968e-05,0.3470833749997837,0.00013883334999991348,6191325,2476.53,5000,0.5,1,9999,49.997499937496876,4999,5000,,
universal,adversarial,5000,10000,0.5,3,5,0.012060500001098262,2.4121000002196523e-06,0.004611374999512918,1.8445499998051674e-06,3837,1.5348,4,0.5,4159,5841,0.6575712889109439,841,5000,2.305843009213694e+18,"[[144173240364996770, 1276607102766329742], [1316153465216681486, 593588258721341972], [891339916669062610, 1419387771326649839]]"
fixed,adversarial,5000,10000,0.5,1,6,0.0878722919987922,1.757445839975844e-05,0.3511369999978342,0.00014045479999913368,6262316,2504.9264,5000,0.5,1,9999,49.997499937496876,4999,5000,,
universal,adversarial,5000,10000,0.5,3,6,0.012160416998085566,2.432083399617113e-06,0.004507875000854256,1.8031500003417022e-06,4163,1.6652,4,0.5,4002,5998,0.6932532004974806,998,5000,2.305843009213694e+18,"[[727386515324539458, 1284136067485901726], [1233138577490571038, 1828907452299493987], [1165171476919621068, 1646066583754636611]]"
fixed,adversarial,5000,10000,0.5,1,7,0.08680941700004041,1.736188340000808e-05,0.3706756249994214,0.00014827024999976857,6260862,2504.3448,5000,0.5,1,9999,49.997499937496876,4999,5000,,
universal,adversarial,5000,10000,0.5,3,7,0.012170958001661347,2.4341916003322694e-06,0.004860499997448642,1.9441999989794565e-06,9200,3.68,8,0.5,3209,6791,0.9532051195833979,1791,5000,2.305843009213694e+18,"[[793970665397899006, 2152094108188559335], [745929175751854539, 1278256298576207987], [1862522474300937406, 1567653588555493210]]"
fixed,adversarial,5000,10000,0.5,1,8,0.08719475000179955,1.743895000035991e-05,0.34846974999891245,0.00013938789999956499,6217488,2486.9952,5000,0.5,1,9999,49.997499937496876,4999,5000,,
universal,adversarial,5000,10000,0.5,3,8,0.012329124998359475,2.4658249996718952e-06,0.004368292000435758,1.7473168001743034e-06,3956,1.5824,4,0.5,4010,5990,0.6902173570694959,990,5000,2.305843009213694e+18,"[[1973099216186019426, 839551891445904909], [2054075847285760178, 1596895736779450158], [1768356806526079850, 761040643918656312]]"
fixed,adversarial,5000,10000,0.5,1,9,0.08687033400201472,1.7374066800402944e-05,0.3485245420015417,0.00013940981680061668,6212475,2484.99,5000,0.5,1,9999,49.997499937496876,4999,5000,,
universal,adversarial,5000,10000,0.5,3,9,0.012001749997580191,2.4003499995160382e-06,0.0047492499979853164,1.8996999991941265e-06,4233,1.6932,5,0.5,3756,6244,0.7501999733404421,1244,5000,2.305843009213694e+18,"[[1933427113282973200, 1273492775044695229], [567420718719220919, 2291110579130834537], [1919842552580472723, 589921478534064354]]"
fixed,adversarial,5000,10000,0.5,1,10,0.08706933299981756,1.7413866599963513e-05,0.3456607910011371,0.00013826431640045486,6199565,2479.826,5000,0.5,1,9999,49.997499937496876,4999,5000,,
universal,adversarial,5000,10000,0.5,3,10,0.012336291998508386,2.467258399701677e-06,0.005570124998484971,2.2280499993939884e-06,4152,1.6608,4,0.5,3960,6040,0.7014271166700072,1040,5000,2.305843009213694e+18,"[[618696799174358726, 2029214271970554437], [1181946042011416434, 1971785935387254006], [855518877651879508, 78523067754061221]]"
fixed,adversarial,5000,10000,0.5,1,11,0.0890586669993354,1.781173339986708e-05,0.5354645419974986,0.00021418581679899943,6354800,2541.92,5000,0.5,1,9999,49.997499937496876,4999,5000,,
universal,adversarial,5000,10000,0.5,3,11,0.012174625000625383,2.4349250001250765e-06,0.019213709001633106,7.685483600653243e-06,4119,1.6476,4,0.5,4118,5882,0.6669332800213227,882,5000,2.305843009213694e+18,"[[1967359095987829717, 498185230560009946], [1157680175712590001, 1113020793331031894], [1655376568515428791, 831730782862272696]]"
fixed,adversarial,5000,10000,0.5,1,12,0.15624649999881512,3.1249299999763026e-05,0.37223612500019954,0.00014889445000007982,6222051,2488.8204,5000,0.5,1,9999,49.997499937496876,4999,5000,,
universal,adversarial,5000,10000,0.5,3,12,0.020935250002366956,4.1870500004733915e-06,0.004486334000830539,1.7945336003322155e-06,3684,1.4736,4,0.5,4188,5812,0.6513063795173513,812,5000,2.305843009213694e+18,"[[2258536001366688123, 1012121370449003109], [686970057059376321, 2051824648104402063], [1124175962628406669, 504983195232581899]]"
fixed,adversarial,5000,10000,0.5,1,13,0.0924827919989184,1.849655839978368e-05,0.35972312499870895,0.0001438892499994836,6225425,2490.17,5000,0.5,1,9999,49.997499937496876,4999,5000,,
universal,adversarial,5000,10000,0.5,3,13,0.012362082998151891,2.472416599630378e-06,0.004618000002665212,1.8472000010660848e-06,3729,1.4916,3,0.5,4246,5754,0.6401562309311689,754,5000,2.305843009213694e+18,"[[2277903568736387890, 452514279465990313], [2303280692498563247, 697951185415921787], [183691764838410618, 423743168849403417]]"
fixed,adversarial,5000,10000,0.5,1,14,0.0874318750029488,1.748637500058976e-05,0.35933208300048136,0.00014373283320019255,6353150,2541.26,5000,0.5,1,9999,49.997499937496876,4999,5000,,
universal,adversarial,5000,10000,0.5,3,14,0.01880337499824236,3.7606749996484722e-06,0.004603083001711639,1.8412332006846555e-06,3751,1.5004,4,0.5,4093,5907,0.6714164132637808,907,5000,2.305843009213694e+18,"[[1956076132499880650, 26508845497723367], [1505952038662606745, 694384076709536977], [1251442079079685814, 2146666122401106131]]"
fixed,adversarial,5000,10000,0.5,1,15,0.0921709579997696,1.843419159995392e-05,0.35603474999879836,0.00014241389999951933,6344329,2537.7316,5000,0.5,1,9999,49.997499937496876,4999,5000,,
universal,adversarial,5000,10000,0.5,3,15,0.012159709000115981,2.4319418000231964e-06,0.005739374999393476,2.2957499997573903e-06,4792,1.9168,5,0.5,3905,6095,0.7176350047203662,1095,5000,2.305843009213694e+18,"[[847978861133403702, 1395714462194184430], [518482636670340538, 740682746084312398], [1100716632290196263, 2269261073193213249]]"
fixed,adversarial,5000,10000,0.5,1,16,0.1032105420017615,2.06421084003523e-05,0.34869800000160467,0.00013947920000064186,6183730,2473.492,5000,0.5,1,9999,49.997499937496876,4999,5000,,
universal,adversarial,5000,10000,0.5,3,16,0.012392958997224923,2.478591799444985e-06,0.004541292000794783,1.8165168003179133e-06,4126,1.6504,4,0.5,4056,5944,0.678527818147495,944,5000,2.305843009213694e+18,"[[454612962106966139, 1702438209959121919], [2265420330264173236, 463866247378689703], [443667755326800348, 934787930118675060]]"
fixed,adversarial,5000,10000,0.5,1,17,0.0868891669997538,1.737783339995076e-05,0.3586195419993601,0.00014344781679974402,6282088,2512.8352,5000,0.5,1,9999,49.997499937496876,4999,5000,,
universal,adversarial,5000,10000,0.5,3,17,0.012127999998483574,2.425599999696715e-06,0.004645708002499305,1.858283200999722e-06,3762,1.5048,4,0.5,4210,5790,0.6471475874945375,790,5000,2.305843009213694e+18,"[[195095767942445094, 1500048066919629750], [1059562453095694534, 313986444720046481], [691564608163384468, 53651072377497930]]"
fixed,adversarial,5000,10000,0.5,1,18,0.08708808300070814,1.7417616600141628e-05,0.3839585829991847,0.00015358343319967388,6220717,2488.2868,5000,0.5,1,9999,49.997499937496876,4999,5000,,
universal,adversarial,5000,10000,0.5,3,18,0.012142291001509875,2.428458200301975e-06,0.00466795900138095,1.8671836005523802e-06,4796,1.9184,6,0.5,3734,6266,0.7658981655546643,1266,5000,2.305843009213694e+18,"[[653524007492807808, 355415340864572460], [529539352426941228, 1114891161808553618], [2041277660056489008, 2248875904457507991]]"
fixed,adversarial,5000,10000,0.5,1,19,0.08755133299928275,1.751026659985655e-05,0.35576625000248896,0.00014230650000099558,6343895,2537.558,5000,0.5,1,9999,49.997499937496876,4999,5000,,
universal,adversarial,5000,10000,0.5,3,19,0.012365082999167498,2.4730165998334995e-06,0.0047753750004631,1.91015000018524e-06,5067,2.0268,7,0.5,3476,6524,0.8968834929911466,1524,5000,2.305843009213694e+18,"[[418983635330710152, 499844581152741729], [2091481658804620576, 676363097439722673], [1853845312400714918, 63921434307813850]]"
fixed,adversarial,5000,10000,0.5,1,20,0.08687812499920256,1.7375624999840512e-05,0.35296037499938393,0.00014118414999975357,6245921,2498.3684,5000,0.5,1,9999,49.997499937496876,4999,5000,,
universal,adversarial,5000,10000,0.5,3,20,0.01208795800266671,2.417591600533342e-06,0.004646166999009438,1.858466799603775e-06,3977,1.5908,4,0.5,4031,5969,0.6841052550594828,969,5000,2.305843009213694e+18,"[[1326467972949138173, 150235521510768009], [1878749678761878296, 2057856258604839518], [714528426559143356, 1546845777023972402]]"
fixed,adversarial,5000,10000,0.5,1,21,0.0883917079991079,1.767834159982158e-05,0.349445541996829,0.0001397782167987316,6194164,2477.6656,5000,0.5,1,9999,49.997499937496876,4999,5000,,
universal,adversarial,5000,10000,0.5,3,21,0.02154750000045169,4.309500000090339e-06,0.004861124998569721,1.9444499994278886e-06,3831,1.5324,3,0.5,4194,5806,0.6508456038109192,806,5000,2.305843009213694e+18,"[[1024322815512585445, 2145571529822921201], [583220317473756343, 1521440433806999588], [891688296819238137, 181082232511610579]]"
fixed,adversarial,5000,10000,0.5,1,22,0.17921862499861163,3.584372499972233e-05,0.4163509999998496,0.00016654039999993984,6340081,2536.0324,5000,0.5,1,9999,49.997499937496876,4999,5000,,
universal,adversarial,5000,10000,0.5,3,22,0.012269083999854047,2.453816799970809e-06,0.004595457998220809,1.8381831992883234e-06,4122,1.6488,4,0.5,4087,5913,0.6705221845696084,913,5000,2.305843009213694e+18,"[[287886780813115929, 1413457234261051687], [1236295213923302512, 1583790892526252416], [469264712334336849, 619461346342472605]]"
fixed,adversarial,5000,10000,0.5,1,23,0.08946237499912968,1.7892474999825935e-05,0.35514612499900977,0.0001420584499996039,6176297,2470.5188,5000,0.5,1,9999,49.997499937496876,4999,5000,,
universal,adversarial,5000,10000,0.5,3,23,0.01212087500243797,2.424175000487594e-06,0.005942166000750149,2.3768664003000595e-06,4260,1.704,5,0.5,3929,6071,0.708801805866774,1071,5000,2.305843009213694e+18,"[[666030003530279332, 1185754838603315180], [507164280403988863, 1057119984642882112], [1021713661893975990, 2137083730657759889]]"
fixed,adversarial,5000,10000,0.5,1,24,0.14823099999921396,2.964619999984279e-05,0.3563700000013341,0.00014254800000053364,6226543,2490.6172,5000,0.5,1,9999,49.997499937496876,4999,5000,,
universal,adversarial,5000,10000,0.5,3,24,0.013639290998980869,2.7278581997961735e-06,0.004773584001668496,1.9094336006673982e-06,4509,1.8036,6,0.5,3574,6426,0.8088263101556477,1426,5000,2.305843009213694e+18,"[[719391770955253926, 2130106160647316609], [1814591772010625413, 678012837864961736], [2256121436648175771, 1806161501175307684]]"
fixed,adversarial,5000,10000,0.5,1,25,0.08709187500062399,1.7418375000124796e-05,0.36218020799788064,0.00014487208319915226,6280077,2512.0308,5000,0.5,1,9999,49.997499937496876,4999,5000,,
universal,adversarial,5000,10000,0.5,3,25,0.012033999999403022,2.4067999998806043e-06,0.004685292002250208,1.874116800900083e-06,3964,1.5856,4,0.5,4150,5850,0.6607571414672716,850,5000,2.305843009213694e+18,"[[267692963849940753, 941673545738002381], [1078297968137412989, 615313745506248579], [1375102846946731697, 1124764272089465404]]"
fixed,adversarial,5000,10000,0.5,1,26,0.08672450000085519,1.7344900000171037e-05,0.35765154199907556,0.00014306061679963023,6356582,2542.6328,5000,0.5,1,9999,49.997499937496876,4999,5000,,
universal,adversarial,5000,10000,0.5,3,26,0.01231750000079046,2.463500000158092e-06,0.004710708999482449,1.8842835997929796e-06,4504,1.8016,5,0.5,3844,6156,0.7295203903935791,1156,5000,2.305843009213694e+18,"[[1075367493781816306, 1590101887495472611], [1902892487837865007, 1154722482783782897], [1398969667391390162, 561164263128564704]]"
fixed,adversarial,5000,10000,0.5,1,27,0.08764841700030956,1.7529683400061914e-05,0.35490650000065216,0.00014196260000026085,6323961,2529.5844,5000,0.5,1,9999,49.997499937496876,4999,5000,,
universal,adversarial,5000,10000,0.5,3,27,0.01204758300082176,2.409516600164352e-06,0.004697167001722846,1.8788668006891386e-06,3759,1.5036,3,0.5,4208,5792,0.6448255578061403,792,5000,2.305843009213694e+18,"[[86018572855962195, 1847883699258444581], [153743650771889609, 794633789185287595], [2121092647333014343, 2013162642849706046]]"
fixed,adversarial,5000,10000,0.5,1,28,0.0871954590002133,1.7439091800042662e-05,0.3493399170001794,0.00013973596680007177,6254940,2501.976,5000,0.5,1,9999,49.997499937496876,4999,5000,,
universal,adversarial,5000,10000,0.5,3,28,0.012039500001264969,2.4079000002529938e-06,0.0043790419986180495,1.7516167994472198e-06,4405,1.762,5,0.5,3920,6080,0.7068238818828917,1080,5000,2.305843009213694e+18,"[[273089160051860230, 1621121173616640907], [1037773347474994553, 742865219208374151], [246540013351488701, 1890370731478794172]]"
fixed,adversarial,5000,10000,0.5,1,29,0.08849783400000888,1.7699566800001774e-05,0.3539572080007929,0.00014158288320031715,6216478,2486.5912,5000,0.5,1,9999,49.997499937496876,4999,5000,,
universal,adversarial,5000,10000,0.5,3,29,0.01247716599755222,2.4954331995104438e-06,0.0046121250015858095,1.8448500006343237e-06,4090,1.636,4,0.5,4004,5996,0.6880406964707829,996,5000,2.305843009213694e+18,"[[1172432318357405658, 1841538480035479711], [610889197299678937, 356910957590253921], [1744744512350649053, 459482189801702091]]"
fixed,near_duplicate,5000,10000,0.5,1,0,0.0034177499983343296,6.835499996668659e-07,0.001684499999100808,6.737999996403232e-07,2500,1.0,1,0.05,500,9500,0.21794494717703367,0,500,,
universal,near_duplicate,5000,10000,0.5,3,0,0.008726750002097106,1.7453500004194212e-06,0.004309209001803538,1.7236836007214151e-06,2658,1.0632,2,0.05,493,9507,0.2211334438749598,7,500,2.305843009213694e+18,"[[256711980439665054, 1709899044117486289], [564682175042572888, 321752549611034334], [236337776990707882, 1707863537360842093]]"
fixed,near_duplicate,5000,10000,0.5,1,1,0.003423457997996593,6.846915995993186e-07,0.001671041998633882,6.684167994535528e-07,2500,1.0,1,0.05,500,9500,0.21794494717703367,0,500,,
universal,near_duplicate,5000,10000,0.5,3,1,0.008703208000952145,1.740641600190429e-06,0.004338541999459267,1.7354167997837066e-06,2653,1.0612,2,0.05,495,9505,0.2202271554554524,5,500,2.305843009213694e+18,"[[659665203979258006, 1758630025113616856], [2212240429613108902, 852878681887507335], [1610489816920689347, 222016741360720591]]"
fixed,near_duplicate,5000,10000,0.5,1,2,0.0034079580000252463,6.815916000050493e-07,0.0016617910005152225,6.64716400206089e-07,2500,1.0,1,0.05,500,9500,0.21794494717703367,0,500,,
universal,near_duplicate,5000,10000,0.5,3,2,0.00888262499938719,1.776524999877438e-06,0.004349292001279537,1.7397168005118146e-06,2642,1.0568,2,0.05,495,9505,0.2202271554554524,5,500,2.305843009213694e+18,"[[1199085610155232937, 1617812241682181496], [268989063807004320, 875226211544593835], [667698580330647039, 518091674429352682]]"
fixed,near_duplicate,5000,10000,0.5,1,3,0.0034222079993924126,6.844415998784825e-07,0.0016749589995015413,6.699835998006165e-07,2500,1.0,1,0.05,500,9500,0.21794494717703367,0,500,,
universal,near_duplicate,5000,10000,0.5,3,3,0.008757707997574471,1.7515415995148943e-06,0.00439974999972037,1.7598999998881481e-06,3278,1.3112,4,0.05,446,9554,0.24596747752497686,54,500,2.305843009213694e+18,"[[963130306873368709, 594124941275654819], [699113413627218811, 49790444920847614], [1116618126344352917, 264798812748597129]]"
fixed,near_duplicate,5000,10000,0.5,1,4,0.0034110409978893586,6.822081995778717e-07,0.0016643330018268898,6.65733200730756e-07,2500,1.0,1,0.05,500,9500,0.21794494717703367,0,500,,
universal,near_duplicate,5000,10000,0.5,3,4,0.008749333002924686,1.7498666005849372e-06,0.004324000001361128,1.729600000544451e-06,2599,1.0396,2,0.05,495,9505,0.2202271554554524,5,500,2.305843009213694e+18,"[[176127807941085543, 92145436972157049], [1353304280071655414, 2046636642761636536], [1463118878522575776, 350413271360474182]]"
fixed,near_duplicate,5000,10000,0.5,1,5,0.00340712500110385,6.8142500022077e-07,0.0016677499988873024,6.67099999554921e-07,2500,1.0,1,0.05,500,9500,0.21794494717703367,0,500,,
universal,near_duplicate,5000,10000,0.5,3,5,0.008639292002044385,1.727858400408877e-06,0.004341792002378497,1.7367168009513988e-06,2652,1.0608,2,0.05,488,9512,0.22338307903688676,12,500,2.305843009213694e+18,"[[144173240364996770, 1276607102766329742], [1316153465216681486, 593588258721341972], [891339916669062610, 1419387771326649839]]"
fixed,near_duplicate,5000,10000,0.5,1,6,0.003409500000998378,6.819000001996755e-07,0.0016690000011294615,6.676000004517846e-07,2500,1.0,1,0.05,500,9500,0.21794494717703367,0,500,,
universal,near_duplicate,5000,10000,0.5,3,6,0.008608374999312218,1.7216749998624437e-06,0.0043107919991598465,1.7243167996639385e-06,2611,1.0444,2,0.05,493,9507,0.2211334438749598,7,500,2.305843009213694e+18,"[[727386515324539458, 1284136067485901726], [1233138577490571038, 1828907452299493987], [1165171476919621068, 1646066583754636611]]"
fixed,near_duplicate,5000,10000,0.5,1,7,0.0034208340002805926,6.841668000561185e-07,0.0016693750003469177,6.677500001387671e-07,2500,1.0,1,0.05,500,9500,0.21794494717703367,0,500,,
universal,near_duplicate,5000,10000,0.5,3,7,0.008661957999720471,1.7323915999440943e-06,0.004322000000684056,1.7288000002736226e-06,2641,1.0564,2,0.05,490,9510,0.22248595461286988,10,500,2.305843009213694e+18,"[[793970665397899006, 2152094108188559335], [745929175751854539, 1278256298576207987], [1862522474300937406, 1567653588555493210]]"
fixed,near_duplicate,5000,10000,0.5,1,8,0.0034204590010631364,6.840918002126272e-07,0.0016751660004956648,6.700664001982659e-07,2500,1.0,1,0.05,500,9500,0.21794494717703367,0,500,,
universal,near_duplicate,5000,10000,0.5,3,8,0.00883258400062914,1.766516800125828e-06,0.004344667002442293,1.7378668009769172e-06,2819,1.1276,2,0.05,480,9520,0.22693611435820435,20,500,2.305843009213694e+18,"[[1973099216186019426, 839551891445904909], [2054075847285760178, 1596895736779450158], [1768356806526079850, 761040643918656312]]"
fixed,near_duplicate,5000,10000,0.5,1,9,0.003402750000532251,6.805500001064502e-07,0.0017227499993168749,6.890999997267499e-07,2500,1.0,1,0.05,500,9500,0.21794494717703367,0,500,,
universal,near_duplicate,5000,10000,0.5,3,9,0.008926916001655627,1.7853832003311254e-06,0.004391832997498568,1.7567331989994273e-06,2635,1.054,2,0.05,494,9506,0.22068076490713912,6,500,2.305843009213694e+18,"[[1933427113282973200, 1273492775044695229], [567420718719220919, 2291110579130834537], [1919842552580472723, 589921478534064354]]"
fixed,near_duplicate,5000,10000,0.5,1,10,0.0034384160026093014,6.876832005218603e-07,0.0017360000019834843,6.944000007933937e-07,2500,1.0,1,0.05,500,9500,0.21794494717703367,0,500,,
universal,near_duplicate,5000,10000,0.5,3,10,0.008688875001098495,1.737775000219699e-06,0.0043912499968428165,1.7564999987371266e-06,2620,1.048,2,0.05,492,9508,0.22158519806160337,8,500,2.305843009213694e+18,"[[618696799174358726, 2029214271970554437], [1181946042011416434, 1971785935387254006], [855518877651879508, 78523067754061221]]"
fixed,near_duplicate,5000,10000,0.5,1,11,0.003430125001614215,6.860250003228429e-07,0.0017201250011567026,6.880500004626811e-07,2500,1.0,1,0.05,500,9500,0.21794494717703367,0,500,,
universal,near_duplicate,5000,10000,0.5,3,11,0.008855250001943205,1.771050000388641e-06,0.004321707998315105,1.728683199326042e-06,2636,1.0544,2,0.05,487,9513,0.2238302928559939,13,500,2.305843009213694e+18,"[[1967359095987829717, 498185230560009946], [1157680175712590001, 1113020793331031894], [1655376568515428791, 831730782862272696]]"
fixed,near_duplicate,5000,10000,0.5,1,12,0.0034105829981854185,6.821165996370837e-07,0.0016815000017231796,6.726000006892718e-07,2500,1.0,1,0.05,500,9500,0.21794494717703367,0,500,,
universal,near_duplicate,5000,10000,0.5,3,12,0.008658374998049112,1.7316749996098223e-06,0.004350208000687417,1.7400832002749667e-06,2607,1.0428,2,0.05,495,9505,0.2202271554554524,5,500,2.305843009213694e+18,"[[2258536001366688123, 1012121370449003109], [686970057059376321, 2051824648104402063], [1124175962628406669, 504983195232581899]]"
fixed,near_duplicate,5000,10000,0.5,1,13,0.003419333999772789,6.838667999545578e-07,0.0016824589984025806,6.729835993610323e-07,2500,1.0,1,0.05,500,9500,0.21794494717703367,0,500,,
universal,near_duplicate,5000,10000,0.5,3,13,0.008718583001609659,1.7437166003219318e-06,0.0043364159973862115,1.7345663989544845e-06,2629,1.0516,2,0.05,494,9506,0.22068076490713912,6,500,2.305843009213694e+18,"[[2277903568736387890, 452514279465990313], [2303280692498563247, 697951185415921787], [183691764838410618, 423743168849403417]]"
fixed,near_duplicate,5000,10000,0.5,1,14,0.0034196250016975682,6.839250003395137e-07,0.001672792001045309,6.691168004181236e-07,2500,1.0,1,0.05,500,9500,0.21794494717703367,0,500,,
universal,near_duplicate,5000,10000,0.5,3,14,0.008755625000048894,1.751125000009779e-06,0.004353249998530373,1.7412999994121491e-06,2643,1.0572,2,0.05,492,9508,0.22158519806160337,8,500,2.305843009213694e+18,"[[1956076132499880650, 26508845497723367], [1505952038662606745, 694384076709536977], [1251442079079685814, 2146666122401106131]]"
fixed,near_duplicate,5000,10000,0.5,1,15,0.003402166999876499,6.804333999752998e-07,0.0016752500014263205,6.701000005705282e-07,2500,1.0,1,0.05,500,9500,0.21794494717703367,0,500,,
universal,near_duplicate,5000,10000,0.5,3,15,0.00885987499714247,1.7719749994284938e-06,0.004300500000681495,1.7202000002725981e-06,2620,1.048,2,0.05,490,9510,0.22248595461286988,10,500,2.305843009213694e+18,"[[847978861133403702, 1395714462194184430], [518482636670340538, 740682746084312398], [1100716632290196263, 2269261073193213249]]"
fixed,near_duplicate,5000,10000,0.5,1,16,0.0034047910012304783,6.809582002460957e-07,0.0017076249969250057,6.830499987700022e-07,2500,1.0,1,0.05,500,9500,0.21794494717703367,0,500,,
universal,near_duplicate,5000,10000,0.5,3,16,0.00866837499779649,1.7336749995592983e-06,0.004345291999925394,1.7381167999701574e-06,2636,1.0544,2,0.05,490,9510,0.22248595461286988,10,500,2.305843009213694e+18,"[[454612962106966139, 1702438209959121919], [2265420330264173236, 463866247378689703], [443667755326800348, 934787930118675060]]"
fixed,near_duplicate,5000,10000,0.5,1,17,0.003403208000236191,6.806416000472382e-07,0.0016820000018924475,6.72800000756979e-07,2500,1.0,1,0.05,500,9500,0.21794494717703367,0,500,,
universal,near_duplicate,5000,10000,0.5,3,17,0.008814166001684498,1.7628332003368996e-06,0.004349000002548564,1.7396000010194258e-06,2638,1.0552,2,0.05,492,9508,0.22158519806160337,8,500,2.305843009213694e+18,"[[195095767942445094, 1500048066919629750], [1059562453095694534, 313986444720046481], [691564608163384468, 53651072377497930]]"
fixed,near_duplicate,5000,10000,0.5,1,18,0.003399207998882048,6.798415997764095e-07,0.001676457999565173,6.705831998260692e-07,2500,1.0,1,0.05,500,9500,0.21794494717703367,0,500,,
universal,near_duplicate,5000,10000,0.5,3,18,0.008740124998439569,1.7480249996879138e-06,0.004330749998189276,1.7322999992757105e-06,2616,1.0464,2,0.05,493,9507,0.2211334438749598,7,500,2.305843009213694e+18,"[[653524007492807808, 355415340864572460], [529539352426941228, 1114891161808553618], [2041277660056489008, 2248875904457507991]]"
fixed,near_duplicate,5000,10000,0.5,1,19,0.003452999997534789,6.905999995069578e-07,0.001708333998976741,6.833335995906964e-07,2500,1.0,1,0.05,500,9500,0.21794494717703367,0,500,,
universal,near_duplicate,5000,10000,0.5,3,19,0.009653000000980683,1.9306000001961366e-06,0.004412792000948684,1.7651168003794737e-06,2661,1.0644,3,0.05,490,9510,0.22293496809607954,10,500,2.305843009213694e+18,"[[418983635330710152, 499844581152741729], [2091481658804620576, 676363097439722673], [1853845312400714918, 63921434307813850]]"
fixed,near_duplicate,5000,10000,0.5,1,20,0.0035764579988608602,7.15291599772172e-07,0.001705624999885913,6.822499999543652e-07,2500,1.0,1,0.05,500,9500,0.21794494717703367,0,500,,
universal,near_duplicate,5000,10000,0.5,3,20,0.009075959002075251,1.8151918004150503e-06,0.004540541001915699,1.8162164007662796e-06,2656,1.0624,2,0.05,478,9522,0.22781571499789036,22,500,2.305843009213694e+18,"[[1326467972949138173, 150235521510768009], [1878749678761878296, 2057856258604839518], [714528426559143356, 1546845777023972402]]"
fixed,near_duplicate,5000,10000,0.5,1,21,0.00347637499726261,6.95274999452522e-07,0.001758624999638414,7.034499998553656e-07,2500,1.0,1,0.05,500,9500,0.21794494717703367,0,500,,
universal,near_duplicate,5000,10000,0.5,3,21,0.009101624997128965,1.820324999425793e-06,0.004410290999658173,1.7641163998632691e-06,2625,1.05,2,0.05,489,9511,0.22293496809607954,11,500,2.305843009213694e+18,"[[1024322815512585445, 2145571529822921201], [583220317473756343, 1521440433806999588], [891688296819238137, 181082232511610579]]"
fixed,near_duplicate,5000,10000,0.5,1,22,0.0036108339991187677,7.221667998237535e-07,0.0017610419999982696,7.044167999993078e-07,2500,1.0,1,0.05,500,9500,0.21794494717703367,0,500,,
universal,near_duplicate,5000,10000,0.5,3,22,0.00894499999776599,1.788999999553198e-06,0.004394874998979503,1.7579499995918013e-06,2672,1.0688,2,0.05,490,9510,0.22248595461286988,10,500,2.305843009213694e+18,"[[287886780813115929, 1413457234261051687], [1236295213923302512, 1583790892526252416], [469264712334336849, 619461346342472605]]"
fixed,near_duplicate,5000,10000,0.5,1,23,0.0035592080021160655,7.118416004232131e-07,0.001705124999716645,6.820499998866581e-07,2500,1.0,1,0.05,500,9500,0.21794494717703367,0,500,,
universal,near_duplicate,5000,10000,0.5,3,23,0.008744499999011168,1.7488999998022336e-06,0.004503791999013629,1.8015167996054516e-06,2636,1.0544,2,0.05,488,9512,0.22338307903688676,12,500,2.305843009213694e+18,"[[666030003530279332, 1185754838603315180], [507164280403988863, 1057119984642882112], [1021713661893975990, 2137083730657759889]]"
fixed,near_duplicate,5000,10000,0.5,1,24,0.0035853749977832194,7.170749995566439e-07,0.0027569579979171976,1.102783199166879e-06,2500,1.0,1,0.05,500,9500,0.21794494717703367,0,500,,
universal,near_duplicate,5000,10000,0.5,3,24,0.015029540998511948,3.0059081997023895e-06,0.006021499997586943,2.4085999990347773e-06,2601,1.0404,2,0.05,492,9508,0.22158519806160337,8,500,2.305843009213694e+18,"[[719391770955253926, 2130106160647316609], [1814591772010625413, 678012837864961736], [2256121436648175771, 1806161501175307684]]"
fixed,near_duplicate,5000,10000,0.5,1,25,0.006820083999627968,1.3640167999255936e-06,0.0024218329999712296,9.687331999884919e-07,2500,1.0,1,0.05,500,9500,0.21794494717703367,0,500,,
universal,near_duplicate,5000,10000,0.5,3,25,0.014107332997809863,2.8214665995619726e-06,0.0053479170019272715,2.1391668007709085e-06,2617,1.0468,2,0.05,494,9506,0.22068076490713912,6,500,2.305843009213694e+18,"[[267692963849940753, 941673545738002381], [1078297968137412989, 615313745506248579], [1375102846946731697, 1124764272089465404]]"
fixed,near_duplicate,5000,10000,0.5,1,26,0.0038144169993756805,7.628833998751361e-07,0.0020741670014103875,8.29666800564155e-07,2500,1.0,1,0.05,500,9500,0.21794494717703367,0,500,,
universal,near_duplicate,5000,10000,0.5,3,26,0.010575665997748729,2.1151331995497457e-06,0.004980040997907054,1.9920163991628214e-06,2647,1.0588,2,0.05,493,9507,0.2211334438749598,7,500,2.305843009213694e+18,"[[1075367493781816306, 1590101887495472611], [1902892487837865007, 1154722482783782897], [1398969667391390162, 561164263128564704]]"
fixed,near_duplicate,5000,10000,0.5,1,27,0.023816500000975793,4.763300000195159e-06,0.00211699999999837,8.467999999993481e-07,2500,1.0,1,0.05,500,9500,0.21794494717703367,0,500,,
universal,near_duplicate,5000,10000,0.5,3,27,0.05340091700054472,1.0680183400108945e-05,0.030040083998756018,1.2016033599502407e-05,2797,1.1188,2,0.05,468,9532,0.232163735324878,32,500,2.305843009213694e+18,"[[86018572855962195, 1847883699258444581], [153743650771889609, 794633789185287595], [2121092647333014343, 2013162642849706046]]"
fixed,near_duplicate,5000,10000,0.5,1,28,0.004702332997112535,9.40466599422507e-07,0.0022961249997024424,9.18449999880977e-07,2500,1.0,1,0.05,500,9500,0.21794494717703367,0,500,,
universal,near_duplicate,5000,10000,0.5,3,28,0.012254708002728876,2.4509416005457753e-06,0.00587370799985365,2.34948319994146e-06,2644,1.0576,2,0.05,495,9505,0.2202271554554524,5,500,2.305843009213694e+18,"[[273089160051860230, 1621121173616640907], [1037773347474994553, 742865219208374151], [246540013351488701, 1890370731478794172]]"
fixed,near_duplicate,5000,10000,0.5,1,29,0.004663915999117307,9.327831998234614e-07,0.0019435840004007332,7.774336001602932e-07,2500,1.0,1,0.05,500,9500,0.21794494717703367,0,500,,
universal,near_duplicate,5000,10000,0.5,3,29,0.010900582998147001,2.1801165996294004e-06,0.005012249999708729,2.0048999998834915e-06,2604,1.0416,2,0.05,494,9506,0.22068076490713912,6,500,2.305843009213694e+18,"[[1172432318357405658, 1841538480035479711], [610889197299678937, 356910957590253921], [1744744512350649053, 459482189801702091]]"
fixed,uniform,5000,6667,0.75,1,0,0.0062059170013526455,1.2411834002705292e-06,0.0017407500017725397,6.963000007090159e-07,3278,1.3112,5,0.712014399280036,3515,3152,0.8065529248670665,1232,4747,,
universal,uniform,5000,6667,0.75,3,0,0.012232208999193972,2.4464417998387944e-06,0.004464124998776242,1.785649999510497e-06,5076,2.0304,5,0.712014399280036,3454,3213,0.8194672480728666,1293,4747,2.305843009213694e+18,"[[256711980439665054, 1709899044117486289], [564682175042572888, 321752549611034334], [236337776990707882, 1707863537360842093]]"
fixed,uniform,5000,6667,0.75,1,1,0.006273584000155097,1.2547168000310194e-06,0.0016941250032687094,6.776500013074837e-07,3270,1.308,5,0.7132143392830359,3509,3158,0.8043739936312543,1246,4755,,
universal,uniform,5000,6667,0.75,3,1,0.012099583000235725,2.419916600047145e-06,0.004475791000004392,1.7903164000017568e-06,5088,2.0352,6,0.7132143392830359,3453,3214,0.8255397002667642,1302,4755,2.305843009213694e+18,"[[659665203979258006, 1758630025113616856], [2212240429613108902, 852878681887507335], [1610489816920689347, 222016741360720591]]"
fixed,uniform,5000,6667,0.75,1,2,0.006287333999352995,1.257466799870599e-06,0.0016932079997786786,6.772831999114715e-07,3243,1.2972,5,0.7165141742912854,3547,3120,0.8016231274293787,1230,4777,,
universal,uniform,5000,6667,0.75,3,2,0.011932124998565996,2.386424999713199e-06,0.004418208001879975,1.7672832007519902e-06,5127,2.0508,5,0.7165141742912854,3434,3233,0.8403549598762715,1343,4777,2.305843009213694e+18,"[[1199085610155232937, 1617812241682181496], [268989063807004320, 875226211544593835], [667698580330647039, 518091674429352682]]"
fixed,uniform,5000,6667,0.75,1,3,0.006223374999535736,1.244674999907147e-06,0.0016847910010255873,6.739164004102349e-07,3305,1.322,5,0.7106644667766612,3479,3188,0.8089487273984977,1259,4738,,
universal,uniform,5000,6667,0.75,3,3,0.011967124999500811,2.3934249999001622e-06,0.004429874999914318,1.7719499999657274e-06,5030,2.012,5,0.7106644667766612,3432,3235,0.825830892876166,1306,4738,2.305843009213694e+18,"[[963130306873368709, 594124941275654819], [699113413627218811, 49790444920847614], [1116618126344352917, 264798812748597129]]"
fixed,uniform,5000,6667,0.75,1,4,0.006259582998609403,1.2519165997218807e-06,0.0017134999980044086,6.853999992017634e-07,3317,1.3268,5,0.7153142342882856,3520,3147,0.8053058652617922,1249,4769,,
universal,uniform,5000,6667,0.75,3,4,0.012095250000129454,2.4190500000258906e-06,0.004479792001802707,1.7919168007210829e-06,5012,2.0048,5,0.7153142342882856,3454,3213,0.8282606242716051,1315,4769,2.305843009213694e+18,"[[176127807941085543, 92145436972157049], [1353304280071655414, 2046636642761636536], [1463118878522575776, 350413271360474182]]"
fixed,uniform,5000,6667,0.75,1,5,0.006256458000279963,1.2512916000559927e-06,0.0016870409999683034,6.748163999873214e-07,3238,1.2952,5,0.7136643167841608,3471,3196,0.8140790139041176,1287,4758,,
universal,uniform,5000,6667,0.75,3,5,0.012034583000058774,2.406916600011755e-06,0.004459832998691127,1.7839331994764508e-06,5044,2.0176,5,0.7136643167841608,3429,3238,0.8341001084771518,1329,4758,2.305843009213694e+18,"[[144173240364996770, 1276607102766329742], [1316153465216681486, 593588258721341972], [891339916669062610, 1419387771326649839]]"
fixed,uniform,5000,6667,0.75,1,6,0.007468166997568915,1.493633399513783e-06,0.0031535839989373926,1.261433599574957e-06,3242,1.2968,6,0.7115644217789111,3510,3157,0.8029436602502383,1234,4744,,
universal,uniform,5000,6667,0.75,3,6,0.044847291999758454,8.969458399951691e-06,0.016086916999483947,6.4347667997935785e-06,5047,2.0188,5,0.7115644217789111,3451,3216,0.8252373638092229,1293,4744,2.305843009213694e+18,"[[727386515324539458, 1284136067485901726], [1233138577490571038, 1828907452299493987], [1165171476919621068, 1646066583754636611]]"
fixed,uniform,5000,6667,0.75,1,7,0.023951625000336207,4.7903250000672415e-06,0.010387040998466546,4.154816399386618e-06,3234,1.2936,5,0.7124643767811609,3513,3154,0.7968923262740325,1237,4750,,
universal,uniform,5000,6667,0.75,3,7,0.05154279199996381,1.0308558399992763e-05,0.004611000000295462,1.8444000001181849e-06,5054,2.0216,5,0.7124643767811609,3457,3210,0.8293580287224767,1293,4750,2.305843009213694e+18,"[[793970665397899006, 2152094108188559335], [745929175751854539, 1278256298576207987], [1862522474300937406, 1567653588555493210]]"
fixed,uniform,5000,6667,0.75,1,8,0.0063137500001175795,1.2627500000235159e-06,0.001684875001956243,6.739500007824972e-07,3261,1.3044,5,0.7154642267886606,3512,3155,0.8076835569059881,1258,4770,,
universal,uniform,5000,6667,0.75,3,8,0.01206724999792641,2.4134499995852822e-06,0.0044899160020577256,1.7959664008230902e-06,5093,2.0372,5,0.7154642267886606,3442,3225,0.8374068803267337,1328,4770,2.305843009213694e+18,"[[1973099216186019426, 839551891445904909], [2054075847285760178, 1596895736779450158], [1768356806526079850, 761040643918656312]]"
fixed,uniform,5000,6667,0.75,1,9,0.006244000000151573,1.2488000000303145e-06,0.0017058749981515575,6.823499992606231e-07,3313,1.3252,5,0.7133643317834109,3526,3141,0.7998461714672479,1230,4756,,
universal,uniform,5000,6667,0.75,3,9,0.012016291999316309,2.4032583998632616e-06,0.004444041998795001,1.7776167995180002e-06,5029,2.0116,5,0.7133643317834109,3447,3220,0.8280408221371447,1309,4756,2.305843009213694e+18,"[[1933427113282973200, 1273492775044695229], [567420718719220919, 2291110579130834537], [1919842552580472723, 589921478534064354]]"
fixed,uniform,5000,6667,0.75,1,10,0.006210084000485949,1.24201680009719e-06,0.0017234170009032823,6.893668003613129e-07,3214,1.2856,5,0.7108144592770361,3539,3128,0.7935591060659425,1200,4739,,
universal,uniform,5000,6667,0.75,3,10,0.012006332999590086,2.401266599918017e-06,0.004435500002728077,1.7742000010912307e-06,5117,2.0468,5,0.7108144592770361,3372,3295,0.846954352394016,1367,4739,2.305843009213694e+18,"[[618696799174358726, 2029214271970554437], [1181946042011416434, 1971785935387254006], [855518877651879508, 78523067754061221]]"
fixed,uniform,5000,6667,0.75,1,11,0.006243458999961149,1.2486917999922299e-06,0.0016756660006649327,6.702664002659731e-07,3279,1.3116,4,0.7112644367781611,3515,3152,0.7996534460864919,1227,4742,,
universal,uniform,5000,6667,0.75,3,11,0.011951166998187546,2.3902333996375093e-06,0.004476791997149121,1.7907167988596485e-06,5292,2.1168,5,0.7112644367781611,3372,3295,0.8464879083783433,1370,4742,2.305843009213694e+18,"[[1967359095987829717, 498185230560009946], [1157680175712590001, 1113020793331031894], [1655376568515428791, 831730782862272696]]"
fixed,uniform,5000,6667,0.75,1,12,0.006202458000188926,1.2404916000377853e-06,0.0016771250011515804,6.708500004606322e-07,3231,1.2924,5,0.712164391780411,3518,3149,0.8024115695561994,1230,4748,,
universal,uniform,5000,6667,0.75,3,12,0.011849833001178922,2.3699666002357845e-06,0.004436457998963306,1.7745831995853223e-06,5259,2.1036,5,0.712164391780411,3435,3232,0.8323231836731976,1313,4748,2.305843009213694e+18,"[[2258536001366688123, 1012121370449003109], [686970057059376321, 2051824648104402063], [1124175962628406669, 504983195232581899]]"
fixed,uniform,5000,6667,0.75,1,13,0.006247542001801776,1.2495084003603552e-06,0.0016934579980443232,6.773831992177293e-07,3266,1.3064,5,0.7154642267886606,3524,3143,0.8091678491526392,1246,4770,,
universal,uniform,5000,6667,0.75,3,13,0.012009958998532966,2.4019917997065932e-06,0.0045048329993733205,1.8019331997493282e-06,5057,2.0228,5,0.7154642267886606,3390,3277,0.8514394272511695,1380,4770,2.305843009213694e+18,"[[2277903568736387890, 452514279465990313], [2303280692498563247, 697951185415921787], [183691764838410618, 423743168849403417]]"
fixed,uniform,5000,6667,0.75,1,14,0.0061866249998274725,1.2373249999654945e-06,0.0017070829999283887,6.828331999713555e-07,3270,1.308,5,0.7129143542822859,3524,3143,0.8040804585644723,1229,4753,,
universal,uniform,5000,6667,0.75,3,14,0.012024167001072783,2.4048334002145567e-06,0.004459374998987187,1.7837499995948746e-06,5083,2.0332,5,0.7129143542822859,3434,3233,0.8335724137505967,1319,4753,2.305843009213694e+18,"[[1956076132499880650, 26508845497723367], [1505952038662606745, 694384076709536977], [1251442079079685814, 2146666122401106131]]"
fixed,uniform,5000,6667,0.75,1,15,0.006217791997187305,1.243558399437461e-06,0.0016936669999267906,6.774667999707162e-07,3286,1.3144,4,0.7141142942852857,3514,3153,0.8003956803193715,1247,4761,,
universal,uniform,5000,6667,0.75,3,15,0.012028749999444699,2.40574999988894e-06,0.004477709000639152,1.7910836002556607e-06,4990,1.996,5,0.7141142942852857,3443,3224,0.8267593967903565,1318,4761,2.305843009213694e+18,"[[847978861133403702, 1395714462194184430], [518482636670340538, 740682746084312398], [1100716632290196263, 2269261073193213249]]"
fixed,uniform,5000,6667,0.75,1,16,0.0062040830016485415,1.2408166003297083e-06,0.0016879169997991994,6.751667999196797e-07,3321,1.3284,5,0.7069146542672866,3445,3222,0.8126891545865753,1268,4713,,
universal,uniform,5000,6667,0.75,3,16,0.01198287500301376,2.396575000602752e-06,0.004508500001975335,1.8034000007901341e-06,4965,1.986,5,0.7069146542672866,3423,3244,0.8209524876729414,1290,4713,2.305843009213694e+18,"[[454612962106966139, 1702438209959121919], [2265420330264173236, 463866247378689703], [443667755326800348, 934787930118675060]]"
fixed,uniform,5000,6667,0.75,1,17,0.006292000001849374,1.2584000003698748e-06,0.0016789170003903564,6.715668001561426e-07,3313,1.3252,5,0.7163641817909104,3522,3145,0.8094837471920875,1254,4776,,
universal,uniform,5000,6667,0.75,3,17,0.012062999998306623,2.4125999996613245e-06,0.004404750001413049,1.7619000005652196e-06,4960,1.984,5,0.7163641817909104,3488,3179,0.8232635131137481,1288,4776,2.305843009213694e+18,"[[195095767942445094, 1500048066919629750], [1059562453095694534, 313986444720046481], [691564608163384468, 53651072377497930]]"
fixed,uniform,5000,6667,0.75,1,18,0.006249833000765648,1.2499666001531297e-06,0.0017080829966289457,6.832331986515783e-07,3238,1.2952,5,0.711864406779661,3497,3170,0.8115976800569638,1249,4746,,
universal,uniform,5000,6667,0.75,3,18,0.01198679200024344,2.397358400048688e-06,0.004466083999432158,1.7864335997728631e-06,5021,2.0084,5,0.711864406779661,3439,3228,0.8249786053762805,1307,4746,2.305843009213694e+18,"[[653524007492807808, 355415340864572460], [529539352426941228, 1114891161808553618], [2041277660056489008, 2248875904457507991]]"
fixed,uniform,5000,6667,0.75,1,19,0.006271750000450993,1.2543500000901985e-06,0.0017091250010707881,6.836500004283152e-07,3274,1.3096,5,0.7145642717864107,3518,3149,0.8058783403135126,1246,4764,,
universal,uniform,5000,6667,0.75,3,19,0.012043708000419429,2.4087416000838855e-06,0.004483791999518871,1.7935167998075484e-06,5078,2.0312,5,0.7145642717864107,3461,3206,0.8288172443187986,1303,4764,2.305843009213694e+18,"[[418983635330710152, 499844581152741729], [2091481658804620576, 676363097439722673], [1853845312400714918, 63921434307813850]]"
fixed,uniform,5000,6667,0.75,1,20,0.00625387499894714,1.250774999789428e-06,0.0016748749985708855,6.699499994283542e-07,3214,1.2856,5,0.7103644817759112,3531,3136,0.7951889435056294,1205,4736,,
universal,uniform,5000,6667,0.75,3,20,0.012072333000105573,2.4144666000211147e-06,0.004509166999923764,1.8036667999695056e-06,5082,2.0328,6,0.7103644817759112,3344,3323,0.8572749419702446,1392,4736,2.305843009213694e+18,"[[1326467972949138173, 150235521510768009], [1878749678761878296, 2057856258604839518], [714528426559143356, 1546845777023972402]]"
fixed,uniform,5000,6667,0.75,1,21,0.006254625001020031,1.2509250002040062e-06,0.0016969999996945262,6.787999998778105e-07,3264,1.3056,5,0.7157642117894105,3512,3155,0.8122333353486468,1260,4772,,
universal,uniform,5000,6667,0.75,3,21,0.01192958400133648,2.385916800267296e-06,0.004412916001456324,1.7651664005825297e-06,4920,1.968,6,0.7157642117894105,3435,3232,0.8322988292278701,1337,4772,2.305843009213694e+18,"[[1024322815512585445, 2145571529822921201], [583220317473756343, 1521440433806999588], [891688296819238137, 181082232511610579]]"
fixed,uniform,5000,6667,0.75,1,22,0.006222042000445072,1.2444084000890144e-06,0.0017027499998221174,6.810999999288469e-07,3281,1.3124,5,0.7127643617819109,3496,3171,0.8096967225342645,1256,4752,,
universal,uniform,5000,6667,0.75,3,22,0.012010124999505933,2.4020249999011865e-06,0.004455000002053566,1.7820000008214266e-06,5053,2.0212,6,0.7127643617819109,3424,3243,0.831087857913034,1328,4752,2.305843009213694e+18,"[[287886780813115929, 1413457234261051687], [1236295213923302512, 1583790892526252416], [469264712334336849, 619461346342472605]]"
fixed,uniform,5000,6667,0.75,1,23,0.006244583997613518,1.2489167995227035e-06,0.0016849159983394202,6.739663993357681e-07,3295,1.318,5,0.7166641667916605,3522,3145,0.8116242079729193,1256,4778,,
universal,uniform,5000,6667,0.75,3,23,0.011936209000850795,2.387241800170159e-06,0.004399124998599291,1.7596499994397163e-06,5076,2.0304,6,0.7166641667916605,3451,3216,0.8342253862480234,1327,4778,2.305843009213694e+18,"[[666030003530279332, 1185754838603315180], [507164280403988863, 1057119984642882112], [1021713661893975990, 2137083730657759889]]"
fixed,uniform,5000,6667,0.75,1,24,0.006255917000089539,1.2511834000179079e-06,0.0016928750010265503,6.771500004106201e-07,3278,1.3112,4,0.7150142492875357,3501,3166,0.8081747358874573,1266,4767,,
universal,uniform,5000,6667,0.75,3,24,0.011953207998885773,2.3906415997771547e-06,0.0044217079994268715,1.7686831997707486e-06,5077,2.0308,5,0.7150142492875357,3417,3250,0.8400260584398586,1350,4767,2.305843009213694e+18,"[[719391770955253926, 2130106160647316609], [1814591772010625413, 678012837864961736], [2256121436648175771, 1806161501175307684]]"
fixed,uniform,5000,6667,0.75,1,25,0.006230916998902103,1.2461833997804206e-06,0.001678167001955444,6.712668007821776e-07,3212,1.2848,5,0.7115644217789111,3509,3158,0.8016349708756476,1235,4744,,
universal,uniform,5000,6667,0.75,3,25,0.011975125002209097,2.3950250004418196e-06,0.0044796250003855675,1.791850000154227e-06,5550,2.22,5,0.7115644217789111,3376,3291,0.8474755729339878,1368,4744,2.305843009213694e+18,"[[267692963849940753, 941673545738002381], [1078297968137412989, 615313745506248579], [1375102846946731697, 1124764272089465404]]"
fixed,uniform,5000,6667,0.75,1,26,0.00638733300002059,1.2774666000041179e-06,0.0018373329985479359,7.349331994191744e-07,3259,1.3036,5,0.7157642117894105,3535,3132,0.8021993524125343,1237,4772,,
universal,uniform,5000,6667,0.75,3,26,0.012459792000299785,2.491958400059957e-06,0.004494832999625942,1.7979331998503766e-06,5099,2.0396,5,0.7157642117894105,3491,3176,0.8188543527872255,1281,4772,2.305843009213694e+18,"[[1075367493781816306, 1590101887495472611], [1902892487837865007, 1154722482783782897], [1398969667391390162, 561164263128564704]]"
fixed,uniform,5000,6667,0.75,1,27,0.0062499999985448085,1.2499999997089617e-06,0.0016799160002847202,6.719664001138881e-07,3248,1.2992,5,0.7175641217939103,3532,3135,0.800214951748741,1252,4784,,
universal,uniform,5000,6667,0.75,3,27,0.012010917002044152,2.4021834004088306e-06,0.004500040999118937,1.800016399647575e-06,5302,2.1208,5,0.7175641217939103,3308,3359,0.8759210148863161,1476,4784,2.305843009213694e+18,"[[86018572855962195, 1847883699258444581], [153743650771889609, 794633789185287595], [2121092647333014343, 2013162642849706046]]"
fixed,uniform,5000,6667,0.75,1,28,0.006222416999662528,1.2444833999325055e-06,0.0016752499977883417,6.700999991153367e-07,3259,1.3036,5,0.712164391780411,3501,3166,0.8044651403049687,1247,4748,,
universal,uniform,5000,6667,0.75,3,28,0.012010291000478901,2.40205820009578e-06,0.004407959000673145,1.763183600269258e-06,5077,2.0308,5,0.712164391780411,3433,3234,0.8276244752666443,1315,4748,2.305843009213694e+18,"[[273089160051860230, 1621121173616640907], [1037773347474994553, 742865219208374151], [246540013351488701, 1890370731478794172]]"
fixed,uniform,5000,6667,0.75,1,29,0.006189667001308408,1.2379334002616816e-06,0.0016978340026980732,6.791336010792292e-07,3233,1.2932,5,0.711414429278536,3523,3144,0.7994262005821905,1220,4743,,
universal,uniform,5000,6667,0.75,3,29,0.012071416000253521,2.414283200050704e-06,0.004504125001403736,1.8016500005614945e-06,5052,2.0208,5,0.711414429278536,3423,3244,0.8272726184822757,1320,4743,2.305843009213694e+18,"[[1172432318357405658, 1841538480035479711], [610889197299678937, 356910957590253921], [1744744512350649053, 459482189801702091]]"
fixed,sorted,5000,6667,0.75,1,0,0.006379665999702411,1.2759331999404823e-06,0.0016262499993899837,6.504999997559935e-07,2500,1.0,1,0.7499625018749062,5000,1667,0.4330343492800975,0,5000,,
universal,sorted,5000,6667,0.75,3,0,0.012160582999058533,2.4321165998117067e-06,0.0044369999995979015,1.7747999998391607e-06,4883,1.9532,4,0.7499625018749062,3770,2897,0.7844089231554445,1230,5000,2.305843009213694e+18,"[[256711980439665054, 1709899044117486289], [564682175042572888, 321752549611034334], [236337776990707882, 1707863537360842093]]"
fixed,sorted,5000,6667,0.75,1,1,0.006384332999004982,1.2768665998009966e-06,0.0016205420033656992,6.482168013462797e-07,2500,1.0,1,0.7499625018749062,5000,1667,0.4330343492800975,0,5000,,
universal,sorted,5000,6667,0.75,3,1,0.012066708000929793,2.413341600185959e-06,0.004424458002176834,1.7697832008707338e-06,5074,2.0296,5,0.7499625018749062,3734,2933,0.7995599782292014,1266,5000,2.305843009213694e+18,"[[659665203979258006, 1758630025113616856], [2212240429613108902, 852878681887507335], [1610489816920689347, 222016741360720591]]"
fixed,sorted,5000,6667,0.75,1,2,0.006402541999705136,1.280508399941027e-06,0.0016240420009125955,6.496168003650382e-07,2500,1.0,1,0.7499625018749062,5000,1667,0.4330343492800975,0,5000,,
universal,sorted,5000,6667,0.75,3,2,0.01215829099965049,2.431658199930098e-06,0.004452749999472871,1.7810999997891485e-06,5368,2.1472,5,0.7499625018749062,3470,3197,0.8696495323280329,1530,5000,2.305843009213694e+18,"[[1199085610155232937, 1617812241682181496], [268989063807004320, 875226211544593835], [667698580330647039, 518091674429352682]]"
fixed,sorted,5000,6667,0.75,1,3,0.006354458000714658,1.2708916001429315e-06,0.0015873330012254883,6.349332004901953e-07,2500,1.0,1,0.7499625018749062,5000,1667,0.4330343492800975,0,5000,,
universal,sorted,5000,6667,0.75,3,3,0.012186584001028677,2.4373168002057353e-06,0.004405915999086574,1.7623663996346295e-06,4430,1.772,4,0.7499625018749062,3785,2882,0.7738205112845201,1215,5000,2.305843009213694e+18,"[[963130306873368709, 594124941275654819], [699113413627218811, 49790444920847614], [1116618126344352917, 264798812748597129]]"
fixed,sorted,5000,6667,0.75,1,4,0.006369624999933876,1.2739249999867753e-06,0.0016177920006157365,6.471168002462946e-07,2500,1.0,1,0.7499625018749062,5000,1667,0.4330343492800975,0,5000,,
universal,sorted,5000,6667,0.75,3,4,0.012247124999703374,2.449424999940675e-06,0.004444499998498941,1.7777999993995764e-06,4610,1.844,5,0.7499625018749062,3600,3067,0.8419576467732046,1400,5000,2.305843009213694e+18,"[[176127807941085543, 92145436972157049], [1353304280071655414, 2046636642761636536], [1463118878522575776, 350413271360474182]]"
fixed,sorted,5000,6667,0.75,1,5,0.006357958998705726,1.2715917997411452e-06,0.0016429999996034894,6.571999998413958e-07,2500,1.0,1,0.7499625018749062,5000,1667,0.4330343492800975,0,5000,,
universal,sorted,5000,6667,0.75,3,5,0.012060541001119418,2.4121082002238838e-06,0.004434083002706757,1.7736332010827027e-06,4651,1.8604,4,0.7499625018749062,3744,2923,0.7828776907792713,1256,5000,2.305843009213694e+18,"[[144173240364996770, 1276607102766329742], [1316153465216681486, 593588258721341972], [891339916669062610, 1419387771326649839]]"
fixed,sorted,5000,6667,0.75,1,6,0.006444665999879362,1.2889331999758725e-06,0.0016182500003196765,6.473000001278706e-07,2500,1.0,1,0.7499625018749062,5000,1667,0.4330343492800975,0,5000,,
universal,sorted,5000,6667,0.75,3,6,0.012159124999016058,2.4318249998032116e-06,0.004530832997261314,1.8123331989045255e-06,6949,2.7796,6,0.7499625018749062,3301,3366,0.9521464143996434,1699,5000,2.305843009213694e+18,"[[727386515324539458, 1284136067485901726], [1233138577490571038, 1828907452299493987], [1165171476919621068, 1646066583754636611]]"
fixed,sorted,5000,6667,0.75,1,7,0.006435584000428207,1.2871168000856415e-06,0.0016456250014016405,6.582500005606562e-07,2500,1.0,1,0.7499625018749062,5000,1667,0.4330343492800975,0,5000,,
universal,sorted,5000,6667,0.75,3,7,0.01218058300219127,2.436116600438254e-06,0.004527833996689878,1.8111335986759514e-06,4792,1.9168,4,0.7499625018749062,3644,3023,0.8159012433204632,1356,5000,2.305843009213694e+18,"[[793970665397899006, 2152094108188559335], [745929175751854539, 1278256298576207987], [1862522474300937406, 1567653588555493210]]"
fixed,sorted,5000,6667,0.75,1,8,0.0063942089982447214,1.2788417996489444e-06,0.0017068749984900933,6.827499993960373e-07,2500,1.0,1,0.7499625018749062,5000,1667,0.4330343492800975,0,5000,,
universal,sorted,5000,6667,0.75,3,8,0.01218574999802513,2.437149999605026e-06,0.004506332999881124,1.8025331999524497e-06,4871,1.9484,4,0.7499625018749062,3706,2961,0.800497397740699,1294,5000,2.305843009213694e+18,"[[1973099216186019426, 839551891445904909], [2054075847285760178, 1596895736779450158], [1768356806526079850, 761040643918656312]]"
fixed,sorted,5000,6667,0.75,1,9,0.006379708000167739,1.2759416000335476e-06,0.0016316670007654466,6.526668003061787e-07,2500,1.0,1,0.7499625018749062,5000,1667,0.4330343492800975,0,5000,,
universal,sorted,5000,6667,0.75,3,9,0.012406249999912689,2.4812499999825377e-06,0.0047441660026379395,1.8976664010551758e-06,8007,3.2028,7,0.7499625018749062,3284,3383,1.0132012607345504,1716,5000,2.305843009213694e+18,"[[1933427113282973200, 1273492775044695229], [567420718719220919, 2291110579130834537], [1919842552580472723, 589921478534064354]]"
fixed,sorted,5000,6667,0.75,1,10,0.006430667002859991,1.2861334005719983e-06,0.0016559169998799916,6.623667999519967e-07,2500,1.0,1,0.7499625018749062,5000,1667,0.4330343492800975,0,5000,,
universal,sorted,5000,6667,0.75,3,10,0.01214954100214527,2.429908200429054e-06,0.004470624997338746,1.7882499989354983e-06,4867,1.9468,4,0.7499625018749062,3646,3021,0.8129545367607455,1354,5000,2.305843009213694e+18,"[[618696799174358726, 2029214271970554437], [1181946042011416434, 1971785935387254006], [855518877651879508, 78523067754061221]]"
fixed,sorted,5000,6667,0.75,1,11,0.00639966699964134,1.279933399928268e-06,0.0016487500033690594,6.595000013476238e-07,2500,1.0,1,0.7499625018749062,5000,1667,0.4330343492800975,0,5000,,
universal,sorted,5000,6667,0.75,3,11,0.012270040999283083,2.4540081998566166e-06,0.004589000000123633,1.8356000000494532e-06,6705,2.682,6,0.7499625018749062,3253,3414,0.9643555488058306,1747,5000,2.305843009213694e+18,"[[1967359095987829717, 498185230560009946], [1157680175712590001, 1113020793331031894], [1655376568515428791, 831730782862272696]]"
fixed,sorted,5000,6667,0.75,1,12,0.006414041999960318,1.2828083999920637e-06,0.0016175419987121131,6.470167994848452e-07,2500,1.0,1,0.7499625018749062,5000,1667,0.4330343492800975,0,5000,,
universal,sorted,5000,6667,0.75,3,12,0.012069624997820938,2.4139249995641875e-06,0.004459750001842622,1.7839000007370487e-06,5129,2.0516,6,0.7499625018749062,3504,3163,0.8712004213067829,1496,5000,2.305843009213694e+18,"[[2258536001366688123, 1012121370449003109], [686970057059376321, 2051824648104402063], [1124175962628406669, 504983195232581899]]"
fixed,sorted,5000,6667,0.75,1,13,0.006368916998326313,1.2737833996652627e-06,0.0016623340015939903,6.649336006375961e-07,2500,1.0,1,0.7499625018749062,5000,1667,0.4330343492800975,0,5000,,
universal,sorted,5000,6667,0.75,3,13,0.012015249998512445,2.403049999702489e-06,0.0044962920001125894,1.7985168000450359e-06,4884,1.9536,5,0.7499625018749062,3560,3107,0.852579485446882,1440,5000,2.305843009213694e+18,"[[2277903568736387890, 452514279465990313], [2303280692498563247, 697951185415921787], [183691764838410618, 423743168849403417]]"
fixed,sorted,5000,6667,0.75,1,14,0.006462541998189408,1.2925083996378817e-06,0.0016401670000050217,6.560668000020086e-07,2500,1.0,1,0.7499625018749062,5000,1667,0.4330343492800975,0,5000,,
universal,sorted,5000,6667,0.75,3,14,0.012241459000506438,2.4482918001012876e-06,0.004471958000067389,1.7887832000269555e-06,5426,2.1704,5,0.7499625018749062,3515,3152,0.8627229619341124,1485,5000,2.305843009213694e+18,"[[1956076132499880650, 26508845497723367], [1505952038662606745, 694384076709536977], [1251442079079685814, 2146666122401106131]]"
fixed,sorted,5000,6667,0.75,1,15,0.0064035840005089995,1.2807168001017998e-06,0.0016323749987350311,6.529499994940124e-07,2500,1.0,1,0.7499625018749062,5000,1667,0.4330343492800975,0,5000,,
universal,sorted,5000,6667,0.75,3,15,0.012218583997309906,2.443716799461981e-06,0.004415833998791641,1.7663335995166562e-06,4949,1.9796,4,0.7499625018749062,3668,2999,0.8088852878025283,1332,5000,2.305843009213694e+18,"[[847978861133403702, 1395714462194184430], [518482636670340538, 740682746084312398], [1100716632290196263, 2269261073193213249]]"
fixed,sorted,5000,6667,0.75,1,16,0.006467625000368571,1.2935250000737141e-06,0.0016333749990735669,6.533499996294267e-07,2500,1.0,1,0.7499625018749062,5000,1667,0.4330343492800975,0,5000,,
universal,sorted,5000,6667,0.75,3,16,0.012519541000074241,2.5039082000148484e-06,0.004724000002170214,1.8896000008680858e-06,7626,3.0504,7,0.7499625018749062,2948,3719,1.0779007515037347,2052,5000,2.305843009213694e+18,"[[454612962106966139, 1702438209959121919], [2265420330264173236, 463866247378689703], [443667755326800348, 934787930118675060]]"
fixed,sorted,5000,6667,0.75,1,17,0.006595750000997214,1.3191500001994427e-06,0.0017721660005918238,7.088664002367295e-07,2500,1.0,1,0.7499625018749062,5000,1667,0.4330343492800975,0,5000,,
universal,sorted,5000,6667,0.75,3,17,0.01247420800063992,2.4948416001279837e-06,0.004568708001897903,1.8274832007591612e-06,4471,1.7884,5,0.7499625018749062,3786,2881,0.7724624836711401,1214,5000,2.305843009213694e+18,"[[195095767942445094, 1500048066919629750], [1059562453095694534, 313986444720046481], [691564608163384468, 53651072377497930]]"
fixed,sorted,5000,6667,0.75,1,18,0.006423709000955569,1.2847418001911137e-06,0.001649916997848777,6.599667991395109e-07,2500,1.0,1,0.7499625018749062,5000,1667,0.4330343492800975,0,5000,,
universal,sorted,5000,6667,0.75,3,18,0.012095250000129454,2.4190500000258906e-06,0.00451233299827436,1.804933199309744e-06,4972,1.9888,5,0.7499625018749062,3595,3072,0.8474622197969188,1405,5000,2.305843009213694e+18,"[[653524007492807808, 355415340864572460], [529539352426941228, 1114891161808553618], [2041277660056489008, 2248875904457507991]]"
fixed,sorted,5000,6667,0.75,1,19,0.006467166997026652,1.2934333994053304e-06,0.0016181249993678648,6.472499997471459e-07,2500,1.0,1,0.7499625018749062,5000,1667,0.4330343492800975,0,5000,,
universal,sorted,5000,6667,0.75,3,19,0.01229816700288211,2.459633400576422e-06,0.004427791998750763,1.7711167995003052e-06,4485,1.794,4,0.7499625018749062,3733,2934,0.792210037652031,1267,5000,2.305843009213694e+18,"[[418983635330710152, 499844581152741729], [2091481658804620576, 676363097439722673], [1853845312400714918, 63921434307813850]]"
fixed,sorted,5000,6667,0.75,1,20,0.006455416998505825,1.291083399701165e-06,0.0016162920001079328,6.465168000431731e-07,2500,1.0,1,0.7499625018749062,5000,1667,0.4330343492800975,0,5000,,
universal,sorted,5000,6667,0.75,3,20,0.012299624999286607,2.4599249998573215e-06,0.00449300000036601,1.7972000001464038e-06,4737,1.8948,4,0.7499625018749062,3666,3001,0.8133234589272451,1334,5000,2.305843009213694e+18,"[[1326467972949138173, 150235521510768009], [1878749678761878296, 2057856258604839518], [714528426559143356, 1546845777023972402]]"
fixed,sorted,5000,6667,0.75,1,21,0.006426208001357736,1.2852416002715472e-06,0.0016559159994358197,6.623663997743279e-07,2500,1.0,1,0.7499625018749062,5000,1667,0.4330343492800975,0,5000,,
universal,sorted,5000,6667,0.75,3,21,0.012224374997458654,2.4448749994917307e-06,0.004560334000416333,1.8241336001665332e-06,4644,1.8576,5,0.7499625018749062,3717,2950,0.7993723624101168,1283,5000,2.305843009213694e+18,"[[1024322815512585445, 2145571529822921201], [583220317473756343, 1521440433806999588], [891688296819238137, 181082232511610579]]"
fixed,sorted,5000,6667,0.75,1,22,0.0064515840022068005,1.2903168004413602e-06,0.0017973750000237487,7.189500000094995e-07,2500,1.0,1,0.7499625018749062,5000,1667,0.4330343492800975,0,5000,,
universal,sorted,5000,6667,0.75,3,22,0.012353707999864127,2.4707415999728255e-06,0.004690457997639896,1.8761831990559585e-06,5155,2.062,5,0.7499625018749062,3551,3116,0.8501129272010693,1449,5000,2.305843009213694e+18,"[[287886780813115929, 1413457234261051687], [1236295213923302512, 1583790892526252416], [469264712334336849, 619461346342472605]]"
fixed,sorted,5000,6667,0.75,1,23,0.006466124999860767,1.2932249999721534e-06,0.0017224170005647466,6.889668002258987e-07,2500,1.0,1,0.7499625018749062,5000,1667,0.4330343492800975,0,5000,,
universal,sorted,5000,6667,0.75,3,23,0.012412292002409231,2.4824584004818464e-06,0.004406957999890437,1.7627831999561749e-06,4669,1.8676,4,0.7499625018749062,3729,2938,0.7891748752618986,1271,5000,2.305843009213694e+18,"[[666030003530279332, 1185754838603315180], [507164280403988863, 1057119984642882112], [1021713661893975990, 2137083730657759889]]"
fixed,sorted,5000,6667,0.75,1,24,0.006421417001547525,1.2842834003095048e-06,0.0016251669985649642,6.500667994259857e-07,2500,1.0,1,0.7499625018749062,5000,1667,0.4330343492800975,0,5000,,
universal,sorted,5000,6667,0.75,3,24,0.012078125000698492,2.4156250001396985e-06,0.004444166002940619,1.7776664011762478e-06,5133,2.0532,4,0.7499625018749062,3622,3045,0.8221279273187212,1378,5000,2.305843009213694e+18,"[[719391770955253926, 2130106160647316609], [1814591772010625413, 678012837864961736], [2256121436648175771, 1806161501175307684]]"
fixed,sorted,5000,6667,0.75,1,25,0.006443249996664235,1.2886499993328471e-06,0.0016121249973366503,6.448499989346601e-07,2500,1.0,1,0.7499625018749062,5000,1667,0.4330343492800975,0,5000,,
universal,sorted,5000,6667,0.75,3,25,0.012152957999205682,2.4305915998411365e-06,0.004468499999347841,1.7873999997391365e-06,4983,1.9932,5,0.7499625018749062,3688,2979,0.8074004761067332,1312,5000,2.305843009213694e+18,"[[267692963849940753, 941673545738002381], [1078297968137412989, 615313745506248579], [1375102846946731697, 1124764272089465404]]"
fixed,sorted,5000,6667,0.75,1,26,0.0064691250008763745,1.2938250001752749e-06,0.0016088339980342425,6.435335992136971e-07,2500,1.0,1,0.7499625018749062,5000,1667,0.4330343492800975,0,5000,,
universal,sorted,5000,6667,0.75,3,26,0.012063082998793107,2.4126165997586215e-06,0.004406833999382798,1.7627335997531191e-06,4548,1.8192,4,0.7499625018749062,3763,2904,0.7798062058664864,1237,5000,2.305843009213694e+18,"[[1075367493781816306, 1590101887495472611], [1902892487837865007, 1154722482783782897], [1398969667391390162, 561164263128564704]]"
fixed,sorted,5000,6667,0.75,1,27,0.006417165997845586,1.2834331995691173e-06,0.0016362920032406691,6.545168012962677e-07,2500,1.0,1,0.7499625018749062,5000,1667,0.4330343492800975,0,5000,,
universal,sorted,5000,6667,0.75,3,27,0.01243462499769521,2.486924999539042e-06,0.00458812499709893,1.835249998839572e-06,6673,2.6692,12,0.7499625018749062,2941,3726,1.3142837427686591,2059,5000,2.305843009213694e+18,"[[86018572855962195, 1847883699258444581], [153743650771889609, 794633789185287595], [2121092647333014343, 2013162642849706046]]"
fixed,sorted,5000,6667,0.75,1,28,0.006390209000528557,1.2780418001057115e-06,0.0016945419993135147,6.778167997254058e-07,2500,1.0,1,0.7499625018749062,5000,1667,0.4330343492800975,0,5000,,
universal,sorted,5000,6667,0.75,3,28,0.012078666997695109,2.415733399539022e-06,0.004514917000051355,1.805966800020542e-06,5027,2.0108,4,0.7499625018749062,3687,2980,0.8036764453450034,1313,5000,2.305843009213694e+18,"[[273089160051860230, 1621121173616640907], [1037773347474994553, 742865219208374151], [246540013351488701, 1890370731478794172]]"
fixed,sorted,5000,6667,0.75,1,29,0.00643616699744598,1.2872333994891961e-06,0.001623457999812672,6.493831999250687e-07,2500,1.0,1,0.7499625018749062,5000,1667,0.4330343492800975,0,5000,,
universal,sorted,5000,6667,0.75,3,29,0.012191000001621433,2.4382000003242864e-06,0.0045089169980201405,1.8035667992080562e-06,4542,1.8168,4,0.7499625018749062,3811,2856,0.7673973407954234,1189,5000,2.305843009213694e+18,"[[1172432318357405658, 1841538480035479711], [610889197299678937, 356910957590253921], [1744744512350649053, 459482189801702091]]"
fixed,adversarial,5000,6667,0.75,1,0,0.08823091699741781,1.764618339948356e-05,0.35552349999852595,0.00014220939999941038,6315604,2526.2416,5000,0.7499625018749062,1,6666,61.23112007484685,4999,5000,,
universal,adversarial,5000,6667,0.75,3,0,0.012203249996673549,2.44064999933471e-06,0.004582041998219211,1.8328167992876843e-06,4858,1.9432,4,0.7499625018749062,3694,2973,0.8060990223366666,1306,5000,2.305843009213694e+18,"[[256711980439665054, 1709899044117486289], [564682175042572888, 321752549611034334], [236337776990707882, 1707863537360842093]]"
fixed,adversarial,5000,6667,0.75,1,1,0.0881374170021445,1.76274834004289e-05,0.3513077499992505,0.0001405230999997002,6284376,2513.7504,5000,0.7499625018749062,1,6666,61.23112007484685,4999,5000,,
universal,adversarial,5000,6667,0.75,3,1,0.01223566699991352,2.447133399982704e-06,0.004622291999112349,1.8489167996449396e-06,5397,2.1588,6,0.7499625018749062,3542,3125,0.8538100924738006,1458,5000,2.305843009213694e+18,"[[659665203979258006, 1758630025113616856], [2212240429613108902, 852878681887507335], [1610489816920689347, 222016741360720591]]"
fixed,adversarial,5000,6667,0.75,1,2,0.08905512500132318,1.7811025000264635e-05,0.35327125000185333,0.00014130850000074134,6259224,2503.6896,5000,0.7499625018749062,1,6666,61.23112007484685,4999,5000,,
universal,adversarial,5000,6667,0.75,3,2,0.012077041999873472,2.4154083999746946e-06,0.004611832999216858,1.8447331996867433e-06,5553,2.2212,6,0.7499625018749062,3510,3157,0.8628968038236773,1490,5000,2.305843009213694e+18,"[[1199085610155232937, 1617812241682181496], [268989063807004320, 875226211544593835], [667698580330647039, 518091674429352682]]"
fixed,adversarial,5000,6667,0.75,1,3,0.08871187499971711,1.774237499994342e-05,0.3493282920026104,0.00013973131680104415,6259113,2503.6452,5000,0.7499625018749062,1,6666,61.23112007484685,4999,5000,,
universal,adversarial,5000,6667,0.75,3,3,0.012153166997450171,2.430633399490034e-06,0.004587624996929662,1.835049998771865e-06,4691,1.8764,4,0.7499625018749062,3748,2919,0.7861279944974824,1252,5000,2.305843009213694e+18,"[[963130306873368709, 594124941275654819], [699113413627218811, 49790444920847614], [1116618126344352917, 264798812748597129]]"
fixed,adversarial,5000,6667,0.75,1,4,0.0887518750023446,1.775037500046892e-05,0.3499211250018561,0.00013996845000074245,6275042,2510.0168,5000,0.7499625018749062,1,6666,61.23112007484685,4999,5000,,
universal,adversarial,5000,6667,0.75,3,4,0.012156541997683235,2.431308399536647e-06,0.004602207998686936,1.8408831994747742e-06,4778,1.9112,4,0.7499625018749062,3785,2882,0.7751761597791084,1215,5000,2.305843009213694e+18,"[[176127807941085543, 92145436972157049], [1353304280071655414, 2046636642761636536], [1463118878522575776, 350413271360474182]]"
fixed,adversarial,5000,6667,0.75,1,5,0.08774570799869252,1.7549141599738504e-05,0.34558129200013354,0.00013823251680005342,6191325,2476.53,5000,0.7499625018749062,1,6666,61.23112007484685,4999,5000,,
universal,adversarial,5000,6667,0.75,3,5,0.012074958001903724,2.414991600380745e-06,0.00467854099770193,1.8714163990807719e-06,4840,1.936,4,0.7499625018749062,3664,3003,0.8105524497712217,1336,5000,2.305843009213694e+18,"[[144173240364996770, 1276607102766329742], [1316153465216681486, 593588258721341972], [891339916669062610, 1419387771326649839]]"
fixed,adversarial,5000,6667,0.75,1,6,0.08780950000073062,1.7561900000146125e-05,0.34902587499891524,0.00013961034999956609,6262316,2504.9264,5000,0.7499625018749062,1,6666,61.23112007484685,4999,5000,,
universal,adversarial,5000,6667,0.75,3,6,0.012087958999472903,2.4175917998945807e-06,0.0045131249971746,1.8052499988698401e-06,5280,2.112,5,0.7499625018749062,3530,3137,0.859064155946818,1470,5000,2.305843009213694e+18,"[[727386515324539458, 1284136067485901726], [1233138577490571038, 1828907452299493987], [1165171476919621068, 1646066583754636611]]"
fixed,adversarial,5000,6667,0.75,1,7,0.08742404200165765,1.748480840033153e-05,0.3660012500004086,0.00014640050000016346,6260862,2504.3448,5000,0.7499625018749062,1,6666,61.23112007484685,4999,5000,,
universal,adversarial,5000,6667,0.75,3,7,0.012241459000506438,2.4482918001012876e-06,0.004845457999181235,1.9381831996724943e-06,10303,4.1212,12,0.7499625018749062,2866,3801,1.2067126069731886,2134,5000,2.305843009213694e+18,"[[793970665397899006, 2152094108188559335], [745929175751854539, 1278256298576207987], [1862522474300937406, 1567653588555493210]]"
fixed,adversarial,5000,6667,0.75,1,8,0.08826250000129221,1.765250000025844e-05,0.35421579199828557,0.00014168631679931424,6217488,2486.9952,5000,0.7499625018749062,1,6666,61.23112007484685,4999,5000,,
universal,adversarial,5000,6667,0.75,3,8,0.012132040999858873,2.4264081999717746e-06,0.004398290999233723,1.759316399693489e-06,4618,1.8472,4,0.7499625018749062,3651,3016,0.8112923109663549,1349,5000,2.305843009213694e+18,"[[1973099216186019426, 839551891445904909], [2054075847285760178, 1596895736779450158], [1768356806526079850, 761040643918656312]]"
fixed,adversarial,5000,6667,0.75,1,9,0.08802758300225832,1.7605516600451665e-05,0.348300042001938,0.0001393200168007752,6212475,2484.99,5000,0.7499625018749062,1,6666,61.23112007484685,4999,5000,,
universal,adversarial,5000,6667,0.75,3,9,0.012287124998692889,2.4574249997385777e-06,0.0046445000007224735,1.8578000002889895e-06,5491,2.1964,7,0.7499625018749062,3243,3424,0.9776401866622972,1757,5000,2.305843009213694e+18,"[[1933427113282973200, 1273492775044695229], [567420718719220919, 2291110579130834537], [1919842552580472723, 589921478534064354]]"
fixed,adversarial,5000,6667,0.75,1,10,0.08744083399869851,1.7488166799739703e-05,0.34762237499671755,0.00013904894999868702,6199565,2479.826,5000,0.7499625018749062,1,6666,61.23112007484685,4999,5000,,
universal,adversarial,5000,6667,0.75,3,10,0.012073541001882404,2.4147082003764808e-06,0.004659957998228492,1.863983199291397e-06,5128,2.0512,6,0.7499625018749062,3585,3082,0.8465768063084242,1415,5000,2.305843009213694e+18,"[[618696799174358726, 2029214271970554437], [1181946042011416434, 1971785935387254006], [855518877651879508, 78523067754061221]]"
fixed,adversarial,5000,6667,0.75,1,11,0.08858820800014655,1.771764160002931e-05,0.3555805420000979,0.00014223221680003916,6354800,2541.92,5000,0.7499625018749062,1,6666,61.23112007484685,4999,5000,,
universal,adversarial,5000,6667,0.75,3,11,0.012227916999108857,2.4455833998217714e-06,0.004662250001274515,1.864900000509806e-06,4778,1.9112,4,0.7499625018749062,3733,2934,0.7901246159615475,1267,5000,2.305843009213694e+18,"[[1967359095987829717, 498185230560009946], [1157680175712590001, 1113020793331031894], [1655376568515428791, 831730782862272696]]"
fixed,adversarial,5000,6667,0.75,1,12,0.08872595800130512,1.7745191600261024e-05,0.346910291002132,0.0001387641164008528,6222051,2488.8204,5000,0.7499625018749062,1,6666,61.23112007484685,4999,5000,,
universal,adversarial,5000,6667,0.75,3,12,0.01209970899799373,2.419941799598746e-06,0.00444420900021214,1.7776836000848561e-06,4884,1.9536,4,0.7499625018749062,3687,2980,0.8075862268625743,1313,5000,2.305843009213694e+18,"[[2258536001366688123, 1012121370449003109], [686970057059376321, 2051824648104402063], [1124175962628406669, 504983195232581899]]"
fixed,adversarial,5000,6667,0.75,1,13,0.08908687499933876,1.7817374999867753e-05,0.3502974999973958,0.00014011899999895832,6225425,2490.17,5000,0.7499625018749062,1,6666,61.23112007484685,4999,5000,,
universal,adversarial,5000,6667,0.75,3,13,0.012156791999586858,2.4313583999173715e-06,0.00461241599987261,1.844966399949044e-06,4824,1.9296,4,0.7499625018749062,3711,2956,0.7976818343038666,1289,5000,2.305843009213694e+18,"[[2277903568736387890, 452514279465990313], [2303280692498563247, 697951185415921787], [183691764838410618, 423743168849403417]]"
fixed,adversarial,5000,6667,0.75,1,14,0.1037056669993035,2.07411333998607e-05,0.7147006249979313,0.00028588024999917253,6353150,2541.26,5000,0.7499625018749062,1,6666,61.23112007484685,4999,5000,,
universal,adversarial,5000,6667,0.75,3,14,0.012281916999199893,2.4563833998399788e-06,0.0068959169984736945,2.7583667993894777e-06,4640,1.856,5,0.7499625018749062,3719,2948,0.7935342706914946,1281,5000,2.305843009213694e+18,"[[1956076132499880650, 26508845497723367], [1505952038662606745, 694384076709536977], [1251442079079685814, 2146666122401106131]]"
fixed,adversarial,5000,6667,0.75,1,15,0.11541745800059289,2.3083491600118576e-05,0.35514866700032144,0.00014205946680012857,6344329,2537.7316,5000,0.7499625018749062,1,6666,61.23112007484685,4999,5000,,
universal,adversarial,5000,6667,0.75,3,15,0.0121341250014666,2.42682500029332e-06,0.0047375409994856454,1.895016399794258e-06,5888,2.3552,5,0.7499625018749062,3549,3118,0.8658467757414514,1451,5000,2.305843009213694e+18,"[[847978861133403702, 1395714462194184430], [518482636670340538, 740682746084312398], [1100716632290196263, 2269261073193213249]]"
fixed,adversarial,5000,6667,0.75,1,16,0.08843100000012782,1.7686200000025564e-05,0.345129083001666,0.0001380516332006664,6183730,2473.492,5000,0.7499625018749062,1,6666,61.23112007484685,4999,5000,,
universal,adversarial,5000,6667,0.75,3,16,0.012239458999829367,2.4478917999658733e-06,0.004600708001817111,1.8402832007268443e-06,5256,2.1024,5,0.7499625018749062,3566,3101,0.844448026210241,1434,5000,2.305843009213694e+18,"[[454612962106966139, 1702438209959121919], [2265420330264173236, 463866247378689703], [443667755326800348, 934787930118675060]]"
fixed,adversarial,5000,6667,0.75,1,17,0.08782295800119755,1.756459160023951e-05,0.3518437909988279,0.00014073751639953115,6282088,2512.8352,5000,0.7499625018749062,1,6666,61.23112007484685,4999,5000,,
universal,adversarial,5000,6667,0.75,3,17,0.012181500002043322,2.4363000004086645e-06,0.004536125001322944,1.8144500005291775e-06,4530,1.812,4,0.7499625018749062,3826,2841,0.7613140900026996,1174,5000,2.305843009213694e+18,"[[195095767942445094, 1500048066919629750], [1059562453095694534, 313986444720046481], [691564608163384468, 53651072377497930]]"
fixed,adversarial,5000,6667,0.75,1,18,0.08944166700166534,1.7888333400333066e-05,0.3520493749965681,0.00014081974999862723,6220717,2488.2868,5000,0.7499625018749062,1,6666,61.23112007484685,4999,5000,,
universal,adversarial,5000,6667,0.75,3,18,0.012333374997979263,2.4666749995958526e-06,0.0046755829971516505,1.8702331988606603e-06,6171,2.4684,6,0.7499625018749062,3275,3392,0.9761047508180625,1725,5000,2.305843009213694e+18,"[[653524007492807808, 355415340864572460], [529539352426941228, 1114891161808553618], [2041277660056489008, 2248875904457507991]]"
fixed,adversarial,5000,6667,0.75,1,19,0.08815725000022212,1.7631450000044424e-05,0.3714694580012292,0.00014858778320049168,6343895,2537.558,5000,0.7499625018749062,1,6666,61.23112007484685,4999,5000,,
universal,adversarial,5000,6667,0.75,3,19,0.012479707998863887,2.4959415997727773e-06,0.0046710409988008905,1.8684163995203561e-06,5860,2.344,10,0.7499625018749062,3208,3459,1.152806000812819,1792,5000,2.305843009213694e+18,"[[418983635330710152, 499844581152741729], [2091481658804620576, 676363097439722673], [1853845312400714918, 63921434307813850]]"
fixed,adversarial,5000,6667,0.75,1,20,0.08875058299963712,1.7750116599927424e-05,0.3484468749993539,0.00013937874999974157,6245921,2498.3684,5000,0.7499625018749062,1,6666,61.23112007484685,4999,5000,,
universal,adversarial,5000,6667,0.75,3,20,0.01229099999909522,2.458199999819044e-06,0.004555250001430977,1.8221000005723909e-06,4969,1.9876,6,0.7499625018749062,3524,3143,0.8604598212808187,1476,5000,2.305843009213694e+18,"[[1326467972949138173, 150235521510768009], [1878749678761878296, 2057856258604839518], [714528426559143356, 1546845777023972402]]"
fixed,adversarial,5000,6667,0.75,1,21,0.08882229099981487,1.7764458199962975e-05,0.3627355839998927,0.00014509423359995708,6194164,2477.6656,5000,0.7499625018749062,1,6666,61.23112007484685,4999,5000,,
universal,adversarial,5000,6667,0.75,3,21,0.012160874997789506,2.432174999557901e-06,0.004433999998582294,1.7735999994329176e-06,4740,1.896,4,0.7499625018749062,3681,2986,0.8049818158242023,1319,5000,2.305843009213694e+18,"[[1024322815512585445, 2145571529822921201], [583220317473756343, 1521440433806999588], [891688296819238137, 181082232511610579]]"
fixed,adversarial,5000,6667,0.75,1,22,0.0889910410005541,1.7798208200110823e-05,1.0466722499986645,0.0004186688999994658,6340081,2536.0324,5000,0.7499625018749062,1,6666,61.23112007484685,4999,5000,,
universal,adversarial,5000,6667,0.75,3,22,0.01212633300019661,2.425266600039322e-06,0.004549249999399763,1.819699999759905e-06,4851,1.9404,4,0.7499625018749062,3663,3004,0.8125854470997979,1337,5000,2.305843009213694e+18,"[[287886780813115929, 1413457234261051687], [1236295213923302512, 1583790892526252416], [469264712334336849, 619461346342472605]]"
fixed,adversarial,5000,6667,0.75,1,23,0.28653429100086214,5.730685820017243e-05,0.8360522910006694,0.0003344209164002677,6176297,2470.5188,5000,0.7499625018749062,1,6666,61.23112007484685,4999,5000,,
universal,adversarial,5000,6667,0.75,3,23,0.07080995900105336,1.4161991800210671e-05,0.008275083000626182,3.310033200250473e-06,5439,2.1756,6,0.7499625018749062,3448,3219,0.8846971171787342,1552,5000,2.305843009213694e+18,"[[666030003530279332, 1185754838603315180], [507164280403988863, 1057119984642882112], [1021713661893975990, 2137083730657759889]]"
fixed,adversarial,5000,6667,0.75,1,24,0.2376706249997369,4.753412499994738e-05,0.4375479579975945,0.0001750191831990378,6226543,2490.6172,5000,0.7499625018749062,1,6666,61.23112007484685,4999,5000,,
universal,adversarial,5000,6667,0.75,3,24,0.019553917001758236,3.910783400351647e-06,0.004707916999905137,1.883166799962055e-06,5461,2.1844,8,0.7499625018749062,3159,3508,1.0571056002033672,1841,5000,2.305843009213694e+18,"[[719391770955253926, 2130106160647316609], [1814591772010625413, 678012837864961736], [2256121436648175771, 1806161501175307684]]"
fixed,adversarial,5000,6667,0.75,1,25,0.08785245899707661,1.7570491799415322e-05,0.35137416700308677,0.0001405496668012347,6280077,2512.0308,5000,0.7499625018749062,1,6666,61.23112007484685,4999,5000,,
universal,adversarial,5000,6667,0.75,3,25,0.011856665998493554,2.371333199698711e-06,0.004498792000958929,1.7995168003835715e-06,4978,1.9912,4,0.7499625018749062,3697,2970,0.804795463957694,1303,5000,2.305843009213694e+18,"[[267692963849940753, 941673545738002381], [1078297968137412989, 615313745506248579], [1375102846946731697, 1124764272089465404]]"
fixed,adversarial,5000,6667,0.75,1,26,0.08796562499992433,1.7593124999984866e-05,0.3545711249971646,0.00014182844999886585,6356582,2542.6328,5000,0.7499625018749062,1,6666,61.23112007484685,4999,5000,,
universal,adversarial,5000,6667,0.75,3,26,0.012187042000732617,2.4374084001465233e-06,0.004460332998860395,1.784133199544158e-06,5254,2.1016,6,0.7499625018749062,3505,3162,0.864633300339871,1495,5000,2.305843009213694e+18,"[[1075367493781816306, 1590101887495472611], [1902892487837865007, 1154722482783782897], [1398969667391390162, 561164263128564704]]"
fixed,adversarial,5000,6667,0.75,1,27,0.08818591599992942,1.7637183199985883e-05,0.3532551249991229,0.00014130204999964917,6323961,2529.5844,5000,0.7499625018749062,1,6666,61.23112007484685,4999,5000,,
universal,adversarial,5000,6667,0.75,3,27,0.012083209003321826,2.416641800664365e-06,0.004438415999175049,1.7753663996700197e-06,4599,1.8396,4,0.7499625018749062,3767,2900,0.780190802758777,1233,5000,2.305843009213694e+18,"[[86018572855962195, 1847883699258444581], [153743650771889609, 794633789185287595], [2121092647333014343, 2013162642849706046]]"
fixed,adversarial,5000,6667,0.75,1,28,0.08811224999953993,1.7622449999907984e-05,0.3501258329997654,0.00014005033319990616,6254940,2501.976,5000,0.7499625018749062,1,6666,61.23112007484685,4999,5000,,
universal,adversarial,5000,6667,0.75,3,28,0.012138707999838516,2.4277415999677033e-06,0.004437374998815358,1.7749499995261431e-06,5457,2.1828,5,0.7499625018749062,3495,3172,0.8713725719150598,1505,5000,2.305843009213694e+18,"[[273089160051860230, 1621121173616640907], [1037773347474994553, 742865219208374151], [246540013351488701, 1890370731478794172]]"
fixed,adversarial,5000,6667,0.75,1,29,0.08796924999842304,1.7593849999684607e-05,0.3476693749980768,0.00013906774999923073,6216478,2486.5912,5000,0.7499625018749062,1,6666,61.23112007484685,4999,5000,,
universal,adversarial,5000,6667,0.75,3,29,0.01227850000213948,2.455700000427896e-06,0.004559290999168297,1.823716399667319e-06,5185,2.074,5,0.7499625018749062,3462,3205,0.8725766751931406,1538,5000,2.305843009213694e+18,"[[1172432318357405658, 1841538480035479711], [610889197299678937, 356910957590253921], [1744744512350649053, 459482189801702091]]"
fixed,near_duplicate,5000,6667,0.75,1,0,0.003447584000241477,6.895168000482954e-07,0.00169116700271843,6.76466801087372e-07,2500,1.0,1,0.07499625018749062,500,6167,0.2633852931454335,0,500,,
universal,near_duplicate,5000,6667,0.75,3,0,0.008990708000055747,1.7981416000111494e-06,0.004371499999251682,1.7485999997006728e-06,2637,1.0548,2,0.07499625018749062,494,6173,0.2667802890953635,6,500,2.305843009213694e+18,"[[256711980439665054, 1709899044117486289], [564682175042572888, 321752549611034334], [236337776990707882, 1707863537360842093]]"
fixed,near_duplicate,5000,6667,0.75,1,1,0.0033970829972531646,6.794165994506329e-07,0.0016900410009839106,6.760164003935643e-07,2500,1.0,1,0.07499625018749062,500,6167,0.2633852931454335,0,500,,
universal,near_duplicate,5000,6667,0.75,3,1,0.008671875002619345,1.734375000523869e-06,0.004375457996502519,1.7501831986010074e-06,2914,1.1656,3,0.07499625018749062,475,6192,0.2783368600554999,25,500,2.305843009213694e+18,"[[659665203979258006, 1758630025113616856], [2212240429613108902, 852878681887507335], [1610489816920689347, 222016741360720591]]"
fixed,near_duplicate,5000,6667,0.75,1,2,0.003402332997211488,6.804665994422976e-07,0.0016816670031403191,6.726668012561276e-07,2500,1.0,1,0.07499625018749062,500,6167,0.2633852931454335,0,500,,
universal,near_duplicate,5000,6667,0.75,3,2,0.008889125001587672,1.7778250003175344e-06,0.004362917003163602,1.7451668012654408e-06,3088,1.2352,3,0.07499625018749062,467,6200,0.2820838575154641,33,500,2.305843009213694e+18,"[[1199085610155232937, 1617812241682181496], [268989063807004320, 875226211544593835], [667698580330647039, 518091674429352682]]"
fixed,near_duplicate,5000,6667,0.75,1,3,0.003393625000171596,6.787250000343192e-07,0.0016859579991432838,6.743831996573135e-07,2500,1.0,1,0.07499625018749062,500,6167,0.2633852931454335,0,500,,
universal,near_duplicate,5000,6667,0.75,3,3,0.008839958001772175,1.7679916003544349e-06,0.004359458001999883,1.7437832007999531e-06,2705,1.082,2,0.07499625018749062,487,6180,0.2706873060471352,13,500,2.305843009213694e+18,"[[963130306873368709, 594124941275654819], [699113413627218811, 49790444920847614], [1116618126344352917, 264798812748597129]]"
fixed,near_duplicate,5000,6667,0.75,1,4,0.003391582999029197,6.783165998058394e-07,0.001681792000454152,6.727168001816608e-07,2500,1.0,1,0.07499625018749062,500,6167,0.2633852931454335,0,500,,
universal,near_duplicate,5000,6667,0.75,3,4,0.008776958999078488,1.7553917998156976e-06,0.004367707999335835,1.7470831997343338e-06,2685,1.074,2,0.07499625018749062,488,6179,0.270132620492797,12,500,2.305843009213694e+18,"[[176127807941085543, 92145436972157049], [1353304280071655414, 2046636642761636536], [1463118878522575776, 350413271360474182]]"
fixed,near_duplicate,5000,6667,0.75,1,5,0.0033926670002983883,6.785334000596777e-07,0.0016778749995864928,6.711499998345971e-07,2500,1.0,1,0.07499625018749062,500,6167,0.2633852931454335,0,500,,
universal,near_duplicate,5000,6667,0.75,3,5,0.008874416998878587,1.7748833997757174e-06,0.00443687499864609,1.774749999458436e-06,2688,1.0752,2,0.07499625018749062,488,6179,0.270132620492797,12,500,2.305843009213694e+18,"[[144173240364996770, 1276607102766329742], [1316153465216681486, 593588258721341972], [891339916669062610, 1419387771326649839]]"
fixed,near_duplicate,5000,6667,0.75,1,6,0.003416749997995794,6.833499995991588e-07,0.0016762500017648563,6.705000007059425e-07,2500,1.0,1,0.07499625018749062,500,6167,0.2633852931454335,0,500,,
universal,near_duplicate,5000,6667,0.75,3,6,0.008832667001115624,1.7665334002231248e-06,0.004377792000013869,1.7511168000055477e-06,2753,1.1012,3,0.07499625018749062,485,6182,0.2723445844097241,15,500,2.305843009213694e+18,"[[727386515324539458, 1284136067485901726], [1233138577490571038, 1828907452299493987], [1165171476919621068, 1646066583754636611]]"
fixed,near_duplicate,5000,6667,0.75,1,7,0.0034157920017605647,6.831584003521129e-07,0.0016764160027378239,6.705664010951295e-07,2500,1.0,1,0.07499625018749062,500,6167,0.2633852931454335,0,500,,
universal,near_duplicate,5000,6667,0.75,3,7,0.00893766700028209,1.787533400056418e-06,0.004406832998938626,1.7627331995754502e-06,2742,1.0968,2,0.07499625018749062,488,6179,0.270132620492797,12,500,2.305843009213694e+18,"[[793970665397899006, 2152094108188559335], [745929175751854539, 1278256298576207987], [1862522474300937406, 1567653588555493210]]"
fixed,near_duplicate,5000,6667,0.75,1,8,0.0034029999987978954,6.805999997595791e-07,0.0016873339991434477,6.749335996573791e-07,2500,1.0,1,0.07499625018749062,500,6167,0.2633852931454335,0,500,,
universal,near_duplicate,5000,6667,0.75,3,8,0.008966415996837895,1.793283199367579e-06,0.004351042000052985,1.7404168000211939e-06,2689,1.0756,2,0.07499625018749062,484,6183,0.2723445844097241,16,500,2.305843009213694e+18,"[[1973099216186019426, 839551891445904909], [2054075847285760178, 1596895736779450158], [1768356806526079850, 761040643918656312]]"
fixed,near_duplicate,5000,6667,0.75,1,9,0.0034366670006420463,6.873334001284092e-07,0.00172312500217231,6.89250000868924e-07,2500,1.0,1,0.07499625018749062,500,6167,0.2633852931454335,0,500,,
universal,near_duplicate,5000,6667,0.75,3,9,0.00886595900010434,1.773191800020868e-06,0.004454875001101755,1.7819500004407019e-06,2818,1.1272,2,0.07499625018749062,487,6180,0.2706873060471352,13,500,2.305843009213694e+18,"[[1933427113282973200, 1273492775044695229], [567420718719220919, 2291110579130834537], [1919842552580472723, 589921478534064354]]"
fixed,near_duplicate,5000,6667,0.75,1,10,0.0034109579974028748,6.82191599480575e-07,0.0016810829984024167,6.724331993609666e-07,2500,1.0,1,0.07499625018749062,500,6167,0.2633852931454335,0,500,,
universal,near_duplicate,5000,6667,0.75,3,10,0.008884250000846805,1.776850000169361e-06,0.004456582999409875,1.78263319976395e-06,2672,1.0688,2,0.07499625018749062,489,6178,0.26957679361094034,11,500,2.305843009213694e+18,"[[618696799174358726, 2029214271970554437], [1181946042011416434, 1971785935387254006], [855518877651879508, 78523067754061221]]"
fixed,near_duplicate,5000,6667,0.75,1,11,0.0034515000006649643,6.903000001329928e-07,0.0017961669982469175,7.18466799298767e-07,2500,1.0,1,0.07499625018749062,500,6167,0.2633852931454335,0,500,,
universal,near_duplicate,5000,6667,0.75,3,11,0.00876787499873899,1.7535749997477978e-06,0.004359792001196183,1.7439168004784733e-06,2667,1.0668,2,0.07499625018749062,493,6174,0.26734193021401575,7,500,2.305843009213694e+18,"[[1967359095987829717, 498185230560009946], [1157680175712590001, 1113020793331031894], [1655376568515428791, 831730782862272696]]"
fixed,near_duplicate,5000,6667,0.75,1,12,0.0034258749983564485,6.851749996712897e-07,0.0017661249985394534,7.064499994157814e-07,2500,1.0,1,0.07499625018749062,500,6167,0.2633852931454335,0,500,,
universal,near_duplicate,5000,6667,0.75,3,12,0.00898179200157756,1.7963584003155119e-06,0.004349167000327725,1.7396668001310899e-06,2707,1.0828,2,0.07499625018749062,486,6181,0.2712408572759742,14,500,2.305843009213694e+18,"[[2258536001366688123, 1012121370449003109], [686970057059376321, 2051824648104402063], [1124175962628406669, 504983195232581899]]"
fixed,near_duplicate,5000,6667,0.75,1,13,0.003436291000980418,6.872582001960836e-07,0.0016856660004123114,6.742664001649245e-07,2500,1.0,1,0.07499625018749062,500,6167,0.2633852931454335,0,500,,
universal,near_duplicate,5000,6667,0.75,3,13,0.008732709000469185,1.746541800093837e-06,0.004297082999983104,1.7188331999932416e-06,2721,1.0884,2,0.07499625018749062,490,6177,0.2690198183272109,10,500,2.305843009213694e+18,"[[2277903568736387890, 452514279465990313], [2303280692498563247, 697951185415921787], [183691764838410618, 423743168849403417]]"
fixed,near_duplicate,5000,6667,0.75,1,14,0.0034477080007491168,6.895416001498233e-07,0.0016909999976633117,6.763999990653247e-07,2500,1.0,1,0.07499625018749062,500,6167,0.2633852931454335,0,500,,
universal,near_duplicate,5000,6667,0.75,3,14,0.008831208000628976,1.7662416001257952e-06,0.004337916001531994,1.7351664006127976e-06,2679,1.0716,2,0.07499625018749062,487,6180,0.2706873060471352,13,500,2.305843009213694e+18,"[[1956076132499880650, 26508845497723367], [1505952038662606745, 694384076709536977], [1251442079079685814, 2146666122401106131]]"
fixed,near_duplicate,5000,6667,0.75,1,15,0.0034523750000516884,6.904750000103377e-07,0.0017037500001606531,6.815000000642613e-07,2500,1.0,1,0.07499625018749062,500,6167,0.2633852931454335,0,500,,
universal,near_duplicate,5000,6667,0.75,3,15,0.008796124999207677,1.7592249998415355e-06,0.004357292000349844,1.7429168001399375e-06,2973,1.1892,3,0.07499625018749062,478,6189,0.27671547239593425,22,500,2.305843009213694e+18,"[[847978861133403702, 1395714462194184430], [518482636670340538, 740682746084312398], [1100716632290196263, 2269261073193213249]]"
fixed,near_duplicate,5000,6667,0.75,1,16,0.0034259589992871042,6.851917998574209e-07,0.0016803329999675043,6.721331999870017e-07,2500,1.0,1,0.07499625018749062,500,6167,0.2633852931454335,0,500,,
universal,near_duplicate,5000,6667,0.75,3,16,0.008857124998030486,1.7714249996060972e-06,0.004390542002511211,1.7562168010044843e-06,2824,1.1296,3,0.07499625018749062,483,6184,0.2739918386732627,17,500,2.305843009213694e+18,"[[454612962106966139, 1702438209959121919], [2265420330264173236, 463866247378689703], [443667755326800348, 934787930118675060]]"
fixed,near_duplicate,5000,6667,0.75,1,17,0.003414709000935545,6.82941800187109e-07,0.0016860830000950955,6.744332000380382e-07,2500,1.0,1,0.07499625018749062,500,6167,0.2633852931454335,0,500,,
universal,near_duplicate,5000,6667,0.75,3,17,0.008818416998110479,1.7636833996220957e-06,0.004325957997934893,1.7303831991739572e-06,2661,1.0644,2,0.07499625018749062,486,6181,0.2712408572759742,14,500,2.305843009213694e+18,"[[195095767942445094, 1500048066919629750], [1059562453095694534, 313986444720046481], [691564608163384468, 53651072377497930]]"
fixed,near_duplicate,5000,6667,0.75,1,18,0.0034222920003230684,6.844584000646136e-07,0.0016820410019136034,6.728164007654414e-07,2500,1.0,1,0.07499625018749062,500,6167,0.2633852931454335,0,500,,
universal,near_duplicate,5000,6667,0.75,3,18,0.008813791999273235,1.762758399854647e-06,0.00434254200081341,1.7370168003253638e-06,2674,1.0696,2,0.07499625018749062,487,6180,0.2706873060471352,13,500,2.305843009213694e+18,"[[653524007492807808, 355415340864572460], [529539352426941228, 1114891161808553618], [2041277660056489008, 2248875904457507991]]"
fixed,near_duplicate,5000,6667,0.75,1,19,0.0034213330000056885,6.842666000011377e-07,0.0016945000024861656,6.778000009944662e-07,2500,1.0,1,0.07499625018749062,500,6167,0.2633852931454335,0,500,,
universal,near_duplicate,5000,6667,0.75,3,19,0.008962167001300259,1.7924334002600516e-06,0.004369874997792067,1.7479499991168268e-06,2707,1.0828,2,0.07499625018749062,490,6177,0.2690198183272109,10,500,2.305843009213694e+18,"[[418983635330710152, 499844581152741729], [2091481658804620576, 676363097439722673], [1853845312400714918, 63921434307813850]]"
fixed,near_duplicate,5000,6667,0.75,1,20,0.003434000002016546,6.868000004033093e-07,0.0017045829990820494,6.818331996328197e-07,2500,1.0,1,0.07499625018749062,500,6167,0.2633852931454335,0,500,,
universal,near_duplicate,5000,6667,0.75,3,20,0.008882500002073357,1.7765000004146714e-06,0.004414625000208616,1.7658500000834465e-06,2661,1.0644,2,0.07499625018749062,487,6180,0.2706873060471352,13,500,2.305843009213694e+18,"[[1326467972949138173, 150235521510768009], [1878749678761878296, 2057856258604839518], [714528426559143356, 1546845777023972402]]"
fixed,near_duplicate,5000,6667,0.75,1,21,0.003429208998568356,6.858417997136712e-07,0.0017085420004150365,6.834168001660146e-07,2500,1.0,1,0.07499625018749062,500,6167,0.2633852931454335,0,500,,
universal,near_duplicate,5000,6667,0.75,3,21,0.008851624999806518,1.7703249999613036e-06,0.0043206250011280645,1.7282500004512258e-06,2684,1.0736,2,0.07499625018749062,486,6181,0.2712408572759742,14,500,2.305843009213694e+18,"[[1024322815512585445, 2145571529822921201], [583220317473756343, 1521440433806999588], [891688296819238137, 181082232511610579]]"
fixed,near_duplicate,5000,6667,0.75,1,22,0.0034111249988200143,6.822249997640028e-07,0.0016960419998213183,6.784167999285274e-07,2500,1.0,1,0.07499625018749062,500,6167,0.2633852931454335,0,500,,
universal,near_duplicate,5000,6667,0.75,3,22,0.008868541000992991,1.7737082001985983e-06,0.004370333997940179,1.7481335991760715e-06,2667,1.0668,2,0.07499625018749062,491,6176,0.2684616874938687,9,500,2.305843009213694e+18,"[[287886780813115929, 1413457234261051687], [1236295213923302512, 1583790892526252416], [469264712334336849, 619461346342472605]]"
fixed,near_duplicate,5000,6667,0.75,1,23,0.003434624999499647,6.869249998999294e-07,0.0017146250029327348,6.858500011730939e-07,2500,1.0,1,0.07499625018749062,500,6167,0.2633852931454335,0,500,,
universal,near_duplicate,5000,6667,0.75,3,23,0.008846875000017462,1.7693750000034924e-06,0.0043520420003915206,1.7408168001566082e-06,2676,1.0704,2,0.07499625018749062,490,6177,0.2690198183272109,10,500,2.305843009213694e+18,"[[666030003530279332, 1185754838603315180], [507164280403988863, 1057119984642882112], [1021713661893975990, 2137083730657759889]]"
fixed,near_duplicate,5000,6667,0.75,1,24,0.0034236249994137324,6.847249998827465e-07,0.0016842079967318568,6.736831986927428e-07,2500,1.0,1,0.07499625018749062,500,6167,0.2633852931454335,0,500,,
universal,near_duplicate,5000,6667,0.75,3,24,0.008883833001164021,1.776766600232804e-06,0.004371374998299871,1.7485499993199483e-06,2743,1.0972,2,0.07499625018749062,483,6184,0.27289477396618517,17,500,2.305843009213694e+18,"[[719391770955253926, 2130106160647316609], [1814591772010625413, 678012837864961736], [2256121436648175771, 1806161501175307684]]"
fixed,near_duplicate,5000,6667,0.75,1,25,0.003426624996791361,6.853249993582721e-07,0.0016976670012809336,6.790668005123735e-07,2500,1.0,1,0.07499625018749062,500,6167,0.2633852931454335,0,500,,
universal,near_duplicate,5000,6667,0.75,3,25,0.008842540999467019,1.7685081998934038e-06,0.004348292000941001,1.7393168003764005e-06,2608,1.0432,2,0.07499625018749062,496,6171,0.2656534446385098,4,500,2.305843009213694e+18,"[[267692963849940753, 941673545738002381], [1078297968137412989, 615313745506248579], [1375102846946731697, 1124764272089465404]]"
fixed,near_duplicate,5000,6667,0.75,1,26,0.003432375000556931,6.864750001113862e-07,0.0016688750001776498,6.675500000710599e-07,2500,1.0,1,0.07499625018749062,500,6167,0.2633852931454335,0,500,,
universal,near_duplicate,5000,6667,0.75,3,26,0.008879875000275206,1.7759750000550412e-06,0.0043576669995673,1.74306679982692e-06,2697,1.0788,3,0.07499625018749062,486,6181,0.2723445844097241,14,500,2.305843009213694e+18,"[[1075367493781816306, 1590101887495472611], [1902892487837865007, 1154722482783782897], [1398969667391390162, 561164263128564704]]"
fixed,near_duplicate,5000,6667,0.75,1,27,0.003411707999475766,6.823415998951532e-07,0.0016733750017010607,6.693500006804243e-07,2500,1.0,1,0.07499625018749062,500,6167,0.2633852931454335,0,500,,
universal,near_duplicate,5000,6667,0.75,3,27,0.00883458300086204,1.7669166001724079e-06,0.004372750001493841,1.7491000005975365e-06,2727,1.0908,3,0.07499625018749062,473,6194,0.27887522777454593,27,500,2.305843009213694e+18,"[[86018572855962195, 1847883699258444581], [153743650771889609, 794633789185287595], [2121092647333014343, 2013162642849706046]]"
fixed,near_duplicate,5000,6667,0.75,1,28,0.0034688749983615708,6.937749996723142e-07,0.0016751660004956648,6.700664001982659e-07,2500,1.0,1,0.07499625018749062,500,6167,0.2633852931454335,0,500,,
universal,near_duplicate,5000,6667,0.75,3,28,0.008786416998191271,1.7572833996382543e-06,0.0043251669994788244,1.7300667997915298e-06,2695,1.078,2,0.07499625018749062,483,6184,0.27289477396618517,17,500,2.305843009213694e+18,"[[273089160051860230, 1621121173616640907], [1037773347474994553, 742865219208374151], [246540013351488701, 1890370731478794172]]"
fixed,near_duplicate,5000,6667,0.75,1,29,0.003415208000660641,6.830416001321282e-07,0.0016882920026546344,6.753168010618538e-07,2500,1.0,1,0.07499625018749062,500,6167,0.2633852931454335,0,500,,
universal,near_duplicate,5000,6667,0.75,3,29,0.008762165998632554,1.7524331997265107e-06,0.004378125002403976,1.7512500009615905e-06,2682,1.0728,3,0.07499625018749062,491,6176,0.2690198183272109,9,500,2.305843009213694e+18,"[[1172432318357405658, 1841538480035479711], [610889197299678937, 356910957590253921], [1744744512350649053, 459482189801702091]]"
fixed,uniform,5000,5000,1.0,1,0,0.006276708001678344,1.2553416003356688e-06,0.0017190409998875111,6.876163999550044e-07,3602,1.4408,6,0.9494,3109,1891,0.9455366941584022,1638,4747,,
universal,uniform,5000,5000,1.0,3,0,0.01195716700021876,2.391433400043752e-06,0.004483959000936011,1.7935836003744043e-06,6274,2.5096,6,0.9494,3010,1990,0.9988191227644773,1737,4747,2.305843009213694e+18,"[[256711980439665054, 1709899044117486289], [564682175042572888, 321752549611034334], [236337776990707882, 1707863537360842093]]"
fixed,uniform,5000,5000,1.0,1,1,0.00622795800154563,1.2455916003091262e-06,0.001729874999000458,6.919499996001832e-07,3545,1.418,5,0.951,3160,1840,0.9211943334606439,1595,4755,,
universal,uniform,5000,5000,1.0,3,1,0.011913457998161903,2.3826915996323806e-06,0.004507500001636799,1.8030000006547198e-06,5917,2.3668,7,0.951,3063,1937,0.9843774682508738,1692,4755,2.305843009213694e+18,"[[659665203979258006, 1758630025113616856], [2212240429613108902, 852878681887507335], [1610489816920689347, 222016741360720591]]"
fixed,uniform,5000,5000,1.0,1,2,0.006221457999345148,1.2442915998690296e-06,0.0017452499996579718,6.980999998631888e-07,3575,1.43,5,0.9554,3188,1812,0.9177204585275409,1589,4777,,
universal,uniform,5000,5000,1.0,3,2,0.011933249999856343,2.386649999971269e-06,0.004520374997809995,1.8081499991239979e-06,6070,2.428,6,0.9554,3132,1868,0.9603180931337283,1645,4777,2.305843009213694e+18,"[[1199085610155232937, 1617812241682181496], [268989063807004320, 875226211544593835], [667698580330647039, 518091674429352682]]"
fixed,uniform,5000,5000,1.0,1,3,0.0062414169988187496,1.24828339976375e-06,0.0017137920003733598,6.855168001493439e-07,3467,1.3868,5,0.9476,3184,1816,0.9143600166236492,1554,4738,,
universal,uniform,5000,5000,1.0,3,3,0.01209562499934691,2.419124999869382e-06,0.0044967499998165295,1.7986999999266118e-06,6072,2.4288,8,0.9476,3034,1966,0.9964207143571434,1704,4738,2.305843009213694e+18,"[[963130306873368709, 594124941275654819], [699113413627218811, 49790444920847614], [1116618126344352917, 264798812748597129]]"
fixed,uniform,5000,5000,1.0,1,4,0.006312707999313716,1.262541599862743e-06,0.0017387499974574894,6.954999989829958e-07,3547,1.4188,6,0.9538,3162,1838,0.9334160701423562,1607,4769,,
universal,uniform,5000,5000,1.0,3,4,0.01212400000076741,2.424800000153482e-06,0.004573250000248663,1.8293000000994652e-06,6031,2.4124,6,0.9538,3099,1901,0.9666775884440478,1670,4769,2.305843009213694e+18,"[[176127807941085543, 92145436972157049], [1353304280071655414, 2046636642761636536], [1463118878522575776, 350413271360474182]]"
fixed,uniform,5000,5000,1.0,1,5,0.00632387500081677,1.264775000163354e-06,0.001710166998236673,6.840667992946692e-07,3592,1.4368,7,0.9516,3121,1879,0.9472367391523621,1637,4758,,
universal,uniform,5000,5000,1.0,3,5,0.012148082998464815,2.429616599692963e-06,0.004529541001829784,1.8118164007319137e-06,6075,2.43,5,0.9516,3057,1943,0.977781897971117,1701,4758,2.305843009213694e+18,"[[144173240364996770, 1276607102766329742], [1316153465216681486, 593588258721341972], [891339916669062610, 1419387771326649839]]"
fixed,uniform,5000,5000,1.0,1,6,0.006295041002886137,1.2590082005772274e-06,0.001710542001092108,6.842168004368432e-07,3582,1.4328,5,0.9488,3157,1843,0.9313316058203973,1587,4744,,
universal,uniform,5000,5000,1.0,3,6,0.012019583002256695,2.403916600451339e-06,0.004510958002356347,1.8043832009425387e-06,5964,2.3856,7,0.9488,3091,1909,0.964042820625723,1653,4744,2.305843009213694e+18,"[[727386515324539458, 1284136067485901726], [1233138577490571038, 1828907452299493987], [1165171476919621068, 1646066583754636611]]"
fixed,uniform,5000,5000,1.0,1,7,0.0062499999985448085,1.2499999997089617e-06,0.0017144999983429443,6.857999993371777e-07,3537,1.4148,5,0.95,3164,1836,0.9262289133902051,1586,4750,,
universal,uniform,5000,5000,1.0,3,7,0.012155167001765221,2.4310334003530443e-06,0.004501166000409285,1.800466400163714e-06,5825,2.33,6,0.95,3086,1914,0.9651424765287248,1664,4750,2.305843009213694e+18,"[[793970665397899006, 2152094108188559335], [745929175751854539, 1278256298576207987], [1862522474300937406, 1567653588555493210]]"
fixed,uniform,5000,5000,1.0,1,8,0.00629362499967101,1.258724999934202e-06,0.0017345410014968365,6.938164005987346e-07,3527,1.4108,5,0.954,3182,1818,0.9177603172942269,1588,4770,,
universal,uniform,5000,5000,1.0,3,8,0.012147708999691531,2.429541799938306e-06,0.004536250002274755,1.8145000009099022e-06,5787,2.3148,6,0.954,3127,1873,0.951989495740368,1643,4770,2.305843009213694e+18,"[[1973099216186019426, 839551891445904909], [2054075847285760178, 1596895736779450158], [1768356806526079850, 761040643918656312]]"
fixed,uniform,5000,5000,1.0,1,9,0.006345500001771143,1.2691000003542286e-06,0.0017064169987861533,6.825667995144613e-07,3584,1.4336,6,0.9512,3162,1838,0.9243476402306656,1594,4756,,
universal,uniform,5000,5000,1.0,3,9,0.011973415999818826,2.3946831999637654e-06,0.004545540999970399,1.8182163999881595e-06,5924,2.3696,5,0.9512,3129,1871,0.956670559806248,1627,4756,2.305843009213694e+18,"[[1933427113282973200, 1273492775044695229], [567420718719220919, 2291110579130834537], [1919842552580472723, 589921478534064354]]"
fixed,uniform,5000,5000,1.0,1,10,0.0062899170006858185,1.2579834001371636e-06,0.0017411660010111518,6.964664004044608e-07,3631,1.4524,5,0.9478,3167,1833,0.9266472683820959,1572,4739,,
universal,uniform,5000,5000,1.0,3,10,0.012004459000308998,2.4008918000617996e-06,0.0045124589996703435,1.8049835998681374e-06,5806,2.3224,5,0.9478,3070,1930,0.9611842487265384,1669,4739,2.305843009213694e+18,"[[618696799174358726, 2029214271970554437], [1181946042011416434, 1971785935387254006], [855518877651879508, 78523067754061221]]"
fixed,uniform,5000,5000,1.0,1,11,0.006258833000174491,1.2517666000348982e-06,0.0016875419969437644,6.750167987775058e-07,3556,1.4224,5,0.9484,3172,1828,0.9224627038531151,1570,4742,,
universal,uniform,5000,5000,1.0,3,11,0.011958292001509108,2.3916584003018213e-06,0.00450141700275708,1.800566801102832e-06,5961,2.3844,6,0.9484,3068,1932,0.9724903290007567,1674,4742,2.305843009213694e+18,"[[1967359095987829717, 498185230560009946], [1157680175712590001, 1113020793331031894], [1655376568515428791, 831730782862272696]]"
fixed,uniform,5000,5000,1.0,1,12,0.006247291999898152,1.2494583999796305e-06,0.0017143750010291114,6.857500004116446e-07,3538,1.4152,5,0.9496,3205,1795,0.9092083589584953,1543,4748,,
universal,uniform,5000,5000,1.0,3,12,0.011825958001281833,2.3651916002563666e-06,0.004475374997127801,1.7901499988511204e-06,5924,2.3696,6,0.9496,3109,1891,0.9502946069509182,1639,4748,2.305843009213694e+18,"[[2258536001366688123, 1012121370449003109], [686970057059376321, 2051824648104402063], [1124175962628406669, 504983195232581899]]"
fixed,uniform,5000,5000,1.0,1,13,0.0062396249995799735,1.2479249999159947e-06,0.0016872920023160987,6.749168009264395e-07,3536,1.4144,5,0.954,3170,1830,0.9283770785623695,1600,4770,,
universal,uniform,5000,5000,1.0,3,13,0.011993249998340616,2.398649999668123e-06,0.0045648750019609,1.8259500007843598e-06,6014,2.4056,7,0.954,3112,1888,0.9655485487535052,1658,4770,2.305843009213694e+18,"[[2277903568736387890, 452514279465990313], [2303280692498563247, 697951185415921787], [183691764838410618, 423743168849403417]]"
fixed,uniform,5000,5000,1.0,1,14,0.006272083999647293,1.2544167999294586e-06,0.0017272910008614417,6.909164003445767e-07,3581,1.4324,6,0.9506,3165,1835,0.9265849340454441,1588,4753,,
universal,uniform,5000,5000,1.0,3,14,0.012114667002606438,2.4229334005212875e-06,0.00452358400070807,1.8094336002832278e-06,5987,2.3948,6,0.9506,3090,1910,0.9712670281647576,1663,4753,2.305843009213694e+18,"[[1956076132499880650, 26508845497723367], [1505952038662606745, 694384076709536977], [1251442079079685814, 2146666122401106131]]"
fixed,uniform,5000,5000,1.0,1,15,0.006308041000011144,1.2616082000022288e-06,0.0017187090015795548,6.874836006318219e-07,3599,1.4396,5,0.9522,3154,1846,0.9446243486169515,1607,4761,,
universal,uniform,5000,5000,1.0,3,15,0.012058083000738407,2.4116166001476815e-06,0.004493208001804305,1.797283200721722e-06,5770,2.308,6,0.9522,3078,1922,0.9670135262756152,1683,4761,2.305843009213694e+18,"[[847978861133403702, 1395714462194184430], [518482636670340538, 740682746084312398], [1100716632290196263, 2269261073193213249]]"
fixed,uniform,5000,5000,1.0,1,16,0.00620474999959697,1.240949999919394e-06,0.0017757909990905318,7.103163996362128e-07,3569,1.4276,7,0.9426,3134,1866,0.931721653714241,1579,4713,,
universal,uniform,5000,5000,1.0,3,16,0.011966458001552382,2.3932916003104766e-06,0.004550582998490427,1.8202331993961706e-06,5889,2.3556,6,0.9426,3104,1896,0.951054803888819,1609,4713,2.305843009213694e+18,"[[454612962106966139, 1702438209959121919], [2265420330264173236, 463866247378689703], [443667755326800348, 934787930118675060]]"
fixed,uniform,5000,5000,1.0,1,17,0.00630391700178734,1.260783400357468e-06,0.0017311250012426171,6.924500004970469e-07,3565,1.426,5,0.9552,3153,1847,0.9249826809189456,1623,4776,,
universal,uniform,5000,5000,1.0,3,17,0.012051749999955064,2.4103499999910127e-06,0.004507875000854256,1.8031500003417022e-06,5990,2.396,6,0.9552,3127,1873,0.9608293084622263,1649,4776,2.305843009213694e+18,"[[195095767942445094, 1500048066919629750], [1059562453095694534, 313986444720046481], [691564608163384468, 53651072377497930]]"
fixed,uniform,5000,5000,1.0,1,18,0.006263667000894202,1.2527334001788403e-06,0.0017269999989366625,6.90799999574665e-07,3591,1.4364,6,0.9492,3129,1871,0.9375603233925804,1617,4746,,
universal,uniform,5000,5000,1.0,3,18,0.01209000000017113,2.418000000034226e-06,0.004519707999861566,1.8078831999446266e-06,6050,2.42,7,0.9492,3052,1948,0.9797037103124597,1694,4746,2.305843009213694e+18,"[[653524007492807808, 355415340864572460], [529539352426941228, 1114891161808553618], [2041277660056489008, 2248875904457507991]]"
fixed,uniform,5000,5000,1.0,1,19,0.006269041998166358,1.2538083996332715e-06,0.0017032499999913853,6.812999999965541e-07,3585,1.434,5,0.9528,3178,1822,0.9237814460141532,1586,4764,,
universal,uniform,5000,5000,1.0,3,19,0.012088250001397682,2.4176500002795366e-06,0.004492417003348237,1.7969668013392948e-06,6021,2.4084,6,0.9528,3101,1899,0.9554957666049599,1663,4764,2.305843009213694e+18,"[[418983635330710152, 499844581152741729], [2091481658804620576, 676363097439722673], [1853845312400714918, 63921434307813850]]"
fixed,uniform,5000,5000,1.0,1,20,0.006249375001061708,1.2498750002123415e-06,0.001685457998974016,6.741831995896064e-07,3520,1.408,5,0.9472,3180,1820,0.9128045573944074,1556,4736,,
universal,uniform,5000,5000,1.0,3,20,0.012076374998287065,2.415274999657413e-06,0.004571041998133296,1.8284167992533185e-06,6118,2.4472,7,0.9472,3080,1920,0.9705731090443419,1656,4736,2.305843009213694e+18,"[[1326467972949138173, 150235521510768009], [1878749678761878296, 2057856258604839518], [714528426559143356, 1546845777023972402]]"
fixed,uniform,5000,5000,1.0,1,21,0.00626166700021713,1.252333400043426e-06,0.0017084169994632248,6.833667997852899e-07,3541,1.4164,5,0.9544,3204,1796,0.9147243519224795,1568,4772,,
universal,uniform,5000,5000,1.0,3,21,0.011889042001712369,2.377808400342474e-06,0.004476207999687176,1.7904831998748705e-06,5972,2.3888,6,0.9544,3101,1899,0.962455526245239,1671,4772,2.305843009213694e+18,"[[1024322815512585445, 2145571529822921201], [583220317473756343, 1521440433806999588], [891688296819238137, 181082232511610579]]"
fixed,uniform,5000,5000,1.0,1,22,0.0062603749975096434,1.2520749995019287e-06,0.0016986670016194694,6.794668006477878e-07,3566,1.4264,6,0.9504,3136,1864,0.9384774051622128,1616,4752,,
universal,uniform,5000,5000,1.0,3,22,0.012078875002771383,2.4157750005542765e-06,0.004527417000645073,1.8109668002580293e-06,5844,2.3376,6,0.9504,3100,1900,0.9522288800493293,1652,4752,2.305843009213694e+18,"[[287886780813115929, 1413457234261051687], [1236295213923302512, 1583790892526252416], [469264712334336849, 619461346342472605]]"
fixed,uniform,5000,5000,1.0,1,23,0.006246082997677149,1.2492165995354299e-06,0.0017971669985854533,7.188667994341813e-07,3574,1.4296,5,0.9556,3155,1845,0.9387377908660117,1623,4778,,
universal,uniform,5000,5000,1.0,3,23,0.012095250000129454,2.4190500000258906e-06,0.004583374997309875,1.8333499989239499e-06,7582,3.0328,7,0.9556,2944,2056,1.057179568474533,1834,4778,2.305843009213694e+18,"[[666030003530279332, 1185754838603315180], [507164280403988863, 1057119984642882112], [1021713661893975990, 2137083730657759889]]"
fixed,uniform,5000,5000,1.0,1,24,0.00626399999964633,1.252799999929266e-06,0.0017115420014306437,6.846168005722575e-07,3493,1.3972,5,0.9534,3185,1815,0.9195805783073063,1582,4767,,
universal,uniform,5000,5000,1.0,3,24,0.012038541000947589,2.4077082001895176e-06,0.004461458000150742,1.7845832000602968e-06,5825,2.33,7,0.9534,3103,1897,0.9537444311764027,1664,4767,2.305843009213694e+18,"[[719391770955253926, 2130106160647316609], [1814591772010625413, 678012837864961736], [2256121436648175771, 1806161501175307684]]"
fixed,uniform,5000,5000,1.0,1,25,0.006262375001824694,1.2524750003649387e-06,0.0017445000012230594,6.978000004892238e-07,3550,1.42,6,0.9488,3139,1861,0.9311168347742403,1605,4744,,
universal,uniform,5000,5000,1.0,3,25,0.01197274999867659,2.394549999735318e-06,0.004491833002248313,1.7967332008993254e-06,6019,2.4076,7,0.9488,3074,1926,0.9702466490537341,1670,4744,2.305843009213694e+18,"[[267692963849940753, 941673545738002381], [1078297968137412989, 615313745506248579], [1375102846946731697, 1124764272089465404]]"
fixed,uniform,5000,5000,1.0,1,26,0.00625233399841818,1.2504667996836361e-06,0.0017459999980928842,6.983999992371537e-07,3569,1.4276,5,0.9544,3143,1857,0.9384671757712147,1629,4772,,
universal,uniform,5000,5000,1.0,3,26,0.012080084001354408,2.4160168002708813e-06,0.004497708003327716,1.7990832013310865e-06,5974,2.3896,7,0.9544,3115,1885,0.9605834893438466,1657,4772,2.305843009213694e+18,"[[1075367493781816306, 1590101887495472611], [1902892487837865007, 1154722482783782897], [1398969667391390162, 561164263128564704]]"
fixed,uniform,5000,5000,1.0,1,27,0.00629549999939627,1.2590999998792541e-06,0.0017407080013072118,6.962832005228847e-07,3548,1.4192,5,0.9568,3152,1848,0.9407091792897526,1632,4784,,
universal,uniform,5000,5000,1.0,3,27,0.012180000001535518,2.4360000003071037e-06,0.00461649999851943,1.846599999407772e-06,7829,3.1316,8,0.9568,2913,2087,1.0808023686132446,1871,4784,2.305843009213694e+18,"[[86018572855962195, 1847883699258444581], [153743650771889609, 794633789185287595], [2121092647333014343, 2013162642849706046]]"
fixed,uniform,5000,5000,1.0,1,28,0.006239082998945378,1.2478165997890755e-06,0.0017117919996962883,6.847167998785153e-07,3533,1.4132,5,0.9496,3158,1842,0.9157837299275413,1590,4748,,
universal,uniform,5000,5000,1.0,3,28,0.012061749999702442,2.4123499999404886e-06,0.004476665999391116,1.7906663997564464e-06,5968,2.3872,6,0.9496,3049,1951,0.9744022988478629,1699,4748,2.305843009213694e+18,"[[273089160051860230, 1621121173616640907], [1037773347474994553, 742865219208374151], [246540013351488701, 1890370731478794172]]"
fixed,uniform,5000,5000,1.0,1,29,0.006253167000977555,1.250633400195511e-06,0.0017462920004618354,6.985168001847342e-07,3498,1.3992,6,0.9486,3187,1813,0.9175827156175077,1556,4743,,
universal,uniform,5000,5000,1.0,3,29,0.012091791999409907,2.4183583998819815e-06,0.0045897089985373896,1.835883599414956e-06,6066,2.4264,6,0.9486,3063,1937,0.9723980872050294,1680,4743,2.305843009213694e+18,"[[1172432318357405658, 1841538480035479711], [610889197299678937, 356910957590253921], [1744744512350649053, 459482189801702091]]"
fixed,sorted,5000,5000,1.0,1,0,0.006475209000200266,1.2950418000400531e-06,0.0016322499977832194,6.528999991132878e-07,2500,1.0,1,1.0,5000,0,0.0,0,5000,,
universal,sorted,5000,5000,1.0,3,0,0.012205333998281276,2.441066799656255e-06,0.004521582999586826,1.8086331998347304e-06,5906,2.3624,5,1.0,3249,1751,0.9501578816175762,1751,5000,2.305843009213694e+18,"[[256711980439665054, 1709899044117486289], [564682175042572888, 321752549611034334], [236337776990707882, 1707863537360842093]]"
fixed,sorted,5000,5000,1.0,1,1,0.006451875000493601,1.2903750000987201e-06,0.0016322080009558704,6.528832003823481e-07,2500,1.0,1,1.0,5000,0,0.0,0,5000,,
universal,sorted,5000,5000,1.0,3,1,0.012085791997378692,2.4171583994757385e-06,0.004460457999812206,1.7841831999248824e-06,5562,2.2248,5,1.0,3345,1655,0.9024411338142783,1655,5000,2.305843009213694e+18,"[[659665203979258006, 1758630025113616856], [2212240429613108902, 852878681887507335], [1610489816920689347, 222016741360720591]]"
fixed,sorted,5000,5000,1.0,1,2,0.006453207999584265,1.290641599916853e-06,0.0016330830003425945,6.532332001370377e-07,2500,1.0,1,1.0,5000,0,0.0,0,5000,,
universal,sorted,5000,5000,1.0,3,2,0.012076833001628984,2.4153666003257966e-06,0.0044908340023539495,1.7963336009415798e-06,5648,2.2592,6,1.0,3380,1620,0.8948742928478838,1620,5000,2.305843009213694e+18,"[[1199085610155232937, 1617812241682181496], [268989063807004320, 875226211544593835], [667698580330647039, 518091674429352682]]"
fixed,sorted,5000,5000,1.0,1,3,0.006404292002116563,1.2808584004233125e-06,0.001671875001193257,6.687500004773028e-07,2500,1.0,1,1.0,5000,0,0.0,0,5000,,
universal,sorted,5000,5000,1.0,3,3,0.012456750002456829,2.491350000491366e-06,0.004795374999957858,1.918149999983143e-06,10259,4.1036,13,1.0,2824,2176,1.4404166064024673,2176,5000,2.305843009213694e+18,"[[963130306873368709, 594124941275654819], [699113413627218811, 49790444920847614], [1116618126344352917, 264798812748597129]]"
fixed,sorted,5000,5000,1.0,1,4,0.006409249999705935,1.281849999941187e-06,0.001616208002815256,6.464832011261024e-07,2500,1.0,1,1.0,5000,0,0.0,0,5000,,
universal,sorted,5000,5000,1.0,3,4,0.012102874999982305,2.4205749999964608e-06,0.0045213750017865095,1.8085500007146038e-06,6049,2.4196,6,1.0,3197,1803,0.9724196624914574,1803,5000,2.305843009213694e+18,"[[176127807941085543, 92145436972157049], [1353304280071655414, 2046636642761636536], [1463118878522575776, 350413271360474182]]"
fixed,sorted,5000,5000,1.0,1,5,0.00644254200233263,1.2885084004665258e-06,0.0017686249993857928,7.074499997543171e-07,2500,1.0,1,1.0,5000,0,0.0,0,5000,,
universal,sorted,5000,5000,1.0,3,5,0.012287333000131184,2.457466600026237e-06,0.004467375001695473,1.786950000678189e-06,5165,2.066,5,1.0,3393,1607,0.8763560920082658,1607,5000,2.305843009213694e+18,"[[144173240364996770, 1276607102766329742], [1316153465216681486, 593588258721341972], [891339916669062610, 1419387771326649839]]"
fixed,sorted,5000,5000,1.0,1,6,0.006413458002498373,1.2826916004996747e-06,0.002935542001068825,1.17421680042753e-06,2500,1.0,1,1.0,5000,0,0.0,0,5000,,
universal,sorted,5000,5000,1.0,3,6,0.016499625002325047,3.2999250004650092e-06,0.005526500000996748,2.2106000003986993e-06,5774,2.3096,5,1.0,3354,1646,0.9073036977771004,1646,5000,2.305843009213694e+18,"[[727386515324539458, 1284136067485901726], [1233138577490571038, 1828907452299493987], [1165171476919621068, 1646066583754636611]]"
fixed,sorted,5000,5000,1.0,1,7,0.0070297919992299285,1.4059583998459857e-06,0.0019487089994072448,7.794835997628979e-07,2500,1.0,1,1.0,5000,0,0.0,0,5000,,
universal,sorted,5000,5000,1.0,3,7,0.012582375002239132,2.5164750004478266e-06,0.005287625001074048,2.115050000429619e-06,5412,2.1648,5,1.0,3383,1617,0.8802272433866155,1617,5000,2.305843009213694e+18,"[[793970665397899006, 2152094108188559335], [745929175751854539, 1278256298576207987], [1862522474300937406, 1567653588555493210]]"
fixed,sorted,5000,5000,1.0,1,8,0.006638333001319552,1.3276666002639105e-06,0.0017693329973553773,7.077331989421509e-07,2500,1.0,1,1.0,5000,0,0.0,0,5000,,
universal,sorted,5000,5000,1.0,3,8,0.012547999998787418,2.5095999997574835e-06,0.004572333000396611,1.8289332001586445e-06,6646,2.6584,6,1.0,3205,1795,0.9748846085563152,1795,5000,2.305843009213694e+18,"[[1973099216186019426, 839551891445904909], [2054075847285760178, 1596895736779450158], [1768356806526079850, 761040643918656312]]"
fixed,sorted,5000,5000,1.0,1,9,0.00641774999894551,1.283549999789102e-06,0.0017910839997057337,7.164335998822935e-07,2500,1.0,1,1.0,5000,0,0.0,0,5000,,
universal,sorted,5000,5000,1.0,3,9,0.012498875003075227,2.4997750006150456e-06,0.004604833000485087,1.8419332001940348e-06,6031,2.4124,5,1.0,3259,1741,0.9444575162494075,1741,5000,2.305843009213694e+18,"[[1933427113282973200, 1273492775044695229], [567420718719220919, 2291110579130834537], [1919842552580472723, 589921478534064354]]"
fixed,sorted,5000,5000,1.0,1,10,0.00652004199946532,1.3040083998930641e-06,0.0018584169993118849,7.433667997247539e-07,2500,1.0,1,1.0,5000,0,0.0,0,5000,,
universal,sorted,5000,5000,1.0,3,10,0.012375541999062989,2.475108399812598e-06,0.004664083000534447,1.8656332002137788e-06,5904,2.3616,5,1.0,3215,1785,0.9680909048224758,1785,5000,2.305843009213694e+18,"[[618696799174358726, 2029214271970554437], [1181946042011416434, 1971785935387254006], [855518877651879508, 78523067754061221]]"
fixed,sorted,5000,5000,1.0,1,11,0.006421707999834325,1.284341599966865e-06,0.0016854160021466669,6.741664008586668e-07,2500,1.0,1,1.0,5000,0,0.0,0,5000,,
universal,sorted,5000,5000,1.0,3,11,0.012268457998288795,2.4536915996577592e-06,0.0044904579990543425,1.796183199621737e-06,5621,2.2484,6,1.0,3347,1653,0.8986656775464389,1653,5000,2.305843009213694e+18,"[[1967359095987829717, 498185230560009946], [1157680175712590001, 1113020793331031894], [1655376568515428791, 831730782862272696]]"
fixed,sorted,5000,5000,1.0,1,12,0.0065311250000377186,1.3062250000075436e-06,0.0016788329994597007,6.715331997838803e-07,2500,1.0,1,1.0,5000,0,0.0,0,5000,,
universal,sorted,5000,5000,1.0,3,12,0.01233654200041201,2.467308400082402e-06,0.004617917002178729,1.8471668008714914e-06,7030,2.812,7,1.0,3008,1992,1.0779610382569493,1992,5000,2.305843009213694e+18,"[[2258536001366688123, 1012121370449003109], [686970057059376321, 2051824648104402063], [1124175962628406669, 504983195232581899]]"
fixed,sorted,5000,5000,1.0,1,13,0.006519500002468703,1.3039000004937407e-06,0.0017227499993168749,6.890999997267499e-07,2500,1.0,1,1.0,5000,0,0.0,0,5000,,
universal,sorted,5000,5000,1.0,3,13,0.012141874998633284,2.428374999726657e-06,0.004560332999972161,1.8241331999888645e-06,6193,2.4772,7,1.0,3109,1891,1.0039920318408906,1891,5000,2.305843009213694e+18,"[[2277903568736387890, 452514279465990313], [2303280692498563247, 697951185415921787], [183691764838410618, 423743168849403417]]"
fixed,sorted,5000,5000,1.0,1,14,0.006466750000981847,1.2933500001963694e-06,0.0018735410012595821,7.494164005038328e-07,2500,1.0,1,1.0,5000,0,0.0,0,5000,,
universal,sorted,5000,5000,1.0,3,14,0.012733708001178456,2.5467416002356914e-06,0.004696042000432499,1.8784168001729995e-06,5426,2.1704,4,1.0,3425,1575,0.8676404785393544,1575,5000,2.305843009213694e+18,"[[1956076132499880650, 26508845497723367], [1505952038662606745, 694384076709536977], [1251442079079685814, 2146666122401106131]]"
fixed,sorted,5000,5000,1.0,1,15,0.006574832998012425,1.314966599602485e-06,0.0017376249998051208,6.950499999220483e-07,2500,1.0,1,1.0,5000,0,0.0,0,5000,,
universal,sorted,5000,5000,1.0,3,15,0.012367041999823414,2.473408399964683e-06,0.004579667001962662,1.8318668007850647e-06,6105,2.442,6,1.0,3104,1896,1.0152832117197643,1896,5000,2.305843009213694e+18,"[[847978861133403702, 1395714462194184430], [518482636670340538, 740682746084312398], [1100716632290196263, 2269261073193213249]]"
fixed,sorted,5000,5000,1.0,1,16,0.006536542001413181,1.3073084002826362e-06,0.001674208000622457,6.696832002489828e-07,2500,1.0,1,1.0,5000,0,0.0,0,5000,,
universal,sorted,5000,5000,1.0,3,16,0.012191875001008157,2.4383750002016313e-06,0.004569332999381004,1.8277331997524015e-06,5480,2.192,5,1.0,3372,1628,0.8953211714239756,1628,5000,2.305843009213694e+18,"[[454612962106966139, 1702438209959121919], [2265420330264173236, 463866247378689703], [443667755326800348, 934787930118675060]]"
fixed,sorted,5000,5000,1.0,1,17,0.006460249998781364,1.2920499997562728e-06,0.0016667080017214175,6.66683200688567e-07,2500,1.0,1,1.0,5000,0,0.0,0,5000,,
universal,sorted,5000,5000,1.0,3,17,0.012191499998152722,2.438299999630544e-06,0.004511625000304775,1.8046500001219102e-06,5442,2.1768,4,1.0,3394,1606,0.8777243302996676,1606,5000,2.305843009213694e+18,"[[195095767942445094, 1500048066919629750], [1059562453095694534, 313986444720046481], [691564608163384468, 53651072377497930]]"
fixed,sorted,5000,5000,1.0,1,18,0.00649320799857378,1.298641599714756e-06,0.001720874999591615,6.88349999836646e-07,2500,1.0,1,1.0,5000,0,0.0,0,5000,,
universal,sorted,5000,5000,1.0,3,18,0.012396375001117121,2.479275000223424e-06,0.004598291001457255,1.8393164005829021e-06,6517,2.6068,6,1.0,3019,1981,1.064518670573701,1981,5000,2.305843009213694e+18,"[[653524007492807808, 355415340864572460], [529539352426941228, 1114891161808553618], [2041277660056489008, 2248875904457507991]]"
fixed,sorted,5000,5000,1.0,1,19,0.006498916998680215,1.299783399736043e-06,0.0016765420004958287,6.706168001983314e-07,2500,1.0,1,1.0,5000,0,0.0,0,5000,,
universal,sorted,5000,5000,1.0,3,19,0.012223708003148204,2.444741600629641e-06,0.004514249998464948,1.805699999385979e-06,5517,2.2068,5,1.0,3365,1635,0.8939798655450804,1635,5000,2.305843009213694e+18,"[[418983635330710152, 499844581152741729], [2091481658804620576, 676363097439722673], [1853845312400714918, 63921434307813850]]"
fixed,sorted,5000,5000,1.0,1,20,0.006535333002830157,1.3070666005660314e-06,0.0016797079988464247,6.718831995385699e-07,2500,1.0,1,1.0,5000,0,0.0,0,5000,,
universal,sorted,5000,5000,1.0,3,20,0.012330249999649823,2.4660499999299647e-06,0.004690124998887768,1.8760499995551072e-06,6442,2.5768,7,1.0,2969,2031,1.088852607105296,2031,5000,2.305843009213694e+18,"[[1326467972949138173, 150235521510768009], [1878749678761878296, 2057856258604839518], [714528426559143356, 1546845777023972402]]"
fixed,sorted,5000,5000,1.0,1,21,0.006499957999039907,1.2999915998079813e-06,0.0016794590010249522,6.717836004099809e-07,2500,1.0,1,1.0,5000,0,0.0,0,5000,,
universal,sorted,5000,5000,1.0,3,21,0.012162125000031665,2.432425000006333e-06,0.004510124999796972,1.8040499999187887e-06,5415,2.166,5,1.0,3383,1617,0.8815894736213676,1617,5000,2.305843009213694e+18,"[[1024322815512585445, 2145571529822921201], [583220317473756343, 1521440433806999588], [891688296819238137, 181082232511610579]]"
fixed,sorted,5000,5000,1.0,1,22,0.014363582999067148,2.8727165998134297e-06,0.002513291998184286,1.0053167992737144e-06,2500,1.0,1,1.0,5000,0,0.0,0,5000,,
universal,sorted,5000,5000,1.0,3,22,0.027321083001879742,5.464216600375948e-06,0.005226332999882288,2.0905331999529154e-06,7266,2.9064,7,1.0,2938,2062,1.0934349546269315,2062,5000,2.305843009213694e+18,"[[287886780813115929, 1413457234261051687], [1236295213923302512, 1583790892526252416], [469264712334336849, 619461346342472605]]"
fixed,sorted,5000,5000,1.0,1,23,0.006550083002366591,1.3100166004733182e-06,0.00226387500151759,9.055500006070361e-07,2500,1.0,1,1.0,5000,0,0.0,0,5000,,
universal,sorted,5000,5000,1.0,3,23,0.013392458997259382,2.6784917994518763e-06,0.00510874999963562,2.043499999854248e-06,7382,2.9528,7,1.0,3022,1978,1.0721940122944167,1978,5000,2.305843009213694e+18,"[[666030003530279332, 1185754838603315180], [507164280403988863, 1057119984642882112], [1021713661893975990, 2137083730657759889]]"
fixed,sorted,5000,5000,1.0,1,24,0.00653999999849475,1.3079999996989499e-06,0.0017509169992990792,7.003667997196316e-07,2500,1.0,1,1.0,5000,0,0.0,0,5000,,
universal,sorted,5000,5000,1.0,3,24,0.012197832998936065,2.439566599787213e-06,0.004596000002493383,1.8384000009973534e-06,5651,2.2604,5,1.0,3321,1679,0.913454979733539,1679,5000,2.305843009213694e+18,"[[719391770955253926, 2130106160647316609], [1814591772010625413, 678012837864961736], [2256121436648175771, 1806161501175307684]]"
fixed,sorted,5000,5000,1.0,1,25,0.006420083002012689,1.2840166004025378e-06,0.0017935830001079012,7.174332000431605e-07,2500,1.0,1,1.0,5000,0,0.0,0,5000,,
universal,sorted,5000,5000,1.0,3,25,0.012593584000569535,2.518716800113907e-06,0.004569125001580687,1.827650000632275e-06,5661,2.2644,6,1.0,3280,1720,0.9402127418834527,1720,5000,2.305843009213694e+18,"[[267692963849940753, 941673545738002381], [1078297968137412989, 615313745506248579], [1375102846946731697, 1124764272089465404]]"
fixed,sorted,5000,5000,1.0,1,26,0.006470167001680238,1.2940334003360477e-06,0.0017048330009856727,6.819332003942691e-07,2500,1.0,1,1.0,5000,0,0.0,0,5000,,
universal,sorted,5000,5000,1.0,3,26,0.012355625000054715,2.4711250000109432e-06,0.004790375001903158,1.916150000761263e-06,5493,2.1972,5,1.0,3380,1620,0.889719056781409,1620,5000,2.305843009213694e+18,"[[1075367493781816306, 1590101887495472611], [1902892487837865007, 1154722482783782897], [1398969667391390162, 561164263128564704]]"
fixed,sorted,5000,5000,1.0,1,27,0.006516707999253413,1.3033415998506825e-06,0.0017147500002465677,6.859000000986271e-07,2500,1.0,1,1.0,5000,0,0.0,0,5000,,
universal,sorted,5000,5000,1.0,3,27,0.01261437500215834,2.522875000431668e-06,0.004702207999798702,1.8808831999194807e-06,7960,3.184,6,1.0,3033,1967,1.0796295661012623,1967,5000,2.305843009213694e+18,"[[86018572855962195, 1847883699258444581], [153743650771889609, 794633789185287595], [2121092647333014343, 2013162642849706046]]"
fixed,sorted,5000,5000,1.0,1,28,0.006495000001450535,1.299000000290107e-06,0.0016804169972601812,6.721667989040725e-07,2500,1.0,1,1.0,5000,0,0.0,0,5000,,
universal,sorted,5000,5000,1.0,3,28,0.01231812499827356,2.463624999654712e-06,0.0045636670001840685,1.8254668000736275e-06,5313,2.1252,4,1.0,3379,1621,0.8879189152169246,1621,5000,2.305843009213694e+18,"[[273089160051860230, 1621121173616640907], [1037773347474994553, 742865219208374151], [246540013351488701, 1890370731478794172]]"
fixed,sorted,5000,5000,1.0,1,29,0.006534249998367159,1.3068499996734318e-06,0.0016306670004269108,6.522668001707643e-07,2500,1.0,1,1.0,5000,0,0.0,0,5000,,
universal,sorted,5000,5000,1.0,3,29,0.012449083998944843,2.4898167997889688e-06,0.004635749999579275,1.85429999983171e-06,5981,2.3924,5,1.0,3304,1696,0.9226050075736637,1696,5000,2.305843009213694e+18,"[[1172432318357405658, 1841538480035479711], [610889197299678937, 356910957590253921], [1744744512350649053, 459482189801702091]]"
fixed,adversarial,5000,5000,1.0,1,0,0.08776608300104272,1.7553216600208543e-05,0.354837957998825,0.00014193518319953,6315604,2526.2416,5000,1.0,1,4999,70.70360669725413,4999,5000,,
universal,adversarial,5000,5000,1.0,3,0,0.01235149999774876,2.470299999549752e-06,0.004699584002082702,1.8798336008330807e-06,5674,2.2696,4,1.0,3296,1704,0.9197825830053535,1704,5000,2.305843009213694e+18,"[[256711980439665054, 1709899044117486289], [564682175042572888, 321752549611034334], [236337776990707882, 1707863537360842093]]"
fixed,adversarial,5000,5000,1.0,1,1,0.08821304199955193,1.7642608399910385e-05,0.35172337500262074,0.0001406893500010483,6284376,2513.7504,5000,1.0,1,4999,70.70360669725413,4999,5000,,
universal,adversarial,5000,5000,1.0,3,1,0.012354540998785524,2.470908199757105e-06,0.004751000000396743,1.9004000001586974e-06,6433,2.5732,5,1.0,3197,1803,0.9771386800244887,1803,5000,2.305843009213694e+18,"[[659665203979258006, 1758630025113616856], [2212240429613108902, 852878681887507335], [1610489816920689347, 222016741360720591]]"
fixed,adversarial,5000,5000,1.0,1,2,0.0875995829992462,1.751991659984924e-05,0.3501553750029416,0.00014006215000117664,6259224,2503.6896,5000,1.0,1,4999,70.70360669725413,4999,5000,,
universal,adversarial,5000,5000,1.0,3,2,0.012204458002088359,2.4408916004176718e-06,0.004755582998768659,1.9022331995074638e-06,6610,2.644,6,1.0,3135,1865,1.0023971268913334,1865,5000,2.305843009213694e+18,"[[1199085610155232937, 1617812241682181496], [268989063807004320, 875226211544593835], [667698580330647039, 518091674429352682]]"
fixed,adversarial,5000,5000,1.0,1,3,0.08796725000138395,1.759345000027679e-05,0.34982537500036415,0.00013993015000014566,6259113,2503.6452,5000,1.0,1,4999,70.70360669725413,4999,5000,,
universal,adversarial,5000,5000,1.0,3,3,0.012316415999521269,2.4632831999042538e-06,0.0047275840006477665,1.8910336002591066e-06,5603,2.2412,5,1.0,3323,1677,0.916515138991168,1677,5000,2.305843009213694e+18,"[[963130306873368709, 594124941275654819], [699113413627218811, 49790444920847614], [1116618126344352917, 264798812748597129]]"
fixed,adversarial,5000,5000,1.0,1,4,0.08813837499837973,1.7627674999675948e-05,0.3536640830025135,0.0001414656332010054,6275042,2510.0168,5000,1.0,1,4999,70.70360669725413,4999,5000,,
universal,adversarial,5000,5000,1.0,3,4,0.012408791000780184,2.4817582001560367e-06,0.004576167000777787,1.8304668003111147e-06,5433,2.1732,4,1.0,3446,1554,0.8611620056644395,1554,5000,2.305843009213694e+18,"[[176127807941085543, 92145436972157049], [1353304280071655414, 2046636642761636536], [1463118878522575776, 350413271360474182]]"
fixed,adversarial,5000,5000,1.0,1,5,0.08782604199950583,1.7565208399901166e-05,0.34825754099802,0.000139303016399208,6191325,2476.53,5000,1.0,1,4999,70.70360669725413,4999,5000,,
universal,adversarial,5000,5000,1.0,3,5,0.012162874998466577,2.4325749996933154e-06,0.004630250001355307,1.852100000542123e-06,5712,2.2848,5,1.0,3347,1653,0.9015542135667716,1653,5000,2.305843009213694e+18,"[[144173240364996770, 1276607102766329742], [1316153465216681486, 593588258721341972], [891339916669062610, 1419387771326649839]]"
fixed,adversarial,5000,5000,1.0,1,6,0.08821075000014389,1.7642150000028777e-05,0.35173691700038034,0.00014069476680015215,6262316,2504.9264,5000,1.0,1,4999,70.70360669725413,4999,5000,,
universal,adversarial,5000,5000,1.0,3,6,0.012194250000902684,2.438850000180537e-06,0.00474387500071316,1.8975500002852641e-06,6160,2.464,6,1.0,3194,1806,0.9879271228182775,1806,5000,2.305843009213694e+18,"[[727386515324539458, 1284136067485901726], [1233138577490571038, 1828907452299493987], [1165171476919621068, 1646066583754636611]]"
fixed,adversarial,5000,5000,1.0,1,7,0.08942287500030943,1.7884575000061887e-05,0.35122950000004494,0.00014049180000001797,6260862,2504.3448,5000,1.0,1,4999,70.70360669725413,4999,5000,,
universal,adversarial,5000,5000,1.0,3,7,0.01246954199814354,2.493908399628708e-06,0.004963082999893231,1.9852331999572924e-06,11371,4.5484,11,1.0,2619,2381,1.3916896205691842,2381,5000,2.305843009213694e+18,"[[793970665397899006, 2152094108188559335], [745929175751854539, 1278256298576207987], [1862522474300937406, 1567653588555493210]]"
fixed,adversarial,5000,5000,1.0,1,8,0.08808233399759047,1.7616466799518092e-05,0.40741133299889043,0.00016296453319955618,6217488,2486.9952,5000,1.0,1,4999,70.70360669725413,4999,5000,,
universal,adversarial,5000,5000,1.0,3,8,0.012323584000114352,2.46471680002287e-06,0.008411499999056105,3.3645999996224418e-06,5397,2.1588,5,1.0,3340,1660,0.90598013223249,1660,5000,2.305843009213694e+18,"[[1973099216186019426, 839551891445904909], [2054075847285760178, 1596895736779450158], [1768356806526079850, 761040643918656312]]"
fixed,adversarial,5000,5000,1.0,1,9,0.2915924580011051,5.831849160022102e-05,0.5436445420018572,0.00021745781680074288,6212475,2484.99,5000,1.0,1,4999,70.70360669725413,4999,5000,,
universal,adversarial,5000,5000,1.0,3,9,0.018532124999182997,3.7064249998365996e-06,0.006822334002208663,2.7289336008834653e-06,6593,2.6372,7,1.0,2899,2101,1.1843985815594342,2101,5000,2.305843009213694e+18,"[[1933427113282973200, 1273492775044695229], [567420718719220919, 2291110579130834537], [1919842552580472723, 589921478534064354]]"
fixed,adversarial,5000,5000,1.0,1,10,0.15990125000098487,3.198025000019697e-05,0.45478820800053654,0.0001819152832002146,6199565,2479.826,5000,1.0,1,4999,70.70360669725413,4999,5000,,
universal,adversarial,5000,5000,1.0,3,10,0.02786016699974425,5.5720333999488504e-06,0.005077958998299437,2.0311835993197745e-06,6128,2.4512,5,1.0,3199,1801,0.9824459272652108,1801,5000,2.305843009213694e+18,"[[618696799174358726, 2029214271970554437], [1181946042011416434, 1971785935387254006], [855518877651879508, 78523067754061221]]"
fixed,adversarial,5000,5000,1.0,1,11,0.09004312500110245,1.800862500022049e-05,0.37517195799955516,0.00015006878319982205,6354800,2541.92,5000,1.0,1,4999,70.70360669725413,4999,5000,,
universal,adversarial,5000,5000,1.0,3,11,0.012513290999777382,2.5026581999554763e-06,0.004585916001815349,1.8343664007261396e-06,5576,2.2304,5,1.0,3363,1637,0.8995554457619608,1637,5000,2.305843009213694e+18,"[[1967359095987829717, 498185230560009946], [1157680175712590001, 1113020793331031894], [1655376568515428791, 831730782862272696]]"
fixed,adversarial,5000,5000,1.0,1,12,0.08840945900010411,1.7681891800020823e-05,0.3728961250017164,0.00014915845000068657,6222051,2488.8204,5000,1.0,1,4999,70.70360669725413,4999,5000,,
universal,adversarial,5000,5000,1.0,3,12,0.012306458000239218,2.4612916000478435e-06,0.004705791001470061,1.8823164005880244e-06,5737,2.2948,5,1.0,3307,1693,0.9226050075736637,1693,5000,2.305843009213694e+18,"[[2258536001366688123, 1012121370449003109], [686970057059376321, 2051824648104402063], [1124175962628406669, 504983195232581899]]"
fixed,adversarial,5000,5000,1.0,1,13,0.08829379199960385,1.765875839992077e-05,0.3503844160004519,0.00014015376640018077,6225425,2490.17,5000,1.0,1,4999,70.70360669725413,4999,5000,,
universal,adversarial,5000,5000,1.0,3,13,0.012318332999711856,2.463666599942371e-06,0.004737250001198845,1.894900000479538e-06,5771,2.3084,5,1.0,3308,1692,0.9156418513807678,1692,5000,2.305843009213694e+18,"[[2277903568736387890, 452514279465990313], [2303280692498563247, 697951185415921787], [183691764838410618, 423743168849403417]]"
fixed,adversarial,5000,5000,1.0,1,14,0.08876816699921619,1.7753633399843237e-05,0.3570593749973341,0.00014282374999893363,6353150,2541.26,5000,1.0,1,4999,70.70360669725413,4999,5000,,
universal,adversarial,5000,5000,1.0,3,14,0.012430291997588938,2.4860583995177876e-06,0.004601791999448324,1.8407167997793295e-06,5539,2.2156,5,1.0,3365,1635,0.8995554457619608,1635,5000,2.305843009213694e+18,"[[1956076132499880650, 26508845497723367], [1505952038662606745, 694384076709536977], [1251442079079685814, 2146666122401106131]]"
fixed,adversarial,5000,5000,1.0,1,15,0.08812808299990138,1.7625616599980277e-05,0.3565262090014585,0.0001426104836005834,6344329,2537.7316,5000,1.0,1,4999,70.70360669725413,4999,5000,,
universal,adversarial,5000,5000,1.0,3,15,0.01232358299967018,2.464716599934036e-06,0.00469804200110957,1.879216800443828e-06,6619,2.6476,6,1.0,3264,1736,0.966229786334493,1736,5000,2.305843009213694e+18,"[[847978861133403702, 1395714462194184430], [518482636670340538, 740682746084312398], [1100716632290196263, 2269261073193213249]]"
fixed,adversarial,5000,5000,1.0,1,16,0.08852329200090026,1.770465840018005e-05,0.34708983399832505,0.00013883593359933003,6183730,2473.492,5000,1.0,1,4999,70.70360669725413,4999,5000,,
universal,adversarial,5000,5000,1.0,3,16,0.012401042000419693,2.480208400083939e-06,0.0046934160018281545,1.8773664007312619e-06,6261,2.5044,5,1.0,3180,1820,0.9810198774744577,1820,5000,2.305843009213694e+18,"[[454612962106966139, 1702438209959121919], [2265420330264173236, 463866247378689703], [443667755326800348, 934787930118675060]]"
fixed,adversarial,5000,5000,1.0,1,17,0.08859695799765177,1.7719391599530354e-05,0.3535702080007468,0.0001414280832002987,6282088,2512.8352,5000,1.0,1,4999,70.70360669725413,4999,5000,,
universal,adversarial,5000,5000,1.0,3,17,0.012211500001285458,2.4423000002570918e-06,0.004642874999262858,1.8571499997051433e-06,5370,2.148,5,1.0,3429,1571,0.8618584570566097,1571,5000,2.305843009213694e+18,"[[195095767942445094, 1500048066919629750], [1059562453095694534, 313986444720046481], [691564608163384468, 53651072377497930]]"
fixed,adversarial,5000,5000,1.0,1,18,0.08854166599849123,1.7708333199698244e-05,0.46506766699894797,0.0001860270667995792,6220717,2488.2868,5000,1.0,1,4999,70.70360669725413,4999,5000,,
universal,adversarial,5000,5000,1.0,3,18,0.012680959000135772,2.5361918000271545e-06,0.007138332999602426,2.85533319984097e-06,7635,3.054,9,1.0,2870,2130,1.2046576277100478,2130,5000,2.305843009213694e+18,"[[653524007492807808, 355415340864572460], [529539352426941228, 1114891161808553618], [2041277660056489008, 2248875904457507991]]"
fixed,adversarial,5000,5000,1.0,1,19,0.12889070799792535,2.577814159958507e-05,0.3600092089982354,0.00014400368359929417,6343895,2537.558,5000,1.0,1,4999,70.70360669725413,4999,5000,,
universal,adversarial,5000,5000,1.0,3,19,0.016269666000880534,3.2539332001761067e-06,0.004863583999394905,1.945433599757962e-06,6868,2.7472,11,1.0,2867,2133,1.381882773609976,2133,5000,2.305843009213694e+18,"[[418983635330710152, 499844581152741729], [2091481658804620576, 676363097439722673], [1853845312400714918, 63921434307813850]]"
fixed,adversarial,5000,5000,1.0,1,20,0.0900558750035998,1.8011175000719957e-05,0.35310766700058593,0.0001412430668002344,6245921,2498.3684,5000,1.0,1,4999,70.70360669725413,4999,5000,,
universal,adversarial,5000,5000,1.0,3,20,0.01289008399908198,2.578016799816396e-06,0.004758499999297783,1.9033999997191131e-06,6024,2.4096,6,1.0,3153,1847,1.000999500499376,1847,5000,2.305843009213694e+18,"[[1326467972949138173, 150235521510768009], [1878749678761878296, 2057856258604839518], [714528426559143356, 1546845777023972402]]"
fixed,adversarial,5000,5000,1.0,1,21,0.08805287499853875,1.7610574999707752e-05,0.3474736669995764,0.00013898946679983054,6194164,2477.6656,5000,1.0,1,4999,70.70360669725413,4999,5000,,
universal,adversarial,5000,5000,1.0,3,21,0.012020875001326203,2.4041750002652405e-06,0.004674208001233637,1.8696832004934548e-06,5687,2.2748,5,1.0,3296,1704,0.916951470907812,1704,5000,2.305843009213694e+18,"[[1024322815512585445, 2145571529822921201], [583220317473756343, 1521440433806999588], [891688296819238137, 181082232511610579]]"
fixed,adversarial,5000,5000,1.0,1,22,0.08813308399840025,1.762661679968005e-05,0.35490829199989093,0.00014196331679995638,6340081,2536.0324,5000,1.0,1,4999,70.70360669725413,4999,5000,,
universal,adversarial,5000,5000,1.0,3,22,0.012135332999605453,2.4270665999210904e-06,0.004651167000702117,1.8604668002808466e-06,5605,2.242,4,1.0,3323,1677,0.9090654541890809,1677,5000,2.305843009213694e+18,"[[287886780813115929, 1413457234261051687], [1236295213923302512, 1583790892526252416], [469264712334336849, 619461346342472605]]"
fixed,adversarial,5000,5000,1.0,1,23,0.0872082500027318,1.744165000054636e-05,0.3637956669990672,0.00014551826679962688,6176297,2470.5188,5000,1.0,1,4999,70.70360669725413,4999,5000,,
universal,adversarial,5000,5000,1.0,3,23,0.012067208001099061,2.4134416002198124e-06,0.004732334000436822,1.8929336001747287e-06,6605,2.642,6,1.0,3014,1986,1.0524257693538295,1986,5000,2.305843009213694e+18,"[[666030003530279332, 1185754838603315180], [507164280403988863, 1057119984642882112], [1021713661893975990, 2137083730657759889]]"
fixed,adversarial,5000,5000,1.0,1,24,0.08795574999749078,1.759114999949816e-05,0.36509887500142213,0.00014603955000056884,6226543,2490.6172,5000,1.0,1,4999,70.70360669725413,4999,5000,,
universal,adversarial,5000,5000,1.0,3,24,0.012428250000084518,2.4856500000169035e-06,0.004794041000423022,1.9176164001692087e-06,6311,2.5244,10,1.0,2901,2099,1.251878588362306,2099,5000,2.305843009213694e+18,"[[719391770955253926, 2130106160647316609], [1814591772010625413, 678012837864961736], [2256121436648175771, 1806161501175307684]]"
fixed,adversarial,5000,5000,1.0,1,25,0.08757804199922248,1.7515608399844495e-05,0.35396187500009546,0.0001415847500000382,6280077,2512.0308,5000,1.0,1,4999,70.70360669725413,4999,5000,,
universal,adversarial,5000,5000,1.0,3,25,0.012325666000833735,2.465133200166747e-06,0.004645042001357069,1.8580168005428276e-06,5870,2.348,5,1.0,3322,1678,0.916951470907812,1678,5000,2.305843009213694e+18,"[[267692963849940753, 941673545738002381], [1078297968137412989, 615313745506248579], [1375102846946731697, 1124764272089465404]]"
fixed,adversarial,5000,5000,1.0,1,26,0.08787933400162729,1.7575866800325456e-05,0.35924208399956115,0.00014369683359982446,6356582,2542.6328,5000,1.0,1,4999,70.70360669725413,4999,5000,,
universal,adversarial,5000,5000,1.0,3,26,0.012356791001366219,2.4713582002732437e-06,0.004917583999485942,1.9670335997943767e-06,6007,2.4028,5,1.0,3223,1777,0.9614572273377532,1777,5000,2.305843009213694e+18,"[[1075367493781816306, 1590101887495472611], [1902892487837865007, 1154722482783782897], [1398969667391390162, 561164263128564704]]"
fixed,adversarial,5000,5000,1.0,1,27,0.08885125000233529,1.777025000046706e-05,0.3587848750030389,0.00014351395000121556,6323961,2529.5844,5000,1.0,1,4999,70.70360669725413,4999,5000,,
universal,adversarial,5000,5000,1.0,3,27,0.012870292001025518,2.574058400205104e-06,0.004555709001579089,1.8222836006316356e-06,5698,2.2792,5,1.0,3320,1680,0.9154233993076646,1680,5000,2.305843009213694e+18,"[[86018572855962195, 1847883699258444581], [153743650771889609, 794633789185287595], [2121092647333014343, 2013162642849706046]]"
fixed,adversarial,5000,5000,1.0,1,28,0.08854841600259533,1.7709683200519066e-05,0.36986124999748426,0.0001479444999989937,6254940,2501.976,5000,1.0,1,4999,70.70360669725413,4999,5000,,
universal,adversarial,5000,5000,1.0,3,28,0.012368874999083346,2.4737749998166693e-06,0.00470645799941849,1.8825831997673959e-06,6467,2.5868,6,1.0,3143,1857,1.0043903623591777,1857,5000,2.305843009213694e+18,"[[273089160051860230, 1621121173616640907], [1037773347474994553, 742865219208374151], [246540013351488701, 1890370731478794172]]"
fixed,adversarial,5000,5000,1.0,1,29,0.08837766699798522,1.7675533399597043e-05,0.348002708000422,0.0001392010832001688,6216478,2486.5912,5000,1.0,1,4999,70.70360669725413,4999,5000,,
universal,adversarial,5000,5000,1.0,3,29,0.012391540996759431,2.478308199351886e-06,0.004952750001393724,1.9811000005574895e-06,6193,2.4772,6,1.0,3121,1879,1.0168579055108928,1879,5000,2.305843009213694e+18,"[[1172432318357405658, 1841538480035479711], [610889197299678937, 356910957590253921], [1744744512350649053, 459482189801702091]]"
fixed,near_duplicate,5000,5000,1.0,1,0,0.003478083999652881,6.956167999305762e-07,0.0016654160026519094,6.661664010607638e-07,2500,1.0,1,0.1,500,4500,0.3,0,500,,
universal,near_duplicate,5000,5000,1.0,3,0,0.00890629100103979,1.781258200207958e-06,0.004371167000499554,1.7484668001998216e-06,2880,1.152,3,0.1,473,4527,0.31874754901018454,27,500,2.305843009213694e+18,"[[256711980439665054, 1709899044117486289], [564682175042572888, 321752549611034334], [236337776990707882, 1707863537360842093]]"
fixed,near_duplicate,5000,5000,1.0,1,1,0.0034631250018719584,6.926250003743916e-07,0.0016960419998213183,6.784167999285274e-07,2500,1.0,1,0.1,500,4500,0.3,0,500,,
universal,near_duplicate,5000,5000,1.0,3,1,0.008813625001494074,1.762725000298815e-06,0.004339125000115018,1.7356500000460073e-06,2776,1.1104,2,0.1,488,4512,0.30789608636681304,12,500,2.305843009213694e+18,"[[659665203979258006, 1758630025113616856], [2212240429613108902, 852878681887507335], [1610489816920689347, 222016741360720591]]"
fixed,near_duplicate,5000,5000,1.0,1,2,0.0034657920004974585,6.931584000994917e-07,0.0017044999985955656,6.817999994382262e-07,2500,1.0,1,0.1,500,4500,0.3,0,500,,
universal,near_duplicate,5000,5000,1.0,3,2,0.008798208000371233,1.7596416000742464e-06,0.004376917000627145,1.750766800250858e-06,2744,1.0976,2,0.1,487,4513,0.30854497241083023,13,500,2.305843009213694e+18,"[[1199085610155232937, 1617812241682181496], [268989063807004320, 875226211544593835], [667698580330647039, 518091674429352682]]"
fixed,near_duplicate,5000,5000,1.0,1,3,0.0034461659997759853,6.892331999551971e-07,0.0017284589994233102,6.913835997693241e-07,2500,1.0,1,0.1,500,4500,0.3,0,500,,
universal,near_duplicate,5000,5000,1.0,3,3,0.009227333001035731,1.8454666002071463e-06,0.004436374998476822,1.7745499993907288e-06,3368,1.3472,4,0.1,439,4561,0.34525353003264136,61,500,2.305843009213694e+18,"[[963130306873368709, 594124941275654819], [699113413627218811, 49790444920847614], [1116618126344352917, 264798812748597129]]"
fixed,near_duplicate,5000,5000,1.0,1,4,0.0035093340011371765,7.018668002274353e-07,0.0016826659993967041,6.730663997586816e-07,2500,1.0,1,0.1,500,4500,0.3,0,500,,
universal,near_duplicate,5000,5000,1.0,3,4,0.00882854199880967,1.7657083997619338e-06,0.004325667003286071,1.7302668013144285e-06,2711,1.0844,2,0.1,488,4512,0.30789608636681304,12,500,2.305843009213694e+18,"[[176127807941085543, 92145436972157049], [1353304280071655414, 2046636642761636536], [1463118878522575776, 350413271360474182]]"
fixed,near_duplicate,5000,5000,1.0,1,5,0.0034258330015290994,6.851666003058199e-07,0.0016798329997982364,6.719331999192946e-07,2500,1.0,1,0.1,500,4500,0.3,0,500,,
universal,near_duplicate,5000,5000,1.0,3,5,0.008816167002805742,1.7632334005611483e-06,0.004344165998190874,1.7376663992763497e-06,2777,1.1108,3,0.1,480,4520,0.31368774282716244,20,500,2.305843009213694e+18,"[[144173240364996770, 1276607102766329742], [1316153465216681486, 593588258721341972], [891339916669062610, 1419387771326649839]]"
fixed,near_duplicate,5000,5000,1.0,1,6,0.0034245829992869403,6.849165998573881e-07,0.0016999590006889775,6.79983600275591e-07,2500,1.0,1,0.1,500,4500,0.3,0,500,,
universal,near_duplicate,5000,5000,1.0,3,6,0.008929292001994327,1.7858584003988653e-06,0.004410749999806285,1.764299999922514e-06,3081,1.2324,3,0.1,464,4536,0.3243454948045371,36,500,2.305843009213694e+18,"[[727386515324539458, 1284136067485901726], [1233138577490571038, 1828907452299493987], [1165171476919621068, 1646066583754636611]]"
fixed,near_duplicate,5000,5000,1.0,1,7,0.003525374999298947,7.050749998597893e-07,0.0016989590003504418,6.795836001401767e-07,2500,1.0,1,0.1,500,4500,0.3,0,500,,
universal,near_duplicate,5000,5000,1.0,3,7,0.008964708002167754,1.7929416004335508e-06,0.004357958001492079,1.7431832005968318e-06,2837,1.1348,2,0.1,480,4520,0.31304951684997057,20,500,2.305843009213694e+18,"[[793970665397899006, 2152094108188559335], [745929175751854539, 1278256298576207987], [1862522474300937406, 1567653588555493210]]"
fixed,near_duplicate,5000,5000,1.0,1,8,0.0034445830024196766,6.889166004839353e-07,0.0016918750006880146,6.767500002752058e-07,2500,1.0,1,0.1,500,4500,0.3,0,500,,
universal,near_duplicate,5000,5000,1.0,3,8,0.008872541002347134,1.7745082004694267e-06,0.004418666001583915,1.7674664006335661e-06,3635,1.454,3,0.1,452,4548,0.33346664001066134,48,500,2.305843009213694e+18,"[[1973099216186019426, 839551891445904909], [2054075847285760178, 1596895736779450158], [1768356806526079850, 761040643918656312]]"
fixed,near_duplicate,5000,5000,1.0,1,9,0.0034182079980382696,6.83641599607654e-07,0.0016757919984229375,6.70316799369175e-07,2500,1.0,1,0.1,500,4500,0.3,0,500,,
universal,near_duplicate,5000,5000,1.0,3,9,0.0089158340015274,1.78316680030548e-06,0.004416874999151332,1.766749999660533e-06,2777,1.1108,2,0.1,487,4513,0.30854497241083023,13,500,2.305843009213694e+18,"[[1933427113282973200, 1273492775044695229], [567420718719220919, 2291110579130834537], [1919842552580472723, 589921478534064354]]"
fixed,near_duplicate,5000,5000,1.0,1,10,0.0034147909973398782,6.829581994679757e-07,0.0016756670011091046,6.702668004436419e-07,2500,1.0,1,0.1,500,4500,0.3,0,500,,
universal,near_duplicate,5000,5000,1.0,3,10,0.008816375000606058,1.7632750001212115e-06,0.004373542000394082,1.7494168001576327e-06,2703,1.0812,2,0.1,484,4516,0.31048349392520047,16,500,2.305843009213694e+18,"[[618696799174358726, 2029214271970554437], [1181946042011416434, 1971785935387254006], [855518877651879508, 78523067754061221]]"
fixed,near_duplicate,5000,5000,1.0,1,11,0.0034564999987196643,6.912999997439329e-07,0.0017007500027830247,6.803000011132098e-07,2500,1.0,1,0.1,500,4500,0.3,0,500,,
universal,near_duplicate,5000,5000,1.0,3,11,0.008983374998933868,1.7966749997867737e-06,0.004341500000009546,1.7366000000038185e-06,2845,1.138,3,0.1,463,4537,0.3255764119219941,37,500,2.305843009213694e+18,"[[1967359095987829717, 498185230560009946], [1157680175712590001, 1113020793331031894], [1655376568515428791, 831730782862272696]]"
fixed,near_duplicate,5000,5000,1.0,1,12,0.003421999997954117,6.843999995908234e-07,0.001660666002862854,6.642664011451416e-07,2500,1.0,1,0.1,500,4500,0.3,0,500,,
universal,near_duplicate,5000,5000,1.0,3,12,0.00885795800058986,1.7715916001179721e-06,0.0043745420007326175,1.749816800293047e-06,2722,1.0888,2,0.1,487,4513,0.30854497241083023,13,500,2.305843009213694e+18,"[[2258536001366688123, 1012121370449003109], [686970057059376321, 2051824648104402063], [1124175962628406669, 504983195232581899]]"
fixed,near_duplicate,5000,5000,1.0,1,13,0.0035000419993593823,7.000083998718765e-07,0.0016909580008359626,6.76383200334385e-07,2500,1.0,1,0.1,500,4500,0.3,0,500,,
universal,near_duplicate,5000,5000,1.0,3,13,0.008744707996811485,1.748941599362297e-06,0.004322000000684056,1.7288000002736226e-06,2764,1.1056,2,0.1,485,4515,0.30983866769659335,15,500,2.305843009213694e+18,"[[2277903568736387890, 452514279465990313], [2303280692498563247, 697951185415921787], [183691764838410618, 423743168849403417]]"
fixed,near_duplicate,5000,5000,1.0,1,14,0.0034482920018490404,6.89658400369808e-07,0.0016960000029939692,6.784000011975877e-07,2500,1.0,1,0.1,500,4500,0.3,0,500,,
universal,near_duplicate,5000,5000,1.0,3,14,0.008797040998615557,1.7594081997231114e-06,0.004352874999312917,1.7411499997251667e-06,2725,1.09,2,0.1,485,4515,0.30983866769659335,15,500,2.305843009213694e+18,"[[1956076132499880650, 26508845497723367], [1505952038662606745, 694384076709536977], [1251442079079685814, 2146666122401106131]]"
fixed,near_duplicate,5000,5000,1.0,1,15,0.0035767500012298115,7.153500002459623e-07,0.0017227919997822028,6.891167999128811e-07,2500,1.0,1,0.1,500,4500,0.3,0,500,,
universal,near_duplicate,5000,5000,1.0,3,15,0.008894834001694107,1.7789668003388215e-06,0.004329082999902312,1.7316331999609247e-06,2814,1.1256,3,0.1,480,4520,0.31368774282716244,20,500,2.305843009213694e+18,"[[847978861133403702, 1395714462194184430], [518482636670340538, 740682746084312398], [1100716632290196263, 2269261073193213249]]"
fixed,near_duplicate,5000,5000,1.0,1,16,0.003430459000810515,6.86091800162103e-07,0.0016816249990370125,6.72649999614805e-07,2500,1.0,1,0.1,500,4500,0.3,0,500,,
universal,near_duplicate,5000,5000,1.0,3,16,0.008874916999047855,1.774983399809571e-06,0.004356792000180576,1.7427168000722303e-06,2755,1.102,2,0.1,482,4518,0.3117691453623979,18,500,2.305843009213694e+18,"[[454612962106966139, 1702438209959121919], [2265420330264173236, 463866247378689703], [443667755326800348, 934787930118675060]]"
fixed,near_duplicate,5000,5000,1.0,1,17,0.0035359159992367495,7.071831998473499e-07,0.0016790419977041893,6.716167990816757e-07,2500,1.0,1,0.1,500,4500,0.3,0,500,,
universal,near_duplicate,5000,5000,1.0,3,17,0.008821082999929786,1.764216599985957e-06,0.0045043339996482246,1.8017335998592898e-06,2747,1.0988,2,0.1,481,4519,0.31240998703626616,19,500,2.305843009213694e+18,"[[195095767942445094, 1500048066919629750], [1059562453095694534, 313986444720046481], [691564608163384468, 53651072377497930]]"
fixed,near_duplicate,5000,5000,1.0,1,18,0.003481415998976445,6.962831997952889e-07,0.0017216669984918553,6.886667993967421e-07,2500,1.0,1,0.1,500,4500,0.3,0,500,,
universal,near_duplicate,5000,5000,1.0,3,18,0.00886204199923668,1.772408399847336e-06,0.004363624997495208,1.7454499989980832e-06,2708,1.0832,2,0.1,487,4513,0.30854497241083023,13,500,2.305843009213694e+18,"[[653524007492807808, 355415340864572460], [529539352426941228, 1114891161808553618], [2041277660056489008, 2248875904457507991]]"
fixed,near_duplicate,5000,5000,1.0,1,19,0.003480374998616753,6.960749997233506e-07,0.001759582999511622,7.038331998046488e-07,2500,1.0,1,0.1,500,4500,0.3,0,500,,
universal,near_duplicate,5000,5000,1.0,3,19,0.009014499999466352,1.8028999998932704e-06,0.004407500000525033,1.7630000002100132e-06,2892,1.1568,4,0.1,466,4534,0.3243454948045371,34,500,2.305843009213694e+18,"[[418983635330710152, 499844581152741729], [2091481658804620576, 676363097439722673], [1853845312400714918, 63921434307813850]]"
fixed,near_duplicate,5000,5000,1.0,1,20,0.003445792001002701,6.891584002005402e-07,0.001678249998803949,6.712999995215796e-07,2500,1.0,1,0.1,500,4500,0.3,0,500,,
universal,near_duplicate,5000,5000,1.0,3,20,0.008766499999182997,1.7532999998365995e-06,0.004388666002341779,1.7554664009367116e-06,2850,1.14,3,0.1,455,4545,0.33105890714493696,45,500,2.305843009213694e+18,"[[1326467972949138173, 150235521510768009], [1878749678761878296, 2057856258604839518], [714528426559143356, 1546845777023972402]]"
fixed,near_duplicate,5000,5000,1.0,1,21,0.0034375420000287704,6.875084000057541e-07,0.001694833001238294,6.779332004953176e-07,2500,1.0,1,0.1,500,4500,0.3,0,500,,
universal,near_duplicate,5000,5000,1.0,3,21,0.009108957998250844,1.8217915996501687e-06,0.004422500001965091,1.7690000007860363e-06,2869,1.1476,2,0.1,481,4519,0.31240998703626616,19,500,2.305843009213694e+18,"[[1024322815512585445, 2145571529822921201], [583220317473756343, 1521440433806999588], [891688296819238137, 181082232511610579]]"
fixed,near_duplicate,5000,5000,1.0,1,22,0.003426833001867635,6.85366600373527e-07,0.0016797080024844036,6.718832009937614e-07,2500,1.0,1,0.1,500,4500,0.3,0,500,,
universal,near_duplicate,5000,5000,1.0,3,22,0.008751082998060156,1.7502165996120312e-06,0.0044047079973097425,1.761883198923897e-06,3091,1.2364,3,0.1,464,4536,0.3243454948045371,36,500,2.305843009213694e+18,"[[287886780813115929, 1413457234261051687], [1236295213923302512, 1583790892526252416], [469264712334336849, 619461346342472605]]"
fixed,near_duplicate,5000,5000,1.0,1,23,0.00344004200087511,6.88008400175022e-07,0.0017071250003937166,6.828500001574867e-07,2500,1.0,1,0.1,500,4500,0.3,0,500,,
universal,near_duplicate,5000,5000,1.0,3,23,0.00892691699846182,1.785383399692364e-06,0.004367249999631895,1.7468999998527579e-06,2738,1.0952,2,0.1,479,4521,0.31368774282716244,21,500,2.305843009213694e+18,"[[666030003530279332, 1185754838603315180], [507164280403988863, 1057119984642882112], [1021713661893975990, 2137083730657759889]]"
fixed,near_duplicate,5000,5000,1.0,1,24,0.00348541700077476,6.97083400154952e-07,0.0016843340017658193,6.737336007063277e-07,2500,1.0,1,0.1,500,4500,0.3,0,500,,
universal,near_duplicate,5000,5000,1.0,3,24,0.00897304099999019,1.7946081999980379e-06,0.00434520899943891,1.738083599775564e-06,2722,1.0888,2,0.1,487,4513,0.30854497241083023,13,500,2.305843009213694e+18,"[[719391770955253926, 2130106160647316609], [1814591772010625413, 678012837864961736], [2256121436648175771, 1806161501175307684]]"
fixed,near_duplicate,5000,5000,1.0,1,25,0.0034505420007917564,6.901084001583513e-07,0.0016856250003911555,6.742500001564622e-07,2500,1.0,1,0.1,500,4500,0.3,0,500,,
universal,near_duplicate,5000,5000,1.0,3,25,0.008703832998435246,1.7407665996870492e-06,0.004511041999649024,1.8044167998596094e-06,2695,1.078,2,0.1,488,4512,0.30789608636681304,12,500,2.305843009213694e+18,"[[267692963849940753, 941673545738002381], [1078297968137412989, 615313745506248579], [1375102846946731697, 1124764272089465404]]"
fixed,near_duplicate,5000,5000,1.0,1,26,0.0034739589973469265,6.947917994693853e-07,0.0016936249994614627,6.774499997845851e-07,2500,1.0,1,0.1,500,4500,0.3,0,500,,
universal,near_duplicate,5000,5000,1.0,3,26,0.008872500002325978,1.7745000004651957e-06,0.004389124998851912,1.7556499995407649e-06,2748,1.0992,2,0.1,481,4519,0.31240998703626616,19,500,2.305843009213694e+18,"[[1075367493781816306, 1590101887495472611], [1902892487837865007, 1154722482783782897], [1398969667391390162, 561164263128564704]]"
fixed,near_duplicate,5000,5000,1.0,1,27,0.003460125000856351,6.920250001712702e-07,0.0017295839970756788,6.918335988302715e-07,2500,1.0,1,0.1,500,4500,0.3,0,500,,
universal,near_duplicate,5000,5000,1.0,3,27,0.009040208999067545,1.808041799813509e-06,0.004404541999974754,1.7618167999899014e-06,2912,1.1648,2,0.1,463,4537,0.3237282811247729,37,500,2.305843009213694e+18,"[[86018572855962195, 1847883699258444581], [153743650771889609, 794633789185287595], [2121092647333014343, 2013162642849706046]]"
fixed,near_duplicate,5000,5000,1.0,1,28,0.003464125002210494,6.928250004420988e-07,0.0016862089978531003,6.744835991412402e-07,2500,1.0,1,0.1,500,4500,0.3,0,500,,
universal,near_duplicate,5000,5000,1.0,3,28,0.008911042001273017,1.7822084002546035e-06,0.004421875000844011,1.7687500003376045e-06,2770,1.108,2,0.1,486,4514,0.30919249667480614,14,500,2.305843009213694e+18,"[[273089160051860230, 1621121173616640907], [1037773347474994553, 742865219208374151], [246540013351488701, 1890370731478794172]]"
fixed,near_duplicate,5000,5000,1.0,1,29,0.0034553750010672957,6.910750002134592e-07,0.0016886669982341118,6.754667992936447e-07,2500,1.0,1,0.1,500,4500,0.3,0,500,,
universal,near_duplicate,5000,5000,1.0,3,29,0.009046082999702776,1.809216599940555e-06,0.004427916999702575,1.77116679988103e-06,2760,1.104,2,0.1,489,4511,0.3072458299147443,11,500,2.305843009213694e+18,"[[1172432318357405658, 1841538480035479711], [610889197299678937, 356910957590253921], [1744744512350649053, 459482189801702091]]"
fixed,uniform,5000,2500,2.0,1,0,0.006478625000454485,1.295725000090897e-06,0.0019219579990021884,7.687831996008754e-07,4766,1.9064,9,1.8988,2162,338,1.3238423471093528,2585,4747,,
universal,uniform,5000,2500,2.0,3,0,0.012442499999451684,2.4884999998903367e-06,0.004817834000277799,1.9271336001111193e-06,10106,4.0424,8,1.8988,2069,431,1.448502178113654,2678,4747,2.305843009213694e+18,"[[256711980439665054, 1709899044117486289], [564682175042572888, 321752549611034334], [236337776990707882, 1707863537360842093]]"
fixed,uniform,5000,2500,2.0,1,1,0.0064026670006569475,1.2805334001313895e-06,0.0019793329993262887,7.917331997305154e-07,4662,1.8648,7,1.902,2161,339,1.3079740058579146,2594,4755,,
universal,uniform,5000,2500,2.0,3,1,0.012697624999418622,2.5395249998837244e-06,0.004776458998094313,1.910583599237725e-06,9317,3.7268,8,1.902,2150,350,1.367185429998433,2605,4755,2.305843009213694e+18,"[[659665203979258006, 1758630025113616856], [2212240429613108902, 852878681887507335], [1610489816920689347, 222016741360720591]]"
fixed,uniform,5000,2500,2.0,1,2,0.006488834002084332,1.2977668004168664e-06,0.0019550830002117436,7.820332000846975e-07,4786,1.9144,7,1.9108,2182,318,1.2938482754944647,2595,4777,,
universal,uniform,5000,2500,2.0,3,2,0.012752292001096066,2.5504584002192132e-06,0.0048861670002224855,1.9544668000889943e-06,9702,3.8808,8,1.9108,2145,355,1.3730416453990024,2632,4777,2.305843009213694e+18,"[[1199085610155232937, 1617812241682181496], [268989063807004320, 875226211544593835], [667698580330647039, 518091674429352682]]"
fixed,uniform,5000,2500,2.0,1,3,0.006627209000725998,1.3254418001451995e-06,0.00210187500124448,8.407500004977919e-07,4635,1.854,7,1.8952,2161,339,1.3042304090918906,2577,4738,,
universal,uniform,5000,2500,2.0,3,3,0.013453832998493453,2.6907665996986906e-06,0.005256209002254764,2.1024836009019054e-06,9403,3.7612,11,1.8952,2139,361,1.3603738309744127,2599,4738,2.305843009213694e+18,"[[963130306873368709, 594124941275654819], [699113413627218811, 49790444920847614], [1116618126344352917, 264798812748597129]]"
fixed,uniform,5000,2500,2.0,1,4,0.006662749998213258,1.3325499996426515e-06,0.001905582998006139,7.622331992024556e-07,4788,1.9152,7,1.9076,2159,341,1.326597994872599,2610,4769,,
universal,uniform,5000,2500,2.0,3,4,0.013322541999514215,2.664508399902843e-06,0.005038375002186513,2.015350000874605e-06,9481,3.7924,7,1.9076,2142,358,1.359066679747539,2627,4769,2.305843009213694e+18,"[[176127807941085543, 92145436972157049], [1353304280071655414, 2046636642761636536], [1463118878522575776, 350413271360474182]]"
fixed,uniform,5000,2500,2.0,1,5,0.006531666000228142,1.3063332000456284e-06,0.0019177920003130566,7.671168001252227e-07,4831,1.9324,8,1.9032,2137,363,1.362141607910132,2621,4758,,
universal,uniform,5000,2500,2.0,3,5,0.01282862500011106,2.565725000022212e-06,0.004755999998451443,1.9023999993805773e-06,9673,3.8692,8,1.9032,2126,374,1.3943563963348826,2632,4758,2.305843009213694e+18,"[[144173240364996770, 1276607102766329742], [1316153465216681486, 593588258721341972], [891339916669062610, 1419387771326649839]]"
fixed,uniform,5000,2500,2.0,1,6,0.006427999996958533,1.2855999993917067e-06,0.0019438330018601846,7.775332007440739e-07,4762,1.9048,8,1.8976,2133,367,1.335632524311983,2611,4744,,
universal,uniform,5000,2500,2.0,3,6,0.012743582999974024,2.5487165999948046e-06,0.004766583999298746,1.9066335997194983e-06,9423,3.7692,8,1.8976,2129,371,1.3549591285348794,2615,4744,2.305843009213694e+18,"[[727386515324539458, 1284136067485901726], [1233138577490571038, 1828907452299493987], [1165171476919621068, 1646066583754636611]]"
fixed,uniform,5000,2500,2.0,1,7,0.006554375002451707,1.3108750004903414e-06,0.0019657920020108577,7.863168008043431e-07,4706,1.8824,8,1.9,2175,325,1.3033802208104894,2575,4750,,
universal,uniform,5000,2500,2.0,3,7,0.012762375001329929,2.5524750002659858e-06,0.0047370000029332004,1.8948000011732802e-06,9450,3.78,9,1.9,2121,379,1.3840520221436765,2629,4750,2.305843009213694e+18,"[[793970665397899006, 2152094108188559335], [745929175751854539, 1278256298576207987], [1862522474300937406, 1567653588555493210]]"
fixed,uniform,5000,2500,2.0,1,8,0.006422832997486694,1.2845665994973388e-06,0.001990834000025643,7.963336000102572e-07,4760,1.904,7,1.908,2169,331,1.2972031452320796,2601,4770,,
universal,uniform,5000,2500,2.0,3,8,0.013000833001569845,2.600166600313969e-06,0.004817083998204907,1.926833599281963e-06,9380,3.752,8,1.908,2144,356,1.3589466509028234,2626,4770,2.305843009213694e+18,"[[1973099216186019426, 839551891445904909], [2054075847285760178, 1596895736779450158], [1768356806526079850, 761040643918656312]]"
fixed,uniform,5000,2500,2.0,1,9,0.0064390839979751036,1.2878167995950208e-06,0.001937417000590358,7.749668002361432e-07,4761,1.9044,7,1.9024,2156,344,1.324867631123955,2600,4756,,
universal,uniform,5000,2500,2.0,3,9,0.012805417001800379,2.5610834003600757e-06,0.004790166996826883,1.9160667987307533e-06,9502,3.8008,8,1.9024,2159,341,1.3502867251069308,2597,4756,2.305843009213694e+18,"[[1933427113282973200, 1273492775044695229], [567420718719220919, 2291110579130834537], [1919842552580472723, 589921478534064354]]"
fixed,uniform,5000,2500,2.0,1,10,0.006488000002718763,1.2976000005437527e-06,0.0019864590030920226,7.94583601236809e-07,4808,1.9232,8,1.8956,2163,337,1.3047224379154365,2576,4739,,
universal,uniform,5000,2500,2.0,3,10,0.012891834001493407,2.5783668002986816e-06,0.005088957997941179,2.035583199176472e-06,9355,3.742,9,1.8956,2105,395,1.3821362595634339,2634,4739,2.305843009213694e+18,"[[618696799174358726, 2029214271970554437], [1181946042011416434, 1971785935387254006], [855518877651879508, 78523067754061221]]"
fixed,uniform,5000,2500,2.0,1,11,0.006462624998675892,1.2925249997351785e-06,0.0019437920018390287,7.775168007356115e-07,4758,1.9032,7,1.8968,2183,317,1.307726943975691,2559,4742,,
universal,uniform,5000,2500,2.0,3,11,0.012796084000001429,2.559216800000286e-06,0.004947540997818578,1.9790163991274314e-06,9588,3.8352,8,1.8968,2114,386,1.3762811340710879,2628,4742,2.305843009213694e+18,"[[1967359095987829717, 498185230560009946], [1157680175712590001, 1113020793331031894], [1655376568515428791, 831730782862272696]]"
fixed,uniform,5000,2500,2.0,1,12,0.006401250000635628,1.2802500001271256e-06,0.0020229159999871626,8.091663999948651e-07,4726,1.8904,8,1.8992,2161,339,1.3033185949720814,2587,4748,,
universal,uniform,5000,2500,2.0,3,12,0.012670749998505926,2.534149999701185e-06,0.00496749999729218,1.9869999989168716e-06,9420,3.768,8,1.8992,2167,333,1.3249299453178647,2581,4748,2.305843009213694e+18,"[[2258536001366688123, 1012121370449003109], [686970057059376321, 2051824648104402063], [1124175962628406669, 504983195232581899]]"
fixed,uniform,5000,2500,2.0,1,13,0.006487167000159388,1.2974334000318778e-06,0.0019367079985386226,7.74683199415449e-07,4713,1.8852,7,1.908,2174,326,1.2962777480154475,2596,4770,,
universal,uniform,5000,2500,2.0,3,13,0.013521749999199528,2.7043499998399055e-06,0.004895000001852168,1.9580000007408673e-06,9556,3.8224,8,1.908,2154,346,1.3671634869319762,2616,4770,2.305843009213694e+18,"[[2277903568736387890, 452514279465990313], [2303280692498563247, 697951185415921787], [183691764838410618, 423743168849403417]]"
fixed,uniform,5000,2500,2.0,1,14,0.006379791997460416,1.275958399492083e-06,0.001929750000272179,7.719000001088717e-07,4785,1.914,9,1.9012,2183,317,1.2946963196054895,2570,4753,,
universal,uniform,5000,2500,2.0,3,14,0.012382958997477544,2.476591799495509e-06,0.005039833002228988,2.015933200891595e-06,9464,3.7856,9,1.9012,2141,359,1.3802313429276991,2612,4753,2.305843009213694e+18,"[[1956076132499880650, 26508845497723367], [1505952038662606745, 694384076709536977], [1251442079079685814, 2146666122401106131]]"
fixed,uniform,5000,2500,2.0,1,15,0.006394374999217689,1.2788749998435379e-06,0.0019668339991767425,7.86733599670697e-07,4835,1.934,8,1.9044,2159,341,1.3401718695749438,2602,4761,,
universal,uniform,5000,2500,2.0,3,15,0.012641208999411901,2.5282417998823804e-06,0.004980499998055166,1.992199999222066e-06,9340,3.736,11,1.9044,2122,378,1.3868167290597557,2639,4761,2.305843009213694e+18,"[[847978861133403702, 1395714462194184430], [518482636670340538, 740682746084312398], [1100716632290196263, 2269261073193213249]]"
fixed,uniform,5000,2500,2.0,1,16,0.006455416998505825,1.291083399701165e-06,0.002011042000958696,8.044168003834784e-07,4729,1.8916,9,1.8852,2164,336,1.3127151099915015,2549,4713,,
universal,uniform,5000,2500,2.0,3,16,0.012916457999381237,2.583291599876247e-06,0.005140625002240995,2.056250000896398e-06,9310,3.724,7,1.8852,2145,355,1.3314732291713567,2568,4713,2.305843009213694e+18,"[[454612962106966139, 1702438209959121919], [2265420330264173236, 463866247378689703], [443667755326800348, 934787930118675060]]"
fixed,uniform,5000,2500,2.0,1,17,0.0066667920000327285,1.3333584000065458e-06,0.001972916001250269,7.891664005001075e-07,4760,1.904,7,1.9104,2165,335,1.2952111179263401,2611,4776,,
universal,uniform,5000,2500,2.0,3,17,0.01284891699833679,2.569783399667358e-06,0.004971292000846006,1.9885168003384024e-06,9515,3.806,8,1.9104,2152,348,1.3567504707940956,2624,4776,2.305843009213694e+18,"[[195095767942445094, 1500048066919629750], [1059562453095694534, 313986444720046481], [691564608163384468, 53651072377497930]]"
fixed,uniform,5000,2500,2.0,1,18,0.007770084001094801,1.5540168002189604e-06,0.0019273750003776513,7.709500001510605e-07,4770,1.908,8,1.8984,2146,354,1.335693617563549,2600,4746,,
universal,uniform,5000,2500,2.0,3,18,0.02088983400244615,4.1779668004892305e-06,0.004831333000765881,1.932533200306352e-06,9609,3.8436,11,1.8984,2116,384,1.3873995242899573,2630,4746,2.305843009213694e+18,"[[653524007492807808, 355415340864572460], [529539352426941228, 1114891161808553618], [2041277660056489008, 2248875904457507991]]"
fixed,uniform,5000,2500,2.0,1,19,0.006690792000881629,1.3381584001763258e-06,0.0019530409990693443,7.812163996277377e-07,4719,1.8876,7,1.9056,2183,317,1.2849469405387912,2581,4764,,
universal,uniform,5000,2500,2.0,3,19,0.012593834002473159,2.518766800494632e-06,0.005059084000095027,2.0236336000380105e-06,9554,3.8216,8,1.9056,2145,355,1.3587820428604434,2619,4764,2.305843009213694e+18,"[[418983635330710152, 499844581152741729], [2091481658804620576, 676363097439722673], [1853845312400714918, 63921434307813850]]"
fixed,uniform,5000,2500,2.0,1,20,0.006640333001996623,1.3280666003993246e-06,0.0019529170021996833,7.811668008798734e-07,4664,1.8656,8,1.8944,2162,338,1.2853204425356348,2574,4736,,
universal,uniform,5000,2500,2.0,3,20,0.012866917000792455,2.573383400158491e-06,0.004949250000208849,1.9797000000835398e-06,9757,3.9028,8,1.8944,2100,400,1.397157342606766,2636,4736,2.305843009213694e+18,"[[1326467972949138173, 150235521510768009], [1878749678761878296, 2057856258604839518], [714528426559143356, 1546845777023972402]]"
fixed,uniform,5000,2500,2.0,1,21,0.006743750000168802,1.3487500000337604e-06,0.001905042001453694,7.620168005814776e-07,4725,1.89,8,1.9088,2174,326,1.3238136424738944,2598,4772,,
universal,uniform,5000,2500,2.0,3,21,0.012515541002358077,2.5031082004716156e-06,0.004873042002145667,1.9492168008582666e-06,9461,3.7844,7,1.9088,2150,350,1.342714623440141,2622,4772,2.305843009213694e+18,"[[1024322815512585445, 2145571529822921201], [583220317473756343, 1521440433806999588], [891688296819238137, 181082232511610579]]"
fixed,uniform,5000,2500,2.0,1,22,0.006621541000640718,1.3243082001281437e-06,0.0018727910028246697,7.491164011298679e-07,4785,1.914,8,1.9008,2166,334,1.3418492314712558,2586,4752,,
universal,uniform,5000,2500,2.0,3,22,0.012522125001851236,2.504425000370247e-06,0.004966707998391939,1.986683199356776e-06,9485,3.794,8,1.9008,2135,365,1.3418492314712558,2617,4752,2.305843009213694e+18,"[[287886780813115929, 1413457234261051687], [1236295213923302512, 1583790892526252416], [469264712334336849, 619461346342472605]]"
fixed,uniform,5000,2500,2.0,1,23,0.006621958000323502,1.3243916000647004e-06,0.0019718749972525984,7.887499989010394e-07,4783,1.9132,8,1.9112,2152,348,1.328199744014431,2626,4778,,
universal,uniform,5000,2500,2.0,3,23,0.01287979200060363,2.5759584001207258e-06,0.0050524159996712115,2.0209663998684845e-06,12656,5.0624,10,1.9112,2021,479,1.6630437637055737,2757,4778,2.305843009213694e+18,"[[666030003530279332, 1185754838603315180], [507164280403988863, 1057119984642882112], [1021713661893975990, 2137083730657759889]]"
fixed,uniform,5000,2500,2.0,1,24,0.006696750002447516,1.3393500004895032e-06,0.0019309169983898755,7.723667993559502e-07,4694,1.8776,8,1.9068,2186,314,1.2773855173752362,2581,4767,,
universal,uniform,5000,2500,2.0,3,24,0.01294216699898243,2.588433399796486e-06,0.0049675409973133355,1.987016398925334e-06,9316,3.7264,9,1.9068,2145,355,1.3492641550119087,2622,4767,2.305843009213694e+18,"[[719391770955253926, 2130106160647316609], [1814591772010625413, 678012837864961736], [2256121436648175771, 1806161501175307684]]"
fixed,uniform,5000,2500,2.0,1,25,0.006777042002795497,1.3554084005590993e-06,0.0019564160029403865,7.825664011761546e-07,4748,1.8992,8,1.8976,2158,342,1.3257127290631254,2586,4744,,
universal,uniform,5000,2500,2.0,3,25,0.012684166998951696,2.536833399790339e-06,0.004867916002694983,1.9471664010779933e-06,9554,3.8216,8,1.8976,2130,370,1.367886778940421,2614,4744,2.305843009213694e+18,"[[267692963849940753, 941673545738002381], [1078297968137412989, 615313745506248579], [1375102846946731697, 1124764272089465404]]"
fixed,uniform,5000,2500,2.0,1,26,0.00711304199649021,1.4226083992980421e-06,0.0019588749964896124,7.83549998595845e-07,4784,1.9136,9,1.9088,2158,342,1.3274345784256187,2614,4772,,
universal,uniform,5000,2500,2.0,3,26,0.012641167002584552,2.5282334005169106e-06,0.004907874998025363,1.963149999210145e-06,9395,3.758,8,1.9088,2154,346,1.337341601835522,2618,4772,2.305843009213694e+18,"[[1075367493781816306, 1590101887495472611], [1902892487837865007, 1154722482783782897], [1398969667391390162, 561164263128564704]]"
fixed,uniform,5000,2500,2.0,1,27,0.006931500000064261,1.3863000000128522e-06,0.0020001250013592653,8.000500005437061e-07,4720,1.888,7,1.9136,2157,343,1.3292610879733147,2627,4784,,
universal,uniform,5000,2500,2.0,3,27,0.012771292000252288,2.5542584000504575e-06,0.005029625001043314,2.0118500004173256e-06,13275,5.31,11,1.9136,1983,517,1.6777768147164271,2801,4784,2.305843009213694e+18,"[[86018572855962195, 1847883699258444581], [153743650771889609, 794633789185287595], [2121092647333014343, 2013162642849706046]]"
fixed,uniform,5000,2500,2.0,1,28,0.006660709001153009,1.332141800230602e-06,0.0019312920012453105,7.725168004981242e-07,4654,1.8616,8,1.8992,2153,347,1.3149294125541493,2595,4748,,
universal,uniform,5000,2500,2.0,3,28,0.012572708001243882,2.5145416002487765e-06,0.004808541998500004,1.9234167994000017e-06,9428,3.7712,8,1.8992,2117,383,1.3586167082735292,2631,4748,2.305843009213694e+18,"[[273089160051860230, 1621121173616640907], [1037773347474994553, 742865219208374151], [246540013351488701, 1890370731478794172]]"
fixed,uniform,5000,2500,2.0,1,29,0.00677341700065881,1.354683400131762e-06,0.0019300839994684793,7.720335997873918e-07,4718,1.8872,8,1.8972,2160,340,1.30852289242489,2583,4743,,
universal,uniform,5000,2500,2.0,3,29,0.012808708001102787,2.5617416002205573e-06,0.004849875000218162,1.939950000087265e-06,9640,3.856,8,1.8972,2117,383,1.3863016122042129,2626,4743,2.305843009213694e+18,"[[1172432318357405658, 1841538480035479711], [610889197299678937, 356910957590253921], [1744744512350649053, 459482189801702091]]"
fixed,sorted,5000,2500,2.0,1,0,0.006740707998687867,1.3481415997375735e-06,0.0018193750001955777,7.27750000078231e-07,3765,1.506,2,2.0,2500,0,0.0,2500,5000,,
universal,sorted,5000,2500,2.0,3,0,0.013029417001234833,2.6058834002469667e-06,0.004853833997913171,1.9415335991652684e-06,10047,4.0188,7,2.0,2161,339,1.4008568806269968,2839,5000,2.305843009213694e+18,"[[256711980439665054, 1709899044117486289], [564682175042572888, 321752549611034334], [236337776990707882, 1707863537360842093]]"
fixed,sorted,5000,2500,2.0,1,1,0.006587874999240739,1.3175749998481478e-06,0.0022431670004152693,8.972668001661077e-07,3779,1.5116,2,2.0,2500,0,0.0,2500,5000,,
universal,sorted,5000,2500,2.0,3,1,0.01266254100119113,2.532508200238226e-06,0.004920167000818765,1.968066800327506e-06,9361,3.7444,7,2.0,2224,276,1.26206180514268,2776,5000,2.305843009213694e+18,"[[659665203979258006, 1758630025113616856], [2212240429613108902, 852878681887507335], [1610489816920689347, 222016741360720591]]"
fixed,sorted,5000,2500,2.0,1,2,0.006568415999936406,1.313683199987281e-06,0.0019372500028111972,7.749000011244789e-07,3743,1.4972,2,2.0,2500,0,0.0,2500,5000,,
universal,sorted,5000,2500,2.0,3,2,0.012796541002899176,2.559308200579835e-06,0.005049125000368804,2.0196500001475216e-06,9567,3.8268,7,2.0,2235,265,1.265227252314777,2765,5000,2.305843009213694e+18,"[[1199085610155232937, 1617812241682181496], [268989063807004320, 875226211544593835], [667698580330647039, 518091674429352682]]"
fixed,sorted,5000,2500,2.0,1,3,0.006415833002392901,1.2831666004785802e-06,0.0018670829995244276,7.46833199809771e-07,3764,1.5056,2,2.0,2500,0,0.0,2500,5000,,
universal,sorted,5000,2500,2.0,3,3,0.013007499997911509,2.601499999582302e-06,0.005553792001592228,2.2215168006368915e-06,13583,5.4332,14,2.0,2031,469,1.9857492288806258,2969,5000,2.305843009213694e+18,"[[963130306873368709, 594124941275654819], [699113413627218811, 49790444920847614], [1116618126344352917, 264798812748597129]]"
fixed,sorted,5000,2500,2.0,1,4,0.0064152909981203265,1.2830581996240652e-06,0.0018588749990158249,7.4354999960633e-07,3749,1.4996,2,2.0,2500,0,0.0,2500,5000,,
universal,sorted,5000,2500,2.0,3,4,0.013042582999332808,2.6085165998665616e-06,0.005030999996961327,2.012399998784531e-06,8870,3.548,6,2.0,2267,233,1.198999582985749,2733,5000,2.305843009213694e+18,"[[176127807941085543, 92145436972157049], [1353304280071655414, 2046636642761636536], [1463118878522575776, 350413271360474182]]"
fixed,sorted,5000,2500,2.0,1,5,0.0065069589982158504,1.30139179964317e-06,0.0018649169978743885,7.459667991497554e-07,3731,1.4924,2,2.0,2500,0,0.0,2500,5000,,
universal,sorted,5000,2500,2.0,3,5,0.013068791999103269,2.6137583998206536e-06,0.004827000000659609,1.9308000002638438e-06,9043,3.6172,7,2.0,2225,275,1.275617497528158,2775,5000,2.305843009213694e+18,"[[144173240364996770, 1276607102766329742], [1316153465216681486, 593588258721341972], [891339916669062610, 1419387771326649839]]"
fixed,sorted,5000,2500,2.0,1,6,0.006742665998899611,1.3485331997799222e-06,0.0018106249990523793,7.242499996209517e-07,3731,1.4924,2,2.0,2500,0,0.0,2500,5000,,
universal,sorted,5000,2500,2.0,3,6,0.012802875000488712,2.560575000097742e-06,0.004863333000685088,1.9453332002740355e-06,9919,3.9676,7,2.0,2186,314,1.3676256797823008,2814,5000,2.305843009213694e+18,"[[727386515324539458, 1284136067485901726], [1233138577490571038, 1828907452299493987], [1165171476919621068, 1646066583754636611]]"
fixed,sorted,5000,2500,2.0,1,7,0.006745999999111518,1.3491999998223036e-06,0.0019507910001266282,7.803164000506513e-07,3749,1.4996,2,2.0,2500,0,0.0,2500,5000,,
universal,sorted,5000,2500,2.0,3,7,0.012993000000278698,2.59860000005574e-06,0.004833374998270301,1.9333499993081205e-06,9149,3.6596,7,2.0,2230,270,1.2636455199145051,2770,5000,2.305843009213694e+18,"[[793970665397899006, 2152094108188559335], [745929175751854539, 1278256298576207987], [1862522474300937406, 1567653588555493210]]"
fixed,sorted,5000,2500,2.0,1,8,0.006482000000687549,1.2964000001375099e-06,0.0021643750005750917,8.657500002300367e-07,3751,1.5004,2,2.0,2500,0,0.0,2500,5000,,
universal,sorted,5000,2500,2.0,3,8,0.012808792002033442,2.5617584004066885e-06,0.004970291000063298,1.9881164000253194e-06,9528,3.8112,8,2.0,2237,263,1.2617448236470004,2763,5000,2.305843009213694e+18,"[[1973099216186019426, 839551891445904909], [2054075847285760178, 1596895736779450158], [1768356806526079850, 761040643918656312]]"
fixed,sorted,5000,2500,2.0,1,9,0.006458957999711856,1.2917915999423714e-06,0.001919875001476612,7.679500005906447e-07,3746,1.4984,2,2.0,2500,0,0.0,2500,5000,,
universal,sorted,5000,2500,2.0,3,9,0.012981083000340732,2.5962166000681462e-06,0.00489575000028708,1.958300000114832e-06,9070,3.628,7,2.0,2251,249,1.2152366024770649,2749,5000,2.305843009213694e+18,"[[1933427113282973200, 1273492775044695229], [567420718719220919, 2291110579130834537], [1919842552580472723, 589921478534064354]]"
fixed,sorted,5000,2500,2.0,1,10,0.006548792000103276,1.3097584000206553e-06,0.0018673750018933788,7.469500007573515e-07,3723,1.4892,2,2.0,2500,0,0.0,2500,5000,,
universal,sorted,5000,2500,2.0,3,10,0.01286199999958626,2.572399999917252e-06,0.005115416999615263,2.0461667998461054e-06,10039,4.0156,9,2.0,2117,383,1.4878171930717832,2883,5000,2.305843009213694e+18,"[[618696799174358726, 2029214271970554437], [1181946042011416434, 1971785935387254006], [855518877651879508, 78523067754061221]]"
fixed,sorted,5000,2500,2.0,1,11,0.006738459000189323,1.3476918000378646e-06,0.001900999999634223,7.603999998536892e-07,3795,1.518,2,2.0,2500,0,0.0,2500,5000,,
universal,sorted,5000,2500,2.0,3,11,0.01271404199724202,2.542808399448404e-06,0.004908582999632927,1.9634331998531705e-06,9334,3.7336,9,2.0,2216,284,1.3029197979921865,2784,5000,2.305843009213694e+18,"[[1967359095987829717, 498185230560009946], [1157680175712590001, 1113020793331031894], [1655376568515428791, 831730782862272696]]"
fixed,sorted,5000,2500,2.0,1,12,0.0066052500005753245,1.3210500001150648e-06,0.0019480829978419933,7.792331991367973e-07,3724,1.4896,2,2.0,2500,0,0.0,2500,5000,,
universal,sorted,5000,2500,2.0,3,12,0.012747332999424543,2.549466599884909e-06,0.0049217079977097455,1.9686831990838982e-06,9919,3.9676,9,2.0,2177,323,1.3870832707519762,2823,5000,2.305843009213694e+18,"[[2258536001366688123, 1012121370449003109], [686970057059376321, 2051824648104402063], [1124175962628406669, 504983195232581899]]"
fixed,sorted,5000,2500,2.0,1,13,0.006436708998080576,1.287341799616115e-06,0.0018778330013446975,7.51133200537879e-07,3737,1.4948,2,2.0,2500,0,0.0,2500,5000,,
universal,sorted,5000,2500,2.0,3,13,0.01241200000004028,2.482400000008056e-06,0.005259708002995467,2.103883201198187e-06,10675,4.27,8,2.0,2193,307,1.3948476619330155,2807,5000,2.305843009213694e+18,"[[2277903568736387890, 452514279465990313], [2303280692498563247, 697951185415921787], [183691764838410618, 423743168849403417]]"
fixed,sorted,5000,2500,2.0,1,14,0.006560583002283238,1.3121166004566475e-06,0.0019057499994232785,7.622999997693114e-07,3778,1.5112,2,2.0,2500,0,0.0,2500,5000,,
universal,sorted,5000,2500,2.0,3,14,0.012768041000526864,2.5536082001053727e-06,0.004876457998761907,1.9505831995047628e-06,9154,3.6616,6,2.0,2286,214,1.1933147112141038,2714,5000,2.305843009213694e+18,"[[1956076132499880650, 26508845497723367], [1505952038662606745, 694384076709536977], [1251442079079685814, 2146666122401106131]]"
fixed,sorted,5000,2500,2.0,1,15,0.006468333998782327,1.2936667997564654e-06,0.0018474170028639492,7.389668011455797e-07,3773,1.5092,2,2.0,2500,0,0.0,2500,5000,,
universal,sorted,5000,2500,2.0,3,15,0.012863709001976531,2.572741800395306e-06,0.00506245900032809,2.0249836001312362e-06,10500,4.2,10,2.0,2045,455,1.5699681525432292,2955,5000,2.305843009213694e+18,"[[847978861133403702, 1395714462194184430], [518482636670340538, 740682746084312398], [1100716632290196263, 2269261073193213249]]"
fixed,sorted,5000,2500,2.0,1,16,0.006465667000156827,1.2931334000313654e-06,0.0018499589968996588,7.399835987598635e-07,3726,1.4904,2,2.0,2500,0,0.0,2500,5000,,
universal,sorted,5000,2500,2.0,3,16,0.012626540999917779,2.525308199983556e-06,0.004830666999623645,1.932266799849458e-06,9391,3.7564,7,2.0,2228,272,1.3004614565607087,2772,5000,2.305843009213694e+18,"[[454612962106966139, 1702438209959121919], [2265420330264173236, 463866247378689703], [443667755326800348, 934787930118675060]]"
fixed,sorted,5000,2500,2.0,1,17,0.006565458999830298,1.3130917999660597e-06,0.001997625000512926,7.990500002051703e-07,3771,1.5084,2,2.0,2500,0,0.0,2500,5000,,
universal,sorted,5000,2500,2.0,3,17,0.012446415999875171,2.489283199975034e-06,0.004780499999469612,1.9121999997878446e-06,8931,3.5724,6,2.0,2264,236,1.18490505948789,2736,5000,2.305843009213694e+18,"[[195095767942445094, 1500048066919629750], [1059562453095694534, 313986444720046481], [691564608163384468, 53651072377497930]]"
fixed,sorted,5000,2500,2.0,1,18,0.006543207997310674,1.3086415994621347e-06,0.0020597920010914095,8.239168004365638e-07,3762,1.5048,2,2.0,2500,0,0.0,2500,5000,,
universal,sorted,5000,2500,2.0,3,18,0.012773166999977548,2.5546333999955096e-06,0.004894875000900356,1.9579500003601423e-06,10618,4.2472,9,2.0,2160,340,1.4341548033598046,2840,5000,2.305843009213694e+18,"[[653524007492807808, 355415340864572460], [529539352426941228, 1114891161808553618], [2041277660056489008, 2248875904457507991]]"
fixed,sorted,5000,2500,2.0,1,19,0.006457082999986596,1.2914165999973193e-06,0.0018272909983352292,7.309163993340917e-07,3795,1.518,2,2.0,2500,0,0.0,2500,5000,,
universal,sorted,5000,2500,2.0,3,19,0.012712375002593035,2.542475000518607e-06,0.004884958001639461,1.9539832006557847e-06,8959,3.5836,7,2.0,2272,228,1.1969962405956003,2728,5000,2.305843009213694e+18,"[[418983635330710152, 499844581152741729], [2091481658804620576, 676363097439722673], [1853845312400714918, 63921434307813850]]"
fixed,sorted,5000,2500,2.0,1,20,0.0065644169990264345,1.312883399805287e-06,0.0017907080000441056,7.162832000176422e-07,3763,1.5052,2,2.0,2500,0,0.0,2500,5000,,
universal,sorted,5000,2500,2.0,3,20,0.012681832999078324,2.536366599815665e-06,0.004867249997914769,1.9468999991659075e-06,9260,3.704,7,2.0,2189,311,1.3338665600426454,2811,5000,2.305843009213694e+18,"[[1326467972949138173, 150235521510768009], [1878749678761878296, 2057856258604839518], [714528426559143356, 1546845777023972402]]"
fixed,sorted,5000,2500,2.0,1,21,0.006533542000397574,1.306708400079515e-06,0.001783833999070339,7.135335996281355e-07,3728,1.4912,2,2.0,2500,0,0.0,2500,5000,,
universal,sorted,5000,2500,2.0,3,21,0.012620084002264775,2.524016800452955e-06,0.004918375001579989,1.9673500006319953e-06,9198,3.6792,7,2.0,2229,271,1.2477179168385777,2771,5000,2.305843009213694e+18,"[[1024322815512585445, 2145571529822921201], [583220317473756343, 1521440433806999588], [891688296819238137, 181082232511610579]]"
fixed,sorted,5000,2500,2.0,1,22,0.006486917001893744,1.2973834003787489e-06,0.0017542919995321427,7.01716799812857e-07,3780,1.512,2,2.0,2500,0,0.0,2500,5000,,
universal,sorted,5000,2500,2.0,3,22,0.012846542002080241,2.5693084004160483e-06,0.004974750001565553,1.9899000006262214e-06,11132,4.4528,9,2.0,1994,506,1.645600194457937,3006,5000,2.305843009213694e+18,"[[287886780813115929, 1413457234261051687], [1236295213923302512, 1583790892526252416], [469264712334336849, 619461346342472605]]"
fixed,sorted,5000,2500,2.0,1,23,0.006470707998232683,1.2941415996465367e-06,0.0018270000000484288,7.308000000193715e-07,3745,1.498,2,2.0,2500,0,0.0,2500,5000,,
universal,sorted,5000,2500,2.0,3,23,0.01273270800083992,2.5465416001679842e-06,0.004995333001716062,1.998133200686425e-06,12936,5.1744,11,2.0,2045,455,1.7190695157555438,2955,5000,2.305843009213694e+18,"[[666030003530279332, 1185754838603315180], [507164280403988863, 1057119984642882112], [1021713661893975990, 2137083730657759889]]"
fixed,sorted,5000,2500,2.0,1,24,0.006471791999501875,1.2943583999003749e-06,0.001773874999344116,7.095499997376464e-07,3732,1.4928,2,2.0,2500,0,0.0,2500,5000,,
universal,sorted,5000,2500,2.0,3,24,0.012426125002093613,2.4852250004187227e-06,0.004775792000145884,1.9103168000583535e-06,9042,3.6168,7,2.0,2241,259,1.2709051892253804,2759,5000,2.305843009213694e+18,"[[719391770955253926, 2130106160647316609], [1814591772010625413, 678012837864961736], [2256121436648175771, 1806161501175307684]]"
fixed,sorted,5000,2500,2.0,1,25,0.006531749997520819,1.3063499995041638e-06,0.0019148749997839332,7.659499999135733e-07,3768,1.5072,2,2.0,2500,0,0.0,2500,5000,,
universal,sorted,5000,2500,2.0,3,25,0.012667999999393942,2.5335999998787885e-06,0.0048551660001976416,1.9420664000790566e-06,9314,3.7256,7,2.0,2228,272,1.2680693987317886,2772,5000,2.305843009213694e+18,"[[267692963849940753, 941673545738002381], [1078297968137412989, 615313745506248579], [1375102846946731697, 1124764272089465404]]"
fixed,sorted,5000,2500,2.0,1,26,0.006530416001623962,1.3060832003247924e-06,0.0018321249990549404,7.328499996219762e-07,3771,1.5084,2,2.0,2500,0,0.0,2500,5000,,
universal,sorted,5000,2500,2.0,3,26,0.012586832999659237,2.5173665999318475e-06,0.0047896249998302665,1.9158499999321065e-06,9131,3.6524,7,2.0,2237,263,1.2749901960407382,2763,5000,2.305843009213694e+18,"[[1075367493781816306, 1590101887495472611], [1902892487837865007, 1154722482783782897], [1398969667391390162, 561164263128564704]]"
fixed,sorted,5000,2500,2.0,1,27,0.006483459001174197,1.2966918002348394e-06,0.0018347080003877636,7.338832001551054e-07,3767,1.5068,2,2.0,2500,0,0.0,2500,5000,,
universal,sorted,5000,2500,2.0,3,27,0.012807334001990966,2.5614668003981934e-06,0.00516395900194766,2.065583600779064e-06,13800,5.52,9,2.0,2092,408,1.698705389406886,2908,5000,2.305843009213694e+18,"[[86018572855962195, 1847883699258444581], [153743650771889609, 794633789185287595], [2121092647333014343, 2013162642849706046]]"
fixed,sorted,5000,2500,2.0,1,28,0.006573624999873573,1.3147249999747145e-06,0.0018456670004525222,7.382668001810089e-07,3739,1.4956,2,2.0,2500,0,0.0,2500,5000,,
universal,sorted,5000,2500,2.0,3,28,0.012589250000019092,2.5178500000038184e-06,0.004850291999900946,1.9401167999603786e-06,8876,3.5504,6,2.0,2277,223,1.1852425912023243,2723,5000,2.305843009213694e+18,"[[273089160051860230, 1621121173616640907], [1037773347474994553, 742865219208374151], [246540013351488701, 1890370731478794172]]"
fixed,sorted,5000,2500,2.0,1,29,0.0065670830008457415,1.3134166001691483e-06,0.0018613329993968364,7.445331997587346e-07,3726,1.4904,2,2.0,2500,0,0.0,2500,5000,,
universal,sorted,5000,2500,2.0,3,29,0.012757874999806518,2.5515749999613035e-06,0.0048017080007412005,1.9206832002964803e-06,9106,3.6424,6,2.0,2252,248,1.2211470017978998,2748,5000,2.305843009213694e+18,"[[1172432318357405658, 1841538480035479711], [610889197299678937, 356910957590253921], [1744744512350649053, 459482189801702091]]"
fixed,adversarial,5000,2500,2.0,1,0,0.08958954199988511,1.7917908399977023e-05,0.3755107079996378,0.00015020428319985511,6315604,2526.2416,5000,2.0,1,2499,99.9799979995999,4999,5000,,
universal,adversarial,5000,2500,2.0,3,0,0.012567541001772042,2.5135082003544086e-06,0.004779833001521183,1.9119332006084733e-06,9164,3.6656,7,2.0,2261,239,1.19565881421081,2739,5000,2.305843009213694e+18,"[[256711980439665054, 1709899044117486289], [564682175042572888, 321752549611034334], [236337776990707882, 1707863537360842093]]"
fixed,adversarial,5000,2500,2.0,1,1,0.09109225000065635,1.821845000013127e-05,0.3584255829991889,0.00014337023319967556,6284376,2513.7504,5000,2.0,1,2499,99.9799979995999,4999,5000,,
universal,adversarial,5000,2500,2.0,3,1,0.012583165997057222,2.5166331994114446e-06,0.004790916998899775,1.91636679955991e-06,9517,3.8068,6,2.0,2229,271,1.2367699866992246,2771,5000,2.305843009213694e+18,"[[659665203979258006, 1758630025113616856], [2212240429613108902, 852878681887507335], [1610489816920689347, 222016741360720591]]"
fixed,adversarial,5000,2500,2.0,1,2,0.13569708300201455,2.713941660040291e-05,0.36668420799833257,0.00014667368319933301,6259224,2503.6896,5000,2.0,1,2499,99.9799979995999,4999,5000,,
universal,adversarial,5000,2500,2.0,3,2,0.01261466600044514,2.522933200089028e-06,0.004838875000132248,1.935550000052899e-06,9730,3.892,7,2.0,2198,302,1.3163586137523466,2802,5000,2.305843009213694e+18,"[[1199085610155232937, 1617812241682181496], [268989063807004320, 875226211544593835], [667698580330647039, 518091674429352682]]"
fixed,adversarial,5000,2500,2.0,1,3,0.08953045799717074,1.7906091599434148e-05,0.3707218749987078,0.00014828874999948312,6259113,2503.6452,5000,2.0,1,2499,99.9799979995999,4999,5000,,
universal,adversarial,5000,2500,2.0,3,3,0.012474833998567192,2.4949667997134383e-06,0.004801874998520361,1.9207499994081444e-06,9403,3.7612,7,2.0,2198,302,1.3254433220624713,2802,5000,2.305843009213694e+18,"[[963130306873368709, 594124941275654819], [699113413627218811, 49790444920847614], [1116618126344352917, 264798812748597129]]"
fixed,adversarial,5000,2500,2.0,1,4,0.08859733400095138,1.7719466800190276e-05,0.36824875000093016,0.00014729950000037207,6275042,2510.0168,5000,2.0,1,2499,99.9799979995999,4999,5000,,
universal,adversarial,5000,2500,2.0,3,4,0.012615584000741364,2.5231168001482727e-06,0.0051035840006079525,2.041433600243181e-06,9209,3.6836,7,2.0,2237,263,1.2636455199145051,2763,5000,2.305843009213694e+18,"[[176127807941085543, 92145436972157049], [1353304280071655414, 2046636642761636536], [1463118878522575776, 350413271360474182]]"
fixed,adversarial,5000,2500,2.0,1,5,0.0896437910014356,1.792875820028712e-05,0.35895000000164146,0.00014358000000065657,6191325,2476.53,5000,2.0,1,2499,99.9799979995999,4999,5000,,
universal,adversarial,5000,2500,2.0,3,5,0.01247733299896936,2.495466599793872e-06,0.004908124999928987,1.9632499999715945e-06,8747,3.4988,7,2.0,2264,236,1.20863559437905,2736,5000,2.305843009213694e+18,"[[144173240364996770, 1276607102766329742], [1316153465216681486, 593588258721341972], [891339916669062610, 1419387771326649839]]"
fixed,adversarial,5000,2500,2.0,1,6,0.08914491700124927,1.7828983400249853e-05,0.36945816699881107,0.0001477832667995244,6262316,2504.9264,5000,2.0,1,2499,99.9799979995999,4999,5000,,
universal,adversarial,5000,2500,2.0,3,6,0.012510791999375215,2.502158399875043e-06,0.004888584000582341,1.9554336002329365e-06,10356,4.1424,8,2.0,2173,327,1.4235167719419395,2827,5000,2.305843009213694e+18,"[[727386515324539458, 1284136067485901726], [1233138577490571038, 1828907452299493987], [1165171476919621068, 1646066583754636611]]"
fixed,adversarial,5000,2500,2.0,1,7,0.08881295900209807,1.7762591800419613e-05,0.3633490409993101,0.00014533961639972404,6260862,2504.3448,5000,2.0,1,2499,99.9799979995999,4999,5000,,
universal,adversarial,5000,2500,2.0,3,7,0.012703332999080885,2.540666599816177e-06,0.005193249999138061,2.0772999996552246e-06,14720,5.888,11,2.0,1927,573,1.9604081207748554,3073,5000,2.305843009213694e+18,"[[793970665397899006, 2152094108188559335], [745929175751854539, 1278256298576207987], [1862522474300937406, 1567653588555493210]]"
fixed,adversarial,5000,2500,2.0,1,8,0.08910862500124495,1.7821725000248988e-05,0.35429074999774457,0.00014171629999909784,6217488,2486.9952,5000,2.0,1,2499,99.9799979995999,4999,5000,,
universal,adversarial,5000,2500,2.0,3,8,0.012540249997982755,2.508049999596551e-06,0.0049045830019167624,1.961833200766705e-06,8912,3.5648,6,2.0,2291,209,1.199666620357506,2709,5000,2.305843009213694e+18,"[[1973099216186019426, 839551891445904909], [2054075847285760178, 1596895736779450158], [1768356806526079850, 761040643918656312]]"
fixed,adversarial,5000,2500,2.0,1,9,0.08994604200051981,1.7989208400103964e-05,0.3603620829999272,0.0001441448331999709,6212475,2484.99,5000,2.0,1,2499,99.9799979995999,4999,5000,,
universal,adversarial,5000,2500,2.0,3,9,0.012960792002559174,2.5921584005118347e-06,0.004930125000100816,1.9720500000403264e-06,10877,4.3508,13,2.0,2007,493,1.9024195120950584,2993,5000,2.305843009213694e+18,"[[1933427113282973200, 1273492775044695229], [567420718719220919, 2291110579130834537], [1919842552580472723, 589921478534064354]]"
fixed,adversarial,5000,2500,2.0,1,10,0.0887416250006936,1.774832500013872e-05,0.3498191250000673,0.00013992765000002692,6199565,2479.826,5000,2.0,1,2499,99.9799979995999,4999,5000,,
universal,adversarial,5000,2500,2.0,3,10,0.012313208997511538,2.4626417995023075e-06,0.004848207998293219,1.9392831993172875e-06,9529,3.8116,7,2.0,2218,282,1.3047605144240073,2782,5000,2.305843009213694e+18,"[[618696799174358726, 2029214271970554437], [1181946042011416434, 1971785935387254006], [855518877651879508, 78523067754061221]]"
fixed,adversarial,5000,2500,2.0,1,11,0.08926825000162353,1.7853650000324706e-05,0.37387316699823714,0.00014954926679929486,6354800,2541.92,5000,2.0,1,2499,99.9799979995999,4999,5000,,
universal,adversarial,5000,2500,2.0,3,11,0.012329875000432367,2.4659750000864733e-06,0.004863209000177449,1.9452836000709793e-06,9216,3.6864,6,2.0,2260,240,1.250919661688951,2740,5000,2.305843009213694e+18,"[[1967359095987829717, 498185230560009946], [1157680175712590001, 1113020793331031894], [1655376568515428791, 831730782862272696]]"
fixed,adversarial,5000,2500,2.0,1,12,0.08916866700019455,1.7833733400038908e-05,0.3711049589983304,0.00014844198359933216,6222051,2488.8204,5000,2.0,1,2499,99.9799979995999,4999,5000,,
universal,adversarial,5000,2500,2.0,3,12,0.012543584001832642,2.5087168003665283e-06,0.004860749999352265,1.944299999740906e-06,9028,3.6112,7,2.0,2252,248,1.2515590277729614,2748,5000,2.305843009213694e+18,"[[2258536001366688123, 1012121370449003109], [686970057059376321, 2051824648104402063], [1124175962628406669, 504983195232581899]]"
fixed,adversarial,5000,2500,2.0,1,13,0.0895260840006813,1.790521680013626e-05,0.3532392500019341,0.00014129570000077365,6225425,2490.17,5000,2.0,1,2499,99.9799979995999,4999,5000,,
universal,adversarial,5000,2500,2.0,3,13,0.012622999998711748,2.5245999997423495e-06,0.004848625001613982,1.939450000645593e-06,9482,3.7928,7,2.0,2214,286,1.2995383795794566,2786,5000,2.305843009213694e+18,"[[2277903568736387890, 452514279465990313], [2303280692498563247, 697951185415921787], [183691764838410618, 423743168849403417]]"
fixed,adversarial,5000,2500,2.0,1,14,0.0897892499997397,1.7957849999947937e-05,0.3754414169998199,0.00015017656679992798,6353150,2541.26,5000,2.0,1,2499,99.9799979995999,4999,5000,,
universal,adversarial,5000,2500,2.0,3,14,0.012468791999708628,2.493758399941726e-06,0.004886708000412909,1.9546832001651635e-06,9352,3.7408,7,2.0,2267,233,1.2260505699195283,2733,5000,2.305843009213694e+18,"[[1956076132499880650, 26508845497723367], [1505952038662606745, 694384076709536977], [1251442079079685814, 2146666122401106131]]"
fixed,adversarial,5000,2500,2.0,1,15,0.08982237500094925,1.796447500018985e-05,0.37528516599923023,0.00015011406639969208,6344329,2537.7316,5000,2.0,1,2499,99.9799979995999,4999,5000,,
universal,adversarial,5000,2500,2.0,3,15,0.012437416000466328,2.4874832000932655e-06,0.004846959000133211,1.9387836000532845e-06,9858,3.9432,8,2.0,2211,289,1.3305637902783918,2789,5000,2.305843009213694e+18,"[[847978861133403702, 1395714462194184430], [518482636670340538, 740682746084312398], [1100716632290196263, 2269261073193213249]]"
fixed,adversarial,5000,2500,2.0,1,16,0.08866641699933098,1.7733283399866194e-05,0.34791541699814843,0.00013916616679925938,6183730,2473.492,5000,2.0,1,2499,99.9799979995999,4999,5000,,
universal,adversarial,5000,2500,2.0,3,16,0.01269079200210399,2.538158400420798e-06,0.004852333997405367,1.940933598962147e-06,9517,3.8068,7,2.0,2183,317,1.310267148332736,2817,5000,2.305843009213694e+18,"[[454612962106966139, 1702438209959121919], [2265420330264173236, 463866247378689703], [443667755326800348, 934787930118675060]]"
fixed,adversarial,5000,2500,2.0,1,17,0.09777320899956976,1.955464179991395e-05,0.41844250000212924,0.0001673770000008517,6282088,2512.8352,5000,2.0,1,2499,99.9799979995999,4999,5000,,
universal,adversarial,5000,2500,2.0,3,17,0.01628941699891584,3.257883399783168e-06,0.006531874998472631,2.6127499993890526e-06,9075,3.63,6,2.0,2269,231,1.1892854997854805,2731,5000,2.305843009213694e+18,"[[195095767942445094, 1500048066919629750], [1059562453095694534, 313986444720046481], [691564608163384468, 53651072377497930]]"
fixed,adversarial,5000,2500,2.0,1,18,0.08992437499910011,1.7984874999820022e-05,0.3655332080015796,0.00014621328320063185,6220717,2488.2868,5000,2.0,1,2499,99.9799979995999,4999,5000,,
universal,adversarial,5000,2500,2.0,3,18,0.012775417002558243,2.5550834005116484e-06,0.0050760000012815,2.0304000005126e-06,12461,4.9844,11,2.0,2001,499,1.8882796403075472,2999,5000,2.305843009213694e+18,"[[653524007492807808, 355415340864572460], [529539352426941228, 1114891161808553618], [2041277660056489008, 2248875904457507991]]"
fixed,adversarial,5000,2500,2.0,1,19,0.09004279200235032,1.8008558400470067e-05,0.3567928749980638,0.00014271714999922552,6343895,2537.558,5000,2.0,1,2499,99.9799979995999,4999,5000,,
universal,adversarial,5000,2500,2.0,3,19,0.012846499997976935,2.569299999595387e-06,0.004986749998352025,1.99469999934081e-06,10586,4.2344,11,2.0,2042,458,1.9427815111329425,2958,5000,2.305843009213694e+18,"[[418983635330710152, 499844581152741729], [2091481658804620576, 676363097439722673], [1853845312400714918, 63921434307813850]]"
fixed,adversarial,5000,2500,2.0,1,20,0.08944491600050242,1.7888983200100483e-05,0.3683310829983384,0.00014733243319933536,6245921,2498.3684,5000,2.0,1,2499,99.9799979995999,4999,5000,,
universal,adversarial,5000,2500,2.0,3,20,0.012780207998730475,2.556041599746095e-06,0.005049583996878937,2.0198335987515747e-06,9599,3.8396,6,2.0,2204,296,1.3093509842666327,2796,5000,2.305843009213694e+18,"[[1326467972949138173, 150235521510768009], [1878749678761878296, 2057856258604839518], [714528426559143356, 1546845777023972402]]"
fixed,adversarial,5000,2500,2.0,1,21,0.08918808299858938,1.7837616599717877e-05,0.3507806250017893,0.00014031225000071573,6194164,2477.6656,5000,2.0,1,2499,99.9799979995999,4999,5000,,
universal,adversarial,5000,2500,2.0,3,21,0.012616834002983524,2.5233668005967048e-06,0.004907250000542263,1.962900000216905e-06,9636,3.8544,8,2.0,2222,278,1.2930583900195691,2778,5000,2.305843009213694e+18,"[[1024322815512585445, 2145571529822921201], [583220317473756343, 1521440433806999588], [891688296819238137, 181082232511610579]]"
fixed,adversarial,5000,2500,2.0,1,22,0.09008604100017692,1.8017208200035385e-05,0.3675159579979663,0.00014700638319918653,6340081,2536.0324,5000,2.0,1,2499,99.9799979995999,4999,5000,,
universal,adversarial,5000,2500,2.0,3,22,0.012436875000275904,2.487375000055181e-06,0.004881124998064479,1.9524499992257914e-06,9286,3.7144,7,2.0,2229,271,1.2626955294131676,2771,5000,2.305843009213694e+18,"[[287886780813115929, 1413457234261051687], [1236295213923302512, 1583790892526252416], [469264712334336849, 619461346342472605]]"
fixed,adversarial,5000,2500,2.0,1,23,0.08971337499679066,1.7942674999358134e-05,0.3582642080000369,0.00014330568320001475,6176297,2470.5188,5000,2.0,1,2499,99.9799979995999,4999,5000,,
universal,adversarial,5000,2500,2.0,3,23,0.012780290999216959,2.5560581998433916e-06,0.00497387499854085,1.98954999941634e-06,10850,4.34,8,2.0,2094,406,1.5014659503298768,2906,5000,2.305843009213694e+18,"[[666030003530279332, 1185754838603315180], [507164280403988863, 1057119984642882112], [1021713661893975990, 2137083730657759889]]"
fixed,adversarial,5000,2500,2.0,1,24,0.08959454200157779,1.7918908400315558e-05,0.36855191699942225,0.0001474207667997689,6226543,2490.6172,5000,2.0,1,2499,99.9799979995999,4999,5000,,
universal,adversarial,5000,2500,2.0,3,24,0.01292808300058823,2.585616600117646e-06,0.005354999997507548,2.1419999990030193e-06,10084,4.0336,12,2.0,2082,418,1.8073184556131772,2918,5000,2.305843009213694e+18,"[[719391770955253926, 2130106160647316609], [1814591772010625413, 678012837864961736], [2256121436648175771, 1806161501175307684]]"
fixed,adversarial,5000,2500,2.0,1,25,0.08956804199988255,1.791360839997651e-05,0.3521050830022432,0.00014084203320089726,6280077,2512.0308,5000,2.0,1,2499,99.9799979995999,4999,5000,,
universal,adversarial,5000,2500,2.0,3,25,0.012832707998313708,2.5665415996627416e-06,0.005262750000838423,2.105100000335369e-06,9303,3.7212,7,2.0,2243,257,1.2351518125315608,2757,5000,2.305843009213694e+18,"[[267692963849940753, 941673545738002381], [1078297968137412989, 615313745506248579], [1375102846946731697, 1124764272089465404]]"
fixed,adversarial,5000,2500,2.0,1,26,0.11026112499894225,2.205222499978845e-05,0.3788061250015744,0.00015152245000062977,6356582,2542.6328,5000,2.0,1,2499,99.9799979995999,4999,5000,,
universal,adversarial,5000,2500,2.0,3,26,0.01258791699729045,2.5175833994580897e-06,0.004899124996882165,1.959649998752866e-06,9413,3.7652,7,2.0,2222,278,1.283744522870497,2778,5000,2.305843009213694e+18,"[[1075367493781816306, 1590101887495472611], [1902892487837865007, 1154722482783782897], [1398969667391390162, 561164263128564704]]"
fixed,adversarial,5000,2500,2.0,1,27,0.08929295800044201,1.7858591600088404e-05,0.36672166700009257,0.00014668866680003702,6323961,2529.5844,5000,2.0,1,2499,99.9799979995999,4999,5000,,
universal,adversarial,5000,2500,2.0,3,27,0.012644541999179637,2.528908399835927e-06,0.004906250000203727,1.9625000000814908e-06,9596,3.8384,7,2.0,2168,332,1.3362634470792052,2832,5000,2.305843009213694e+18,"[[86018572855962195, 1847883699258444581], [153743650771889609, 794633789185287595], [2121092647333014343, 2013162642849706046]]"
fixed,adversarial,5000,2500,2.0,1,28,0.08930500000133179,1.786100000026636e-05,0.36142683399884845,0.00014457073359953938,6254940,2501.976,5000,2.0,1,2499,99.9799979995999,4999,5000,,
universal,adversarial,5000,2500,2.0,3,28,0.012426000001141801,2.4852000002283604e-06,0.004955165997671429,1.982066399068572e-06,10006,4.0024,7,2.0,2139,361,1.4156270695349111,2861,5000,2.305843009213694e+18,"[[273089160051860230, 1621121173616640907], [1037773347474994553, 742865219208374151], [246540013351488701, 1890370731478794172]]"
fixed,adversarial,5000,2500,2.0,1,29,0.08883083299951977,1.7766166599903953e-05,0.3599057499995979,0.00014396229999983915,6216478,2486.5912,5000,2.0,1,2499,99.9799979995999,4999,5000,,
universal,adversarial,5000,2500,2.0,3,29,0.01266787499844213,2.533574999688426e-06,0.004955417000019224,1.98216680000769e-06,10125,4.05,7,2.0,2162,338,1.3862178760930766,2838,5000,2.305843009213694e+18,"[[1172432318357405658, 1841538480035479711], [610889197299678937, 356910957590253921], [1744744512350649053, 459482189801702091]]"
fixed,near_duplicate,5000,2500,2.0,1,0,0.0034244170019519515,6.848834003903903e-07,0.0016857080008776393,6.742832003510558e-07,2500,1.0,1,0.2,500,2000,0.4,0,500,,
universal,near_duplicate,5000,2500,2.0,3,0,0.008931084001233103,1.7862168002466205e-06,0.004418625001562759,1.7674500006251037e-06,3140,1.256,3,0.2,457,2043,0.44452221541785736,43,500,2.305843009213694e+18,"[[256711980439665054, 1709899044117486289], [564682175042572888, 321752549611034334], [236337776990707882, 1707863537360842093]]"
fixed,near_duplicate,5000,2500,2.0,1,1,0.0034285840010852553,6.85716800217051e-07,0.0016766250009823125,6.70650000392925e-07,2500,1.0,1,0.2,500,2000,0.4,0,500,,
universal,near_duplicate,5000,2500,2.0,3,1,0.008701040998857934,1.7402081997715867e-06,0.0043951660009042826,1.758066400361713e-06,3021,1.2084,2,0.2,471,2029,0.42801869118065394,29,500,2.305843009213694e+18,"[[659665203979258006, 1758630025113616856], [2212240429613108902, 852878681887507335], [1610489816920689347, 222016741360720591]]"
fixed,near_duplicate,5000,2500,2.0,1,2,0.003464333000010811,6.928666000021622e-07,0.0016929589983192272,6.771835993276909e-07,2500,1.0,1,0.2,500,2000,0.4,0,500,,
universal,near_duplicate,5000,2500,2.0,3,2,0.008812167001451598,1.7624334002903198e-06,0.004410666999319801,1.7642667997279204e-06,3031,1.2124,3,0.2,474,2026,0.4261455150532503,26,500,2.305843009213694e+18,"[[1199085610155232937, 1617812241682181496], [268989063807004320, 875226211544593835], [667698580330647039, 518091674429352682]]"
fixed,near_duplicate,5000,2500,2.0,1,3,0.0034343340012128465,6.868668002425693e-07,0.0017053329975169618,6.821331990067847e-07,2500,1.0,1,0.2,500,2000,0.4,0,500,,
universal,near_duplicate,5000,2500,2.0,3,3,0.008906541999749606,1.7813083999499213e-06,0.004520875001617242,1.8083500006468967e-06,3592,1.4368,4,0.2,427,2073,0.48,73,500,2.305843009213694e+18,"[[963130306873368709, 594124941275654819], [699113413627218811, 49790444920847614], [1116618126344352917, 264798812748597129]]"
fixed,near_duplicate,5000,2500,2.0,1,4,0.0034338750010647345,6.867750002129469e-07,0.0016806249986984767,6.722499994793907e-07,2500,1.0,1,0.2,500,2000,0.4,0,500,,
universal,near_duplicate,5000,2500,2.0,3,4,0.008706415999768069,1.7412831999536137e-06,0.00441891599984956,1.767566399939824e-06,2950,1.18,3,0.2,473,2027,0.4270831300812524,27,500,2.305843009213694e+18,"[[176127807941085543, 92145436972157049], [1353304280071655414, 2046636642761636536], [1463118878522575776, 350413271360474182]]"
fixed,near_duplicate,5000,2500,2.0,1,5,0.003465583999059163,6.931167998118326e-07,0.0016801659985503647,6.720663994201459e-07,2500,1.0,1,0.2,500,2000,0.4,0,500,,
universal,near_duplicate,5000,2500,2.0,3,5,0.008867542001098627,1.7735084002197255e-06,0.004425209001055919,1.7700836004223675e-06,3053,1.2212,3,0.2,463,2037,0.4363484845854286,37,500,2.305843009213694e+18,"[[144173240364996770, 1276607102766329742], [1316153465216681486, 593588258721341972], [891339916669062610, 1419387771326649839]]"
fixed,near_duplicate,5000,2500,2.0,1,6,0.0034140419993491378,6.828083998698276e-07,0.0017229580007551704,6.891832003020682e-07,2500,1.0,1,0.2,500,2000,0.4,0,500,,
universal,near_duplicate,5000,2500,2.0,3,6,0.0086225419981929,1.72450839963858e-06,0.0044517919995996635,1.7807167998398654e-06,4011,1.6044,4,0.2,410,2090,0.4979959839195493,90,500,2.305843009213694e+18,"[[727386515324539458, 1284136067485901726], [1233138577490571038, 1828907452299493987], [1165171476919621068, 1646066583754636611]]"
fixed,near_duplicate,5000,2500,2.0,1,7,0.003442666999035282,6.885333998070564e-07,0.0016929170014918782,6.771668005967512e-07,2500,1.0,1,0.2,500,2000,0.4,0,500,,
universal,near_duplicate,5000,2500,2.0,3,7,0.008956458001193823,1.7912916002387647e-06,0.0045361660013441,1.8144664005376398e-06,3011,1.2044,2,0.2,461,2039,0.4372642221815089,39,500,2.305843009213694e+18,"[[793970665397899006, 2152094108188559335], [745929175751854539, 1278256298576207987], [1862522474300937406, 1567653588555493210]]"
fixed,near_duplicate,5000,2500,2.0,1,8,0.0034752499996102415,6.950499999220483e-07,0.0016824580015963875,6.72983200638555e-07,2500,1.0,1,0.2,500,2000,0.4,0,500,,
universal,near_duplicate,5000,2500,2.0,3,8,0.0088037079985952,1.76074159971904e-06,0.004591083001287188,1.8364332005148754e-06,3918,1.5672,3,0.2,442,2058,0.4595650117230423,58,500,2.305843009213694e+18,"[[1973099216186019426, 839551891445904909], [2054075847285760178, 1596895736779450158], [1768356806526079850, 761040643918656312]]"
fixed,near_duplicate,5000,2500,2.0,1,9,0.0034415830014040694,6.883166002808139e-07,0.0017008750000968575,6.80350000038743e-07,2500,1.0,1,0.2,500,2000,0.4,0,500,,
universal,near_duplicate,5000,2500,2.0,3,9,0.00889524999729474,1.7790499994589481e-06,0.004452833996765548,1.7811335987062193e-06,3012,1.2048,2,0.2,474,2026,0.425205832509386,26,500,2.305843009213694e+18,"[[1933427113282973200, 1273492775044695229], [567420718719220919, 2291110579130834537], [1919842552580472723, 589921478534064354]]"
fixed,near_duplicate,5000,2500,2.0,1,10,0.0034450839993951377,6.890167998790275e-07,0.0016910000013012905,6.764000005205161e-07,2500,1.0,1,0.2,500,2000,0.4,0,500,,
universal,near_duplicate,5000,2500,2.0,3,10,0.008769249998294981,1.7538499996589963e-06,0.0044585420000657905,1.7834168000263162e-06,2963,1.1852,2,0.2,465,2035,0.433589667773576,35,500,2.305843009213694e+18,"[[618696799174358726, 2029214271970554437], [1181946042011416434, 1971785935387254006], [855518877651879508, 78523067754061221]]"
fixed,near_duplicate,5000,2500,2.0,1,11,0.003453000001172768,6.906000002345536e-07,0.0017415840011381079,6.966336004552431e-07,2500,1.0,1,0.2,500,2000,0.4,0,500,,
universal,near_duplicate,5000,2500,2.0,3,11,0.008709834000910632,1.7419668001821265e-06,0.004406041000038385,1.7624164000153542e-06,3198,1.2792,3,0.2,428,2072,0.4783304297240559,72,500,2.305843009213694e+18,"[[1967359095987829717, 498185230560009946], [1157680175712590001, 1113020793331031894], [1655376568515428791, 831730782862272696]]"
fixed,near_duplicate,5000,2500,2.0,1,12,0.0034384589998808224,6.876917999761645e-07,0.0017053750016202684,6.821500006481074e-07,2500,1.0,1,0.2,500,2000,0.4,0,500,,
universal,near_duplicate,5000,2500,2.0,3,12,0.008936833997722715,1.787366799544543e-06,0.004451958000572631,1.7807832002290525e-06,2983,1.1932,2,0.2,472,2028,0.4270831300812524,28,500,2.305843009213694e+18,"[[2258536001366688123, 1012121370449003109], [686970057059376321, 2051824648104402063], [1124175962628406669, 504983195232581899]]"
fixed,near_duplicate,5000,2500,2.0,1,13,0.0034486660006223246,6.897332001244649e-07,0.00171549999868148,6.861999994725921e-07,2500,1.0,1,0.2,500,2000,0.4,0,500,,
universal,near_duplicate,5000,2500,2.0,3,13,0.00865870800043922,1.7317416000878439e-06,0.0043978330031677615,1.7591332012671045e-06,3027,1.2108,3,0.2,465,2035,0.43451121964800865,35,500,2.305843009213694e+18,"[[2277903568736387890, 452514279465990313], [2303280692498563247, 697951185415921787], [183691764838410618, 423743168849403417]]"
fixed,near_duplicate,5000,2500,2.0,1,14,0.003435416001593694,6.870832003187388e-07,0.0017014999975799583,6.805999990319833e-07,2500,1.0,1,0.2,500,2000,0.4,0,500,,
universal,near_duplicate,5000,2500,2.0,3,14,0.008824041000480065,1.764808200096013e-06,0.004393041999719571,1.7572167998878285e-06,2947,1.1788,3,0.2,474,2026,0.4261455150532503,26,500,2.305843009213694e+18,"[[1956076132499880650, 26508845497723367], [1505952038662606745, 694384076709536977], [1251442079079685814, 2146666122401106131]]"
fixed,near_duplicate,5000,2500,2.0,1,15,0.0034434170011081733,6.886834002216346e-07,0.0016954159982560668,6.781663993024268e-07,2500,1.0,1,0.2,500,2000,0.4,0,500,,
universal,near_duplicate,5000,2500,2.0,3,15,0.008838665999064688,1.7677331998129376e-06,0.004453124998690328,1.781249999476131e-06,3762,1.5048,3,0.2,444,2056,0.4586937976471886,56,500,2.305843009213694e+18,"[[847978861133403702, 1395714462194184430], [518482636670340538, 740682746084312398], [1100716632290196263, 2269261073193213249]]"
fixed,near_duplicate,5000,2500,2.0,1,16,0.0034346660031587817,6.869332006317563e-07,0.001683583002886735,6.73433201154694e-07,2500,1.0,1,0.2,500,2000,0.4,0,500,,
universal,near_duplicate,5000,2500,2.0,3,16,0.008864874998835148,1.7729749997670297e-06,0.00441658300042036,1.766633200168144e-06,3013,1.2052,3,0.2,465,2035,0.43451121964800865,35,500,2.305843009213694e+18,"[[454612962106966139, 1702438209959121919], [2265420330264173236, 463866247378689703], [443667755326800348, 934787930118675060]]"
fixed,near_duplicate,5000,2500,2.0,1,17,0.0034149999992223457,6.829999998444691e-07,0.0016868749989953358,6.747499995981343e-07,2500,1.0,1,0.2,500,2000,0.4,0,500,,
universal,near_duplicate,5000,2500,2.0,3,17,0.008932875000027707,1.7865750000055414e-06,0.004405334002512973,1.7621336010051892e-06,2932,1.1728,2,0.2,468,2032,0.43081318457076034,32,500,2.305843009213694e+18,"[[195095767942445094, 1500048066919629750], [1059562453095694534, 313986444720046481], [691564608163384468, 53651072377497930]]"
fixed,near_duplicate,5000,2500,2.0,1,18,0.003492457999527687,6.984915999055375e-07,0.001712792000034824,6.851168000139296e-07,2500,1.0,1,0.2,500,2000,0.4,0,500,,
universal,near_duplicate,5000,2500,2.0,3,18,0.008845167001709342,1.7690334003418684e-06,0.004374041996925371,1.7496167987701483e-06,2946,1.1784,3,0.2,467,2033,0.43266615305567874,33,500,2.305843009213694e+18,"[[653524007492807808, 355415340864572460], [529539352426941228, 1114891161808553618], [2041277660056489008, 2248875904457507991]]"
fixed,near_duplicate,5000,2500,2.0,1,19,0.0034331249989918433,6.866249997983686e-07,0.001716457998554688,6.865831994218752e-07,2500,1.0,1,0.2,500,2000,0.4,0,500,,
universal,near_duplicate,5000,2500,2.0,3,19,0.008700083999428898,1.7400167998857795e-06,0.0044464579987106845,1.7785831994842739e-06,3156,1.2624,4,0.2,451,2049,0.4516635916254486,49,500,2.305843009213694e+18,"[[418983635330710152, 499844581152741729], [2091481658804620576, 676363097439722673], [1853845312400714918, 63921434307813850]]"
fixed,near_duplicate,5000,2500,2.0,1,20,0.003455207999650156,6.910415999300312e-07,0.0016917499997362029,6.766999998944811e-07,2500,1.0,1,0.2,500,2000,0.4,0,500,,
universal,near_duplicate,5000,2500,2.0,3,20,0.008807625003100839,1.7615250006201677e-06,0.0044531669991556555,1.7812667996622622e-06,3073,1.2292,3,0.2,443,2057,0.4578209256903839,57,500,2.305843009213694e+18,"[[1326467972949138173, 150235521510768009], [1878749678761878296, 2057856258604839518], [714528426559143356, 1546845777023972402]]"
fixed,near_duplicate,5000,2500,2.0,1,21,0.003457457998592872,6.914915997185745e-07,0.0017290830001002178,6.916332000400871e-07,2500,1.0,1,0.2,500,2000,0.4,0,500,,
universal,near_duplicate,5000,2500,2.0,3,21,0.00893641700167791,1.787283400335582e-06,0.004422457997861784,1.7689831991447135e-06,3151,1.2604,4,0.2,451,2049,0.4516635916254486,49,500,2.305843009213694e+18,"[[1024322815512585445, 2145571529822921201], [583220317473756343, 1521440433806999588], [891688296819238137, 181082232511610579]]"
fixed,near_duplicate,5000,2500,2.0,1,22,0.003484832999674836,6.969665999349673e-07,0.0016689160001988057,6.675664000795223e-07,2500,1.0,1,0.2,500,2000,0.4,0,500,,
universal,near_duplicate,5000,2500,2.0,3,22,0.00884175000101095,1.7683500002021901e-06,0.004531375001533888,1.8125500006135552e-06,3839,1.5356,4,0.2,422,2078,0.48249352327259276,78,500,2.305843009213694e+18,"[[287886780813115929, 1413457234261051687], [1236295213923302512, 1583790892526252416], [469264712334336849, 619461346342472605]]"
fixed,near_duplicate,5000,2500,2.0,1,23,0.003440874999796506,6.881749999593012e-07,0.001674125000135973,6.696500000543893e-07,2500,1.0,1,0.2,500,2000,0.4,0,500,,
universal,near_duplicate,5000,2500,2.0,3,23,0.009019875000376487,1.8039750000752974e-06,0.004387000000861008,1.754800000344403e-06,3007,1.2028,3,0.2,460,2040,0.44,40,500,2.305843009213694e+18,"[[666030003530279332, 1185754838603315180], [507164280403988863, 1057119984642882112], [1021713661893975990, 2137083730657759889]]"
fixed,near_duplicate,5000,2500,2.0,1,24,0.00347900000269874,6.95800000539748e-07,0.0017078329983633012,6.831331993453204e-07,2500,1.0,1,0.2,500,2000,0.4,0,500,,
universal,near_duplicate,5000,2500,2.0,3,24,0.008855915999447461,1.7711831998894922e-06,0.004474417000892572,1.7897668003570289e-06,2966,1.1864,2,0.2,477,2023,0.4223742416388575,23,500,2.305843009213694e+18,"[[719391770955253926, 2130106160647316609], [1814591772010625413, 678012837864961736], [2256121436648175771, 1806161501175307684]]"
fixed,near_duplicate,5000,2500,2.0,1,25,0.003444541998760542,6.889083997521084e-07,0.001686750001681503,6.747000006726012e-07,2500,1.0,1,0.2,500,2000,0.4,0,500,,
universal,near_duplicate,5000,2500,2.0,3,25,0.008821125000395114,1.7642250000790227e-06,0.004389124998851912,1.7556499995407649e-06,3030,1.212,2,0.2,462,2038,0.4363484845854286,38,500,2.305843009213694e+18,"[[267692963849940753, 941673545738002381], [1078297968137412989, 615313745506248579], [1375102846946731697, 1124764272089465404]]"
fixed,near_duplicate,5000,2500,2.0,1,26,0.003437667000980582,6.875334001961164e-07,0.0017215830011991784,6.886332004796714e-07,2500,1.0,1,0.2,500,2000,0.4,0,500,,
universal,near_duplicate,5000,2500,2.0,3,26,0.008966167002654402,1.7932334005308803e-06,0.00443733299835003,1.774933199340012e-06,3065,1.226,3,0.2,454,2046,0.44631827208842795,46,500,2.305843009213694e+18,"[[1075367493781816306, 1590101887495472611], [1902892487837865007, 1154722482783782897], [1398969667391390162, 561164263128564704]]"
fixed,near_duplicate,5000,2500,2.0,1,27,0.0034577080004964955,6.915416000992991e-07,0.001694791000772966,6.779164003091864e-07,2500,1.0,1,0.2,500,2000,0.4,0,500,,
universal,near_duplicate,5000,2500,2.0,3,27,0.009022915997775272,1.8045831995550543e-06,0.004467167000257177,1.786866800102871e-06,3164,1.2656,3,0.2,441,2059,0.4578209256903839,59,500,2.305843009213694e+18,"[[86018572855962195, 1847883699258444581], [153743650771889609, 794633789185287595], [2121092647333014343, 2013162642849706046]]"
fixed,near_duplicate,5000,2500,2.0,1,28,0.003491583000140963,6.983166000281927e-07,0.0017035839991876855,6.814335996750742e-07,2500,1.0,1,0.2,500,2000,0.4,0,500,,
universal,near_duplicate,5000,2500,2.0,3,28,0.008959374998084968,1.7918749996169936e-06,0.004414833001646912,1.7659332006587647e-06,3056,1.2224,3,0.2,469,2031,0.4317406628984581,31,500,2.305843009213694e+18,"[[273089160051860230, 1621121173616640907], [1037773347474994553, 742865219208374151], [246540013351488701, 1890370731478794172]]"
fixed,near_duplicate,5000,2500,2.0,1,29,0.0034824579997803085,6.964915999560617e-07,0.0017057920013030525,6.823168005212211e-07,2500,1.0,1,0.2,500,2000,0.4,0,500,,
universal,near_duplicate,5000,2500,2.0,3,29,0.008992291997856228,1.7984583995712456e-06,0.0044352080003591254,1.7740832001436501e-06,3069,1.2276,2,0.2,474,2026,0.425205832509386,26,500,2.305843009213694e+18,"[[1172432318357405658, 1841538480035479711], [610889197299678937, 356910957590253921], [1744744512350649053, 459482189801702091]]"
fixed,uniform,10000,20000,0.5,1,0,0.012588792000315152,1.2588792000315152e-06,0.003511499999149237,7.022999998298473e-07,5956,1.1912,4,0.47515,7845,12155,0.655730491513091,1658,9503,,
universal,uniform,10000,20000,0.5,3,0,0.024260124999273103,2.4260124999273104e-06,0.00892112500150688,1.784225000301376e-06,8642,1.7284,5,0.47515,7499,12501,0.6910734241019546,2004,9503,2.305843009213694e+18,"[[256711980439665054, 1709899044117486289], [564682175042572888, 321752549611034334], [236337776990707882, 1707863537360842093]]"
fixed,uniform,10000,20000,0.5,1,1,0.01257604199781781,1.257604199781781e-06,0.00337608300105785,6.752166002115701e-07,5991,1.1982,5,0.476,7854,12146,0.6582734993906408,1666,9520,,
universal,uniform,10000,20000,0.5,3,1,0.023999541997909546,2.3999541997909546e-06,0.00888633300201036,1.777266600402072e-06,9578,1.9156,6,0.476,7223,12777,0.7289197486692208,2297,9520,2.305843009213694e+18,"[[659665203979258006, 1758630025113616856], [2212240429613108902, 852878681887507335], [1610489816920689347, 222016741360720591]]"
fixed,uniform,10000,20000,0.5,1,2,0.01293620800061035,1.293620800061035e-06,0.003626790999987861,7.253581999975723e-07,6023,1.2046,5,0.4769,7896,12104,0.6565564636800097,1642,9538,,
universal,uniform,10000,20000,0.5,3,2,0.0244307499997376,2.44307499997376e-06,0.008880417000909802,1.7760834001819604e-06,8297,1.6594,4,0.4769,7648,12352,0.6813709635727075,1890,9538,2.305843009213694e+18,"[[1199085610155232937, 1617812241682181496], [268989063807004320, 875226211544593835], [667698580330647039, 518091674429352682]]"
fixed,uniform,10000,20000,0.5,1,3,0.012496708000981016,1.2496708000981017e-06,0.0037321249983506277,7.464249996701256e-07,5949,1.1898,4,0.4734,7823,12177,0.6561954282071767,1645,9468,,
universal,uniform,10000,20000,0.5,3,3,0.024715249997825595,2.4715249997825595e-06,0.008899666998331668,1.7799333996663335e-06,8528,1.7056,4,0.4734,7497,12503,0.6931756198828692,1971,9468,2.305843009213694e+18,"[[963130306873368709, 594124941275654819], [699113413627218811, 49790444920847614], [1116618126344352917, 264798812748597129]]"
fixed,uniform,10000,20000,0.5,1,4,0.01296679200095241,1.296679200095241e-06,0.003506124998239102,7.012249996478203e-07,5973,1.1946,4,0.47565,7833,12167,0.6584125435469771,1680,9513,,
universal,uniform,10000,20000,0.5,3,4,0.024025375001656357,2.4025375001656355e-06,0.009013749997393461,1.8027499994786921e-06,8849,1.7698,5,0.47565,7467,12533,0.7002193067175455,2046,9513,2.305843009213694e+18,"[[176127807941085543, 92145436972157049], [1353304280071655414, 2046636642761636536], [1463118878522575776, 350413271360474182]]"
fixed,uniform,10000,20000,0.5,1,5,0.012676665999606485,1.2676665999606485e-06,0.003585124999517575,7.170249999035149e-07,5924,1.1848,4,0.4749,7830,12170,0.6589916463810448,1668,9498,,
universal,uniform,10000,20000,0.5,3,5,0.024034292000578716,2.4034292000578716e-06,0.008761582997976802,1.7523165995953605e-06,8260,1.652,6,0.4749,7610,12390,0.6829860833135621,1888,9498,2.305843009213694e+18,"[[144173240364996770, 1276607102766329742], [1316153465216681486, 593588258721341972], [891339916669062610, 1419387771326649839]]"
fixed,uniform,10000,20000,0.5,1,6,0.012509457999840379,1.250945799984038e-06,0.003705916002218146,7.411832004436292e-07,5981,1.1962,4,0.47435,7793,12207,0.6606376294913877,1694,9487,,
universal,uniform,10000,20000,0.5,3,6,0.02416799999991781,2.416799999991781e-06,0.008808333997876616,1.7616667995753232e-06,8391,1.6782,4,0.47435,7640,12360,0.6774526385659738,1847,9487,2.305843009213694e+18,"[[727386515324539458, 1284136067485901726], [1233138577490571038, 1828907452299493987], [1165171476919621068, 1646066583754636611]]"
fixed,uniform,10000,20000,0.5,1,7,0.01268141599939554,1.268141599939554e-06,0.0037767499998153653,7.553499999630731e-07,5966,1.1932,4,0.47495,7885,12115,0.65304861802166,1614,9499,,
universal,uniform,10000,20000,0.5,3,7,0.02398804099721019,2.398804099721019e-06,0.009327292002126342,1.8654584004252684e-06,8478,1.6956,5,0.47495,7542,12458,0.6930890978077783,1957,9499,2.305843009213694e+18,"[[793970665397899006, 2152094108188559335], [745929175751854539, 1278256298576207987], [1862522474300937406, 1567653588555493210]]"
fixed,uniform,10000,20000,0.5,1,8,0.01255233299889369,1.255233299889369e-06,0.003677125001559034,7.354250003118068e-07,6031,1.2062,4,0.4756,7781,12219,0.6637805661511943,1731,9512,,
universal,uniform,10000,20000,0.5,3,8,0.024184500001865672,2.418450000186567e-06,0.0089348749970668,1.78697499941336e-06,8465,1.693,4,0.4756,7641,12359,0.6799298787375063,1871,9512,2.305843009213694e+18,"[[1973099216186019426, 839551891445904909], [2054075847285760178, 1596895736779450158], [1768356806526079850, 761040643918656312]]"
fixed,uniform,10000,20000,0.5,1,9,0.013087957999232458,1.3087957999232458e-06,0.0037960000008752104,7.592000001750421e-07,5976,1.1952,4,0.47575,7836,12164,0.6568956823575567,1679,9515,,
universal,uniform,10000,20000,0.5,3,9,0.02501079200010281,2.501079200010281e-06,0.009308041000622325,1.861608200124465e-06,8383,1.6766,5,0.47575,7646,12354,0.6829435829554298,1869,9515,2.305843009213694e+18,"[[1933427113282973200, 1273492775044695229], [567420718719220919, 2291110579130834537], [1919842552580472723, 589921478534064354]]"
fixed,uniform,10000,20000,0.5,1,10,0.012702750002063112,1.2702750002063113e-06,0.0036962500016670674,7.392500003334135e-07,5915,1.183,4,0.4743,7853,12147,0.6557739778307767,1633,9486,,
universal,uniform,10000,20000,0.5,3,10,0.024512542000593385,2.4512542000593385e-06,0.00919758300005924,1.8395166000118479e-06,8360,1.672,4,0.4743,7602,12398,0.6851565587513557,1884,9486,2.305843009213694e+18,"[[618696799174358726, 2029214271970554437], [1181946042011416434, 1971785935387254006], [855518877651879508, 78523067754061221]]"
fixed,uniform,10000,20000,0.5,1,11,0.012603541003045393,1.2603541003045392e-06,0.003369875001226319,6.739750002452638e-07,5992,1.1984,4,0.475,7814,12186,0.6595263451902433,1686,9500,,
universal,uniform,10000,20000,0.5,3,11,0.023842792001232738,2.384279200123274e-06,0.008740583998587681,1.7481167997175361e-06,8501,1.7002,5,0.475,7599,12401,0.6856930800292504,1901,9500,2.305843009213694e+18,"[[1967359095987829717, 498185230560009946], [1157680175712590001, 1113020793331031894], [1655376568515428791, 831730782862272696]]"
fixed,uniform,10000,20000,0.5,1,12,0.01271075000113342,1.271075000113342e-06,0.003630874998634681,7.261749997269362e-07,5909,1.1818,4,0.47515,7917,12083,0.6496787494600696,1586,9503,,
universal,uniform,10000,20000,0.5,3,12,0.024299042001075577,2.4299042001075577e-06,0.008747791998757748,1.7495583997515496e-06,8564,1.7128,5,0.47515,7620,12380,0.6840193546238293,1883,9503,2.305843009213694e+18,"[[2258536001366688123, 1012121370449003109], [686970057059376321, 2051824648104402063], [1124175962628406669, 504983195232581899]]"
fixed,uniform,10000,20000,0.5,1,13,0.012524416997621302,1.2524416997621302e-06,0.003682541002490325,7.36508200498065e-07,5921,1.1842,4,0.4766,7901,12099,0.6541807395513873,1631,9532,,
universal,uniform,10000,20000,0.5,3,13,0.024147084001015173,2.4147084001015172e-06,0.008702625000296393,1.7405250000592787e-06,8383,1.6766,5,0.4766,7657,12343,0.6829000219651483,1875,9532,2.305843009213694e+18,"[[2277903568736387890, 452514279465990313], [2303280692498563247, 697951185415921787], [183691764838410618, 423743168849403417]]"
fixed,uniform,10000,20000,0.5,1,14,0.01255825000043842,1.255825000043842e-06,0.003659665999293793,7.319331998587586e-07,5902,1.1804,4,0.4748,7869,12131,0.6550305031065348,1627,9496,,
universal,uniform,10000,20000,0.5,3,14,0.024267249998956686,2.4267249998956685e-06,0.009104125001613284,1.8208250003226567e-06,8393,1.6786,4,0.4748,7660,12340,0.6756219060983739,1836,9496,2.305843009213694e+18,"[[1956076132499880650, 26508845497723367], [1505952038662606745, 694384076709536977], [1251442079079685814, 2146666122401106131]]"
fixed,uniform,10000,20000,0.5,1,15,0.012662040997383883,1.2662040997383883e-06,0.003355082997586578,6.710165995173156e-07,5978,1.1956,5,0.47755,7874,12126,0.6596938665017282,1677,9551,,
universal,uniform,10000,20000,0.5,3,15,0.023733500001981156,2.3733500001981154e-06,0.009090540999750374,1.8181081999500747e-06,8375,1.675,5,0.47755,7690,12310,0.6791877483435637,1861,9551,2.305843009213694e+18,"[[847978861133403702, 1395714462194184430], [518482636670340538, 740682746084312398], [1100716632290196263, 2269261073193213249]]"
fixed,uniform,10000,20000,0.5,1,16,0.013047333002759842,1.3047333002759842e-06,0.003789499998674728,7.578999997349456e-07,5907,1.1814,4,0.47485,7862,12138,0.6548797427772522,1635,9497,,
universal,uniform,10000,20000,0.5,3,16,0.02531658400039305,2.531658400039305e-06,0.008973208001407329,1.7946416002814657e-06,8383,1.6766,4,0.47485,7608,12392,0.6811515818817424,1889,9497,2.305843009213694e+18,"[[454612962106966139, 1702438209959121919], [2265420330264173236, 463866247378689703], [443667755326800348, 934787930118675060]]"
fixed,uniform,10000,20000,0.5,1,17,0.012787542000296526,1.2787542000296525e-06,0.007030999997368781,1.4061999994737562e-06,5904,1.1808,4,0.47735,7915,12085,0.6542835604690065,1632,9547,,
universal,uniform,10000,20000,0.5,3,17,0.024543666000681696,2.4543666000681698e-06,0.012577207999129314,2.515441599825863e-06,8327,1.6654,4,0.47735,7692,12308,0.6800639510369595,1855,9547,2.305843009213694e+18,"[[195095767942445094, 1500048066919629750], [1059562453095694534, 313986444720046481], [691564608163384468, 53651072377497930]]"
fixed,uniform,10000,20000,0.5,1,18,0.029719833000854123,2.9719833000854123e-06,0.00476195800001733,9.523916000034661e-07,5882,1.1764,5,0.4744,7887,12113,0.651187100609341,1601,9488,,
universal,uniform,10000,20000,0.5,3,18,0.028891750000184402,2.88917500001844e-06,0.010494999998627463,2.098999999725493e-06,8338,1.6676,5,0.4744,7616,12384,0.6801798585668353,1872,9488,2.305843009213694e+18,"[[653524007492807808, 355415340864572460], [529539352426941228, 1114891161808553618], [2041277660056489008, 2248875904457507991]]"
fixed,uniform,10000,20000,0.5,1,19,0.013197290998505196,1.3197290998505196e-06,0.00444699999934528,8.89399999869056e-07,5923,1.1846,4,0.4758,7903,12097,0.652697755473389,1613,9516,,
universal,uniform,10000,20000,0.5,3,19,0.025486750000709435,2.5486750000709435e-06,0.009874834002403077,1.9749668004806154e-06,8494,1.6988,5,0.4758,7566,12434,0.6889951814055015,1950,9516,2.305843009213694e+18,"[[418983635330710152, 499844581152741729], [2091481658804620576, 676363097439722673], [1853845312400714918, 63921434307813850]]"
fixed,uniform,10000,20000,0.5,1,20,0.012813291999918874,1.2813291999918875e-06,0.0038210000020626467,7.642000004125293e-07,5989,1.1978,4,0.4744,7839,12161,0.6571488720221621,1649,9488,,
universal,uniform,10000,20000,0.5,3,20,0.024637540998810437,2.4637540998810435e-06,0.009268915997381555,1.853783199476311e-06,8316,1.6632,4,0.4744,7618,12382,0.6783396199544885,1870,9488,2.305843009213694e+18,"[[1326467972949138173, 150235521510768009], [1878749678761878296, 2057856258604839518], [714528426559143356, 1546845777023972402]]"
fixed,uniform,10000,20000,0.5,1,21,0.012985083001694875,1.2985083001694875e-06,0.003622250002081273,7.244500004162547e-07,5915,1.183,4,0.47495,7836,12164,0.6583103352523033,1663,9499,,
universal,uniform,10000,20000,0.5,3,21,0.024291917001391994,2.429191700139199e-06,0.009108292000746587,1.8216584001493174e-06,8223,1.6446,5,0.47495,7696,12304,0.6748129351901904,1803,9499,2.305843009213694e+18,"[[1024322815512585445, 2145571529822921201], [583220317473756343, 1521440433806999588], [891688296819238137, 181082232511610579]]"
fixed,uniform,10000,20000,0.5,1,22,0.012841709001804702,1.2841709001804701e-06,0.003769291000935482,7.538582001870963e-07,5914,1.1828,4,0.47555,7881,12119,0.6545244055801128,1630,9511,,
universal,uniform,10000,20000,0.5,3,22,0.025009124998177867,2.5009124998177868e-06,0.00932295900202007,1.864591800404014e-06,8663,1.7326,5,0.47555,7558,12442,0.6885507951487675,1953,9511,2.305843009213694e+18,"[[287886780813115929, 1413457234261051687], [1236295213923302512, 1583790892526252416], [469264712334336849, 619461346342472605]]"
fixed,uniform,10000,20000,0.5,1,23,0.012517625000327826,1.2517625000327827e-06,0.003699708999192808,7.399417998385616e-07,5934,1.1868,4,0.47665,7877,12123,0.6558618585494966,1656,9533,,
universal,uniform,10000,20000,0.5,3,23,0.024439082997560035,2.4439082997560037e-06,0.008980333001090912,1.7960666002181824e-06,9572,1.9144,6,0.47665,7373,12627,0.7188565764462338,2160,9533,2.305843009213694e+18,"[[666030003530279332, 1185754838603315180], [507164280403988863, 1057119984642882112], [1021713661893975990, 2137083730657759889]]"
fixed,uniform,10000,20000,0.5,1,24,0.013046875003055902,1.3046875003055902e-06,0.00363679099973524,7.27358199947048e-07,5953,1.1906,4,0.47695,7917,12083,0.6529691397761459,1622,9539,,
universal,uniform,10000,20000,0.5,3,24,0.024678583002241794,2.4678583002241796e-06,0.008971582999947714,1.7943165999895427e-06,8529,1.7058,5,0.47695,7646,12354,0.6834242441558538,1893,9539,2.305843009213694e+18,"[[719391770955253926, 2130106160647316609], [1814591772010625413, 678012837864961736], [2256121436648175771, 1806161501175307684]]"
fixed,uniform,10000,20000,0.5,1,25,0.012563832999148872,1.256383299914887e-06,0.0035385410010349005,7.077082002069801e-07,6005,1.201,4,0.47435,7814,12186,0.658135303338151,1673,9487,,
universal,uniform,10000,20000,0.5,3,25,0.02401174999977229,2.401174999977229e-06,0.009034707996761426,1.8069415993522853e-06,8439,1.6878,5,0.47435,7544,12456,0.6941484549431771,1943,9487,2.305843009213694e+18,"[[267692963849940753, 941673545738002381], [1078297968137412989, 615313745506248579], [1375102846946731697, 1124764272089465404]]"
fixed,uniform,10000,20000,0.5,1,26,0.0124614170017594,1.24614170017594e-06,0.003600749998440733,7.201499996881466e-07,5960,1.192,4,0.4754,7876,12124,0.6549769766946011,1632,9508,,
universal,uniform,10000,20000,0.5,3,26,0.024062208998657297,2.4062208998657295e-06,0.009167542000795947,1.8335084001591896e-06,8425,1.685,5,0.4754,7618,12382,0.6828578475788354,1890,9508,2.305843009213694e+18,"[[1075367493781816306, 1590101887495472611], [1902892487837865007, 1154722482783782897], [1398969667391390162, 561164263128564704]]"
fixed,uniform,10000,20000,0.5,1,27,0.012615249997907085,1.2615249997907085e-06,0.0034059999998135027,6.811999999627005e-07,5963,1.1926,4,0.4767,7868,12132,0.6581467237630223,1666,9534,,
universal,uniform,10000,20000,0.5,3,27,0.0242486250026559,2.42486250026559e-06,0.00892583400127478,1.785166800254956e-06,9846,1.9692,5,0.4767,7359,12641,0.7169777611613906,2175,9534,2.305843009213694e+18,"[[86018572855962195, 1847883699258444581], [153743650771889609, 794633789185287595], [2121092647333014343, 2013162642849706046]]"
fixed,uniform,10000,20000,0.5,1,28,0.012826834001316456,1.2826834001316456e-06,0.003537541000696365,7.07508200139273e-07,5944,1.1888,5,0.4759,7873,12127,0.6554534232117489,1645,9518,,
universal,uniform,10000,20000,0.5,3,28,0.024251500002719695,2.4251500002719696e-06,0.008720542002265574,1.744108400453115e-06,8292,1.6584,5,0.4759,7691,12309,0.6763277238144242,1827,9518,2.305843009213694e+18,"[[273089160051860230, 1621121173616640907], [1037773347474994553, 742865219208374151], [246540013351488701, 1890370731478794172]]"
fixed,uniform,10000,20000,0.5,1,29,0.012471292000554968,1.2471292000554967e-06,0.0033392079967597965,6.678415993519593e-07,5884,1.1768,5,0.47455,7869,12131,0.6524203380490219,1622,9491,,
universal,uniform,10000,20000,0.5,3,29,0.024128959001245676,2.4128959001245674e-06,0.009190583001327468,1.8381166002654937e-06,8363,1.6726,5,0.47455,7679,12321,0.6745756425338821,1812,9491,2.305843009213694e+18,"[[1172432318357405658, 1841538480035479711], [610889197299678937, 356910957590253921], [1744744512350649053, 459482189801702091]]"
fixed,sorted,10000,20000,0.5,1,0,0.012770707999152364,1.2770707999152363e-06,0.0036019580002175644,7.203916000435129e-07,5000,1.0,1,0.5,10000,10000,0.5,0,10000,,
universal,sorted,10000,20000,0.5,3,0,0.025068917002499802,2.5068917002499802e-06,0.008951749998232117,1.7903499996464234e-06,8285,1.657,4,0.5,8120,11880,0.6802205524680948,1880,10000,2.305843009213694e+18,"[[256711980439665054, 1709899044117486289], [564682175042572888, 321752549611034334], [236337776990707882, 1707863537360842093]]"
fixed,sorted,10000,20000,0.5,1,1,0.01308779200189747,1.3087792001897468e-06,0.0034980839991476387,6.996167998295277e-07,5000,1.0,1,0.5,10000,10000,0.5,0,10000,,
universal,sorted,10000,20000,0.5,3,1,0.02462549999836483,2.462549999836483e-06,0.009334124999440974,1.8668249998881947e-06,9005,1.801,4,0.5,7899,12101,0.7014271166700072,2101,10000,2.305843009213694e+18,"[[659665203979258006, 1758630025113616856], [2212240429613108902, 852878681887507335], [1610489816920689347, 222016741360720591]]"
fixed,sorted,10000,20000,0.5,1,2,0.013039209003181895,1.3039209003181895e-06,0.003365915999893332,6.731831999786664e-07,5000,1.0,1,0.5,10000,10000,0.5,0,10000,,
universal,sorted,10000,20000,0.5,3,2,0.024167957999452483,2.416795799945248e-06,0.008902083998691523,1.7804167997383046e-06,7945,1.589,4,0.5,8283,11717,0.6607571414672716,1717,10000,2.305843009213694e+18,"[[1199085610155232937, 1617812241682181496], [268989063807004320, 875226211544593835], [667698580330647039, 518091674429352682]]"
fixed,sorted,10000,20000,0.5,1,3,0.012952375000168104,1.2952375000168104e-06,0.003539708002790576,7.079416005581151e-07,5000,1.0,1,0.5,10000,10000,0.5,0,10000,,
universal,sorted,10000,20000,0.5,3,3,0.0248444169992581,2.48444169992581e-06,0.009047332998306956,1.8094665996613911e-06,13156,2.6312,9,0.5,6729,13271,0.9097252332435327,3271,10000,2.305843009213694e+18,"[[963130306873368709, 594124941275654819], [699113413627218811, 49790444920847614], [1116618126344352917, 264798812748597129]]"
fixed,sorted,10000,20000,0.5,1,4,0.013013916002819315,1.3013916002819315e-06,0.0033273340013693087,6.654668002738617e-07,5000,1.0,1,0.5,10000,10000,0.5,0,10000,,
universal,sorted,10000,20000,0.5,3,4,0.024516249999578577,2.4516249999578576e-06,0.009035375001985813,1.8070750003971625e-06,8771,1.7542,4,0.5,7956,12044,0.6948381106416084,2044,10000,2.305843009213694e+18,"[[176127807941085543, 92145436972157049], [1353304280071655414, 2046636642761636536], [1463118878522575776, 350413271360474182]]"
fixed,sorted,10000,20000,0.5,1,5,0.012902333997772075,1.2902333997772074e-06,0.0034994160014321096,6.99883200286422e-07,5000,1.0,1,0.5,10000,10000,0.5,0,10000,,
universal,sorted,10000,20000,0.5,3,5,0.024354416997084627,2.4354416997084628e-06,0.009418625002581393,1.8837250005162788e-06,7569,1.5138,4,0.5,8321,11679,0.6570388116390081,1679,10000,2.305843009213694e+18,"[[144173240364996770, 1276607102766329742], [1316153465216681486, 593588258721341972], [891339916669062610, 1419387771326649839]]"
fixed,sorted,10000,20000,0.5,1,6,0.012892042002931703,1.2892042002931702e-06,0.0034107079991372302,6.821415998274461e-07,5000,1.0,1,0.5,10000,10000,0.5,0,10000,,
universal,sorted,10000,20000,0.5,3,6,0.024304833001224324,2.4304833001224325e-06,0.008599459000834031,1.7198918001668061e-06,7533,1.5066,3,0.5,8425,11575,0.6469930447848725,1575,10000,2.305843009213694e+18,"[[727386515324539458, 1284136067485901726], [1233138577490571038, 1828907452299493987], [1165171476919621068, 1646066583754636611]]"
fixed,sorted,10000,20000,0.5,1,7,0.013094707999698585,1.3094707999698584e-06,0.003475375000562053,6.950750001124107e-07,5000,1.0,1,0.5,10000,10000,0.5,0,10000,,
universal,sorted,10000,20000,0.5,3,7,0.024857417000021087,2.4857417000021085e-06,0.008826624998619081,1.7653249997238163e-06,8460,1.692,5,0.5,8131,11869,0.6772001181334806,1869,10000,2.305843009213694e+18,"[[793970665397899006, 2152094108188559335], [745929175751854539, 1278256298576207987], [1862522474300937406, 1567653588555493210]]"
fixed,sorted,10000,20000,0.5,1,8,0.013002250001591165,1.3002250001591165e-06,0.0033871250016090926,6.774250003218185e-07,5000,1.0,1,0.5,10000,10000,0.5,0,10000,,
universal,sorted,10000,20000,0.5,3,8,0.024252624996734085,2.4252624996734085e-06,0.009024082999530947,1.8048165999061893e-06,7575,1.515,3,0.5,8462,11538,0.642339474110069,1538,10000,2.305843009213694e+18,"[[1973099216186019426, 839551891445904909], [2054075847285760178, 1596895736779450158], [1768356806526079850, 761040643918656312]]"
fixed,sorted,10000,20000,0.5,1,9,0.012877541001216741,1.287754100121674e-06,0.003448082999966573,6.896165999933146e-07,5000,1.0,1,0.5,10000,10000,0.5,0,10000,,
universal,sorted,10000,20000,0.5,3,9,0.024555541000154335,2.4555541000154336e-06,0.009322750000137603,1.8645500000275205e-06,10574,2.1148,5,0.5,7719,12281,0.7335529974037323,2281,10000,2.305843009213694e+18,"[[1933427113282973200, 1273492775044695229], [567420718719220919, 2291110579130834537], [1919842552580472723, 589921478534064354]]"
fixed,sorted,10000,20000,0.5,1,10,0.012945082999067381,1.2945082999067382e-06,0.003536084001098061,7.072168002196122e-07,5000,1.0,1,0.5,10000,10000,0.5,0,10000,,
universal,sorted,10000,20000,0.5,3,10,0.025013291000504978,2.5013291000504978e-06,0.008930333002354018,1.7860666004708037e-06,7479,1.4958,3,0.5,8473,11527,0.6408587988004846,1527,10000,2.305843009213694e+18,"[[618696799174358726, 2029214271970554437], [1181946042011416434, 1971785935387254006], [855518877651879508, 78523067754061221]]"
fixed,sorted,10000,20000,0.5,1,11,0.012874583000666462,1.2874583000666461e-06,0.003521708000334911,7.043416000669822e-07,5000,1.0,1,0.5,10000,10000,0.5,0,10000,,
universal,sorted,10000,20000,0.5,3,11,0.024373457999899983,2.4373457999899983e-06,0.009246833000361221,1.8493666000722443e-06,8582,1.7164,4,0.5,8004,11996,0.6899275324264136,1996,10000,2.305843009213694e+18,"[[1967359095987829717, 498185230560009946], [1157680175712590001, 1113020793331031894], [1655376568515428791, 831730782862272696]]"
fixed,sorted,10000,20000,0.5,1,12,0.012850209001044277,1.2850209001044277e-06,0.003250499998102896,6.500999996205791e-07,5000,1.0,1,0.5,10000,10000,0.5,0,10000,,
universal,sorted,10000,20000,0.5,3,12,0.024052749999100342,2.405274999910034e-06,0.00870375000158674,1.7407500003173481e-06,7973,1.5946,4,0.5,8199,11801,0.6695520890864279,1801,10000,2.305843009213694e+18,"[[2258536001366688123, 1012121370449003109], [686970057059376321, 2051824648104402063], [1124175962628406669, 504983195232581899]]"
fixed,sorted,10000,20000,0.5,1,13,0.012925374998303596,1.2925374998303596e-06,0.0033759159996407107,6.751831999281421e-07,5000,1.0,1,0.5,10000,10000,0.5,0,10000,,
universal,sorted,10000,20000,0.5,3,13,0.02436558399858768,2.4365583998587682e-06,0.008870458997989772,1.7740917995979543e-06,7920,1.584,4,0.5,8039,11961,0.6870953354520754,1961,10000,2.305843009213694e+18,"[[2277903568736387890, 452514279465990313], [2303280692498563247, 697951185415921787], [183691764838410618, 423743168849403417]]"
fixed,sorted,10000,20000,0.5,1,14,0.012967999999091262,1.2967999999091263e-06,0.003305750000436092,6.611500000872184e-07,5000,1.0,1,0.5,10000,10000,0.5,0,10000,,
universal,sorted,10000,20000,0.5,3,14,0.024164208000001963,2.4164208000001964e-06,0.009278249999624677,1.8556499999249355e-06,7756,1.5512,3,0.5,8309,11691,0.655972560401729,1691,10000,2.305843009213694e+18,"[[1956076132499880650, 26508845497723367], [1505952038662606745, 694384076709536977], [1251442079079685814, 2146666122401106131]]"
fixed,sorted,10000,20000,0.5,1,15,0.012958624996826984,1.2958624996826984e-06,0.0033585839992156252,6.717167998431251e-07,5000,1.0,1,0.5,10000,10000,0.5,0,10000,,
universal,sorted,10000,20000,0.5,3,15,0.024317125000379747,2.4317125000379746e-06,0.00877924999804236,1.755849999608472e-06,8033,1.6066,4,0.5,8278,11722,0.6615134163416491,1722,10000,2.305843009213694e+18,"[[847978861133403702, 1395714462194184430], [518482636670340538, 740682746084312398], [1100716632290196263, 2269261073193213249]]"
fixed,sorted,10000,20000,0.5,1,16,0.012955416001204867,1.2955416001204867e-06,0.0034380409997538663,6.876081999507733e-07,5000,1.0,1,0.5,10000,10000,0.5,0,10000,,
universal,sorted,10000,20000,0.5,3,16,0.02476020800168044,2.476020800168044e-06,0.008909874999517342,1.7819749999034685e-06,8498,1.6996,5,0.5,7807,12193,0.712320152740325,2193,10000,2.305843009213694e+18,"[[454612962106966139, 1702438209959121919], [2265420330264173236, 463866247378689703], [443667755326800348, 934787930118675060]]"
fixed,sorted,10000,20000,0.5,1,17,0.012955916998180328,1.2955916998180329e-06,0.003603082997869933,7.206165995739866e-07,5000,1.0,1,0.5,10000,10000,0.5,0,10000,,
universal,sorted,10000,20000,0.5,3,17,0.024967790999653516,2.4967790999653517e-06,0.009399875001690816,1.8799750003381632e-06,9259,1.8518,5,0.5,7711,12289,0.7224264668462805,2289,10000,2.305843009213694e+18,"[[195095767942445094, 1500048066919629750], [1059562453095694534, 313986444720046481], [691564608163384468, 53651072377497930]]"
fixed,sorted,10000,20000,0.5,1,18,0.013047332999121863,1.3047332999121863e-06,0.0034037920013361145,6.807584002672229e-07,5000,1.0,1,0.5,10000,10000,0.5,0,10000,,
universal,sorted,10000,20000,0.5,3,18,0.024572541002271464,2.4572541002271464e-06,0.00883520799834514,1.7670415996690281e-06,7955,1.591,5,0.5,7829,12171,0.714072825417688,2171,10000,2.305843009213694e+18,"[[653524007492807808, 355415340864572460], [529539352426941228, 1114891161808553618], [2041277660056489008, 2248875904457507991]]"
fixed,sorted,10000,20000,0.5,1,19,0.012888458000816172,1.2888458000816173e-06,0.0032862919979379512,6.572583995875903e-07,5000,1.0,1,0.5,10000,10000,0.5,0,10000,,
universal,sorted,10000,20000,0.5,3,19,0.024294333001307677,2.4294333001307676e-06,0.008673042000737041,1.7346084001474082e-06,7524,1.5048,3,0.5,8448,11552,0.6438167441127949,1552,10000,2.305843009213694e+18,"[[418983635330710152, 499844581152741729], [2091481658804620576, 676363097439722673], [1853845312400714918, 63921434307813850]]"
fixed,sorted,10000,20000,0.5,1,20,0.012908958000480197,1.2908958000480198e-06,0.003304416997707449,6.608833995414898e-07,5000,1.0,1,0.5,10000,10000,0.5,0,10000,,
universal,sorted,10000,20000,0.5,3,20,0.024337458999070805,2.4337458999070806e-06,0.009022417001688154,1.804483400337631e-06,7435,1.487,3,0.5,8359,11641,0.6513831437794503,1641,10000,2.305843009213694e+18,"[[1326467972949138173, 150235521510768009], [1878749678761878296, 2057856258604839518], [714528426559143356, 1546845777023972402]]"
fixed,sorted,10000,20000,0.5,1,21,0.012955417001649039,1.295541700164904e-06,0.003312708002340514,6.625416004681028e-07,5000,1.0,1,0.5,10000,10000,0.5,0,10000,,
universal,sorted,10000,20000,0.5,3,21,0.02429837499948917,2.429837499948917e-06,0.008677166999405017,1.7354333998810035e-06,7665,1.533,3,0.5,8385,11615,0.6505382386916237,1615,10000,2.305843009213694e+18,"[[1024322815512585445, 2145571529822921201], [583220317473756343, 1521440433806999588], [891688296819238137, 181082232511610579]]"
fixed,sorted,10000,20000,0.5,1,22,0.013029749999986961,1.3029749999986962e-06,0.0035937499997089617,7.187499999417923e-07,5000,1.0,1,0.5,10000,10000,0.5,0,10000,,
universal,sorted,10000,20000,0.5,3,22,0.024845167001330992,2.484516700133099e-06,0.009166959000140196,1.8333918000280391e-06,12212,2.4424,6,0.5,7524,12476,0.7736278174936576,2476,10000,2.305843009213694e+18,"[[287886780813115929, 1413457234261051687], [1236295213923302512, 1583790892526252416], [469264712334336849, 619461346342472605]]"
fixed,sorted,10000,20000,0.5,1,23,0.01282220800203504,1.282220800203504e-06,0.003422833000513492,6.845666001026985e-07,5000,1.0,1,0.5,10000,10000,0.5,0,10000,,
universal,sorted,10000,20000,0.5,3,23,0.024401999999099644,2.4401999999099646e-06,0.009473083999182563,1.8946167998365127e-06,9935,1.987,5,0.5,7568,12432,0.7365459931328118,2432,10000,2.305843009213694e+18,"[[666030003530279332, 1185754838603315180], [507164280403988863, 1057119984642882112], [1021713661893975990, 2137083730657759889]]"
fixed,sorted,10000,20000,0.5,1,24,0.012850416998844594,1.2850416998844595e-06,0.0034571670003060717,6.914334000612143e-07,5000,1.0,1,0.5,10000,10000,0.5,0,10000,,
universal,sorted,10000,20000,0.5,3,24,0.024400375001278007,2.4400375001278008e-06,0.008934917001170106,1.7869834002340212e-06,8212,1.6424,4,0.5,8187,11813,0.6716397844082794,1813,10000,2.305843009213694e+18,"[[719391770955253926, 2130106160647316609], [1814591772010625413, 678012837864961736], [2256121436648175771, 1806161501175307684]]"
fixed,sorted,10000,20000,0.5,1,25,0.01298966600006679,1.298966600006679e-06,0.0034201249982288573,6.840249996457714e-07,5000,1.0,1,0.5,10000,10000,0.5,0,10000,,
universal,sorted,10000,20000,0.5,3,25,0.0247533330002625,2.47533330002625e-06,0.008832207997329533,1.7664415994659066e-06,8221,1.6442,6,0.5,7636,12364,0.7467931440499437,2364,10000,2.305843009213694e+18,"[[267692963849940753, 941673545738002381], [1078297968137412989, 615313745506248579], [1375102846946731697, 1124764272089465404]]"
fixed,sorted,10000,20000,0.5,1,26,0.012852166997618042,1.2852166997618042e-06,0.003296750001027249,6.593500002054497e-07,5000,1.0,1,0.5,10000,10000,0.5,0,10000,,
universal,sorted,10000,20000,0.5,3,26,0.024329791998752626,2.4329791998752627e-06,0.009108833997743204,1.8217667995486408e-06,8480,1.696,4,0.5,8085,11915,0.6822756041366275,1915,10000,2.305843009213694e+18,"[[1075367493781816306, 1590101887495472611], [1902892487837865007, 1154722482783782897], [1398969667391390162, 561164263128564704]]"
fixed,sorted,10000,20000,0.5,1,27,0.01288974999988568,1.288974999988568e-06,0.003346042001794558,6.692084003589116e-07,5000,1.0,1,0.5,10000,10000,0.5,0,10000,,
universal,sorted,10000,20000,0.5,3,27,0.02441033300056006,2.441033300056006e-06,0.009009916000650264,1.801983200130053e-06,9418,1.8836,5,0.5,7916,12084,0.7021395872616784,2084,10000,2.305843009213694e+18,"[[86018572855962195, 1847883699258444581], [153743650771889609, 794633789185287595], [2121092647333014343, 2013162642849706046]]"
fixed,sorted,10000,20000,0.5,1,28,0.012915541999973357,1.2915541999973356e-06,0.003406249998079147,6.812499996158294e-07,5000,1.0,1,0.5,10000,10000,0.5,0,10000,,
universal,sorted,10000,20000,0.5,3,28,0.024524417000066023,2.4524417000066023e-06,0.008708249999472173,1.7416499998944346e-06,7442,1.4884,3,0.5,8411,11589,0.647688196588451,1589,10000,2.305843009213694e+18,"[[273089160051860230, 1621121173616640907], [1037773347474994553, 742865219208374151], [246540013351488701, 1890370731478794172]]"
fixed,sorted,10000,20000,0.5,1,29,0.012953041998116532,1.2953041998116532e-06,0.003350958002556581,6.701916005113162e-07,5000,1.0,1,0.5,10000,10000,0.5,0,10000,,
universal,sorted,10000,20000,0.5,3,29,0.024289707998832455,2.4289707998832453e-06,0.009122750001552049,1.8245500003104098e-06,7557,1.5114,4,0.5,8386,11614,0.6494613152451807,1614,10000,2.305843009213694e+18,"[[1172432318357405658, 1841538480035479711], [610889197299678937, 356910957590253921], [1744744512350649053, 459482189801702091]]"
fixed,adversarial,10000,20000,0.5,1,0,0.3432365420012502,3.432365420012502e-05,1.4013326249987585,0.0002802665249997517,25065234,5013.0468,10000,0.5,1,19999,70.70891032960415,9999,10000,,
universal,adversarial,10000,20000,0.5,3,0,0.02488854200055357,2.488854200055357e-06,0.009543374999338994,1.908674999867799e-06,7618,1.5236,3,0.5,8408,11592,0.6473020933072904,1592,10000,2.305843009213694e+18,"[[256711980439665054, 1709899044117486289], [564682175042572888, 321752549611034334], [236337776990707882, 1707863537360842093]]"
fixed,adversarial,10000,20000,0.5,1,1,0.34080270800041035,3.4080270800041034e-05,1.4004600839980412,0.00028009201679960827,25038251,5007.6502,10000,0.5,1,19999,70.70891032960415,9999,10000,,
universal,adversarial,10000,20000,0.5,3,1,0.024757957999099744,2.4757957999099745e-06,0.009525875000690576,1.9051750001381152e-06,7539,1.5078,4,0.5,8355,11645,0.6521502894272148,1645,10000,2.305843009213694e+18,"[[659665203979258006, 1758630025113616856], [2212240429613108902, 852878681887507335], [1610489816920689347, 222016741360720591]]"
fixed,adversarial,10000,20000,0.5,1,2,0.34089045799919404,3.4089045799919404e-05,1.3981170830011251,0.000279623416600225,24997385,4999.477,10000,0.5,1,19999,70.70891032960415,9999,10000,,
universal,adversarial,10000,20000,0.5,3,2,0.02414212499934365,2.4142124999343652e-06,0.009422709001228213,1.8845418002456427e-06,8262,1.6524,4,0.5,8166,11834,0.6749074010558782,1834,10000,2.305843009213694e+18,"[[1199085610155232937, 1617812241682181496], [268989063807004320, 875226211544593835], [667698580330647039, 518091674429352682]]"
fixed,adversarial,10000,20000,0.5,1,3,0.3403636249968258,3.4036362499682585e-05,1.4049952080022194,0.0002809990416004439,24999873,4999.9746,10000,0.5,1,19999,70.70891032960415,9999,10000,,
universal,adversarial,10000,20000,0.5,3,3,0.024650709001434734,2.4650709001434732e-06,0.009074041998246685,1.814808399649337e-06,7422,1.4844,4,0.5,8415,11585,0.6467611614808051,1585,10000,2.305843009213694e+18,"[[963130306873368709, 594124941275654819], [699113413627218811, 49790444920847614], [1116618126344352917, 264798812748597129]]"
fixed,adversarial,10000,20000,0.5,1,4,0.34154962500178954,3.4154962500178956e-05,1.454993707997346,0.0002909987415994692,25210272,5042.0544,10000,0.5,1,19999,70.70891032960415,9999,10000,,
universal,adversarial,10000,20000,0.5,3,4,0.024714167000638554,2.4714167000638555e-06,0.009296291998907691,1.8592583997815381e-06,8948,1.7896,5,0.5,7980,12020,0.694118145563131,2020,10000,2.305843009213694e+18,"[[176127807941085543, 92145436972157049], [1353304280071655414, 2046636642761636536], [1463118878522575776, 350413271360474182]]"
fixed,adversarial,10000,20000,0.5,1,5,0.34287154199773795,3.42871541997738e-05,1.385726832999353,0.0002771453665998706,24761707,4952.3414,10000,0.5,1,19999,70.70891032960415,9999,10000,,
universal,adversarial,10000,20000,0.5,3,5,0.02460416699977941,2.460416699977941e-06,0.009447582997381687,1.8895165994763375e-06,7482,1.4964,3,0.5,8416,11584,0.6464518543557595,1584,10000,2.305843009213694e+18,"[[144173240364996770, 1276607102766329742], [1316153465216681486, 593588258721341972], [891339916669062610, 1419387771326649839]]"
fixed,adversarial,10000,20000,0.5,1,6,0.3427859589974105,3.427859589974105e-05,1.3996918339980766,0.00027993836679961534,25075838,5015.1676,10000,0.5,1,19999,70.70891032960415,9999,10000,,
universal,adversarial,10000,20000,0.5,3,6,0.024576290998084005,2.4576290998084004e-06,0.009142209000856383,1.8284418001712766e-06,7757,1.5514,5,0.5,7991,12009,0.6992138442565335,2009,10000,2.305843009213694e+18,"[[727386515324539458, 1284136067485901726], [1233138577490571038, 1828907452299493987], [1165171476919621068, 1646066583754636611]]"
fixed,adversarial,10000,20000,0.5,1,7,0.34090595800080337,3.4090595800080334e-05,1.4590226660002372,0.00029180453320004743,25003343,5000.6686,10000,0.5,1,19999,70.70891032960415,9999,10000,,
universal,adversarial,10000,20000,0.5,3,7,0.02454129100078717,2.454129100078717e-06,0.010089708001032704,2.017941600206541e-06,19497,3.8994,9,0.5,6656,13344,0.9556149852320233,3344,10000,2.305843009213694e+18,"[[793970665397899006, 2152094108188559335], [745929175751854539, 1278256298576207987], [1862522474300937406, 1567653588555493210]]"
fixed,adversarial,10000,20000,0.5,1,8,0.3400557090026268,3.400557090026268e-05,1.3921662499997183,0.0002784332499999437,24955414,4991.0828,10000,0.5,1,19999,70.70891032960415,9999,10000,,
universal,adversarial,10000,20000,0.5,3,8,0.02484845799699542,2.484845799699542e-06,0.009629750002204673,1.9259500004409346e-06,8396,1.6792,5,0.5,7536,12464,0.756042326857432,2464,10000,2.305843009213694e+18,"[[1973099216186019426, 839551891445904909], [2054075847285760178, 1596895736779450158], [1768356806526079850, 761040643918656312]]"
fixed,adversarial,10000,20000,0.5,1,9,0.3417420410005434,3.417420410005434e-05,1.396873792000406,0.00027937475840008116,25084442,5016.8884,10000,0.5,1,19999,70.70891032960415,9999,10000,,
universal,adversarial,10000,20000,0.5,3,9,0.024778584000159753,2.4778584000159754e-06,0.009443917002499802,1.8887834004999605e-06,7841,1.5682,4,0.5,8081,11919,0.6815423684555495,1919,10000,2.305843009213694e+18,"[[1933427113282973200, 1273492775044695229], [567420718719220919, 2291110579130834537], [1919842552580472723, 589921478534064354]]"
fixed,adversarial,10000,20000,0.5,1,10,0.34047941700191586,3.404794170019159e-05,1.3767409579995729,0.00027534819159991456,24717651,4943.5302,10000,0.5,1,19999,70.70891032960415,9999,10000,,
universal,adversarial,10000,20000,0.5,3,10,0.024502459000359522,2.4502459000359522e-06,0.009474665999732679,1.8949331999465357e-06,7943,1.5886,4,0.5,8104,11896,0.6789698078707183,1896,10000,2.305843009213694e+18,"[[618696799174358726, 2029214271970554437], [1181946042011416434, 1971785935387254006], [855518877651879508, 78523067754061221]]"
fixed,adversarial,10000,20000,0.5,1,11,0.34191845799796283,3.419184579979628e-05,1.4008429580026132,0.00028016859160052266,25101968,5020.3936,10000,0.5,1,19999,70.70891032960415,9999,10000,,
universal,adversarial,10000,20000,0.5,3,11,0.024248250003438443,2.4248250003438442e-06,0.009447625001484994,1.8895250002969987e-06,10054,2.0108,5,0.5,7630,12370,0.7354590403278758,2370,10000,2.305843009213694e+18,"[[1967359095987829717, 498185230560009946], [1157680175712590001, 1113020793331031894], [1655376568515428791, 831730782862272696]]"
fixed,adversarial,10000,20000,0.5,1,12,0.3419124579995696,3.419124579995696e-05,1.3832949589996133,0.00027665899179992267,24764253,4952.8506,10000,0.5,1,19999,70.70891032960415,9999,10000,,
universal,adversarial,10000,20000,0.5,3,12,0.024159166001481935,2.4159166001481936e-06,0.009495999998762272,1.8991999997524544e-06,7679,1.5358,4,0.5,8297,11703,0.661362230551458,1703,10000,2.305843009213694e+18,"[[2258536001366688123, 1012121370449003109], [686970057059376321, 2051824648104402063], [1124175962628406669, 504983195232581899]]"
fixed,adversarial,10000,20000,0.5,1,13,0.3409053329996823,3.4090533299968226e-05,1.3765880840001046,0.0002753176168000209,24695031,4939.0062,10000,0.5,1,19999,70.70891032960415,9999,10000,,
universal,adversarial,10000,20000,0.5,3,13,0.02439066599981743,2.439066599981743e-06,0.009345333000965184,1.8690666001930367e-06,7632,1.5264,4,0.5,8325,11675,0.6576473218982952,1675,10000,2.305843009213694e+18,"[[2277903568736387890, 452514279465990313], [2303280692498563247, 697951185415921787], [183691764838410618, 423743168849403417]]"
fixed,adversarial,10000,20000,0.5,1,14,0.3405084160003753,3.405084160003753e-05,1.4107982499990612,0.00028215964999981225,25343526,5068.7052,10000,0.5,1,19999,70.70891032960415,9999,10000,,
universal,adversarial,10000,20000,0.5,3,14,0.02469112499966286,2.469112499966286e-06,0.0097972919975291,1.95945839950582e-06,8412,1.6824,5,0.5,7820,12180,0.7131619731870174,2180,10000,2.305843009213694e+18,"[[1956076132499880650, 26508845497723367], [1505952038662606745, 694384076709536977], [1251442079079685814, 2146666122401106131]]"
fixed,adversarial,10000,20000,0.5,1,15,0.3414286250008445,3.414286250008445e-05,1.4130535000003874,0.00028261070000007747,25202685,5040.537,10000,0.5,1,19999,70.70891032960415,9999,10000,,
universal,adversarial,10000,20000,0.5,3,15,0.024639082999783568,2.463908299978357e-06,0.00941774999955669,1.883549999911338e-06,9177,1.8354,5,0.5,7847,12153,0.7083784299369935,2153,10000,2.305843009213694e+18,"[[847978861133403702, 1395714462194184430], [518482636670340538, 740682746084312398], [1100716632290196263, 2269261073193213249]]"
fixed,adversarial,10000,20000,0.5,1,16,0.339528500000597,3.39528500000597e-05,1.3829433329992753,0.00027658866659985504,24851031,4970.2062,10000,0.5,1,19999,70.70891032960415,9999,10000,,
universal,adversarial,10000,20000,0.5,3,16,0.024459416999889072,2.445941699988907e-06,0.0094336670008488,1.88673340016976e-06,7521,1.5042,4,0.5,8431,11569,0.645832795698701,1569,10000,2.305843009213694e+18,"[[454612962106966139, 1702438209959121919], [2265420330264173236, 463866247378689703], [443667755326800348, 934787930118675060]]"
fixed,adversarial,10000,20000,0.5,1,17,0.34133537500019884,3.413353750001988e-05,1.3984454169985838,0.0002796890833997168,25060643,5012.1286,10000,0.5,1,19999,70.70891032960415,9999,10000,,
universal,adversarial,10000,20000,0.5,3,17,0.024334124998858897,2.4334124998858897e-06,0.009307125001214445,1.861425000242889e-06,7522,1.5044,4,0.5,8308,11692,0.6606057825965498,1692,10000,2.305843009213694e+18,"[[195095767942445094, 1500048066919629750], [1059562453095694534, 313986444720046481], [691564608163384468, 53651072377497930]]"
fixed,adversarial,10000,20000,0.5,1,18,0.3389817919996858,3.3898179199968584e-05,1.4031106659967918,0.00028062213319935835,25195517,5039.1034,10000,0.5,1,19999,70.70891032960415,9999,10000,,
universal,adversarial,10000,20000,0.5,3,18,0.024216292000346584,2.4216292000346583e-06,0.009646082999097416,1.929216599819483e-06,8649,1.7298,5,0.5,7981,12019,0.6931089380465383,2019,10000,2.305843009213694e+18,"[[653524007492807808, 355415340864572460], [529539352426941228, 1114891161808553618], [2041277660056489008, 2248875904457507991]]"
fixed,adversarial,10000,20000,0.5,1,19,0.3404112919997715,3.404112919997715e-05,1.4054140410007676,0.00028108280820015355,25249053,5049.8106,10000,0.5,1,19999,70.70891032960415,9999,10000,,
universal,adversarial,10000,20000,0.5,3,19,0.02464220899855718,2.464220899855718e-06,0.009658417002356146,1.931683400471229e-06,9026,1.8052,6,0.5,7214,12786,0.8064118054691412,2786,10000,2.305843009213694e+18,"[[418983635330710152, 499844581152741729], [2091481658804620576, 676363097439722673], [1853845312400714918, 63921434307813850]]"
fixed,adversarial,10000,20000,0.5,1,20,0.34090841700162855,3.4090841700162856e-05,1.3764207499989425,0.0002752841499997885,24620279,4924.0558,10000,0.5,1,19999,70.70891032960415,9999,10000,,
universal,adversarial,10000,20000,0.5,3,20,0.02473279200057732,2.473279200057732e-06,0.009447750002436806,1.8895500004873611e-06,7474,1.4948,4,0.5,8429,11571,0.6456779382943171,1571,10000,2.305843009213694e+18,"[[1326467972949138173, 150235521510768009], [1878749678761878296, 2057856258604839518], [714528426559143356, 1546845777023972402]]"
fixed,adversarial,10000,20000,0.5,1,21,0.34028145800039056,3.4028145800039055e-05,1.4026523749998887,0.00028053047499997775,25141648,5028.3296,10000,0.5,1,19999,70.70891032960415,9999,10000,,
universal,adversarial,10000,20000,0.5,3,21,0.024186208000173792,2.418620800017379e-06,0.009077292001165915,1.815458400233183e-06,7567,1.5134,3,0.5,8387,11613,0.6500769185258003,1613,10000,2.305843009213694e+18,"[[1024322815512585445, 2145571529822921201], [583220317473756343, 1521440433806999588], [891688296819238137, 181082232511610579]]"
fixed,adversarial,10000,20000,0.5,1,22,0.3412997079976776,3.412997079976776e-05,1.4028577919998497,0.00028057155839996995,25162588,5032.5176,10000,0.5,1,19999,70.70891032960415,9999,10000,,
universal,adversarial,10000,20000,0.5,3,22,0.024318124997080304,2.4318124997080305e-06,0.009432458002265776,1.886491600453155e-06,8972,1.7944,5,0.5,7784,12216,0.7187489130426563,2216,10000,2.305843009213694e+18,"[[287886780813115929, 1413457234261051687], [1236295213923302512, 1583790892526252416], [469264712334336849, 619461346342472605]]"
fixed,adversarial,10000,20000,0.5,1,23,0.34237833299994236,3.423783329999424e-05,1.4465708330026246,0.0002893141666005249,24862582,4972.5164,10000,0.5,1,19999,70.70891032960415,9999,10000,,
universal,adversarial,10000,20000,0.5,3,23,0.02455579099841998,2.455579099841998e-06,0.009214375000738073,1.8428750001476147e-06,7648,1.5296,4,0.5,8215,11785,0.6688796603276258,1785,10000,2.305843009213694e+18,"[[666030003530279332, 1185754838603315180], [507164280403988863, 1057119984642882112], [1021713661893975990, 2137083730657759889]]"
fixed,adversarial,10000,20000,0.5,1,24,0.34099549999882584,3.4099549999882585e-05,1.3843657500001427,0.00027687315000002853,24821022,4964.2044,10000,0.5,1,19999,70.70891032960415,9999,10000,,
universal,adversarial,10000,20000,0.5,3,24,0.024363915999856545,2.4363915999856543e-06,0.009298208999098279,1.8596417998196556e-06,8431,1.6862,6,0.5,7584,12416,0.7397972695272672,2416,10000,2.305843009213694e+18,"[[719391770955253926, 2130106160647316609], [1814591772010625413, 678012837864961736], [2256121436648175771, 1806161501175307684]]"
fixed,adversarial,10000,20000,0.5,1,25,0.33945883399792365,3.3945883399792365e-05,1.4001152919991,0.00028002305839982,25117102,5023.4204,10000,0.5,1,19999,70.70891032960415,9999,10000,,
universal,adversarial,10000,20000,0.5,3,25,0.02424158299982082,2.4241582999820822e-06,0.009283750001486624,1.8567500002973247e-06,7542,1.5084,4,0.5,8368,11632,0.6516901104052447,1632,10000,2.305843009213694e+18,"[[267692963849940753, 941673545738002381], [1078297968137412989, 615313745506248579], [1375102846946731697, 1124764272089465404]]"
fixed,adversarial,10000,20000,0.5,1,26,0.3411779589987418,3.411779589987418e-05,1.4733449589984957,0.00029466899179969916,25253982,5050.7964,10000,0.5,1,19999,70.70891032960415,9999,10000,,
universal,adversarial,10000,20000,0.5,3,26,0.02449841700217803,2.449841700217803e-06,0.009574833999067778,1.9149667998135555e-06,10300,2.06,7,0.5,7510,12490,0.77272245987806,2490,10000,2.305843009213694e+18,"[[1075367493781816306, 1590101887495472611], [1902892487837865007, 1154722482783782897], [1398969667391390162, 561164263128564704]]"
fixed,adversarial,10000,20000,0.5,1,27,0.34067204099847004,3.4067204099847006e-05,1.4032432500025607,0.0002806486500005121,25155403,5031.0806,10000,0.5,1,19999,70.70891032960415,9999,10000,,
universal,adversarial,10000,20000,0.5,3,27,0.024454249996779254,2.4454249996779254e-06,0.009271167000406422,1.8542334000812842e-06,8377,1.6754,4,0.5,8066,11934,0.6830812543175226,1934,10000,2.305843009213694e+18,"[[86018572855962195, 1847883699258444581], [153743650771889609, 794633789185287595], [2121092647333014343, 2013162642849706046]]"
fixed,adversarial,10000,20000,0.5,1,28,0.3422658329982369,3.4226583299823685e-05,1.4027040000000852,0.00028054080000001704,25157767,5031.5534,10000,0.5,1,19999,70.70891032960415,9999,10000,,
universal,adversarial,10000,20000,0.5,3,28,0.024401750000834,2.4401750000834e-06,0.009216040998580866,1.8432081997161731e-06,7879,1.5758,5,0.5,8182,11818,0.6740919818541087,1818,10000,2.305843009213694e+18,"[[273089160051860230, 1621121173616640907], [1037773347474994553, 742865219208374151], [246540013351488701, 1890370731478794172]]"
fixed,adversarial,10000,20000,0.5,1,29,0.34190045799914515,3.4190045799914516e-05,1.382832416002202,0.00027656648320044044,24803583,4960.7166,10000,0.5,1,19999,70.70891032960415,9999,10000,,
universal,adversarial,10000,20000,0.5,3,29,0.024590166998677887,2.459016699867789e-06,0.009705083000881132,1.9410166001762263e-06,7557,1.5114,4,0.5,8320,11680,0.6555913361233505,1680,10000,2.305843009213694e+18,"[[1172432318357405658, 1841538480035479711], [610889197299678937, 356910957590253921], [1744744512350649053, 459482189801702091]]"
fixed,near_duplicate,10000,20000,0.5,1,0,0.006736208000802435,6.736208000802435e-07,0.003310249998321524,6.620499996643047e-07,5000,1.0,1,0.05,1000,19000,0.21794494717703367,0,1000,,
universal,near_duplicate,10000,20000,0.5,3,0,0.017502624999906402,1.7502624999906402e-06,0.008523959000740433,1.7047918001480866e-06,5237,1.0474,2,0.05,989,19011,0.22045407685048604,11,1000,2.305843009213694e+18,"[[256711980439665054, 1709899044117486289], [564682175042572888, 321752549611034334], [236337776990707882, 1707863537360842093]]"
fixed,near_duplicate,10000,20000,0.5,1,1,0.00674333400093019,6.74333400093019e-07,0.0032988339989969973,6.597667997993995e-07,5000,1.0,1,0.05,1000,19000,0.21794494717703367,0,1000,,
universal,near_duplicate,10000,20000,0.5,3,1,0.01738058399860165,1.738058399860165e-06,0.008502958000462968,1.7005916000925935e-06,5237,1.0474,2,0.05,987,19013,0.22090722034374521,13,1000,2.305843009213694e+18,"[[659665203979258006, 1758630025113616856], [2212240429613108902, 852878681887507335], [1610489816920689347, 222016741360720591]]"
fixed,near_duplicate,10000,20000,0.5,1,2,0.0067566249999799766,6.756624999979977e-07,0.003302000000985572,6.604000001971144e-07,5000,1.0,1,0.05,1000,19000,0.21794494717703367,0,1000,,
universal,near_duplicate,10000,20000,0.5,3,2,0.017433499997423496,1.7433499997423495e-06,0.008633000001282198,1.7266000002564398e-06,5298,1.0596,2,0.05,984,19016,0.22158519806160337,16,1000,2.305843009213694e+18,"[[1199085610155232937, 1617812241682181496], [268989063807004320, 875226211544593835], [667698580330647039, 518091674429352682]]"
fixed,near_duplicate,10000,20000,0.5,1,3,0.006763249999494292,6.763249999494292e-07,0.003470999999990454,6.941999999980907e-07,5000,1.0,1,0.05,1000,19000,0.21794494717703367,0,1000,,
universal,near_duplicate,10000,20000,0.5,3,3,0.01771737499802839,1.771737499802839e-06,0.008594165999966208,1.7188331999932416e-06,6332,1.2664,3,0.05,910,19090,0.24,90,1000,2.305843009213694e+18,"[[963130306873368709, 594124941275654819], [699113413627218811, 49790444920847614], [1116618126344352917, 264798812748597129]]"
fixed,near_duplicate,10000,20000,0.5,1,4,0.006781792002584552,6.781792002584552e-07,0.003373499999725027,6.746999999450054e-07,5000,1.0,1,0.05,1000,19000,0.21794494717703367,0,1000,,
universal,near_duplicate,10000,20000,0.5,3,4,0.017349457997624995,1.7349457997624996e-06,0.008479541000269819,1.6959082000539639e-06,5243,1.0486,2,0.05,983,19017,0.22181073012818833,17,1000,2.305843009213694e+18,"[[176127807941085543, 92145436972157049], [1353304280071655414, 2046636642761636536], [1463118878522575776, 350413271360474182]]"
fixed,near_duplicate,10000,20000,0.5,1,5,0.006818084002588876,6.818084002588875e-07,0.003387875000044005,6.77575000008801e-07,5000,1.0,1,0.04995,999,19001,0.2178416798962035,0,999,,
universal,near_duplicate,10000,20000,0.5,3,5,0.017504332998214522,1.7504332998214523e-06,0.008588416003476596,1.717683200695319e-06,5260,1.052,2,0.04995,974,19026,0.2235061464479221,25,999,2.305843009213694e+18,"[[144173240364996770, 1276607102766329742], [1316153465216681486, 593588258721341972], [891339916669062610, 1419387771326649839]]"
fixed,near_duplicate,10000,20000,0.5,1,6,0.006766291997337248,6.766291997337248e-07,0.0034823749992938247,6.96474999858765e-07,5000,1.0,1,0.05,1000,19000,0.21794494717703367,0,1000,,
universal,near_duplicate,10000,20000,0.5,3,6,0.017765083997801412,1.7765083997801412e-06,0.008566500000597443,1.7133000001194888e-06,5242,1.0484,2,0.05,983,19017,0.22181073012818833,17,1000,2.305843009213694e+18,"[[727386515324539458, 1284136067485901726], [1233138577490571038, 1828907452299493987], [1165171476919621068, 1646066583754636611]]"
fixed,near_duplicate,10000,20000,0.5,1,7,0.006801791998441331,6.801791998441331e-07,0.003364916999998968,6.729833999997936e-07,5000,1.0,1,0.05,1000,19000,0.21794494717703367,0,1000,,
universal,near_duplicate,10000,20000,0.5,3,7,0.017399208001734223,1.7399208001734223e-06,0.008598459000495495,1.719691800099099e-06,5300,1.06,2,0.05,977,19023,0.22315913604421397,23,1000,2.305843009213694e+18,"[[793970665397899006, 2152094108188559335], [745929175751854539, 1278256298576207987], [1862522474300937406, 1567653588555493210]]"
fixed,near_duplicate,10000,20000,0.5,1,8,0.006750915999873541,6.750915999873541e-07,0.0033063750015571713,6.612750003114343e-07,5000,1.0,1,0.05,1000,19000,0.21794494717703367,0,1000,,
universal,near_duplicate,10000,20000,0.5,3,8,0.0173635840001225,1.73635840001225e-06,0.008572875001846114,1.7145750003692227e-06,5290,1.058,2,0.05,980,19020,0.22248595461286988,20,1000,2.305843009213694e+18,"[[1973099216186019426, 839551891445904909], [2054075847285760178, 1596895736779450158], [1768356806526079850, 761040643918656312]]"
fixed,near_duplicate,10000,20000,0.5,1,9,0.006769625000742963,6.769625000742963e-07,0.0033530420005263295,6.706084001052659e-07,5000,1.0,1,0.05,1000,19000,0.21794494717703367,0,1000,,
universal,near_duplicate,10000,20000,0.5,3,9,0.017583791999641107,1.7583791999641107e-06,0.008605957998952363,1.7211915997904726e-06,5239,1.0478,2,0.05,985,19015,0.22135943621178655,15,1000,2.305843009213694e+18,"[[1933427113282973200, 1273492775044695229], [567420718719220919, 2291110579130834537], [1919842552580472723, 589921478534064354]]"
fixed,near_duplicate,10000,20000,0.5,1,10,0.006802750001952518,6.802750001952518e-07,0.0033122499989985954,6.624499997997191e-07,5000,1.0,1,0.05,1000,19000,0.21794494717703367,0,1000,,
universal,near_duplicate,10000,20000,0.5,3,10,0.01746883300074842,1.7468833000748419e-06,0.008638707997306483,1.7277415994612965e-06,5294,1.0588,2,0.05,983,19017,0.22181073012818833,17,1000,2.305843009213694e+18,"[[618696799174358726, 2029214271970554437], [1181946042011416434, 1971785935387254006], [855518877651879508, 78523067754061221]]"
fixed,near_duplicate,10000,20000,0.5,1,11,0.0068137499984004535,6.813749998400453e-07,0.003362167000886984,6.724334001773968e-07,5000,1.0,1,0.05,1000,19000,0.21794494717703367,0,1000,,
universal,near_duplicate,10000,20000,0.5,3,11,0.01746616699892911,1.746616699892911e-06,0.008587041000282625,1.717408200056525e-06,5229,1.0458,2,0.05,984,19016,0.22158519806160337,16,1000,2.305843009213694e+18,"[[1967359095987829717, 498185230560009946], [1157680175712590001, 1113020793331031894], [1655376568515428791, 831730782862272696]]"
fixed,near_duplicate,10000,20000,0.5,1,12,0.006733332997100661,6.733332997100661e-07,0.0033139580009446945,6.627916001889389e-07,5000,1.0,1,0.05,1000,19000,0.21794494717703367,0,1000,,
universal,near_duplicate,10000,20000,0.5,3,12,0.01737183300065226,1.7371833000652258e-06,0.008509791001415579,1.7019582002831156e-06,5263,1.0526,2,0.05,987,19013,0.22090722034374521,13,1000,2.305843009213694e+18,"[[2258536001366688123, 1012121370449003109], [686970057059376321, 2051824648104402063], [1124175962628406669, 504983195232581899]]"
fixed,near_duplicate,10000,20000,0.5,1,13,0.006826083001215011,6.826083001215011e-07,0.0033646670017333236,6.729334003466647e-07,5000,1.0,1,0.05,1000,19000,0.21794494717703367,0,1000,,
universal,near_duplicate,10000,20000,0.5,3,13,0.017873666998639237,1.7873666998639237e-06,0.00850387500031502,1.700775000063004e-06,5267,1.0534,2,0.05,974,19026,0.2238302928559939,26,1000,2.305843009213694e+18,"[[2277903568736387890, 452514279465990313], [2303280692498563247, 697951185415921787], [183691764838410618, 423743168849403417]]"
fixed,near_duplicate,10000,20000,0.5,1,14,0.006757458999345545,6.757458999345544e-07,0.003383874998689862,6.767749997379724e-07,5000,1.0,1,0.05,1000,19000,0.21794494717703367,0,1000,,
universal,near_duplicate,10000,20000,0.5,3,14,0.017203542000061134,1.7203542000061134e-06,0.008569249999709427,1.7138499999418854e-06,5197,1.0394,2,0.05,984,19016,0.22158519806160337,16,1000,2.305843009213694e+18,"[[1956076132499880650, 26508845497723367], [1505952038662606745, 694384076709536977], [1251442079079685814, 2146666122401106131]]"
fixed,near_duplicate,10000,20000,0.5,1,15,0.006750000000465661,6.750000000465662e-07,0.0033599169983062893,6.719833996612579e-07,5000,1.0,1,0.05,1000,19000,0.21794494717703367,0,1000,,
universal,near_duplicate,10000,20000,0.5,3,15,0.01753475000077742,1.7534750000777421e-06,0.008563375002268003,1.7126750004536006e-06,5316,1.0632,2,0.05,981,19019,0.22226110770892868,19,1000,2.305843009213694e+18,"[[847978861133403702, 1395714462194184430], [518482636670340538, 740682746084312398], [1100716632290196263, 2269261073193213249]]"
fixed,near_duplicate,10000,20000,0.5,1,16,0.006782374999602325,6.782374999602325e-07,0.0032832920005603228,6.566584001120645e-07,5000,1.0,1,0.05,1000,19000,0.21794494717703367,0,1000,,
universal,near_duplicate,10000,20000,0.5,3,16,0.017561042001034366,1.7561042001034367e-06,0.008620207998319529,1.7240415996639059e-06,5245,1.049,2,0.05,991,19009,0.22,9,1000,2.305843009213694e+18,"[[454612962106966139, 1702438209959121919], [2265420330264173236, 463866247378689703], [443667755326800348, 934787930118675060]]"
fixed,near_duplicate,10000,20000,0.5,1,17,0.006769540999812307,6.769540999812307e-07,0.0033928750017366838,6.785750003473368e-07,5000,1.0,1,0.05,1000,19000,0.21794494717703367,0,1000,,
universal,near_duplicate,10000,20000,0.5,3,17,0.01762129100097809,1.762129100097809e-06,0.00863795799887157,1.727591599774314e-06,5226,1.0452,2,0.05,977,19023,0.22315913604421397,23,1000,2.305843009213694e+18,"[[195095767942445094, 1500048066919629750], [1059562453095694534, 313986444720046481], [691564608163384468, 53651072377497930]]"
fixed,near_duplicate,10000,20000,0.5,1,18,0.00677387500036275,6.77387500036275e-07,0.0033171670002047904,6.634334000409581e-07,5000,1.0,1,0.05,1000,19000,0.21794494717703367,0,1000,,
universal,near_duplicate,10000,20000,0.5,3,18,0.01755566599968006,1.7555665999680058e-06,0.00865637500101002,1.7312750002020038e-06,5251,1.0502,3,0.05,985,19015,0.22158519806160337,15,1000,2.305843009213694e+18,"[[653524007492807808, 355415340864572460], [529539352426941228, 1114891161808553618], [2041277660056489008, 2248875904457507991]]"
fixed,near_duplicate,10000,20000,0.5,1,19,0.006773499997507315,6.773499997507315e-07,0.003329541999846697,6.659083999693393e-07,5000,1.0,1,0.05,1000,19000,0.21794494717703367,0,1000,,
universal,near_duplicate,10000,20000,0.5,3,19,0.01751812499787775,1.751812499787775e-06,0.008647708000353305,1.729541600070661e-06,5218,1.0436,2,0.05,990,19010,0.2202271554554524,10,1000,2.305843009213694e+18,"[[418983635330710152, 499844581152741729], [2091481658804620576, 676363097439722673], [1853845312400714918, 63921434307813850]]"
fixed,near_duplicate,10000,20000,0.5,1,20,0.0068192500002624,6.819250000262401e-07,0.0034024579981632996,6.804915996326599e-07,5000,1.0,1,0.05,1000,19000,0.21794494717703367,0,1000,,
universal,near_duplicate,10000,20000,0.5,3,20,0.017774792002455797,1.7774792002455797e-06,0.008733417002076749,1.7466834004153497e-06,5256,1.0512,2,0.05,982,19018,0.22203603311174516,18,1000,2.305843009213694e+18,"[[1326467972949138173, 150235521510768009], [1878749678761878296, 2057856258604839518], [714528426559143356, 1546845777023972402]]"
fixed,near_duplicate,10000,20000,0.5,1,21,0.006810333001340041,6.810333001340041e-07,0.003329999999550637,6.659999999101273e-07,5000,1.0,1,0.05,1000,19000,0.21794494717703367,0,1000,,
universal,near_duplicate,10000,20000,0.5,3,21,0.017332291998172877,1.7332291998172878e-06,0.00856966599894804,1.713933199789608e-06,5209,1.0418,2,0.05,986,19014,0.2211334438749598,14,1000,2.305843009213694e+18,"[[1024322815512585445, 2145571529822921201], [583220317473756343, 1521440433806999588], [891688296819238137, 181082232511610579]]"
fixed,near_duplicate,10000,20000,0.5,1,22,0.006778999999369262,6.778999999369262e-07,0.0033938749984372407,6.787749996874481e-07,5000,1.0,1,0.05,1000,19000,0.21794494717703367,0,1000,,
universal,near_duplicate,10000,20000,0.5,3,22,0.017504082999948878,1.7504082999948878e-06,0.00859104200208094,1.7182084004161878e-06,5239,1.0478,2,0.05,985,19015,0.22135943621178655,15,1000,2.305843009213694e+18,"[[287886780813115929, 1413457234261051687], [1236295213923302512, 1583790892526252416], [469264712334336849, 619461346342472605]]"
fixed,near_duplicate,10000,20000,0.5,1,23,0.006770416999643203,6.770416999643203e-07,0.003298416999314213,6.596833998628426e-07,5000,1.0,1,0.05,1000,19000,0.21794494717703367,0,1000,,
universal,near_duplicate,10000,20000,0.5,3,23,0.01741500000207452,1.741500000207452e-06,0.008590166999056237,1.7180333998112473e-06,5300,1.06,3,0.05,982,19018,0.22248595461286988,18,1000,2.305843009213694e+18,"[[666030003530279332, 1185754838603315180], [507164280403988863, 1057119984642882112], [1021713661893975990, 2137083730657759889]]"
fixed,near_duplicate,10000,20000,0.5,1,24,0.006747291998181026,6.747291998181027e-07,0.003336750000016764,6.673500000033527e-07,5000,1.0,1,0.05,1000,19000,0.21794494717703367,0,1000,,
universal,near_duplicate,10000,20000,0.5,3,24,0.01730695799778914,1.730695799778914e-06,0.008526707999408245,1.705341599881649e-06,5296,1.0592,2,0.05,977,19023,0.22315913604421397,23,1000,2.305843009213694e+18,"[[719391770955253926, 2130106160647316609], [1814591772010625413, 678012837864961736], [2256121436648175771, 1806161501175307684]]"
fixed,near_duplicate,10000,20000,0.5,1,25,0.006806666999182198,6.806666999182198e-07,0.00335474999883445,6.7094999976689e-07,5000,1.0,1,0.05,1000,19000,0.21794494717703367,0,1000,,
universal,near_duplicate,10000,20000,0.5,3,25,0.017415750000509433,1.7415750000509434e-06,0.00857608299702406,1.715216599404812e-06,5191,1.0382,2,0.05,985,19015,0.22135943621178655,15,1000,2.305843009213694e+18,"[[267692963849940753, 941673545738002381], [1078297968137412989, 615313745506248579], [1375102846946731697, 1124764272089465404]]"
fixed,near_duplicate,10000,20000,0.5,1,26,0.006745083999703638,6.745083999703638e-07,0.003324500001326669,6.649000002653338e-07,5000,1.0,1,0.05,1000,19000,0.21794494717703367,0,1000,,
universal,near_duplicate,10000,20000,0.5,3,26,0.01729495800100267,1.729495800100267e-06,0.008682249997946201,1.7364499995892402e-06,5182,1.0364,2,0.05,984,19016,0.22158519806160337,16,1000,2.305843009213694e+18,"[[1075367493781816306, 1590101887495472611], [1902892487837865007, 1154722482783782897], [1398969667391390162, 561164263128564704]]"
fixed,near_duplicate,10000,20000,0.5,1,27,0.006768250001186971,6.76825000118697e-07,0.0034563340013846755,6.912668002769351e-07,5000,1.0,1,0.05,1000,19000,0.21794494717703367,0,1000,,
universal,near_duplicate,10000,20000,0.5,3,27,0.01768820799770765,1.768820799770765e-06,0.00876004100064165,1.75200820012833e-06,5299,1.0598,2,0.05,980,19020,0.22248595461286988,20,1000,2.305843009213694e+18,"[[86018572855962195, 1847883699258444581], [153743650771889609, 794633789185287595], [2121092647333014343, 2013162642849706046]]"
fixed,near_duplicate,10000,20000,0.5,1,28,0.0067750420021184254,6.775042002118426e-07,0.0033719999992172234,6.743999998434447e-07,5000,1.0,1,0.05,1000,19000,0.21794494717703367,0,1000,,
universal,near_duplicate,10000,20000,0.5,3,28,0.017426500002329703,1.7426500002329704e-06,0.008589124998252373,1.7178249996504745e-06,5252,1.0504,2,0.05,977,19023,0.22315913604421397,23,1000,2.305843009213694e+18,"[[273089160051860230, 1621121173616640907], [1037773347474994553, 742865219208374151], [246540013351488701, 1890370731478794172]]"
fixed,near_duplicate,10000,20000,0.5,1,29,0.006763875000615371,6.763875000615371e-07,0.003390082998521393,6.780165997042787e-07,5000,1.0,1,0.05,1000,19000,0.21794494717703367,0,1000,,
universal,near_duplicate,10000,20000,0.5,3,29,0.017974665999645367,1.7974665999645368e-06,0.008610667002358241,1.7221334004716483e-06,5318,1.0636,2,0.05,975,19025,0.22360679774997896,25,1000,2.305843009213694e+18,"[[1172432318357405658, 1841538480035479711], [610889197299678937, 356910957590253921], [1744744512350649053, 459482189801702091]]"
fixed,uniform,10000,13334,0.75,1,0,0.0125328329995682,1.25328329995682e-06,0.003374999996594852,6.749999993189704e-07,6575,1.315,5,0.7126893655317235,6994,6340,0.807490476667005,2509,9503,,
universal,uniform,10000,13334,0.75,3,0,0.023915374997159233,2.3915374997159233e-06,0.009009665998746641,1.8019331997493282e-06,10288,2.0576,6,0.7126893655317235,6837,6497,0.8367726468571233,2666,9503,2.305843009213694e+18,"[[256711980439665054, 1709899044117486289], [564682175042572888, 321752549611034334], [236337776990707882, 1707863537360842093]]"
fixed,uniform,10000,13334,0.75,1,1,0.012549416998808738,1.2549416998808738e-06,0.003739624997251667,7.479249994503334e-07,6558,1.3116,5,0.7139643017849108,7019,6315,0.8098436245293064,2501,9520,,
universal,uniform,10000,13334,0.75,3,1,0.024197124999773223,2.4197124999773223e-06,0.008906750001187902,1.7813500002375804e-06,9999,1.9998,5,0.7139643017849108,6913,6421,0.8272516372072107,2607,9520,2.305843009213694e+18,"[[659665203979258006, 1758630025113616856], [2212240429613108902, 852878681887507335], [1610489816920689347, 222016741360720591]]"
fixed,uniform,10000,13334,0.75,1,2,0.012781708002876258,1.2781708002876258e-06,0.003509042002406204,7.018084004812408e-07,6577,1.3154,6,0.7153142342882856,7016,6318,0.8059574952363608,2522,9538,,
universal,uniform,10000,13334,0.75,3,2,0.024276915999507764,2.4276915999507765e-06,0.010976666999340523,2.1953333998681047e-06,10175,2.035,5,0.7153142342882856,6844,6490,0.8369975712361191,2694,9538,2.305843009213694e+18,"[[1199085610155232937, 1617812241682181496], [268989063807004320, 875226211544593835], [667698580330647039, 518091674429352682]]"
fixed,uniform,10000,13334,0.75,1,3,0.01365408299898263,1.365408299898263e-06,0.00362012500045239,7.24025000090478e-07,6556,1.3112,5,0.7100644967751613,7048,6286,0.7969638908180185,2420,9468,,
universal,uniform,10000,13334,0.75,3,3,0.044452624999394175,4.445262499939417e-06,0.00952566699925228,1.9051333998504561e-06,10094,2.0188,5,0.7100644967751613,6805,6529,0.8395820126361455,2663,9468,2.305843009213694e+18,"[[963130306873368709, 594124941275654819], [699113413627218811, 49790444920847614], [1116618126344352917, 264798812748597129]]"
fixed,uniform,10000,13334,0.75,1,4,0.013013708998187212,1.3013708998187212e-06,0.0038753750013711397,7.750750002742279e-07,6558,1.3116,6,0.7134393280335983,6968,6366,0.8128473653701899,2545,9513,,
universal,uniform,10000,13334,0.75,3,4,0.024444999999104766,2.4444999999104767e-06,0.009188916999846697,1.8377833999693395e-06,10279,2.0558,6,0.7134393280335983,6853,6481,0.8369401722874993,2660,9513,2.305843009213694e+18,"[[176127807941085543, 92145436972157049], [1353304280071655414, 2046636642761636536], [1463118878522575776, 350413271360474182]]"
fixed,uniform,10000,13334,0.75,1,5,0.012695207999058766,1.2695207999058766e-06,0.003635749999375548,7.271499998751096e-07,6507,1.3014,5,0.712314384280786,6984,6350,0.812034407130427,2514,9498,,
universal,uniform,10000,13334,0.75,3,5,0.024675582997588208,2.4675582997588207e-06,0.009148083998297807,1.8296167996595613e-06,10215,2.043,6,0.712314384280786,6847,6487,0.8391052636442036,2651,9498,2.305843009213694e+18,"[[144173240364996770, 1276607102766329742], [1316153465216681486, 593588258721341972], [891339916669062610, 1419387771326649839]]"
fixed,uniform,10000,13334,0.75,1,6,0.012595166997925844,1.2595166997925845e-06,0.0036669170003733598,7.33383400074672e-07,6556,1.3112,5,0.7114894255287235,6957,6377,0.8092896508752131,2530,9487,,
universal,uniform,10000,13334,0.75,3,6,0.024343082997802412,2.4343082997802413e-06,0.008861083999363473,1.7722167998726945e-06,10058,2.0116,6,0.7114894255287235,6854,6480,0.8333053261634323,2633,9487,2.305843009213694e+18,"[[727386515324539458, 1284136067485901726], [1233138577490571038, 1828907452299493987], [1165171476919621068, 1646066583754636611]]"
fixed,uniform,10000,13334,0.75,1,7,0.012548792001325637,1.2548792001325638e-06,0.0033648329990683123,6.729665998136625e-07,6522,1.3044,5,0.7123893805309734,6991,6343,0.8050581281160628,2508,9499,,
universal,uniform,10000,13334,0.75,3,7,0.02398449999964214,2.398449999964214e-06,0.008909500000299886,1.7819000000599772e-06,10105,2.021,6,0.7123893805309734,6888,6446,0.8327162330343892,2611,9499,2.305843009213694e+18,"[[793970665397899006, 2152094108188559335], [745929175751854539, 1278256298576207987], [1862522474300937406, 1567653588555493210]]"
fixed,uniform,10000,13334,0.75,1,8,0.012434250002115732,1.2434250002115732e-06,0.0036572499993781094,7.314499998756219e-07,6519,1.3038,5,0.7133643317834109,7026,6308,0.805917744273687,2486,9512,,
universal,uniform,10000,13334,0.75,3,8,0.024253749998024432,2.425374999802443e-06,0.00906162500177743,1.8123250003554858e-06,10603,2.1206,5,0.7133643317834109,6795,6539,0.8458723962278115,2717,9512,2.305843009213694e+18,"[[1973099216186019426, 839551891445904909], [2054075847285760178, 1596895736779450158], [1768356806526079850, 761040643918656312]]"
fixed,uniform,10000,13334,0.75,1,9,0.012512958001025254,1.2512958001025253e-06,0.003388457997061778,6.776915994123555e-07,6541,1.3082,6,0.7135893205339733,7006,6328,0.8069741388488882,2509,9515,,
universal,uniform,10000,13334,0.75,3,9,0.024150040997483302,2.4150040997483302e-06,0.00893983299829415,1.78796659965883e-06,10010,2.002,6,0.7135893205339733,6871,6463,0.8323191595624689,2644,9515,2.305843009213694e+18,"[[1933427113282973200, 1273492775044695229], [567420718719220919, 2291110579130834537], [1919842552580472723, 589921478534064354]]"
fixed,uniform,10000,13334,0.75,1,10,0.012363292000372894,1.2363292000372893e-06,0.003703667000081623,7.407334000163246e-07,6488,1.2976,5,0.711414429278536,6993,6341,0.8053147072423926,2493,9486,,
universal,uniform,10000,13334,0.75,3,10,0.024398249999649124,2.4398249999649125e-06,0.00895170900184894,1.790341800369788e-06,10354,2.0708,9,0.711414429278536,6578,6756,0.8855083274819517,2908,9486,2.305843009213694e+18,"[[618696799174358726, 2029214271970554437], [1181946042011416434, 1971785935387254006], [855518877651879508, 78523067754061221]]"
fixed,uniform,10000,13334,0.75,1,11,0.012445791999198264,1.2445791999198263e-06,0.003420249999180669,6.840499998361338e-07,6580,1.316,6,0.7124643767811609,6999,6335,0.8080139152385074,2501,9500,,
universal,uniform,10000,13334,0.75,3,11,0.023989875000552274,2.3989875000552276e-06,0.009064625002793036,1.8129250005586073e-06,10379,2.0758,6,0.7124643767811609,6822,6512,0.8394247434096939,2678,9500,2.305843009213694e+18,"[[1967359095987829717, 498185230560009946], [1157680175712590001, 1113020793331031894], [1655376568515428791, 831730782862272696]]"
fixed,uniform,10000,13334,0.75,1,12,0.012428458001522813,1.2428458001522814e-06,0.003425667000556132,6.851334001112264e-07,6474,1.2948,6,0.7126893655317235,7026,6308,0.8048857558047648,2477,9503,,
universal,uniform,10000,13334,0.75,3,12,0.024149374999979045,2.4149374999979045e-06,0.009124917000008281,1.8249834000016562e-06,10395,2.079,6,0.7126893655317235,6872,6462,0.8371310724909069,2631,9503,2.305843009213694e+18,"[[2258536001366688123, 1012121370449003109], [686970057059376321, 2051824648104402063], [1124175962628406669, 504983195232581899]]"
fixed,uniform,10000,13334,0.75,1,13,0.012494916998548433,1.2494916998548434e-06,0.0037393749989860225,7.478749997972046e-07,6507,1.3014,4,0.7148642567871606,7014,6320,0.8071003483298995,2518,9532,,
universal,uniform,10000,13334,0.75,3,13,0.024100083999655908,2.4100083999655908e-06,0.008919667001464404,1.783933400292881e-06,10082,2.0164,6,0.7148642567871606,6903,6431,0.8291014246545718,2629,9532,2.305843009213694e+18,"[[2277903568736387890, 452514279465990313], [2303280692498563247, 697951185415921787], [183691764838410618, 423743168849403417]]"
fixed,uniform,10000,13334,0.75,1,14,0.012572208001074614,1.2572208001074614e-06,0.0036759160029760096,7.351832005952019e-07,6506,1.3012,5,0.712164391780411,7017,6317,0.8062344692910479,2479,9496,,
universal,uniform,10000,13334,0.75,3,14,0.025008374999742955,2.5008374999742954e-06,0.009099999999307329,1.8199999998614658e-06,10099,2.0198,6,0.712164391780411,6830,6504,0.8385173609447577,2666,9496,2.305843009213694e+18,"[[1956076132499880650, 26508845497723367], [1505952038662606745, 694384076709536977], [1251442079079685814, 2146666122401106131]]"
fixed,uniform,10000,13334,0.75,1,15,0.012624540999240708,1.2624540999240708e-06,0.003800166003202321,7.600332006404642e-07,6449,1.2898,5,0.716289185540723,7098,6236,0.7963337502551627,2453,9551,,
universal,uniform,10000,13334,0.75,3,15,0.024595750001026317,2.4595750001026317e-06,0.008871209000062663,1.7742418000125326e-06,10101,2.0202,6,0.716289185540723,6914,6420,0.8349516704294591,2637,9551,2.305843009213694e+18,"[[847978861133403702, 1395714462194184430], [518482636670340538, 740682746084312398], [1100716632290196263, 2269261073193213249]]"
fixed,uniform,10000,13334,0.75,1,16,0.012476291998609668,1.2476291998609667e-06,0.0034922080012620427,6.984416002524085e-07,6471,1.2942,5,0.7122393880305985,7019,6315,0.806307747253703,2478,9497,,
universal,uniform,10000,13334,0.75,3,16,0.024031000000832137,2.4031000000832137e-06,0.009575584001140669,1.915116800228134e-06,10230,2.046,6,0.7122393880305985,6815,6519,0.8364387057071697,2682,9497,2.305843009213694e+18,"[[454612962106966139, 1702438209959121919], [2265420330264173236, 463866247378689703], [443667755326800348, 934787930118675060]]"
fixed,uniform,10000,13334,0.75,1,17,0.012686041001870763,1.2686041001870762e-06,0.0035435000027064234,7.087000005412846e-07,6514,1.3028,5,0.715989200539973,7051,6283,0.8036333376337109,2496,9547,,
universal,uniform,10000,13334,0.75,3,17,0.024331082997377962,2.4331082997377964e-06,0.009092624997720122,1.8185249995440245e-06,10670,2.134,6,0.715989200539973,6698,6636,0.867450983700468,2849,9547,2.305843009213694e+18,"[[195095767942445094, 1500048066919629750], [1059562453095694534, 313986444720046481], [691564608163384468, 53651072377497930]]"
fixed,uniform,10000,13334,0.75,1,18,0.01287666699863621,1.287666699863621e-06,0.003364457999850856,6.728915999701713e-07,6550,1.31,5,0.7115644217789111,6968,6366,0.8119530738117956,2520,9488,,
universal,uniform,10000,13334,0.75,3,18,0.024250250000477536,2.4250250000477537e-06,0.008972833998996066,1.7945667997992132e-06,10158,2.0316,5,0.7115644217789111,6854,6480,0.8331062682271806,2634,9488,2.305843009213694e+18,"[[653524007492807808, 355415340864572460], [529539352426941228, 1114891161808553618], [2041277660056489008, 2248875904457507991]]"
fixed,uniform,10000,13334,0.75,1,19,0.012493665999500081,1.2493665999500081e-06,0.0034001669991994277,6.800333998398856e-07,6533,1.3066,5,0.7136643167841608,7074,6260,0.7992970870205136,2442,9516,,
universal,uniform,10000,13334,0.75,3,19,0.02409895799792139,2.409895799792139e-06,0.009214624999003718,1.8429249998007436e-06,10079,2.0158,7,0.7136643167841608,6780,6554,0.8471256671925032,2736,9516,2.305843009213694e+18,"[[418983635330710152, 499844581152741729], [2091481658804620576, 676363097439722673], [1853845312400714918, 63921434307813850]]"
fixed,uniform,10000,13334,0.75,1,20,0.012425000000803266,1.2425000000803266e-06,0.0033381659995939117,6.676331999187824e-07,6469,1.2938,6,0.7115644217789111,7077,6257,0.7940209279360506,2411,9488,,
universal,uniform,10000,13334,0.75,3,20,0.023805583001376363,2.380558300137636e-06,0.009006166001199745,1.801233200239949e-06,10223,2.0446,6,0.7115644217789111,6801,6533,0.8397413287359194,2687,9488,2.305843009213694e+18,"[[1326467972949138173, 150235521510768009], [1878749678761878296, 2057856258604839518], [714528426559143356, 1546845777023972402]]"
fixed,uniform,10000,13334,0.75,1,21,0.012356584000372095,1.2356584000372095e-06,0.0035886249970644712,7.177249994128942e-07,6512,1.3024,5,0.7123893805309734,7039,6295,0.7993553947543389,2460,9499,,
universal,uniform,10000,13334,0.75,3,21,0.024231667001004098,2.4231667001004097e-06,0.008854250001604669,1.7708500003209337e-06,10100,2.02,5,0.7123893805309734,6844,6490,0.833256430975023,2655,9499,2.305843009213694e+18,"[[1024322815512585445, 2145571529822921201], [583220317473756343, 1521440433806999588], [891688296819238137, 181082232511610579]]"
fixed,uniform,10000,13334,0.75,1,22,0.012539792001916794,1.2539792001916794e-06,0.0033549159998074174,6.709831999614835e-07,6546,1.3092,5,0.7132893355332234,6990,6344,0.8103919101140907,2521,9511,,
universal,uniform,10000,13334,0.75,3,22,0.024155915998562705,2.4155915998562706e-06,0.008916375001717824,1.783275000343565e-06,10013,2.0026,6,0.7132893355332234,6869,6465,0.8313142189113785,2642,9511,2.305843009213694e+18,"[[287886780813115929, 1413457234261051687], [1236295213923302512, 1583790892526252416], [469264712334336849, 619461346342472605]]"
fixed,uniform,10000,13334,0.75,1,23,0.012614125000254717,1.2614125000254717e-06,0.003405415998713579,6.810831997427158e-07,6504,1.3008,6,0.7149392530373482,7062,6272,0.7997995521338096,2471,9533,,
universal,uniform,10000,13334,0.75,3,23,0.02403879199846415,2.403879199846415e-06,0.008949749997555045,1.789949999511009e-06,10159,2.0318,6,0.7149392530373482,6940,6394,0.8264545699563963,2593,9533,2.305843009213694e+18,"[[666030003530279332, 1185754838603315180], [507164280403988863, 1057119984642882112], [1021713661893975990, 2137083730657759889]]"
fixed,uniform,10000,13334,0.75,1,24,0.012547250000352506,1.2547250000352506e-06,0.003427499999816064,6.854999999632128e-07,6544,1.3088,6,0.715389230538473,7011,6323,0.8090024323172571,2528,9539,,
universal,uniform,10000,13334,0.75,3,24,0.02404216700233519,2.404216700233519e-06,0.008773333000135608,1.7546666000271217e-06,10235,2.047,5,0.715389230538473,6840,6494,0.8379633348867254,2699,9539,2.305843009213694e+18,"[[719391770955253926, 2130106160647316609], [1814591772010625413, 678012837864961736], [2256121436648175771, 1806161501175307684]]"
fixed,uniform,10000,13334,0.75,1,25,0.01240529200003948,1.240529200003948e-06,0.003442166998866014,6.884333997732029e-07,6533,1.3066,5,0.7114894255287235,6994,6340,0.8041766917121512,2493,9487,,
universal,uniform,10000,13334,0.75,3,25,0.023878709002019605,2.3878709002019605e-06,0.008944457997131394,1.788891599426279e-06,10558,2.1116,6,0.7114894255287235,6757,6577,0.8458112772154565,2730,9487,2.305843009213694e+18,"[[267692963849940753, 941673545738002381], [1078297968137412989, 615313745506248579], [1375102846946731697, 1124764272089465404]]"
fixed,uniform,10000,13334,0.75,1,26,0.012536791997263208,1.2536791997263208e-06,0.0034173330022895243,6.834666004579048e-07,6521,1.3042,5,0.7130643467826608,7058,6276,0.8031074431425866,2450,9508,,
universal,uniform,10000,13334,0.75,3,26,0.024283624999952735,2.4283624999952734e-06,0.00903495799866505,1.80699159973301e-06,10092,2.0184,5,0.7130643467826608,6887,6447,0.829023190469825,2621,9508,2.305843009213694e+18,"[[1075367493781816306, 1590101887495472611], [1902892487837865007, 1154722482783782897], [1398969667391390162, 561164263128564704]]"
fixed,uniform,10000,13334,0.75,1,27,0.012619290999282384,1.2619290999282384e-06,0.003426957999181468,6.853915998362936e-07,6588,1.3176,5,0.7150142492875357,7059,6275,0.7973376158712591,2475,9534,,
universal,uniform,10000,13334,0.75,3,27,0.024322499997651903,2.4322499997651905e-06,0.009203292000165675,1.840658400033135e-06,10612,2.1224,6,0.7150142492875357,6551,6783,0.8918179713833106,2983,9534,2.305843009213694e+18,"[[86018572855962195, 1847883699258444581], [153743650771889609, 794633789185287595], [2121092647333014343, 2013162642849706046]]"
fixed,uniform,10000,13334,0.75,1,28,0.012555375000374625,1.2555375000374625e-06,0.003434665999520803,6.869331999041605e-07,6548,1.3096,6,0.7138143092845358,6985,6349,0.8080290896785498,2533,9518,,
universal,uniform,10000,13334,0.75,3,28,0.02390700000250945,2.3907000002509448e-06,0.008947999998781597,1.7895999997563194e-06,10167,2.0334,6,0.7138143092845358,6828,6506,0.8359477943517107,2690,9518,2.305843009213694e+18,"[[273089160051860230, 1621121173616640907], [1037773347474994553, 742865219208374151], [246540013351488701, 1890370731478794172]]"
fixed,uniform,10000,13334,0.75,1,29,0.012447000000975095,1.2447000000975095e-06,0.0035674169994308613,7.134833998861723e-07,6478,1.2956,5,0.7117894105294735,7030,6304,0.8007330667442482,2461,9491,,
universal,uniform,10000,13334,0.75,3,29,0.02439816699916264,2.439816699916264e-06,0.008955959001468727,1.7911918002937455e-06,10160,2.032,5,0.7117894105294735,6891,6443,0.8279017041824881,2600,9491,2.305843009213694e+18,"[[1172432318357405658, 1841538480035479711], [610889197299678937, 356910957590253921], [1744744512350649053, 459482189801702091]]"
fixed,sorted,10000,13334,0.75,1,0,0.012835833000281127,1.2835833000281127e-06,0.0032851670002855826,6.570334000571165e-07,5000,1.0,1,0.7499625018749062,10000,3334,0.4330343492800975,0,10000,,
universal,sorted,10000,13334,0.75,3,0,0.024353624998184387,2.435362499818439e-06,0.00883195899950806,1.766391799901612e-06,9148,1.8296,5,0.7499625018749062,7599,5735,0.7729477674340364,2401,10000,2.305843009213694e+18,"[[256711980439665054, 1709899044117486289], [564682175042572888, 321752549611034334], [236337776990707882, 1707863537360842093]]"
fixed,sorted,10000,13334,0.75,1,1,0.012871999999333639,1.2871999999333639e-06,0.003409874996577855,6.819749993155711e-07,5000,1.0,1,0.7499625018749062,10000,3334,0.4330343492800975,0,10000,,
universal,sorted,10000,13334,0.75,3,1,0.024257166998722823,2.425716699872282e-06,0.008726292002393166,1.745258400478633e-06,8938,1.7876,4,0.7499625018749062,7715,5619,0.7519972397564969,2285,10000,2.305843009213694e+18,"[[659665203979258006, 1758630025113616856], [2212240429613108902, 852878681887507335], [1610489816920689347, 222016741360720591]]"
fixed,sorted,10000,13334,0.75,1,2,0.012793458001397084,1.2793458001397084e-06,0.003295792001154041,6.591584002308082e-07,5000,1.0,1,0.7499625018749062,10000,3334,0.4330343492800975,0,10000,,
universal,sorted,10000,13334,0.75,3,2,0.02426495800318662,2.4264958003186623e-06,0.009073999997781357,1.8147999995562714e-06,11569,2.3138,6,0.7499625018749062,6993,6341,0.8775475024822671,3007,10000,2.305843009213694e+18,"[[1199085610155232937, 1617812241682181496], [268989063807004320, 875226211544593835], [667698580330647039, 518091674429352682]]"
fixed,sorted,10000,13334,0.75,1,3,0.012854791999416193,1.2854791999416193e-06,0.003285916998720495,6.57183399744099e-07,5000,1.0,1,0.7499625018749062,10000,3334,0.4330343492800975,0,10000,,
universal,sorted,10000,13334,0.75,3,3,0.02429058299821918,2.4290582998219178e-06,0.00881587500043679,1.763175000087358e-06,9067,1.8134,4,0.7499625018749062,7431,5903,0.7940066758307245,2569,10000,2.305843009213694e+18,"[[963130306873368709, 594124941275654819], [699113413627218811, 49790444920847614], [1116618126344352917, 264798812748597129]]"
fixed,sorted,10000,13334,0.75,1,4,0.012853874999564141,1.2853874999564142e-06,0.0035193330004403833,7.038666000880766e-07,5000,1.0,1,0.7499625018749062,10000,3334,0.4330343492800975,0,10000,,
universal,sorted,10000,13334,0.75,3,4,0.024553208000725135,2.4553208000725137e-06,0.008936957998230355,1.787391599646071e-06,9712,1.9424,5,0.7499625018749062,7286,6048,0.8186541478934356,2714,10000,2.305843009213694e+18,"[[176127807941085543, 92145436972157049], [1353304280071655414, 2046636642761636536], [1463118878522575776, 350413271360474182]]"
fixed,sorted,10000,13334,0.75,1,5,0.012910916997498134,1.2910916997498133e-06,0.003247374999773456,6.494749999546912e-07,5000,1.0,1,0.7499625018749062,10000,3334,0.4330343492800975,0,10000,,
universal,sorted,10000,13334,0.75,3,5,0.02428416700058733,2.428416700058733e-06,0.00883129100111546,1.766258200223092e-06,9130,1.826,4,0.7499625018749062,7489,5845,0.7868908207214222,2511,10000,2.305843009213694e+18,"[[144173240364996770, 1276607102766329742], [1316153465216681486, 593588258721341972], [891339916669062610, 1419387771326649839]]"
fixed,sorted,10000,13334,0.75,1,6,0.012961166998138651,1.2961166998138651e-06,0.0033091250006691553,6.61825000133831e-07,5000,1.0,1,0.7499625018749062,10000,3334,0.4330343492800975,0,10000,,
universal,sorted,10000,13334,0.75,3,6,0.024468541996611748,2.4468541996611747e-06,0.009004291001474485,1.800858200294897e-06,10881,2.1762,5,0.7499625018749062,7142,6192,0.8526674448489546,2858,10000,2.305843009213694e+18,"[[727386515324539458, 1284136067485901726], [1233138577490571038, 1828907452299493987], [1165171476919621068, 1646066583754636611]]"
fixed,sorted,10000,13334,0.75,1,7,0.012954833997355308,1.2954833997355307e-06,0.003394625000510132,6.789250001020264e-07,5000,1.0,1,0.7499625018749062,10000,3334,0.4330343492800975,0,10000,,
universal,sorted,10000,13334,0.75,3,7,0.024394041000050493,2.439404100005049e-06,0.00912400000015623,1.8248000000312459e-06,9447,1.8894,4,0.7499625018749062,7373,5961,0.8071217698193095,2627,10000,2.305843009213694e+18,"[[793970665397899006, 2152094108188559335], [745929175751854539, 1278256298576207987], [1862522474300937406, 1567653588555493210]]"
fixed,sorted,10000,13334,0.75,1,8,0.013010791000851896,1.3010791000851896e-06,0.00327145800110884,6.54291600221768e-07,5000,1.0,1,0.7499625018749062,10000,3334,0.4330343492800975,0,10000,,
universal,sorted,10000,13334,0.75,3,8,0.024431249999906868,2.443124999990687e-06,0.008929791998525616,1.785958399705123e-06,10577,2.1154,5,0.7499625018749062,7105,6229,0.859064155946818,2895,10000,2.305843009213694e+18,"[[1973099216186019426, 839551891445904909], [2054075847285760178, 1596895736779450158], [1768356806526079850, 761040643918656312]]"
fixed,sorted,10000,13334,0.75,1,9,0.012738249999529216,1.2738249999529217e-06,0.0034605000000738073,6.921000000147615e-07,5000,1.0,1,0.7499625018749062,10000,3334,0.4330343492800975,0,10000,,
universal,sorted,10000,13334,0.75,3,9,0.024542790997656994,2.454279099765699e-06,0.009089916002267273,1.8179832004534547e-06,12095,2.419,6,0.7499625018749062,7058,6276,0.8785724381730652,2942,10000,2.305843009213694e+18,"[[1933427113282973200, 1273492775044695229], [567420718719220919, 2291110579130834537], [1919842552580472723, 589921478534064354]]"
fixed,sorted,10000,13334,0.75,1,10,0.012721332997898571,1.2721332997898572e-06,0.0033243339967157226,6.648667993431445e-07,5000,1.0,1,0.7499625018749062,10000,3334,0.4330343492800975,0,10000,,
universal,sorted,10000,13334,0.75,3,10,0.024571166999521665,2.4571166999521665e-06,0.00886608300061198,1.773216600122396e-06,9661,1.9322,5,0.7499625018749062,7094,6240,0.8588022161892072,2906,10000,2.305843009213694e+18,"[[618696799174358726, 2029214271970554437], [1181946042011416434, 1971785935387254006], [855518877651879508, 78523067754061221]]"
fixed,sorted,10000,13334,0.75,1,11,0.012880582999059698,1.2880582999059697e-06,0.003566249997675186,7.132499995350372e-07,5000,1.0,1,0.7499625018749062,10000,3334,0.4330343492800975,0,10000,,
universal,sorted,10000,13334,0.75,3,11,0.024939541999629,2.4939541999629e-06,0.009156542000710033,1.8313084001420065e-06,14250,2.85,9,0.7499625018749062,6369,6965,1.04569280858258,3631,10000,2.305843009213694e+18,"[[1967359095987829717, 498185230560009946], [1157680175712590001, 1113020793331031894], [1655376568515428791, 831730782862272696]]"
fixed,sorted,10000,13334,0.75,1,12,0.012863334002759075,1.2863334002759075e-06,0.0033246669991058297,6.649333998211659e-07,5000,1.0,1,0.7499625018749062,10000,3334,0.4330343492800975,0,10000,,
universal,sorted,10000,13334,0.75,3,12,0.02431662500021048,2.4316625000210478e-06,0.00908437500038417,1.816875000076834e-06,12567,2.5134,9,0.7499625018749062,6230,7104,1.0247563697352433,3770,10000,2.305843009213694e+18,"[[2258536001366688123, 1012121370449003109], [686970057059376321, 2051824648104402063], [1124175962628406669, 504983195232581899]]"
fixed,sorted,10000,13334,0.75,1,13,0.012882666997029446,1.2882666997029446e-06,0.0033152920004795305,6.630584000959061e-07,5000,1.0,1,0.7499625018749062,10000,3334,0.4330343492800975,0,10000,,
universal,sorted,10000,13334,0.75,3,13,0.024094500000501284,2.4094500000501285e-06,0.008867915999871911,1.7735831999743822e-06,9585,1.917,6,0.7499625018749062,7184,6150,0.8448919643790245,2816,10000,2.305843009213694e+18,"[[2277903568736387890, 452514279465990313], [2303280692498563247, 697951185415921787], [183691764838410618, 423743168849403417]]"
fixed,sorted,10000,13334,0.75,1,14,0.012845083001593594,1.2845083001593593e-06,0.0033352079990436323,6.670415998087265e-07,5000,1.0,1,0.7499625018749062,10000,3334,0.4330343492800975,0,10000,,
universal,sorted,10000,13334,0.75,3,14,0.024598791998869274,2.4598791998869273e-06,0.00911791700127651,1.823583400255302e-06,12857,2.5714,6,0.7499625018749062,6768,6566,0.9303949923831962,3232,10000,2.305843009213694e+18,"[[1956076132499880650, 26508845497723367], [1505952038662606745, 694384076709536977], [1251442079079685814, 2146666122401106131]]"
fixed,sorted,10000,13334,0.75,1,15,0.012903499999083579,1.2903499999083579e-06,0.003300791999208741,6.601583998417482e-07,5000,1.0,1,0.7499625018749062,10000,3334,0.4330343492800975,0,10000,,
universal,sorted,10000,13334,0.75,3,15,0.024301542001921916,2.4301542001921917e-06,0.008804583001619903,1.7609166003239806e-06,9062,1.8124,4,0.7499625018749062,7506,5828,0.7866048475788263,2494,10000,2.305843009213694e+18,"[[847978861133403702, 1395714462194184430], [518482636670340538, 740682746084312398], [1100716632290196263, 2269261073193213249]]"
fixed,sorted,10000,13334,0.75,1,16,0.012883874998806277,1.2883874998806276e-06,0.0035448329981591087,7.089665996318218e-07,5000,1.0,1,0.7499625018749062,10000,3334,0.4330343492800975,0,10000,,
universal,sorted,10000,13334,0.75,3,16,0.024855374998878688,2.4855374998878688e-06,0.00942974999998114,1.885949999996228e-06,13741,2.7482,7,0.7499625018749062,6070,7264,1.013645278071344,3930,10000,2.305843009213694e+18,"[[454612962106966139, 1702438209959121919], [2265420330264173236, 463866247378689703], [443667755326800348, 934787930118675060]]"
fixed,sorted,10000,13334,0.75,1,17,0.01287620899893227,1.287620899893227e-06,0.0033500419995107222,6.700083999021444e-07,5000,1.0,1,0.7499625018749062,10000,3334,0.4330343492800975,0,10000,,
universal,sorted,10000,13334,0.75,3,17,0.02454345800288138,2.454345800288138e-06,0.008997791999718174,1.7995583999436348e-06,10002,2.0004,5,0.7499625018749062,7316,6018,0.8145213019597787,2684,10000,2.305843009213694e+18,"[[195095767942445094, 1500048066919629750], [1059562453095694534, 313986444720046481], [691564608163384468, 53651072377497930]]"
fixed,sorted,10000,13334,0.75,1,18,0.012873291998403147,1.2873291998403148e-06,0.00326258299901383,6.52516599802766e-07,5000,1.0,1,0.7499625018749062,10000,3334,0.4330343492800975,0,10000,,
universal,sorted,10000,13334,0.75,3,18,0.02472437499818625,2.4724374998186247e-06,0.008987250002974179,1.7974500005948357e-06,11461,2.2922,7,0.7499625018749062,6623,6711,0.9296692472854811,3377,10000,2.305843009213694e+18,"[[653524007492807808, 355415340864572460], [529539352426941228, 1114891161808553618], [2041277660056489008, 2248875904457507991]]"
fixed,sorted,10000,13334,0.75,1,19,0.012925249997351784,1.2925249997351785e-06,0.0032770420002634637,6.554084000526927e-07,5000,1.0,1,0.7499625018749062,10000,3334,0.4330343492800975,0,10000,,
universal,sorted,10000,13334,0.75,3,19,0.02444320799986599,2.444320799986599e-06,0.008990874997834908,1.7981749995669817e-06,8874,1.7748,4,0.7499625018749062,7621,5713,0.7658320956018281,2379,10000,2.305843009213694e+18,"[[418983635330710152, 499844581152741729], [2091481658804620576, 676363097439722673], [1853845312400714918, 63921434307813850]]"
fixed,sorted,10000,13334,0.75,1,20,0.01284483299968997,1.284483299968997e-06,0.0033077500011131633,6.615500002226327e-07,5000,1.0,1,0.7499625018749062,10000,3334,0.4330343492800975,0,10000,,
universal,sorted,10000,13334,0.75,3,20,0.024436083000182407,2.4436083000182407e-06,0.008914375001040753,1.7828750002081506e-06,9504,1.9008,4,0.7499625018749062,7244,6090,0.8274018938213311,2756,10000,2.305843009213694e+18,"[[1326467972949138173, 150235521510768009], [1878749678761878296, 2057856258604839518], [714528426559143356, 1546845777023972402]]"
fixed,sorted,10000,13334,0.75,1,21,0.012886791002529208,1.2886791002529207e-06,0.003522666000208119,7.045332000416238e-07,5000,1.0,1,0.7499625018749062,10000,3334,0.4330343492800975,0,10000,,
universal,sorted,10000,13334,0.75,3,21,0.024533290998078883,2.4533290998078882e-06,0.008829584003251512,1.7659168006503024e-06,9270,1.854,4,0.7499625018749062,7505,5829,0.783930734327982,2495,10000,2.305843009213694e+18,"[[1024322815512585445, 2145571529822921201], [583220317473756343, 1521440433806999588], [891688296819238137, 181082232511610579]]"
fixed,sorted,10000,13334,0.75,1,22,0.012822500000766013,1.2822500000766013e-06,0.0032622079997963738,6.524415999592748e-07,5000,1.0,1,0.7499625018749062,10000,3334,0.4330343492800975,0,10000,,
universal,sorted,10000,13334,0.75,3,22,0.024387333000049694,2.4387333000049693e-06,0.008890125001926208,1.7780250003852416e-06,9884,1.9768,6,0.7499625018749062,7105,6229,0.8551266347832609,2895,10000,2.305843009213694e+18,"[[287886780813115929, 1413457234261051687], [1236295213923302512, 1583790892526252416], [469264712334336849, 619461346342472605]]"
fixed,sorted,10000,13334,0.75,1,23,0.012975124998774845,1.2975124998774846e-06,0.003399042001547059,6.798084003094118e-07,5000,1.0,1,0.7499625018749062,10000,3334,0.4330343492800975,0,10000,,
universal,sorted,10000,13334,0.75,3,23,0.024418082997726742,2.4418082997726743e-06,0.008873374998074723,1.7746749996149446e-06,9109,1.8218,4,0.7499625018749062,7542,5792,0.7790364424755013,2458,10000,2.305843009213694e+18,"[[666030003530279332, 1185754838603315180], [507164280403988863, 1057119984642882112], [1021713661893975990, 2137083730657759889]]"
fixed,sorted,10000,13334,0.75,1,24,0.012818833001801977,1.2818833001801977e-06,0.0033395419995940756,6.679083999188151e-07,5000,1.0,1,0.7499625018749062,10000,3334,0.4330343492800975,0,10000,,
universal,sorted,10000,13334,0.75,3,24,0.02430975000243052,2.430975000243052e-06,0.008968792000814574,1.7937584001629147e-06,10613,2.1226,5,0.7499625018749062,7054,6280,0.852579485446882,2946,10000,2.305843009213694e+18,"[[719391770955253926, 2130106160647316609], [1814591772010625413, 678012837864961736], [2256121436648175771, 1806161501175307684]]"
fixed,sorted,10000,13334,0.75,1,25,0.012879375000920845,1.2879375000920846e-06,0.003301708999060793,6.603417998121585e-07,5000,1.0,1,0.7499625018749062,10000,3334,0.4330343492800975,0,10000,,
universal,sorted,10000,13334,0.75,3,25,0.024383707997913007,2.4383707997913006e-06,0.008866291002050275,1.773258200410055e-06,9700,1.94,5,0.7499625018749062,7405,5929,0.8042361492774558,2595,10000,2.305843009213694e+18,"[[267692963849940753, 941673545738002381], [1078297968137412989, 615313745506248579], [1375102846946731697, 1124764272089465404]]"
fixed,sorted,10000,13334,0.75,1,26,0.012923334001243347,1.2923334001243348e-06,0.0034623329993337393,6.924665998667479e-07,5000,1.0,1,0.7499625018749062,10000,3334,0.4330343492800975,0,10000,,
universal,sorted,10000,13334,0.75,3,26,0.02454099999886239,2.4540999998862387e-06,0.009107292000408052,1.8214584000816103e-06,9904,1.9808,5,0.7499625018749062,7381,5953,0.8051681245605665,2619,10000,2.305843009213694e+18,"[[1075367493781816306, 1590101887495472611], [1902892487837865007, 1154722482783782897], [1398969667391390162, 561164263128564704]]"
fixed,sorted,10000,13334,0.75,1,27,0.01295508299881476,1.295508299881476e-06,0.003303334000520408,6.606668001040816e-07,5000,1.0,1,0.7499625018749062,10000,3334,0.4330343492800975,0,10000,,
universal,sorted,10000,13334,0.75,3,27,0.025136874999589054,2.5136874999589055e-06,0.009219958999892697,1.8439917999785393e-06,13883,2.7766,13,0.7499625018749062,5926,7408,1.3862113996398946,4074,10000,2.305843009213694e+18,"[[86018572855962195, 1847883699258444581], [153743650771889609, 794633789185287595], [2121092647333014343, 2013162642849706046]]"
fixed,sorted,10000,13334,0.75,1,28,0.012873624997155275,1.2873624997155274e-06,0.003465541001787642,6.931082003575285e-07,5000,1.0,1,0.7499625018749062,10000,3334,0.4330343492800975,0,10000,,
universal,sorted,10000,13334,0.75,3,28,0.024717707998206606,2.4717707998206604e-06,0.008878332999302074,1.7756665998604149e-06,10127,2.0254,5,0.7499625018749062,7137,6197,0.8463110016289794,2863,10000,2.305843009213694e+18,"[[273089160051860230, 1621121173616640907], [1037773347474994553, 742865219208374151], [246540013351488701, 1890370731478794172]]"
fixed,sorted,10000,13334,0.75,1,29,0.012848667000071146,1.2848667000071145e-06,0.0033309999998891726,6.661999999778345e-07,5000,1.0,1,0.7499625018749062,10000,3334,0.4330343492800975,0,10000,,
universal,sorted,10000,13334,0.75,3,29,0.024498374998074723,2.4498374998074723e-06,0.008821459003229393,1.7642918006458786e-06,8879,1.7758,5,0.7499625018749062,7556,5778,0.7783622750379544,2444,10000,2.305843009213694e+18,"[[1172432318357405658, 1841538480035479711], [610889197299678937, 356910957590253921], [1744744512350649053, 459482189801702091]]"
fixed,adversarial,10000,13334,0.75,1,0,0.34139820900236373,3.413982090023637e-05,1.4006169169988425,0.0002801233833997685,25065234,5013.0468,10000,0.7499625018749062,1,13333,86.59712798352405,9999,10000,,
universal,adversarial,10000,13334,0.75,3,0,0.02445395800168626,2.445395800168626e-06,0.009114250002312474,1.8228500004624949e-06,8834,1.7668,3,0.7499625018749062,7656,5678,0.7548838527298519,2344,10000,2.305843009213694e+18,"[[256711980439665054, 1709899044117486289], [564682175042572888, 321752549611034334], [236337776990707882, 1707863537360842093]]"
fixed,adversarial,10000,13334,0.75,1,1,0.3438988749985583,3.438988749985583e-05,1.3975284580010339,0.0002795056916002068,25038251,5007.6502,10000,0.7499625018749062,1,13333,86.59712798352405,9999,10000,,
universal,adversarial,10000,13334,0.75,3,1,0.024637292000988964,2.4637292000988965e-06,0.009341416000097524,1.8682832000195049e-06,9896,1.9792,6,0.7499625018749062,7316,6018,0.8160850592019362,2684,10000,2.305843009213694e+18,"[[659665203979258006, 1758630025113616856], [2212240429613108902, 852878681887507335], [1610489816920689347, 222016741360720591]]"
fixed,adversarial,10000,13334,0.75,1,2,0.3416894580004737,3.4168945800047366e-05,1.3940860830007296,0.0002788172166001459,24997385,4999.477,10000,0.7499625018749062,1,13333,86.59712798352405,9999,10000,,
universal,adversarial,10000,13334,0.75,3,2,0.0243326670024544,2.43326670024544e-06,0.009347915998660028,1.8695831997320057e-06,10257,2.0514,5,0.7499625018749062,7212,6122,0.8396385376756612,2788,10000,2.305843009213694e+18,"[[1199085610155232937, 1617812241682181496], [268989063807004320, 875226211544593835], [667698580330647039, 518091674429352682]]"
fixed,adversarial,10000,13334,0.75,1,3,0.3425512920002802,3.4255129200028026e-05,1.3943718330010597,0.00027887436660021197,24999873,4999.9746,10000,0.7499625018749062,1,13333,86.59712798352405,9999,10000,,
universal,adversarial,10000,13334,0.75,3,3,0.024498916001903126,2.4498916001903127e-06,0.009224790999724064,1.8449581999448127e-06,8886,1.7772,4,0.7499625018749062,7678,5656,0.755678219293943,2322,10000,2.305843009213694e+18,"[[963130306873368709, 594124941275654819], [699113413627218811, 49790444920847614], [1116618126344352917, 264798812748597129]]"
fixed,adversarial,10000,13334,0.75,1,4,0.341141458000493,3.41141458000493e-05,1.4045379589988443,0.00028090759179976886,25210272,5042.0544,10000,0.7499625018749062,1,13333,86.59712798352405,9999,10000,,
universal,adversarial,10000,13334,0.75,3,4,0.02454908299841918,2.454908299841918e-06,0.00943537499915692,1.887074999831384e-06,10661,2.1322,5,0.7499625018749062,7265,6069,0.8273112482003072,2735,10000,2.305843009213694e+18,"[[176127807941085543, 92145436972157049], [1353304280071655414, 2046636642761636536], [1463118878522575776, 350413271360474182]]"
fixed,adversarial,10000,13334,0.75,1,5,0.34068445800221525,3.4068445800221526e-05,1.3786153750006633,0.0002757230750001327,24761707,4952.3414,10000,0.7499625018749062,1,13333,86.59712798352405,9999,10000,,
universal,adversarial,10000,13334,0.75,3,5,0.024609957999928156,2.4609957999928157e-06,0.009218416002113372,1.8436832004226744e-06,8832,1.7664,4,0.7499625018749062,7621,5713,0.7657341615427071,2379,10000,2.305843009213694e+18,"[[144173240364996770, 1276607102766329742], [1316153465216681486, 593588258721341972], [891339916669062610, 1419387771326649839]]"
fixed,adversarial,10000,13334,0.75,1,6,0.3420310410001548,3.420310410001548e-05,1.400162416000967,0.0002800324832001934,25075838,5015.1676,10000,0.7499625018749062,1,13333,86.59712798352405,9999,10000,,
universal,adversarial,10000,13334,0.75,3,6,0.024727500000153668,2.4727500000153666e-06,0.00940291600272758,1.8805832005455158e-06,9747,1.9494,6,0.7499625018749062,7086,6248,0.8570539052615035,2914,10000,2.305843009213694e+18,"[[727386515324539458, 1284136067485901726], [1233138577490571038, 1828907452299493987], [1165171476919621068, 1646066583754636611]]"
fixed,adversarial,10000,13334,0.75,1,7,0.34018454200122505,3.4018454200122505e-05,1.394711708999239,0.00027894234179984777,25003343,5000.6686,10000,0.7499625018749062,1,13333,86.59712798352405,9999,10000,,
universal,adversarial,10000,13334,0.75,3,7,0.024973125000542495,2.4973125000542497e-06,0.010272250001435168,2.0544500002870335e-06,25241,5.0482,14,0.7499625018749062,5936,7398,1.2737727421890779,4064,10000,2.305843009213694e+18,"[[793970665397899006, 2152094108188559335], [745929175751854539, 1278256298576207987], [1862522474300937406, 1567653588555493210]]"
fixed,adversarial,10000,13334,0.75,1,8,0.3410816249997879,3.410816249997879e-05,1.3912488329988264,0.0002782497665997653,24955414,4991.0828,10000,0.7499625018749062,1,13333,86.59712798352405,9999,10000,,
universal,adversarial,10000,13334,0.75,3,8,0.024729374999878928,2.4729374999878927e-06,0.009376875001180451,1.8753750002360903e-06,10035,2.007,6,0.7499625018749062,6893,6441,0.9090306962657986,3107,10000,2.305843009213694e+18,"[[1973099216186019426, 839551891445904909], [2054075847285760178, 1596895736779450158], [1768356806526079850, 761040643918656312]]"
fixed,adversarial,10000,13334,0.75,1,9,0.34245412499876693,3.424541249987669e-05,1.3989269999983662,0.00027978539999967325,25084442,5016.8884,10000,0.7499625018749062,1,13333,86.59712798352405,9999,10000,,
universal,adversarial,10000,13334,0.75,3,9,0.024613417001091875,2.4613417001091873e-06,0.009334624999610242,1.8669249999220483e-06,9552,1.9104,5,0.7499625018749062,7121,6213,0.8532829067828969,2879,10000,2.305843009213694e+18,"[[1933427113282973200, 1273492775044695229], [567420718719220919, 2291110579130834537], [1919842552580472723, 589921478534064354]]"
fixed,adversarial,10000,13334,0.75,1,10,0.3405392919994483,3.405392919994483e-05,1.3754970000009052,0.00027509940000018104,24717651,4943.5302,10000,0.7499625018749062,1,13333,86.59712798352405,9999,10000,,
universal,adversarial,10000,13334,0.75,3,10,0.024476499998854706,2.4476499998854707e-06,0.009773249999852851,1.9546499999705703e-06,9788,1.9576,5,0.7499625018749062,7185,6149,0.8371338506712194,2815,10000,2.305843009213694e+18,"[[618696799174358726, 2029214271970554437], [1181946042011416434, 1971785935387254006], [855518877651879508, 78523067754061221]]"
fixed,adversarial,10000,13334,0.75,1,11,0.3406975420002709,3.406975420002709e-05,1.4003700419998495,0.0002800740083999699,25101968,5020.3936,10000,0.7499625018749062,1,13333,86.59712798352405,9999,10000,,
universal,adversarial,10000,13334,0.75,3,11,0.02425987499736948,2.425987499736948e-06,0.009518750001006993,1.9037500002013986e-06,11359,2.2718,5,0.7499625018749062,7002,6332,0.8705114784321435,2998,10000,2.305843009213694e+18,"[[1967359095987829717, 498185230560009946], [1157680175712590001, 1113020793331031894], [1655376568515428791, 831730782862272696]]"
fixed,adversarial,10000,13334,0.75,1,12,0.34189975000117556,3.4189975000117556e-05,1.3824317079997854,0.0002764863415999571,24764253,4952.8506,10000,0.7499625018749062,1,13333,86.59712798352405,9999,10000,,
universal,adversarial,10000,13334,0.75,3,12,0.02472683299856726,2.472683299856726e-06,0.009238791000825586,1.8477582001651171e-06,9074,1.8148,4,0.7499625018749062,7620,5714,0.7690569232288739,2380,10000,2.305843009213694e+18,"[[2258536001366688123, 1012121370449003109], [686970057059376321, 2051824648104402063], [1124175962628406669, 504983195232581899]]"
fixed,adversarial,10000,13334,0.75,1,13,0.34057195800050977,3.4057195800050973e-05,1.373547958999552,0.0002747095917999104,24695031,4939.0062,10000,0.7499625018749062,1,13333,86.59712798352405,9999,10000,,
universal,adversarial,10000,13334,0.75,3,13,0.02452787500078557,2.4527875000785572e-06,0.009434667001187336,1.886933400237467e-06,9165,1.833,4,0.7499625018749062,7541,5793,0.7795176336727476,2459,10000,2.305843009213694e+18,"[[2277903568736387890, 452514279465990313], [2303280692498563247, 697951185415921787], [183691764838410618, 423743168849403417]]"
fixed,adversarial,10000,13334,0.75,1,14,0.3421690420000232,3.421690420000232e-05,1.4237070410017623,0.00028474140820035246,25343526,5068.7052,10000,0.7499625018749062,1,13333,86.59712798352405,9999,10000,,
universal,adversarial,10000,13334,0.75,3,14,0.024527500001568114,2.4527500001568116e-06,0.00919525000063004,1.839050000126008e-06,9790,1.958,6,0.7499625018749062,7068,6266,0.8629837116362584,2932,10000,2.305843009213694e+18,"[[1956076132499880650, 26508845497723367], [1505952038662606745, 694384076709536977], [1251442079079685814, 2146666122401106131]]"
fixed,adversarial,10000,13334,0.75,1,15,0.34017729200058966,3.401772920005897e-05,1.407316124998033,0.0002814632249996066,25202685,5040.537,10000,0.7499625018749062,1,13333,86.59712798352405,9999,10000,,
universal,adversarial,10000,13334,0.75,3,15,0.024432333000731887,2.4432333000731886e-06,0.009316833999037044,1.863366799807409e-06,11357,2.2714,6,0.7499625018749062,7027,6307,0.8641127177945986,2973,10000,2.305843009213694e+18,"[[847978861133403702, 1395714462194184430], [518482636670340538, 740682746084312398], [1100716632290196263, 2269261073193213249]]"
fixed,adversarial,10000,13334,0.75,1,16,0.3407465409982251,3.407465409982251e-05,1.3837951250025071,0.0002767590250005014,24851031,4970.2062,10000,0.7499625018749062,1,13333,86.59712798352405,9999,10000,,
universal,adversarial,10000,13334,0.75,3,16,0.024340375002793735,2.4340375002793735e-06,0.00958554200042272,1.917108400084544e-06,9193,1.8386,4,0.7499625018749062,7451,5883,0.7923046991259155,2549,10000,2.305843009213694e+18,"[[454612962106966139, 1702438209959121919], [2265420330264173236, 463866247378689703], [443667755326800348, 934787930118675060]]"
fixed,adversarial,10000,13334,0.75,1,17,0.33826166699873284,3.3826166699873284e-05,1.3960262920008972,0.00027920525840017944,25060643,5012.1286,10000,0.7499625018749062,1,13333,86.59712798352405,9999,10000,,
universal,adversarial,10000,13334,0.75,3,17,0.02504275000319467,2.5042750003194668e-06,0.009440249999897787,1.8880499999795576e-06,9056,1.8112,5,0.7499625018749062,7518,5816,0.7837393771039319,2482,10000,2.305843009213694e+18,"[[195095767942445094, 1500048066919629750], [1059562453095694534, 313986444720046481], [691564608163384468, 53651072377497930]]"
fixed,adversarial,10000,13334,0.75,1,18,0.34212983299948974,3.4212983299948976e-05,1.4036804589995882,0.0002807360917999176,25195517,5039.1034,10000,0.7499625018749062,1,13333,86.59712798352405,9999,10000,,
universal,adversarial,10000,13334,0.75,3,18,0.02464029099792242,2.464029099792242e-06,0.009510874999250518,1.9021749998501037e-06,10810,2.162,5,0.7499625018749062,7068,6266,0.8652402507738775,2932,10000,2.305843009213694e+18,"[[653524007492807808, 355415340864572460], [529539352426941228, 1114891161808553618], [2041277660056489008, 2248875904457507991]]"
fixed,adversarial,10000,13334,0.75,1,19,0.3417079159989953,3.417079159989953e-05,1.4780402910000703,0.0002956080582000141,25249053,5049.8106,10000,0.7499625018749062,1,13333,86.59712798352405,9999,10000,,
universal,adversarial,10000,13334,0.75,3,19,0.024874417002138216,2.4874417002138218e-06,0.009509209001407726,1.9018418002815452e-06,11252,2.2504,7,0.7499625018749062,6339,6995,1.0531964026052774,3661,10000,2.305843009213694e+18,"[[418983635330710152, 499844581152741729], [2091481658804620576, 676363097439722673], [1853845312400714918, 63921434307813850]]"
fixed,adversarial,10000,13334,0.75,1,20,0.33960933400157955,3.3960933400157953e-05,1.3711643750029907,0.00027423287500059814,24620279,4924.0558,10000,0.7499625018749062,1,13333,86.59712798352405,9999,10000,,
universal,adversarial,10000,13334,0.75,3,20,0.02494949999891105,2.494949999891105e-06,0.009407249999640044,1.8814499999280088e-06,9166,1.8332,4,0.7499625018749062,7470,5864,0.7908835873574459,2530,10000,2.305843009213694e+18,"[[1326467972949138173, 150235521510768009], [1878749678761878296, 2057856258604839518], [714528426559143356, 1546845777023972402]]"
fixed,adversarial,10000,13334,0.75,1,21,0.3408825420010544,3.408825420010544e-05,1.3995983749991865,0.0002799196749998373,25141648,5028.3296,10000,0.7499625018749062,1,13333,86.59712798352405,9999,10000,,
universal,adversarial,10000,13334,0.75,3,21,0.024319374999322463,2.4319374999322463e-06,0.009300917001382913,1.8601834002765826e-06,9134,1.8268,4,0.7499625018749062,7610,5724,0.7672996065159374,2390,10000,2.305843009213694e+18,"[[1024322815512585445, 2145571529822921201], [583220317473756343, 1521440433806999588], [891688296819238137, 181082232511610579]]"
fixed,adversarial,10000,13334,0.75,1,22,0.3409844579982746,3.409844579982746e-05,1.4015809170014109,0.0002803161834002822,25162588,5032.5176,10000,0.7499625018749062,1,13333,86.59712798352405,9999,10000,,
universal,adversarial,10000,13334,0.75,3,22,0.02453020800021477,2.453020800021477e-06,0.00939870799993514,1.8797415999870282e-06,10306,2.0612,6,0.7499625018749062,7196,6138,0.8471081654556407,2804,10000,2.305843009213694e+18,"[[287886780813115929, 1413457234261051687], [1236295213923302512, 1583790892526252416], [469264712334336849, 619461346342472605]]"
fixed,adversarial,10000,13334,0.75,1,23,0.3424459169982583,3.4244591699825834e-05,1.430138416999398,0.0002860276833998796,24862582,4972.5164,10000,0.7499625018749062,1,13333,86.59712798352405,9999,10000,,
universal,adversarial,10000,13334,0.75,3,23,0.024306540999532444,2.4306540999532444e-06,0.009523083997919457,1.9046167995838914e-06,8926,1.7852,4,0.7499625018749062,7446,5888,0.7945731912580534,2554,10000,2.305843009213694e+18,"[[666030003530279332, 1185754838603315180], [507164280403988863, 1057119984642882112], [1021713661893975990, 2137083730657759889]]"
fixed,adversarial,10000,13334,0.75,1,24,0.3403713749976305,3.403713749976305e-05,1.4535735839999688,0.0002907147167999938,24821022,4964.2044,10000,0.7499625018749062,1,13333,86.59712798352405,9999,10000,,
universal,adversarial,10000,13334,0.75,3,24,0.024711583002499538,2.4711583002499536e-06,0.009316915999079356,1.8633831998158712e-06,10383,2.0766,7,0.7499625018749062,6623,6711,0.9466167753784257,3377,10000,2.305843009213694e+18,"[[719391770955253926, 2130106160647316609], [1814591772010625413, 678012837864961736], [2256121436648175771, 1806161501175307684]]"
fixed,adversarial,10000,13334,0.75,1,25,0.3414639590009756,3.414639590009756e-05,1.4013228340008936,0.00028026456680017874,25117102,5023.4204,10000,0.7499625018749062,1,13333,86.59712798352405,9999,10000,,
universal,adversarial,10000,13334,0.75,3,25,0.023892749999504304,2.3892749999504305e-06,0.009246500001609093,1.8493000003218185e-06,8841,1.7682,4,0.7499625018749062,7683,5651,0.7564717516988089,2317,10000,2.305843009213694e+18,"[[267692963849940753, 941673545738002381], [1078297968137412989, 615313745506248579], [1375102846946731697, 1124764272089465404]]"
fixed,adversarial,10000,13334,0.75,1,26,0.3413070409987995,3.413070409987995e-05,1.408956125000259,0.0002817912250000518,25253982,5050.7964,10000,0.7499625018749062,1,13333,86.59712798352405,9999,10000,,
universal,adversarial,10000,13334,0.75,3,26,0.024420707999524893,2.4420707999524893e-06,0.009680125000159023,1.9360250000318046e-06,11944,2.3888,7,0.7499625018749062,6824,6510,0.9417716161070979,3176,10000,2.305843009213694e+18,"[[1075367493781816306, 1590101887495472611], [1902892487837865007, 1154722482783782897], [1398969667391390162, 561164263128564704]]"
fixed,adversarial,10000,13334,0.75,1,27,0.34112870799799566,3.4112870799799566e-05,1.4054126249975525,0.0002810825249995105,25155403,5031.0806,10000,0.7499625018749062,1,13333,86.59712798352405,9999,10000,,
universal,adversarial,10000,13334,0.75,3,27,0.024477250000927597,2.4477250000927598e-06,0.00926699999763514,1.853399999527028e-06,9809,1.9618,5,0.7499625018749062,7322,6012,0.8089779980467665,2678,10000,2.305843009213694e+18,"[[86018572855962195, 1847883699258444581], [153743650771889609, 794633789185287595], [2121092647333014343, 2013162642849706046]]"
fixed,adversarial,10000,13334,0.75,1,28,0.3437264169988339,3.437264169988339e-05,1.4072005830021226,0.0002814401166004245,25157767,5031.5534,10000,0.7499625018749062,1,13333,86.59712798352405,9999,10000,,
universal,adversarial,10000,13334,0.75,3,28,0.024491000000125496,2.4491000000125496e-06,0.00921537499743863,1.843074999487726e-06,9372,1.8744,5,0.7499625018749062,7255,6079,0.8269485663553994,2745,10000,2.305843009213694e+18,"[[273089160051860230, 1621121173616640907], [1037773347474994553, 742865219208374151], [246540013351488701, 1890370731478794172]]"
fixed,adversarial,10000,13334,0.75,1,29,0.3409312499970838,3.409312499970838e-05,1.3884626670005673,0.0002776925334001135,24803583,4960.7166,10000,0.7499625018749062,1,13333,86.59712798352405,9999,10000,,
universal,adversarial,10000,13334,0.75,3,29,0.024368000002141343,2.4368000002141343e-06,0.009275209002225893,1.8550418004451785e-06,8954,1.7908,4,0.7499625018749062,7520,5814,0.7836436809691534,2480,10000,2.305843009213694e+18,"[[1172432318357405658, 1841538480035479711], [610889197299678937, 356910957590253921], [1744744512350649053, 459482189801702091]]"
fixed,near_duplicate,10000,13334,0.75,1,0,0.006792457999836188,6.792457999836188e-07,0.003340374998515472,6.680749997030944e-07,5000,1.0,1,0.07499625018749062,1000,12334,0.2633852931454335,0,1000,,
universal,near_duplicate,10000,13334,0.75,3,0,0.017037666999385692,1.7037666999385692e-06,0.008470415999909164,1.6940831999818329e-06,5385,1.077,3,0.07499625018749062,973,12361,0.2712408572759742,27,1000,2.305843009213694e+18,"[[256711980439665054, 1709899044117486289], [564682175042572888, 321752549611034334], [236337776990707882, 1707863537360842093]]"
fixed,near_duplicate,10000,13334,0.75,1,1,0.006816624998464249,6.816624998464249e-07,0.003275125000072876,6.550250000145752e-07,5000,1.0,1,0.07499625018749062,1000,12334,0.2633852931454335,0,1000,,
universal,near_duplicate,10000,13334,0.75,3,1,0.01735670799826039,1.735670799826039e-06,0.008771834000071976,1.7543668000143953e-06,5338,1.0676,2,0.07499625018749062,969,12365,0.2720690724006137,31,1000,2.305843009213694e+18,"[[659665203979258006, 1758630025113616856], [2212240429613108902, 852878681887507335], [1610489816920689347, 222016741360720591]]"
fixed,near_duplicate,10000,13334,0.75,1,2,0.006831874998169951,6.831874998169951e-07,0.003439500000240514,6.879000000481028e-07,5000,1.0,1,0.07499625018749062,1000,12334,0.2633852931454335,0,1000,,
universal,near_duplicate,10000,13334,0.75,3,2,0.017862041997432243,1.7862041997432242e-06,0.00872354100283701,1.7447082005674018e-06,5398,1.0796,3,0.07499625018749062,972,12362,0.2715172096869375,28,1000,2.305843009213694e+18,"[[1199085610155232937, 1617812241682181496], [268989063807004320, 875226211544593835], [667698580330647039, 518091674429352682]]"
fixed,near_duplicate,10000,13334,0.75,1,3,0.006765582998923492,6.765582998923491e-07,0.0034852499993576203,6.97049999871524e-07,5000,1.0,1,0.07499625018749062,1000,12334,0.2633852931454335,0,1000,,
universal,near_duplicate,10000,13334,0.75,3,3,0.01832483299949672,1.832483299949672e-06,0.008590124998590909,1.7180249997181817e-06,5334,1.0668,3,0.07499625018749062,981,12353,0.2690198183272109,19,1000,2.305843009213694e+18,"[[963130306873368709, 594124941275654819], [699113413627218811, 49790444920847614], [1116618126344352917, 264798812748597129]]"
fixed,near_duplicate,10000,13334,0.75,1,4,0.006871374996990198,6.871374996990198e-07,0.0033459579972259235,6.691915994451847e-07,5000,1.0,1,0.07499625018749062,1000,12334,0.2633852931454335,0,1000,,
universal,near_duplicate,10000,13334,0.75,3,4,0.017475249998824438,1.7475249998824437e-06,0.008699124999111518,1.7398249998223036e-06,5338,1.0676,3,0.07499625018749062,979,12355,0.26957679361094034,21,1000,2.305843009213694e+18,"[[176127807941085543, 92145436972157049], [1353304280071655414, 2046636642761636536], [1463118878522575776, 350413271360474182]]"
fixed,near_duplicate,10000,13334,0.75,1,5,0.006781500000215601,6.781500000215601e-07,0.0033459160003985744,6.691832000797148e-07,5000,1.0,1,0.07492125393730313,999,12335,0.26326423920799663,0,999,,
universal,near_duplicate,10000,13334,0.75,3,5,0.01779845800047042,1.7798458000470419e-06,0.0086219170007098,1.72438340014196e-06,5387,1.0774,2,0.07492125393730313,974,12360,0.27029219773263863,25,999,2.305843009213694e+18,"[[144173240364996770, 1276607102766329742], [1316153465216681486, 593588258721341972], [891339916669062610, 1419387771326649839]]"
fixed,near_duplicate,10000,13334,0.75,1,6,0.006777124999644002,6.777124999644002e-07,0.0034447079997335095,6.889415999467019e-07,5000,1.0,1,0.07499625018749062,1000,12334,0.2633852931454335,0,1000,,
universal,near_duplicate,10000,13334,0.75,3,6,0.017489208999904804,1.7489208999904803e-06,0.008705583000846673,1.7411166001693346e-06,5474,1.0948,3,0.07499625018749062,976,12358,0.27041010549659655,24,1000,2.305843009213694e+18,"[[727386515324539458, 1284136067485901726], [1233138577490571038, 1828907452299493987], [1165171476919621068, 1646066583754636611]]"
fixed,near_duplicate,10000,13334,0.75,1,7,0.006787375001295004,6.787375001295004e-07,0.0033535000002302695,6.707000000460539e-07,5000,1.0,1,0.07499625018749062,1000,12334,0.2633852931454335,0,1000,,
universal,near_duplicate,10000,13334,0.75,3,7,0.0174873750002007,1.74873750002007e-06,0.008531250001396984,1.7062500002793968e-06,5399,1.0798,2,0.07499625018749062,976,12358,0.270132620492797,24,1000,2.305843009213694e+18,"[[793970665397899006, 2152094108188559335], [745929175751854539, 1278256298576207987], [1862522474300937406, 1567653588555493210]]"
fixed,near_duplicate,10000,13334,0.75,1,8,0.006840334001026349,6.840334001026349e-07,0.003430042001127731,6.860084002255462e-07,5000,1.0,1,0.07499625018749062,1000,12334,0.2633852931454335,0,1000,,
universal,near_duplicate,10000,13334,0.75,3,8,0.0267732079992129,2.67732079992129e-06,0.008715874999325024,1.7431749998650048e-06,5377,1.0754,3,0.07499625018749062,974,12360,0.2709642230174132,26,1000,2.305843009213694e+18,"[[1973099216186019426, 839551891445904909], [2054075847285760178, 1596895736779450158], [1768356806526079850, 761040643918656312]]"
fixed,near_duplicate,10000,13334,0.75,1,9,0.006789249997382285,6.789249997382285e-07,0.003343791999213863,6.687583998427726e-07,5000,1.0,1,0.07499625018749062,1000,12334,0.2633852931454335,0,1000,,
universal,near_duplicate,10000,13334,0.75,3,9,0.01747287499892991,1.7472874998929911e-06,0.00861616699694423,1.723233399388846e-06,5532,1.1064,3,0.07499625018749062,971,12363,0.27179328111002926,29,1000,2.305843009213694e+18,"[[1933427113282973200, 1273492775044695229], [567420718719220919, 2291110579130834537], [1919842552580472723, 589921478534064354]]"
fixed,near_duplicate,10000,13334,0.75,1,10,0.006794459000957431,6.794459000957432e-07,0.00333445800060872,6.66891600121744e-07,5000,1.0,1,0.07499625018749062,1000,12334,0.2633852931454335,0,1000,,
universal,near_duplicate,10000,13334,0.75,3,10,0.017408874999091495,1.7408874999091495e-06,0.008590958001150284,1.7181916002300568e-06,5359,1.0718,3,0.07499625018749062,973,12361,0.2712408572759742,27,1000,2.305843009213694e+18,"[[618696799174358726, 2029214271970554437], [1181946042011416434, 1971785935387254006], [855518877651879508, 78523067754061221]]"
fixed,near_duplicate,10000,13334,0.75,1,11,0.006843250001111301,6.843250001111301e-07,0.0033189159985340666,6.637831997068134e-07,5000,1.0,1,0.07499625018749062,1000,12334,0.2633852931454335,0,1000,,
universal,near_duplicate,10000,13334,0.75,3,11,0.017291042000579182,1.7291042000579183e-06,0.008556208002119092,1.7112416004238184e-06,5378,1.0756,2,0.07499625018749062,977,12357,0.26985485015824806,23,1000,2.305843009213694e+18,"[[1967359095987829717, 498185230560009946], [1157680175712590001, 1113020793331031894], [1655376568515428791, 831730782862272696]]"
fixed,near_duplicate,10000,13334,0.75,1,12,0.006798082999011967,6.798082999011968e-07,0.0033216249976248946,6.643249995249789e-07,5000,1.0,1,0.07499625018749062,1000,12334,0.2633852931454335,0,1000,,
universal,near_duplicate,10000,13334,0.75,3,12,0.017110875000071246,1.7110875000071246e-06,0.008505084002536023,1.7010168005072047e-06,5312,1.0624,3,0.07499625018749062,979,12355,0.26957679361094034,21,1000,2.305843009213694e+18,"[[2258536001366688123, 1012121370449003109], [686970057059376321, 2051824648104402063], [1124175962628406669, 504983195232581899]]"
fixed,near_duplicate,10000,13334,0.75,1,13,0.0067593749990919605,6.759374999091961e-07,0.00332404199798475,6.6480839959695e-07,5000,1.0,1,0.07499625018749062,1000,12334,0.2633852931454335,0,1000,,
universal,near_duplicate,10000,13334,0.75,3,13,0.01758795900241239,1.758795900241239e-06,0.008665957997436635,1.733191599487327e-06,5348,1.0696,2,0.07499625018749062,978,12356,0.26957679361094034,22,1000,2.305843009213694e+18,"[[2277903568736387890, 452514279465990313], [2303280692498563247, 697951185415921787], [183691764838410618, 423743168849403417]]"
fixed,near_duplicate,10000,13334,0.75,1,14,0.00683562500125845,6.83562500125845e-07,0.003365292002854403,6.730584005708807e-07,5000,1.0,1,0.07499625018749062,1000,12334,0.2633852931454335,0,1000,,
universal,near_duplicate,10000,13334,0.75,3,14,0.01774091699917335,1.7740916999173351e-06,0.008722124999621883,1.7444249999243765e-06,5307,1.0614,2,0.07499625018749062,975,12359,0.27041010549659655,25,1000,2.305843009213694e+18,"[[1956076132499880650, 26508845497723367], [1505952038662606745, 694384076709536977], [1251442079079685814, 2146666122401106131]]"
fixed,near_duplicate,10000,13334,0.75,1,15,0.006806291999964742,6.806291999964742e-07,0.0033333749997837003,6.666749999567401e-07,5000,1.0,1,0.07499625018749062,1000,12334,0.2633852931454335,0,1000,,
universal,near_duplicate,10000,13334,0.75,3,15,0.017695582999294857,1.7695582999294857e-06,0.008602625002822606,1.7205250005645211e-06,5388,1.0776,3,0.07499625018749062,973,12361,0.2712408572759742,27,1000,2.305843009213694e+18,"[[847978861133403702, 1395714462194184430], [518482636670340538, 740682746084312398], [1100716632290196263, 2269261073193213249]]"
fixed,near_duplicate,10000,13334,0.75,1,16,0.006793167001887923,6.793167001887923e-07,0.0033396250000805594,6.679250000161119e-07,5000,1.0,1,0.07499625018749062,1000,12334,0.2633852931454335,0,1000,,
universal,near_duplicate,10000,13334,0.75,3,16,0.017497707998700207,1.7497707998700208e-06,0.008676333000039449,1.7352666000078898e-06,5548,1.1096,2,0.07499625018749062,969,12365,0.2720690724006137,31,1000,2.305843009213694e+18,"[[454612962106966139, 1702438209959121919], [2265420330264173236, 463866247378689703], [443667755326800348, 934787930118675060]]"
fixed,near_duplicate,10000,13334,0.75,1,17,0.006749166001100093,6.749166001100093e-07,0.00330250000115484,6.60500000230968e-07,5000,1.0,1,0.07499625018749062,1000,12334,0.2633852931454335,0,1000,,
universal,near_duplicate,10000,13334,0.75,3,17,0.01784554200276034,1.784554200276034e-06,0.008667542002513073,1.7335084005026147e-06,5432,1.0864,2,0.07499625018749062,965,12369,0.2731694531942221,35,1000,2.305843009213694e+18,"[[195095767942445094, 1500048066919629750], [1059562453095694534, 313986444720046481], [691564608163384468, 53651072377497930]]"
fixed,near_duplicate,10000,13334,0.75,1,18,0.006705708998197224,6.705708998197224e-07,0.0033754169999156147,6.750833999831229e-07,5000,1.0,1,0.07499625018749062,1000,12334,0.2633852931454335,0,1000,,
universal,near_duplicate,10000,13334,0.75,3,18,0.017522709000331815,1.7522709000331815e-06,0.008608083000581246,1.7216166001162492e-06,5429,1.0858,3,0.07499625018749062,968,12366,0.27261981798409357,32,1000,2.305843009213694e+18,"[[653524007492807808, 355415340864572460], [529539352426941228, 1114891161808553618], [2041277660056489008, 2248875904457507991]]"
fixed,near_duplicate,10000,13334,0.75,1,19,0.006736541999998735,6.736541999998736e-07,0.0032963330013444647,6.59266600268893e-07,5000,1.0,1,0.07499625018749062,1000,12334,0.2633852931454335,0,1000,,
universal,near_duplicate,10000,13334,0.75,3,19,0.017760957998689264,1.7760957998689264e-06,0.008559707999665989,1.7119415999331977e-06,5380,1.076,2,0.07499625018749062,975,12359,0.27041010549659655,25,1000,2.305843009213694e+18,"[[418983635330710152, 499844581152741729], [2091481658804620576, 676363097439722673], [1853845312400714918, 63921434307813850]]"
fixed,near_duplicate,10000,13334,0.75,1,20,0.006751000000804197,6.751000000804197e-07,0.003268499996920582,6.536999993841164e-07,5000,1.0,1,0.07499625018749062,1000,12334,0.2633852931454335,0,1000,,
universal,near_duplicate,10000,13334,0.75,3,20,0.01737229200080037,1.737229200080037e-06,0.00861645799886901,1.7232915997738019e-06,5468,1.0936,3,0.07499625018749062,975,12359,0.2706873060471352,25,1000,2.305843009213694e+18,"[[1326467972949138173, 150235521510768009], [1878749678761878296, 2057856258604839518], [714528426559143356, 1546845777023972402]]"
fixed,near_duplicate,10000,13334,0.75,1,21,0.006762541001080535,6.762541001080535e-07,0.003344374999869615,6.688749999739229e-07,5000,1.0,1,0.07499625018749062,1000,12334,0.2633852931454335,0,1000,,
universal,near_duplicate,10000,13334,0.75,3,21,0.017277416998695116,1.7277416998695117e-06,0.008525792000000365,1.705158400000073e-06,5363,1.0726,2,0.07499625018749062,983,12351,0.26818218649209463,17,1000,2.305843009213694e+18,"[[1024322815512585445, 2145571529822921201], [583220317473756343, 1521440433806999588], [891688296819238137, 181082232511610579]]"
fixed,near_duplicate,10000,13334,0.75,1,22,0.00669374999779393,6.69374999779393e-07,0.0032981670010485686,6.596334002097137e-07,5000,1.0,1,0.07499625018749062,1000,12334,0.2633852931454335,0,1000,,
universal,near_duplicate,10000,13334,0.75,3,22,0.017228291999344947,1.7228291999344946e-06,0.008654374996694969,1.7308749993389939e-06,5390,1.078,2,0.07499625018749062,981,12353,0.2687408978038709,19,1000,2.305843009213694e+18,"[[287886780813115929, 1413457234261051687], [1236295213923302512, 1583790892526252416], [469264712334336849, 619461346342472605]]"
fixed,near_duplicate,10000,13334,0.75,1,23,0.006770416999643203,6.770416999643203e-07,0.0034635000010894146,6.927000002178829e-07,5000,1.0,1,0.07499625018749062,1000,12334,0.2633852931454335,0,1000,,
universal,near_duplicate,10000,13334,0.75,3,23,0.017648417000600602,1.7648417000600602e-06,0.008940208001149585,1.7880416002299171e-06,5387,1.0774,3,0.07499625018749062,980,12354,0.26929844996431107,20,1000,2.305843009213694e+18,"[[666030003530279332, 1185754838603315180], [507164280403988863, 1057119984642882112], [1021713661893975990, 2137083730657759889]]"
fixed,near_duplicate,10000,13334,0.75,1,24,0.00691358299809508,6.91358299809508e-07,0.003350707997014979,6.701415994029958e-07,5000,1.0,1,0.07499625018749062,1000,12334,0.2633852931454335,0,1000,,
universal,near_duplicate,10000,13334,0.75,3,24,0.01750391699897591,1.750391699897591e-06,0.008824749998893822,1.7649499997787642e-06,5745,1.149,3,0.07499625018749062,959,12375,0.2756292485600995,41,1000,2.305843009213694e+18,"[[719391770955253926, 2130106160647316609], [1814591772010625413, 678012837864961736], [2256121436648175771, 1806161501175307684]]"
fixed,near_duplicate,10000,13334,0.75,1,25,0.00691608299894142,6.91608299894142e-07,0.0035551670007407665,7.110334001481533e-07,5000,1.0,1,0.07499625018749062,1000,12334,0.2633852931454335,0,1000,,
universal,near_duplicate,10000,13334,0.75,3,25,0.017828708001616178,1.7828708001616178e-06,0.008807750000414671,1.7615500000829344e-06,5432,1.0864,2,0.07499625018749062,972,12362,0.2712408572759742,28,1000,2.305843009213694e+18,"[[267692963849940753, 941673545738002381], [1078297968137412989, 615313745506248579], [1375102846946731697, 1124764272089465404]]"
fixed,near_duplicate,10000,13334,0.75,1,26,0.006914957997651072,6.914957997651073e-07,0.00342020800235332,6.84041600470664e-07,5000,1.0,1,0.07499625018749062,1000,12334,0.2633852931454335,0,1000,,
universal,near_duplicate,10000,13334,0.75,3,26,0.017694333000690676,1.7694333000690675e-06,0.008892541001841892,1.7785082003683783e-06,5373,1.0746,2,0.07499625018749062,972,12362,0.2712408572759742,28,1000,2.305843009213694e+18,"[[1075367493781816306, 1590101887495472611], [1902892487837865007, 1154722482783782897], [1398969667391390162, 561164263128564704]]"
fixed,near_duplicate,10000,13334,0.75,1,27,0.006871083001897205,6.871083001897204e-07,0.0039401670001097955,7.880334000219591e-07,5000,1.0,1,0.07499625018749062,1000,12334,0.2633852931454335,0,1000,,
universal,near_duplicate,10000,13334,0.75,3,27,0.025577832999260863,2.5577832999260865e-06,0.009946625003067311,1.989325000613462e-06,5978,1.1956,4,0.07499625018749062,876,12458,0.30384315888740704,124,1000,2.305843009213694e+18,"[[86018572855962195, 1847883699258444581], [153743650771889609, 794633789185287595], [2121092647333014343, 2013162642849706046]]"
fixed,near_duplicate,10000,13334,0.75,1,28,0.006871667002997128,6.871667002997128e-07,0.0035213750015827827,7.042750003165566e-07,5000,1.0,1,0.07499625018749062,1000,12334,0.2633852931454335,0,1000,,
universal,near_duplicate,10000,13334,0.75,3,28,0.017615500000829343,1.7615500000829344e-06,0.008862249997036997,1.7724499994073995e-06,5446,1.0892,3,0.07499625018749062,971,12363,0.27179328111002926,29,1000,2.305843009213694e+18,"[[273089160051860230, 1621121173616640907], [1037773347474994553, 742865219208374151], [246540013351488701, 1890370731478794172]]"
fixed,near_duplicate,10000,13334,0.75,1,29,0.006761666998500004,6.761666998500004e-07,0.003376583001227118,6.753166002454237e-07,5000,1.0,1,0.07499625018749062,1000,12334,0.2633852931454335,0,1000,,
universal,near_duplicate,10000,13334,0.75,3,29,0.017537959000037517,1.7537959000037517e-06,0.008600541001214879,1.7201082002429758e-06,5377,1.0754,2,0.07499625018749062,970,12364,0.27179328111002926,30,1000,2.305843009213694e+18,"[[1172432318357405658, 1841538480035479711], [610889197299678937, 356910957590253921], [1744744512350649053, 459482189801702091]]"
fixed,uniform,10000,10000,1.0,1,0,0.01253875000111293,1.253875000111293e-06,0.0035577919989009388,7.115583997801877e-07,7117,1.4234,5,0.9503,6282,3718,0.9322177374412053,3221,9503,,
universal,uniform,10000,10000,1.0,3,0,0.024218459002440795,2.4218459002440796e-06,0.009168625001620967,1.8337250003241934e-06,12278,2.4556,6,0.9503,6047,3953,0.9929903876674738,3456,9503,2.305843009213694e+18,"[[256711980439665054, 1709899044117486289], [564682175042572888, 321752549611034334], [236337776990707882, 1707863537360842093]]"
fixed,uniform,10000,10000,1.0,1,1,0.01265087499996298,1.265087499996298e-06,0.0037999999985913746,7.59999999718275e-07,7156,1.4312,6,0.952,6332,3668,0.925794793677303,3188,9520,,
universal,uniform,10000,10000,1.0,3,1,0.030508666997775435,3.0508666997775435e-06,0.012227958999574184,2.445591799914837e-06,12103,2.4206,8,0.952,6100,3900,0.9845283134577695,3420,9520,2.305843009213694e+18,"[[659665203979258006, 1758630025113616856], [2212240429613108902, 852878681887507335], [1610489816920689347, 222016741360720591]]"
fixed,uniform,10000,10000,1.0,1,2,0.013591916002042126,1.3591916002042125e-06,0.003705916999024339,7.411833998048678e-07,7231,1.4462,6,0.9538,6349,3651,0.9241566750286447,3189,9538,,
universal,uniform,10000,10000,1.0,3,2,0.03010554199863691,3.0105541998636907e-06,0.009097166999708861,1.8194333999417721e-06,11882,2.3764,6,0.9538,6224,3776,0.9584704272954905,3314,9538,2.305843009213694e+18,"[[1199085610155232937, 1617812241682181496], [268989063807004320, 875226211544593835], [667698580330647039, 518091674429352682]]"
fixed,uniform,10000,10000,1.0,1,3,0.012460874997486826,1.2460874997486826e-06,0.003434624999499647,6.869249998999294e-07,7100,1.42,5,0.9468,6321,3679,0.9198748610544806,3147,9468,,
universal,uniform,10000,10000,1.0,3,3,0.024123208997480106,2.4123208997480104e-06,0.008977083998615853,1.7954167997231707e-06,12053,2.4106,6,0.9468,6043,3957,0.9912465687204168,3425,9468,2.305843009213694e+18,"[[963130306873368709, 594124941275654819], [699113413627218811, 49790444920847614], [1116618126344352917, 264798812748597129]]"
fixed,uniform,10000,10000,1.0,1,4,0.012437332999979844,1.2437332999979844e-06,0.0036307919981481973,7.261583996296395e-07,7147,1.4294,6,0.9513,6297,3703,0.9280777499757227,3216,9513,,
universal,uniform,10000,10000,1.0,3,4,0.024184124999010237,2.418412499901024e-06,0.009046291997947264,1.809258399589453e-06,12069,2.4138,6,0.9513,6139,3861,0.9700145926737391,3374,9513,2.305843009213694e+18,"[[176127807941085543, 92145436972157049], [1353304280071655414, 2046636642761636536], [1463118878522575776, 350413271360474182]]"
fixed,uniform,10000,10000,1.0,1,5,0.012632292000489542,1.2632292000489541e-06,0.0039478329999838024,7.895665999967605e-07,7089,1.4178,5,0.9498,6300,3700,0.9323518434582515,3198,9498,,
universal,uniform,10000,10000,1.0,3,5,0.02586883300318732,2.586883300318732e-06,0.00922158300090814,1.844316600181628e-06,11708,2.3416,6,0.9498,6202,3798,0.9492523162995179,3296,9498,2.305843009213694e+18,"[[144173240364996770, 1276607102766329742], [1316153465216681486, 593588258721341972], [891339916669062610, 1419387771326649839]]"
fixed,uniform,10000,10000,1.0,1,6,0.012960500000190223,1.2960500000190223e-06,0.003823541999736335,7.647083999472671e-07,7110,1.422,6,0.9487,6257,3743,0.9298754271406466,3230,9487,,
universal,uniform,10000,10000,1.0,3,6,0.02422416699846508,2.4224166998465078e-06,0.009267832996556535,1.853566599311307e-06,11826,2.3652,7,0.9487,6194,3806,0.9564874855428063,3293,9487,2.305843009213694e+18,"[[727386515324539458, 1284136067485901726], [1233138577490571038, 1828907452299493987], [1165171476919621068, 1646066583754636611]]"
fixed,uniform,10000,10000,1.0,1,7,0.012638000000151806,1.2638000000151806e-06,0.003507041998091154,7.014083996182308e-07,7116,1.4232,5,0.9499,6332,3668,0.9262774908201106,3167,9499,,
universal,uniform,10000,10000,1.0,3,7,0.024039415999141056,2.4039415999141055e-06,0.008959375001722947,1.7918750003445894e-06,12150,2.43,6,0.9499,6053,3947,0.99829353899542,3446,9499,2.305843009213694e+18,"[[793970665397899006, 2152094108188559335], [745929175751854539, 1278256298576207987], [1862522474300937406, 1567653588555493210]]"
fixed,uniform,10000,10000,1.0,1,8,0.012601374997757375,1.2601374997757375e-06,0.003425124999921536,6.850249999843072e-07,7235,1.447,5,0.9512,6276,3724,0.9379864391343832,3236,9512,,
universal,uniform,10000,10000,1.0,3,8,0.024421834001259413,2.442183400125941e-06,0.009152791997621534,1.830558399524307e-06,11970,2.394,7,0.9512,6172,3828,0.9641672883893126,3340,9512,2.305843009213694e+18,"[[1973099216186019426, 839551891445904909], [2054075847285760178, 1596895736779450158], [1768356806526079850, 761040643918656312]]"
fixed,uniform,10000,10000,1.0,1,9,0.012629417000425747,1.2629417000425747e-06,0.0034302080021006986,6.860416004201398e-07,7131,1.4262,6,0.9515,6297,3703,0.9295954765380477,3218,9515,,
universal,uniform,10000,10000,1.0,3,9,0.024345707999600563,2.4345707999600564e-06,0.00910825000028126,1.8216500000562518e-06,11869,2.3738,7,0.9515,6168,3832,0.9689931630305758,3347,9515,2.305843009213694e+18,"[[1933427113282973200, 1273492775044695229], [567420718719220919, 2291110579130834537], [1919842552580472723, 589921478534064354]]"
fixed,uniform,10000,10000,1.0,1,10,0.01255966700045974,1.255966700045974e-06,0.005936333996942267,1.1872667993884533e-06,7046,1.4092,6,0.9486,6336,3664,0.9242067084803053,3150,9486,,
universal,uniform,10000,10000,1.0,3,10,0.024244832999102073,2.424483299910207e-06,0.009878415999992285,1.975683199998457e-06,12032,2.4064,6,0.9486,6163,3837,0.9713691574267735,3323,9486,2.305843009213694e+18,"[[618696799174358726, 2029214271970554437], [1181946042011416434, 1971785935387254006], [855518877651879508, 78523067754061221]]"
fixed,uniform,10000,10000,1.0,1,11,0.012696834000962554,1.2696834000962554e-06,0.0036977499985368922,7.395499997073785e-07,7209,1.4418,6,0.95,6304,3696,0.9297849213662265,3196,9500,,
universal,uniform,10000,10000,1.0,3,11,0.02432937499906984,2.432937499906984e-06,0.008942249998654006,1.7884499997308013e-06,11994,2.3988,6,0.95,6194,3806,0.9624448036121345,3306,9500,2.305843009213694e+18,"[[1967359095987829717, 498185230560009946], [1157680175712590001, 1113020793331031894], [1655376568515428791, 831730782862272696]]"
fixed,uniform,10000,10000,1.0,1,12,0.012555207998957485,1.2555207998957484e-06,0.0034212919999845326,6.842583999969066e-07,7008,1.4016,5,0.9503,6363,3637,0.9125951512034238,3140,9503,,
universal,uniform,10000,10000,1.0,3,12,0.023927791000460275,2.3927791000460275e-06,0.00904791699940688,1.809583399881376e-06,12060,2.412,7,0.9503,6187,3813,0.960328022084121,3316,9503,2.305843009213694e+18,"[[2258536001366688123, 1012121370449003109], [686970057059376321, 2051824648104402063], [1124175962628406669, 504983195232581899]]"
fixed,uniform,10000,10000,1.0,1,13,0.012583666000864469,1.2583666000864468e-06,0.003495666998787783,6.991333997575567e-07,7067,1.4134,5,0.9532,6363,3637,0.9240182682176797,3169,9532,,
universal,uniform,10000,10000,1.0,3,13,0.024440084001980722,2.444008400198072e-06,0.009036583000124665,1.807316600024933e-06,11689,2.3378,6,0.9532,6228,3772,0.9563523200160075,3304,9532,2.305843009213694e+18,"[[2277903568736387890, 452514279465990313], [2303280692498563247, 697951185415921787], [183691764838410618, 423743168849403417]]"
fixed,uniform,10000,10000,1.0,1,14,0.012605208001332358,1.2605208001332359e-06,0.003431958000874147,6.863916001748293e-07,7142,1.4284,6,0.9496,6342,3658,0.9280408611693776,3154,9496,,
universal,uniform,10000,10000,1.0,3,14,0.024199958999815863,2.4199958999815864e-06,0.00908483300008811,1.8169666000176222e-06,11870,2.374,6,0.9496,6193,3807,0.959405982887328,3303,9496,2.305843009213694e+18,"[[1956076132499880650, 26508845497723367], [1505952038662606745, 694384076709536977], [1251442079079685814, 2146666122401106131]]"
fixed,uniform,10000,10000,1.0,1,15,0.012525958998594433,1.2525958998594434e-06,0.0033899580012075603,6.779916002415121e-07,7214,1.4428,6,0.9551,6284,3716,0.9386607427606632,3267,9551,,
universal,uniform,10000,10000,1.0,3,15,0.02398508300029789,2.398508300029789e-06,0.009014167000714224,1.8028334001428449e-06,11914,2.3828,7,0.9551,6241,3759,0.9550308843173607,3310,9551,2.305843009213694e+18,"[[847978861133403702, 1395714462194184430], [518482636670340538, 740682746084312398], [1100716632290196263, 2269261073193213249]]"
fixed,uniform,10000,10000,1.0,1,16,0.012499041997216409,1.249904199721641e-06,0.0034536670027591754,6.907334005518351e-07,7055,1.411,6,0.9497,6282,3718,0.9315416845208807,3215,9497,,
universal,uniform,10000,10000,1.0,3,16,0.024152457997843158,2.4152457997843156e-06,0.009066708000318613,1.8133416000637225e-06,12018,2.4036,7,0.9497,6196,3804,0.957481023310645,3301,9497,2.305843009213694e+18,"[[454612962106966139, 1702438209959121919], [2265420330264173236, 463866247378689703], [443667755326800348, 934787930118675060]]"
fixed,uniform,10000,10000,1.0,1,17,0.012539749997813487,1.2539749997813487e-06,0.0034617090022948105,6.923418004589621e-07,7064,1.4128,6,0.9547,6353,3647,0.9189384691044336,3194,9547,,
universal,uniform,10000,10000,1.0,3,17,0.024056875001406297,2.4056875001406296e-06,0.008988916000816971,1.7977832001633941e-06,11847,2.3694,6,0.9547,6217,3783,0.9580437933622867,3330,9547,2.305843009213694e+18,"[[195095767942445094, 1500048066919629750], [1059562453095694534, 313986444720046481], [691564608163384468, 53651072377497930]]"
fixed,uniform,10000,10000,1.0,1,18,0.012449125002603978,1.2449125002603978e-06,0.003344332999404287,6.688665998808574e-07,7020,1.404,6,0.9488,6343,3657,0.9184653286869352,3145,9488,,
universal,uniform,10000,10000,1.0,3,18,0.023887749997811625,2.3887749997811625e-06,0.009029542001371738,1.8059084002743475e-06,11980,2.396,6,0.9488,6138,3862,0.9633164381448082,3350,9488,2.305843009213694e+18,"[[653524007492807808, 355415340864572460], [529539352426941228, 1114891161808553618], [2041277660056489008, 2248875904457507991]]"
fixed,uniform,10000,10000,1.0,1,19,0.012453875002393033,1.2453875002393033e-06,0.003405874998861691,6.811749997723382e-07,7165,1.433,5,0.9516,6358,3642,0.9250175349689324,3158,9516,,
universal,uniform,10000,10000,1.0,3,19,0.024357041998882778,2.435704199888278e-06,0.008925916001317091,1.7851832002634183e-06,11985,2.397,6,0.9516,6146,3854,0.9792126633168099,3370,9516,2.305843009213694e+18,"[[418983635330710152, 499844581152741729], [2091481658804620576, 676363097439722673], [1853845312400714918, 63921434307813850]]"
fixed,uniform,10000,10000,1.0,1,20,0.012767124997481005,1.2767124997481005e-06,0.003708208998432383,7.416417996864766e-07,7165,1.433,5,0.9488,6312,3688,0.9314389727727738,3176,9488,,
universal,uniform,10000,10000,1.0,3,20,0.02475416699962807,2.475416699962807e-06,0.00935241700062761,1.870483400125522e-06,11827,2.3654,5,0.9488,6173,3827,0.9606136372132138,3315,9488,2.305843009213694e+18,"[[1326467972949138173, 150235521510768009], [1878749678761878296, 2057856258604839518], [714528426559143356, 1546845777023972402]]"
fixed,uniform,10000,10000,1.0,1,21,0.012697417001618305,1.2697417001618305e-06,0.0035417079998296686,7.083415999659337e-07,7083,1.4166,6,0.9499,6284,3716,0.9333755889244157,3215,9499,,
universal,uniform,10000,10000,1.0,3,21,0.024346000001969514,2.4346000001969516e-06,0.009092291998967994,1.8184583997935987e-06,11715,2.343,7,0.9499,6224,3776,0.9530949532968895,3275,9499,2.305843009213694e+18,"[[1024322815512585445, 2145571529822921201], [583220317473756343, 1521440433806999588], [891688296819238137, 181082232511610579]]"
fixed,uniform,10000,10000,1.0,1,22,0.012593291998200584,1.2593291998200584e-06,0.003533915998559678,7.067831997119356e-07,7129,1.4258,6,0.9511,6301,3699,0.9281749781156569,3210,9511,,
universal,uniform,10000,10000,1.0,3,22,0.024183333000109997,2.418333300011e-06,0.00900237499809009,1.8004749996180181e-06,12105,2.421,6,0.9511,6157,3843,0.9665964980280034,3354,9511,2.305843009213694e+18,"[[287886780813115929, 1413457234261051687], [1236295213923302512, 1583790892526252416], [469264712334336849, 619461346342472605]]"
fixed,uniform,10000,10000,1.0,1,23,0.012833582997700432,1.2833582997700433e-06,0.0037623329990310594,7.524665998062118e-07,7168,1.4336,6,0.9533,6305,3695,0.9339802513972124,3228,9533,,
universal,uniform,10000,10000,1.0,3,23,0.04479879099744721,4.479879099744721e-06,0.014983666998887202,2.9967333997774405e-06,14325,2.865,8,0.9533,5849,4151,1.0624119304676505,3684,9533,2.305843009213694e+18,"[[666030003530279332, 1185754838603315180], [507164280403988863, 1057119984642882112], [1021713661893975990, 2137083730657759889]]"
fixed,uniform,10000,10000,1.0,1,24,0.012817541999538662,1.2817541999538662e-06,0.0035134999998263083,7.026999999652617e-07,7138,1.4276,6,0.9539,6341,3659,0.9263772395735983,3198,9539,,
universal,uniform,10000,10000,1.0,3,24,0.024251666000054684,2.4251666000054685e-06,0.009063207999133738,1.8126415998267476e-06,12116,2.4232,6,0.9539,6196,3804,0.9643520052346031,3343,9539,2.305843009213694e+18,"[[719391770955253926, 2130106160647316609], [1814591772010625413, 678012837864961736], [2256121436648175771, 1806161501175307684]]"
fixed,uniform,10000,10000,1.0,1,25,0.012708499998552725,1.2708499998552724e-06,0.0034701660006248858,6.940332001249772e-07,7270,1.454,6,0.9487,6286,3714,0.9388654376426901,3201,9487,,
universal,uniform,10000,10000,1.0,3,25,0.024014499998884276,2.4014499998884277e-06,0.0090682910013129,1.81365820026258e-06,11917,2.3834,8,0.9487,6148,3852,0.9793203306375294,3339,9487,2.305843009213694e+18,"[[267692963849940753, 941673545738002381], [1078297968137412989, 615313745506248579], [1375102846946731697, 1124764272089465404]]"
fixed,uniform,10000,10000,1.0,1,26,0.012521999997261446,1.2521999997261446e-06,0.0034320830018259585,6.864166003651917e-07,7119,1.4238,6,0.9508,6328,3672,0.9273507211406049,3180,9508,,
universal,uniform,10000,10000,1.0,3,26,0.023850042001868133,2.385004200186813e-06,0.008935333997214912,1.7870667994429823e-06,12113,2.4226,7,0.9508,6162,3838,0.9615504978938963,3346,9508,2.305843009213694e+18,"[[1075367493781816306, 1590101887495472611], [1902892487837865007, 1154722482783782897], [1398969667391390162, 561164263128564704]]"
fixed,uniform,10000,10000,1.0,1,27,0.012554875000205357,1.2554875000205357e-06,0.003480915998807177,6.961831997614354e-07,7176,1.4352,5,0.9534,6293,3707,0.933503315473491,3241,9534,,
universal,uniform,10000,10000,1.0,3,27,0.024072791999060428,2.4072791999060426e-06,0.009214000001520617,1.8428000003041233e-06,14915,2.983,8,0.9534,5810,4190,1.0685637276269488,3724,9534,2.305843009213694e+18,"[[86018572855962195, 1847883699258444581], [153743650771889609, 794633789185287595], [2121092647333014343, 2013162642849706046]]"
fixed,uniform,10000,10000,1.0,1,28,0.012524000001576496,1.2524000001576496e-06,0.0035767920016951393,7.153584003390278e-07,7132,1.4264,6,0.9518,6341,3659,0.9253522356378678,3177,9518,,
universal,uniform,10000,10000,1.0,3,28,0.024670041999343084,2.4670041999343086e-06,0.00894079199861153,1.7881583997223061e-06,11816,2.3632,6,0.9518,6236,3764,0.9542938541141298,3282,9518,2.305843009213694e+18,"[[273089160051860230, 1621121173616640907], [1037773347474994553, 742865219208374151], [246540013351488701, 1890370731478794172]]"
fixed,uniform,10000,10000,1.0,1,29,0.012519208001322113,1.2519208001322114e-06,0.003409750002902001,6.819500005804002e-07,7039,1.4078,6,0.9491,6331,3669,0.921905195776659,3160,9491,,
universal,uniform,10000,10000,1.0,3,29,0.024138708002283238,2.413870800228324e-06,0.009093417000258341,1.8186834000516684e-06,11933,2.3866,6,0.9491,6192,3808,0.9575537530603699,3299,9491,2.305843009213694e+18,"[[1172432318357405658, 1841538480035479711], [610889197299678937, 356910957590253921], [1744744512350649053, 459482189801702091]]"
fixed,sorted,10000,10000,1.0,1,0,0.012797290997696109,1.279729099769611e-06,0.003268000000389293,6.536000000778586e-07,5000,1.0,1,1.0,10000,0,0.0,0,10000,,
universal,sorted,10000,10000,1.0,3,0,0.024202249998779735,2.4202249998779737e-06,0.00891566599966609,1.7831331999332179e-06,11687,2.3374,6,1.0,6551,3449,0.9370165420097982,3449,10000,2.305843009213694e+18,"[[256711980439665054, 1709899044117486289], [564682175042572888, 321752549611034334], [236337776990707882, 1707863537360842093]]"
fixed,sorted,10000,10000,1.0,1,1,0.012799250001990004,1.2799250001990003e-06,0.0032411669999419246,6.482333999883849e-07,5000,1.0,1,1.0,10000,0,0.0,0,10000,,
universal,sorted,10000,10000,1.0,3,1,0.024167167000996415,2.4167167000996412e-06,0.008969333001004998,1.7938666002009995e-06,11657,2.3314,5,1.0,6518,3482,0.9429740187301027,3482,10000,2.305843009213694e+18,"[[659665203979258006, 1758630025113616856], [2212240429613108902, 852878681887507335], [1610489816920689347, 222016741360720591]]"
fixed,sorted,10000,10000,1.0,1,2,0.012899084002128802,1.2899084002128802e-06,0.0032775420004327316,6.555084000865463e-07,5000,1.0,1,1.0,10000,0,0.0,0,10000,,
universal,sorted,10000,10000,1.0,3,2,0.024281166999571724,2.4281166999571724e-06,0.0089248750009574,1.7849750001914799e-06,10812,2.1624,5,1.0,6758,3242,0.8924124606929242,3242,10000,2.305843009213694e+18,"[[1199085610155232937, 1617812241682181496], [268989063807004320, 875226211544593835], [667698580330647039, 518091674429352682]]"
fixed,sorted,10000,10000,1.0,1,3,0.012788416002877057,1.2788416002877056e-06,0.0033275829991907813,6.655165998381562e-07,5000,1.0,1,1.0,10000,0,0.0,0,10000,,
universal,sorted,10000,10000,1.0,3,3,0.02473699999973178,2.473699999973178e-06,0.00951958400037256,1.903916800074512e-06,22500,4.5,13,1.0,5520,4480,1.5491933384829668,4480,10000,2.305843009213694e+18,"[[963130306873368709, 594124941275654819], [699113413627218811, 49790444920847614], [1116618126344352917, 264798812748597129]]"
fixed,sorted,10000,10000,1.0,1,4,0.012764125000103377,1.2764125000103376e-06,0.0032497499996679835,6.499499999335967e-07,5000,1.0,1,1.0,10000,0,0.0,0,10000,,
universal,sorted,10000,10000,1.0,3,4,0.024355667002964765,2.4355667002964763e-06,0.009129041998676257,1.8258083997352515e-06,12873,2.5746,6,1.0,6454,3546,0.9725224933131367,3546,10000,2.305843009213694e+18,"[[176127807941085543, 92145436972157049], [1353304280071655414, 2046636642761636536], [1463118878522575776, 350413271360474182]]"
fixed,sorted,10000,10000,1.0,1,5,0.012590875001478707,1.2590875001478707e-06,0.003254999999626307,6.509999999252614e-07,5000,1.0,1,1.0,10000,0,0.0,0,10000,,
universal,sorted,10000,10000,1.0,3,5,0.024376124998525484,2.4376124998525483e-06,0.008847291002894053,1.7694582005788106e-06,10371,2.0742,5,1.0,6921,3079,0.8559205570612264,3079,10000,2.305843009213694e+18,"[[144173240364996770, 1276607102766329742], [1316153465216681486, 593588258721341972], [891339916669062610, 1419387771326649839]]"
fixed,sorted,10000,10000,1.0,1,6,0.012743832998239668,1.2743832998239669e-06,0.003304915997432545,6.60983199486509e-07,5000,1.0,1,1.0,10000,0,0.0,0,10000,,
universal,sorted,10000,10000,1.0,3,6,0.024188833998778136,2.4188833998778136e-06,0.008928416998969624,1.7856833997939248e-06,10760,2.152,5,1.0,6857,3143,0.8609297300012354,3143,10000,2.305843009213694e+18,"[[727386515324539458, 1284136067485901726], [1233138577490571038, 1828907452299493987], [1165171476919621068, 1646066583754636611]]"
fixed,sorted,10000,10000,1.0,1,7,0.01275112499934039,1.2751124999340391e-06,0.0032587499990768265,6.517499998153653e-07,5000,1.0,1,1.0,10000,0,0.0,0,10000,,
universal,sorted,10000,10000,1.0,3,7,0.02416566600004444,2.416566600004444e-06,0.008936374997574603,1.7872749995149207e-06,11220,2.244,5,1.0,6617,3383,0.9264987857520376,3383,10000,2.305843009213694e+18,"[[793970665397899006, 2152094108188559335], [745929175751854539, 1278256298576207987], [1862522474300937406, 1567653588555493210]]"
fixed,sorted,10000,10000,1.0,1,8,0.012799667001672788,1.2799667001672788e-06,0.0032447910016344395,6.489582003268878e-07,5000,1.0,1,1.0,10000,0,0.0,0,10000,,
universal,sorted,10000,10000,1.0,3,8,0.02422566600216669,2.422566600216669e-06,0.009004791998449946,1.8009583996899892e-06,11326,2.2652,5,1.0,6725,3275,0.8912911982062877,3275,10000,2.305843009213694e+18,"[[1973099216186019426, 839551891445904909], [2054075847285760178, 1596895736779450158], [1768356806526079850, 761040643918656312]]"
fixed,sorted,10000,10000,1.0,1,9,0.01271949999863864,1.271949999863864e-06,0.0031806669976504054,6.361333995300811e-07,5000,1.0,1,1.0,10000,0,0.0,0,10000,,
universal,sorted,10000,10000,1.0,3,9,0.024360041999898385,2.4360041999898386e-06,0.00911554100093781,1.823108200187562e-06,13584,2.7168,6,1.0,6363,3637,0.9985990186255943,3637,10000,2.305843009213694e+18,"[[1933427113282973200, 1273492775044695229], [567420718719220919, 2291110579130834537], [1919842552580472723, 589921478534064354]]"
fixed,sorted,10000,10000,1.0,1,10,0.012720375001663342,1.2720375001663341e-06,0.003244207997340709,6.488415994681418e-07,5000,1.0,1,1.0,10000,0,0.0,0,10000,,
universal,sorted,10000,10000,1.0,3,10,0.02429245899838861,2.429245899838861e-06,0.008986875000118744,1.7973750000237488e-06,11271,2.2542,5,1.0,6585,3415,0.9230384607371461,3415,10000,2.305843009213694e+18,"[[618696799174358726, 2029214271970554437], [1181946042011416434, 1971785935387254006], [855518877651879508, 78523067754061221]]"
fixed,sorted,10000,10000,1.0,1,11,0.012674040997808333,1.2674040997808334e-06,0.0032278329999826383,6.455665999965277e-07,5000,1.0,1,1.0,10000,0,0.0,0,10000,,
universal,sorted,10000,10000,1.0,3,11,0.024188167000829708,2.4188167000829707e-06,0.008996166998258559,1.7992333996517118e-06,11868,2.3736,5,1.0,6535,3465,0.9468896451012652,3465,10000,2.305843009213694e+18,"[[1967359095987829717, 498185230560009946], [1157680175712590001, 1113020793331031894], [1655376568515428791, 831730782862272696]]"
fixed,sorted,10000,10000,1.0,1,12,0.012698417001956841,1.269841700195684e-06,0.003405833002034342,6.811666004068684e-07,5000,1.0,1,1.0,10000,0,0.0,0,10000,,
universal,sorted,10000,10000,1.0,3,12,0.024176208000426413,2.4176208000426413e-06,0.0089892920004786,1.7978584000957199e-06,11991,2.3982,6,1.0,6464,3536,0.9632237538599222,3536,10000,2.305843009213694e+18,"[[2258536001366688123, 1012121370449003109], [686970057059376321, 2051824648104402063], [1124175962628406669, 504983195232581899]]"
fixed,sorted,10000,10000,1.0,1,13,0.012696958001470193,1.2696958001470194e-06,0.003334332999656908,6.668665999313816e-07,5000,1.0,1,1.0,10000,0,0.0,0,10000,,
universal,sorted,10000,10000,1.0,3,13,0.0244424579977931,2.4442457997793097e-06,0.009050959000887815,1.810191800177563e-06,12471,2.4942,7,1.0,6068,3932,1.056976820937905,3932,10000,2.305843009213694e+18,"[[2277903568736387890, 452514279465990313], [2303280692498563247, 697951185415921787], [183691764838410618, 423743168849403417]]"
fixed,sorted,10000,10000,1.0,1,14,0.012573249998240499,1.25732499982405e-06,0.003209958002116764,6.419916004233528e-07,5000,1.0,1,1.0,10000,0,0.0,0,10000,,
universal,sorted,10000,10000,1.0,3,14,0.02419904099951964,2.419904099951964e-06,0.008888874999684049,1.7777749999368097e-06,10832,2.1664,5,1.0,6851,3149,0.866371744691619,3149,10000,2.305843009213694e+18,"[[1956076132499880650, 26508845497723367], [1505952038662606745, 694384076709536977], [1251442079079685814, 2146666122401106131]]"
fixed,sorted,10000,10000,1.0,1,15,0.012683415996434633,1.2683415996434632e-06,0.0032133329987118486,6.426665997423697e-07,5000,1.0,1,1.0,10000,0,0.0,0,10000,,
universal,sorted,10000,10000,1.0,3,15,0.02430433399786125,2.430433399786125e-06,0.008902042001864174,1.7804084003728348e-06,11047,2.2094,5,1.0,6723,3277,0.8942035562443262,3277,10000,2.305843009213694e+18,"[[847978861133403702, 1395714462194184430], [518482636670340538, 740682746084312398], [1100716632290196263, 2269261073193213249]]"
fixed,sorted,10000,10000,1.0,1,16,0.012660625001444714,1.2660625001444714e-06,0.0032152909989235923,6.430581997847184e-07,5000,1.0,1,1.0,10000,0,0.0,0,10000,,
universal,sorted,10000,10000,1.0,3,16,0.024159833999874536,2.4159833999874535e-06,0.00898304200018174,1.796608400036348e-06,11134,2.2268,5,1.0,6570,3430,0.9341306118525396,3430,10000,2.305843009213694e+18,"[[454612962106966139, 1702438209959121919], [2265420330264173236, 463866247378689703], [443667755326800348, 934787930118675060]]"
fixed,sorted,10000,10000,1.0,1,17,0.01265087499996298,1.265087499996298e-06,0.0031768750013725366,6.353750002745073e-07,5000,1.0,1,1.0,10000,0,0.0,0,10000,,
universal,sorted,10000,10000,1.0,3,17,0.02437879100034479,2.437879100034479e-06,0.008978249999927357,1.7956499999854714e-06,12247,2.4494,5,1.0,6404,3596,0.9699484522385713,3596,10000,2.305843009213694e+18,"[[195095767942445094, 1500048066919629750], [1059562453095694534, 313986444720046481], [691564608163384468, 53651072377497930]]"
fixed,sorted,10000,10000,1.0,1,18,0.012815416001103586,1.2815416001103585e-06,0.003319583996926667,6.639167993853335e-07,5000,1.0,1,1.0,10000,0,0.0,0,10000,,
universal,sorted,10000,10000,1.0,3,18,0.024494416000379715,2.4494416000379716e-06,0.009049124997545732,1.8098249995091464e-06,12061,2.4122,8,1.0,6065,3935,1.107158525234756,3935,10000,2.305843009213694e+18,"[[653524007492807808, 355415340864572460], [529539352426941228, 1114891161808553618], [2041277660056489008, 2248875904457507991]]"
fixed,sorted,10000,10000,1.0,1,19,0.012860208000347484,1.2860208000347484e-06,0.003258000000641914,6.516000001283828e-07,5000,1.0,1,1.0,10000,0,0.0,0,10000,,
universal,sorted,10000,10000,1.0,3,19,0.02440529100204003,2.440529100204003e-06,0.008979250000265893,1.7958500000531786e-06,11491,2.2982,6,1.0,6646,3354,0.9178235124467012,3354,10000,2.305843009213694e+18,"[[418983635330710152, 499844581152741729], [2091481658804620576, 676363097439722673], [1853845312400714918, 63921434307813850]]"
fixed,sorted,10000,10000,1.0,1,20,0.012844625001889654,1.2844625001889653e-06,0.0032988339989969973,6.597667997993995e-07,5000,1.0,1,1.0,10000,0,0.0,0,10000,,
universal,sorted,10000,10000,1.0,3,20,0.024581125002441695,2.4581125002441694e-06,0.009199125001032371,1.8398250002064742e-06,11701,2.3402,6,1.0,6439,3561,0.9615612304996495,3561,10000,2.305843009213694e+18,"[[1326467972949138173, 150235521510768009], [1878749678761878296, 2057856258604839518], [714528426559143356, 1546845777023972402]]"
fixed,sorted,10000,10000,1.0,1,21,0.012899249999463791,1.2899249999463792e-06,0.003327624999656109,6.655249999312218e-07,5000,1.0,1,1.0,10000,0,0.0,0,10000,,
universal,sorted,10000,10000,1.0,3,21,0.024307499999849824,2.4307499999849825e-06,0.008975791999546345,1.795158399909269e-06,11152,2.2304,6,1.0,6616,3384,0.9219544457292888,3384,10000,2.305843009213694e+18,"[[1024322815512585445, 2145571529822921201], [583220317473756343, 1521440433806999588], [891688296819238137, 181082232511610579]]"
fixed,sorted,10000,10000,1.0,1,22,0.012975334000657313,1.2975334000657313e-06,0.003306624999822816,6.613249999645632e-07,5000,1.0,1,1.0,10000,0,0.0,0,10000,,
universal,sorted,10000,10000,1.0,3,22,0.02459074999933364,2.4590749999333637e-06,0.009271208000427578,1.8542416000855155e-06,15165,3.033,7,1.0,6259,3741,1.0543244282477762,3741,10000,2.305843009213694e+18,"[[287886780813115929, 1413457234261051687], [1236295213923302512, 1583790892526252416], [469264712334336849, 619461346342472605]]"
fixed,sorted,10000,10000,1.0,1,23,0.012971916999958921,1.2971916999958921e-06,0.003322249998745974,6.644499997491949e-07,5000,1.0,1,1.0,10000,0,0.0,0,10000,,
universal,sorted,10000,10000,1.0,3,23,0.024489082999934908,2.448908299993491e-06,0.009210209002048941,1.8420418004097883e-06,15106,3.0212,6,1.0,6057,3943,1.0783320453366858,3943,10000,2.305843009213694e+18,"[[666030003530279332, 1185754838603315180], [507164280403988863, 1057119984642882112], [1021713661893975990, 2137083730657759889]]"
fixed,sorted,10000,10000,1.0,1,24,0.012915999999677297,1.2915999999677296e-06,0.003268332999141421,6.536665998282842e-07,5000,1.0,1,1.0,10000,0,0.0,0,10000,,
universal,sorted,10000,10000,1.0,3,24,0.02440812500208267,2.440812500208267e-06,0.009185082999465521,1.8370165998931043e-06,12861,2.5722,6,1.0,6502,3498,0.9765244492586962,3498,10000,2.305843009213694e+18,"[[719391770955253926, 2130106160647316609], [1814591772010625413, 678012837864961736], [2256121436648175771, 1806161501175307684]]"
fixed,sorted,10000,10000,1.0,1,25,0.012983208001969615,1.2983208001969614e-06,0.0032891250011743978,6.578250002348795e-07,5000,1.0,1,1.0,10000,0,0.0,0,10000,,
universal,sorted,10000,10000,1.0,3,25,0.024758124996878905,2.4758124996878905e-06,0.009085084002435906,1.8170168004871813e-06,11418,2.2836,7,1.0,6358,3642,1.0077698149875298,3642,10000,2.305843009213694e+18,"[[267692963849940753, 941673545738002381], [1078297968137412989, 615313745506248579], [1375102846946731697, 1124764272089465404]]"
fixed,sorted,10000,10000,1.0,1,26,0.012949708001542604,1.2949708001542604e-06,0.003298999999969965,6.59799999993993e-07,5000,1.0,1,1.0,10000,0,0.0,0,10000,,
universal,sorted,10000,10000,1.0,3,26,0.024623375000373926,2.4623375000373925e-06,0.008985708002001047,1.7971416004002093e-06,11074,2.2148,5,1.0,6776,3224,0.889719056781409,3224,10000,2.305843009213694e+18,"[[1075367493781816306, 1590101887495472611], [1902892487837865007, 1154722482783782897], [1398969667391390162, 561164263128564704]]"
fixed,sorted,10000,10000,1.0,1,27,0.012895249998109648,1.2895249998109649e-06,0.003313375000288943,6.626750000577886e-07,5000,1.0,1,1.0,10000,0,0.0,0,10000,,
universal,sorted,10000,10000,1.0,3,27,0.024613791003503138,2.4613791003503136e-06,0.009363999997731298,1.8727999995462596e-06,15766,3.1532,7,1.0,6085,3915,1.0763828315241748,3915,10000,2.305843009213694e+18,"[[86018572855962195, 1847883699258444581], [153743650771889609, 794633789185287595], [2121092647333014343, 2013162642849706046]]"
fixed,sorted,10000,10000,1.0,1,28,0.01302025000040885,1.302025000040885e-06,0.0034109590014850255,6.821918002970051e-07,5000,1.0,1,1.0,10000,0,0.0,0,10000,,
universal,sorted,10000,10000,1.0,3,28,0.024471625001751818,2.4471625001751816e-06,0.009149292000074638,1.8298584000149276e-06,10465,2.093,5,1.0,6794,3206,0.8755569655939013,3206,10000,2.305843009213694e+18,"[[273089160051860230, 1621121173616640907], [1037773347474994553, 742865219208374151], [246540013351488701, 1890370731478794172]]"
fixed,sorted,10000,10000,1.0,1,29,0.012771458001225255,1.2771458001225256e-06,0.003311874999781139,6.623749999562278e-07,5000,1.0,1,1.0,10000,0,0.0,0,10000,,
universal,sorted,10000,10000,1.0,3,29,0.024468999999953667,2.4468999999953665e-06,0.009107124998990912,1.8214249997981824e-06,10983,2.1966,5,1.0,6740,3260,0.8981091247727082,3260,10000,2.305843009213694e+18,"[[1172432318357405658, 1841538480035479711], [610889197299678937, 356910957590253921], [1744744512350649053, 459482189801702091]]"
fixed,adversarial,10000,10000,1.0,1,0,0.3427722080014064,3.427722080014064e-05,1.3983452920001582,0.00027966905840003163,25065234,5013.0468,10000,1.0,1,9999,99.99499987499375,9999,10000,,
universal,adversarial,10000,10000,1.0,3,0,0.024440457997116027,2.4440457997116026e-06,0.009342249999463093,1.8684499998926185e-06,10302,2.0604,4,1.0,6919,3081,0.8464041587799531,3081,10000,2.305843009213694e+18,"[[256711980439665054, 1709899044117486289], [564682175042572888, 321752549611034334], [236337776990707882, 1707863537360842093]]"
fixed,adversarial,10000,10000,1.0,1,1,0.3441170830010378,3.441170830010378e-05,1.3933886670020001,0.00027867773340040005,25038251,5007.6502,10000,1.0,1,9999,99.99499987499375,9999,10000,,
universal,adversarial,10000,10000,1.0,3,1,0.02468254099949263,2.4682540999492632e-06,0.009376792000693968,1.8753584001387935e-06,11724,2.3448,5,1.0,6565,3435,0.9322016949137134,3435,10000,2.305843009213694e+18,"[[659665203979258006, 1758630025113616856], [2212240429613108902, 852878681887507335], [1610489816920689347, 222016741360720591]]"
fixed,adversarial,10000,10000,1.0,1,2,0.3437628749998112,3.4376287499981115e-05,1.4533834169997135,0.0002906766833999427,24997385,4999.477,10000,1.0,1,9999,99.99499987499375,9999,10000,,
universal,adversarial,10000,10000,1.0,3,2,0.024815125001623528,2.481512500162353e-06,0.009310917001130292,1.8621834002260583e-06,12206,2.4412,6,1.0,6358,3642,0.9928746144403129,3642,10000,2.305843009213694e+18,"[[1199085610155232937, 1617812241682181496], [268989063807004320, 875226211544593835], [667698580330647039, 518091674429352682]]"
fixed,adversarial,10000,10000,1.0,1,3,0.34727695799665526,3.4727695799665526e-05,1.3996524590002082,0.0002799304918000416,24999873,4999.9746,10000,1.0,1,9999,99.99499987499375,9999,10000,,
universal,adversarial,10000,10000,1.0,3,3,0.024223249998613028,2.4223249998613027e-06,0.009029374999954598,1.8058749999909197e-06,10317,2.0634,4,1.0,6914,3086,0.8509994124557314,3086,10000,2.305843009213694e+18,"[[963130306873368709, 594124941275654819], [699113413627218811, 49790444920847614], [1116618126344352917, 264798812748597129]]"
fixed,adversarial,10000,10000,1.0,1,4,0.3471239170030458,3.471239170030458e-05,1.4704393329993763,0.00029408786659987525,25210272,5042.0544,10000,1.0,1,9999,99.99499987499375,9999,10000,,
universal,adversarial,10000,10000,1.0,3,4,0.02419749999899068,2.419749999899068e-06,0.009363749999465654,1.8727499998931307e-06,12128,2.4256,5,1.0,6623,3377,0.9311283477587824,3377,10000,2.305843009213694e+18,"[[176127807941085543, 92145436972157049], [1353304280071655414, 2046636642761636536], [1463118878522575776, 350413271360474182]]"
fixed,adversarial,10000,10000,1.0,1,5,0.34353354099948774,3.435335409994877e-05,1.381383084000845,0.000276276616800169,24761707,4952.3414,10000,1.0,1,9999,99.99499987499375,9999,10000,,
universal,adversarial,10000,10000,1.0,3,5,0.024445541999739362,2.444554199973936e-06,0.009416207998583559,1.8832415997167117e-06,10456,2.0912,5,1.0,6817,3183,0.8752142594816426,3183,10000,2.305843009213694e+18,"[[144173240364996770, 1276607102766329742], [1316153465216681486, 593588258721341972], [891339916669062610, 1419387771326649839]]"
fixed,adversarial,10000,10000,1.0,1,6,0.34239133300070534,3.4239133300070535e-05,1.4062757499996223,0.0002812551499999245,25075838,5015.1676,10000,1.0,1,9999,99.99499987499375,9999,10000,,
universal,adversarial,10000,10000,1.0,3,6,0.024251083999843104,2.4251083999843103e-06,0.009648334002122283,1.9296668004244564e-06,11542,2.3084,6,1.0,6373,3627,0.9794896630388704,3627,10000,2.305843009213694e+18,"[[727386515324539458, 1284136067485901726], [1233138577490571038, 1828907452299493987], [1165171476919621068, 1646066583754636611]]"
fixed,adversarial,10000,10000,1.0,1,7,0.34254012500241515,3.425401250024152e-05,1.3912057079978695,0.0002782411415995739,25003343,5000.6686,10000,1.0,1,9999,99.99499987499375,9999,10000,,
universal,adversarial,10000,10000,1.0,3,7,0.02484708400152158,2.484708400152158e-06,0.010504916997888358,2.1009833995776717e-06,29410,5.882,14,1.0,5334,4666,1.5322532427767936,4666,10000,2.305843009213694e+18,"[[793970665397899006, 2152094108188559335], [745929175751854539, 1278256298576207987], [1862522474300937406, 1567653588555493210]]"
fixed,adversarial,10000,10000,1.0,1,8,0.34036270899741794,3.403627089974179e-05,1.4654907080002886,0.00029309814160005773,24955414,4991.0828,10000,1.0,1,9999,99.99499987499375,9999,10000,,
universal,adversarial,10000,10000,1.0,3,8,0.02423383299901616,2.423383299901616e-06,0.009528500002488727,1.9057000004977454e-06,11455,2.291,7,1.0,6287,3713,1.0307278981380101,3713,10000,2.305843009213694e+18,"[[1973099216186019426, 839551891445904909], [2054075847285760178, 1596895736779450158], [1768356806526079850, 761040643918656312]]"
fixed,adversarial,10000,10000,1.0,1,9,0.3461451250004757,3.4614512500047566e-05,1.4658323750009004,0.00029316647500018006,25084442,5016.8884,10000,1.0,1,9999,99.99499987499375,9999,10000,,
universal,adversarial,10000,10000,1.0,3,9,0.024492125001415843,2.4492125001415843e-06,0.009461666999413865,1.8923333998827729e-06,11513,2.3026,6,1.0,6365,3635,1.0038924245156948,3635,10000,2.305843009213694e+18,"[[1933427113282973200, 1273492775044695229], [567420718719220919, 2291110579130834537], [1919842552580472723, 589921478534064354]]"
fixed,adversarial,10000,10000,1.0,1,10,0.34208508300071117,3.4208508300071116e-05,1.3808759580024343,0.00027617519160048686,24717651,4943.5302,10000,1.0,1,9999,99.99499987499375,9999,10000,,
universal,adversarial,10000,10000,1.0,3,10,0.02491208300125436,2.491208300125436e-06,0.00962666600025841,1.925333200051682e-06,11839,2.3678,6,1.0,6387,3613,0.9789790600416334,3613,10000,2.305843009213694e+18,"[[618696799174358726, 2029214271970554437], [1181946042011416434, 1971785935387254006], [855518877651879508, 78523067754061221]]"
fixed,adversarial,10000,10000,1.0,1,11,0.34588945799987414,3.4588945799987416e-05,1.4111081660012132,0.00028222163320024265,25101968,5020.3936,10000,1.0,1,9999,99.99499987499375,9999,10000,,
universal,adversarial,10000,10000,1.0,3,11,0.024969124999188352,2.4969124999188354e-06,0.009338500000012573,1.8677000000025146e-06,12724,2.5448,6,1.0,6430,3570,0.9743715923609432,3570,10000,2.305843009213694e+18,"[[1967359095987829717, 498185230560009946], [1157680175712590001, 1113020793331031894], [1655376568515428791, 831730782862272696]]"
fixed,adversarial,10000,10000,1.0,1,12,0.3440223329998844,3.440223329998844e-05,1.4181514999982028,0.0002836302999996406,24764253,4952.8506,10000,1.0,1,9999,99.99499987499375,9999,10000,,
universal,adversarial,10000,10000,1.0,3,12,0.0249925419993815,2.4992541999381503e-06,0.009281457998440601,1.8562915996881203e-06,10312,2.0624,5,1.0,6919,3081,0.8544003745317531,3081,10000,2.305843009213694e+18,"[[2258536001366688123, 1012121370449003109], [686970057059376321, 2051824648104402063], [1124175962628406669, 504983195232581899]]"
fixed,adversarial,10000,10000,1.0,1,13,0.34316874999785796,3.43168749997858e-05,1.737981750000472,0.0003475963500000944,24695031,4939.0062,10000,1.0,1,9999,99.99499987499375,9999,10000,,
universal,adversarial,10000,10000,1.0,3,13,0.026480791002541082,2.6480791002541083e-06,0.009764583002834115,1.952916600566823e-06,10574,2.1148,5,1.0,6771,3229,0.8820430828479978,3229,10000,2.305843009213694e+18,"[[2277903568736387890, 452514279465990313], [2303280692498563247, 697951185415921787], [183691764838410618, 423743168849403417]]"
fixed,adversarial,10000,10000,1.0,1,14,0.4824899590021232,4.824899590021232e-05,1.4625700830001733,0.00029251401660003467,25343526,5068.7052,10000,1.0,1,9999,99.99499987499375,9999,10000,,
universal,adversarial,10000,10000,1.0,3,14,0.03189570799804642,3.189570799804642e-06,0.009994833999371622,1.9989667998743246e-06,11307,2.2614,6,1.0,6493,3507,0.960728889958036,3507,10000,2.305843009213694e+18,"[[1956076132499880650, 26508845497723367], [1505952038662606745, 694384076709536977], [1251442079079685814, 2146666122401106131]]"
fixed,adversarial,10000,10000,1.0,1,15,0.3477268339993316,3.477268339993316e-05,1.4191226250004547,0.00028382452500009094,25202685,5040.537,10000,1.0,1,9999,99.99499987499375,9999,10000,,
universal,adversarial,10000,10000,1.0,3,15,0.024633207998704165,2.4633207998704165e-06,0.009284084000682924,1.8568168001365848e-06,13477,2.6954,6,1.0,6264,3736,1.0099504938362078,3736,10000,2.305843009213694e+18,"[[847978861133403702, 1395714462194184430], [518482636670340538, 740682746084312398], [1100716632290196263, 2269261073193213249]]"
fixed,adversarial,10000,10000,1.0,1,16,0.3417635000005248,3.417635000005248e-05,1.401444791998074,0.0002802889583996148,24851031,4970.2062,10000,1.0,1,9999,99.99499987499375,9999,10000,,
universal,adversarial,10000,10000,1.0,3,16,0.024406333999650087,2.4406333999650087e-06,0.009338667001429712,1.8677334002859424e-06,11308,2.2616,5,1.0,6610,3390,0.9229301165310405,3390,10000,2.305843009213694e+18,"[[454612962106966139, 1702438209959121919], [2265420330264173236, 463866247378689703], [443667755326800348, 934787930118675060]]"
fixed,adversarial,10000,10000,1.0,1,17,0.34185779100153013,3.4185779100153016e-05,1.398154833001172,0.0002796309666002344,25060643,5012.1286,10000,1.0,1,9999,99.99499987499375,9999,10000,,
universal,adversarial,10000,10000,1.0,3,17,0.02462408299834351,2.4624082998343512e-06,0.00946516700059874,1.893033400119748e-06,10932,2.1864,5,1.0,6729,3271,0.9002221947941519,3271,10000,2.305843009213694e+18,"[[195095767942445094, 1500048066919629750], [1059562453095694534, 313986444720046481], [691564608163384468, 53651072377497930]]"
fixed,adversarial,10000,10000,1.0,1,18,0.34222583299924736,3.422258329992474e-05,1.4720470840002235,0.0002944094168000447,25195517,5039.1034,10000,1.0,1,9999,99.99499987499375,9999,10000,,
universal,adversarial,10000,10000,1.0,3,18,0.024556666998250876,2.4556666998250877e-06,0.009977958001400111,1.9955916002800223e-06,12816,2.5632,6,1.0,6352,3648,1.0126203632161463,3648,10000,2.305843009213694e+18,"[[653524007492807808, 355415340864572460], [529539352426941228, 1114891161808553618], [2041277660056489008, 2248875904457507991]]"
fixed,adversarial,10000,10000,1.0,1,19,0.3425651249999646,3.425651249999646e-05,1.4730062500020722,0.00029460125000041443,25249053,5049.8106,10000,1.0,1,9999,99.99499987499375,9999,10000,,
universal,adversarial,10000,10000,1.0,3,19,0.024921499996708008,2.4921499996708006e-06,0.00956854200194357,1.913708400388714e-06,13726,2.7452,9,1.0,5693,4307,1.2910460874810008,4307,10000,2.305843009213694e+18,"[[418983635330710152, 499844581152741729], [2091481658804620576, 676363097439722673], [1853845312400714918, 63921434307813850]]"
fixed,adversarial,10000,10000,1.0,1,20,0.3430509170029836,3.430509170029836e-05,1.3744592500006547,0.0002748918500001309,24620279,4924.0558,10000,1.0,1,9999,99.99499987499375,9999,10000,,
universal,adversarial,10000,10000,1.0,3,20,0.02477208400159725,2.477208400159725e-06,0.009452750000491505,1.8905500000983012e-06,10924,2.1848,6,1.0,6626,3374,0.9209777413162601,3374,10000,2.305843009213694e+18,"[[1326467972949138173, 150235521510768009], [1878749678761878296, 2057856258604839518], [714528426559143356, 1546845777023972402]]"
fixed,adversarial,10000,10000,1.0,1,21,0.3422985420002078,3.422985420002078e-05,1.4623102499972447,0.0002924620499994489,25141648,5028.3296,10000,1.0,1,9999,99.99499987499375,9999,10000,,
universal,adversarial,10000,10000,1.0,3,21,0.024488499999279156,2.4488499999279157e-06,0.009287625001888955,1.857525000377791e-06,10673,2.1346,5,1.0,6838,3162,0.8677557259966655,3162,10000,2.305843009213694e+18,"[[1024322815512585445, 2145571529822921201], [583220317473756343, 1521440433806999588], [891688296819238137, 181082232511610579]]"
fixed,adversarial,10000,10000,1.0,1,22,0.34105108299991116,3.410510829999111e-05,1.479735791002895,0.000295947158200579,25162588,5032.5176,10000,1.0,1,9999,99.99499987499375,9999,10000,,
universal,adversarial,10000,10000,1.0,3,22,0.02453054199941107,2.4530541999411072e-06,0.009453958002268337,1.8907916004536674e-06,11951,2.3902,5,1.0,6497,3503,0.9548821916864928,3503,10000,2.305843009213694e+18,"[[287886780813115929, 1413457234261051687], [1236295213923302512, 1583790892526252416], [469264712334336849, 619461346342472605]]"
fixed,adversarial,10000,10000,1.0,1,23,0.3431844170008844,3.4318441700088444e-05,1.3877038329992502,0.00027754076659985,24862582,4972.5164,10000,1.0,1,9999,99.99499987499375,9999,10000,,
universal,adversarial,10000,10000,1.0,3,23,0.023977749999176012,2.397774999917601e-06,0.00941554100063513,1.883108200127026e-06,11226,2.2452,6,1.0,6488,3512,0.9544631999192007,3512,10000,2.305843009213694e+18,"[[666030003530279332, 1185754838603315180], [507164280403988863, 1057119984642882112], [1021713661893975990, 2137083730657759889]]"
fixed,adversarial,10000,10000,1.0,1,24,0.3406877079978585,3.4068770799785855e-05,1.381775458001357,0.0002763550916002714,24821022,4964.2044,10000,1.0,1,9999,99.99499987499375,9999,10000,,
universal,adversarial,10000,10000,1.0,3,24,0.02525949999835575,2.525949999835575e-06,0.009519208000710933,1.9038416001421866e-06,12378,2.4756,8,1.0,5887,4113,1.1438531374263043,4113,10000,2.305843009213694e+18,"[[719391770955253926, 2130106160647316609], [1814591772010625413, 678012837864961736], [2256121436648175771, 1806161501175307684]]"
fixed,adversarial,10000,10000,1.0,1,25,0.34167266599979484,3.4167266599979485e-05,1.3990489999996498,0.00027980979999992997,25117102,5023.4204,10000,1.0,1,9999,99.99499987499375,9999,10000,,
universal,adversarial,10000,10000,1.0,3,25,0.024925417001213646,2.4925417001213645e-06,0.009325334001914598,1.8650668003829197e-06,10748,2.1496,4,1.0,6840,3160,0.8684468895678077,3160,10000,2.305843009213694e+18,"[[267692963849940753, 941673545738002381], [1078297968137412989, 615313745506248579], [1375102846946731697, 1124764272089465404]]"
fixed,adversarial,10000,10000,1.0,1,26,0.34183929199934937,3.418392919993494e-05,1.4762420830011251,0.00029524841660022504,25253982,5050.7964,10000,1.0,1,9999,99.99499987499375,9999,10000,,
universal,adversarial,10000,10000,1.0,3,26,0.02486733300247579,2.4867333002475788e-06,0.009601166999345878,1.9202333998691756e-06,13721,2.7442,7,1.0,6095,3905,1.097360469490313,3905,10000,2.305843009213694e+18,"[[1075367493781816306, 1590101887495472611], [1902892487837865007, 1154722482783782897], [1398969667391390162, 561164263128564704]]"
fixed,adversarial,10000,10000,1.0,1,27,0.34341966600186424,3.434196660018642e-05,1.4029466660031176,0.00028058933320062354,25155403,5031.0806,10000,1.0,1,9999,99.99499987499375,9999,10000,,
universal,adversarial,10000,10000,1.0,3,27,0.024728959000640316,2.4728959000640315e-06,0.00943679199917824,1.887358399835648e-06,11054,2.2108,5,1.0,6748,3252,0.8846468221838588,3252,10000,2.305843009213694e+18,"[[86018572855962195, 1847883699258444581], [153743650771889609, 794633789185287595], [2121092647333014343, 2013162642849706046]]"
fixed,adversarial,10000,10000,1.0,1,28,0.34258883299844456,3.425888329984446e-05,1.4006412920025468,0.00028012825840050936,25157767,5031.5534,10000,1.0,1,9999,99.99499987499375,9999,10000,,
universal,adversarial,10000,10000,1.0,3,28,0.02462079099859693,2.462079099859693e-06,0.00932966699838289,1.865933399676578e-06,11606,2.3212,5,1.0,6391,3609,0.9767292357659824,3609,10000,2.305843009213694e+18,"[[273089160051860230, 1621121173616640907], [1037773347474994553, 742865219208374151], [246540013351488701, 1890370731478794172]]"
fixed,adversarial,10000,10000,1.0,1,29,0.34213837499919464,3.4213837499919464e-05,1.3809651670017047,0.0002761930334003409,24803583,4960.7166,10000,1.0,1,9999,99.99499987499375,9999,10000,,
universal,adversarial,10000,10000,1.0,3,29,0.024956249999377178,2.4956249999377176e-06,0.00955824999982724,1.911649999965448e-06,10856,2.1712,5,1.0,6635,3365,0.9130169768410662,3365,10000,2.305843009213694e+18,"[[1172432318357405658, 1841538480035479711], [610889197299678937, 356910957590253921], [1744744512350649053, 459482189801702091]]"
fixed,near_duplicate,10000,10000,1.0,1,0,0.006719417000567773,6.719417000567773e-07,0.003348750000441214,6.697500000882429e-07,5000,1.0,1,0.1,1000,9000,0.3,0,1000,,
universal,near_duplicate,10000,10000,1.0,3,0,0.0172745420022693,1.72745420022693e-06,0.008552958999644034,1.7105917999288068e-06,5483,1.0966,2,0.1,977,9023,0.30757112998459396,23,1000,2.305843009213694e+18,"[[256711980439665054, 1709899044117486289], [564682175042572888, 321752549611034334], [236337776990707882, 1707863537360842093]]"
fixed,near_duplicate,10000,10000,1.0,1,1,0.006807792000472546,6.807792000472545e-07,0.003307082999526756,6.614165999053512e-07,5000,1.0,1,0.1,1000,9000,0.3,0,1000,,
universal,near_duplicate,10000,10000,1.0,3,1,0.017637917000683956,1.7637917000683955e-06,0.008632124998257495,1.726424999651499e-06,5498,1.0996,2,0.1,971,9029,0.3095157508108432,29,1000,2.305843009213694e+18,"[[659665203979258006, 1758630025113616856], [2212240429613108902, 852878681887507335], [1610489816920689347, 222016741360720591]]"
fixed,near_duplicate,10000,10000,1.0,1,2,0.006770167001377558,6.770167001377559e-07,0.003338957998494152,6.677915996988303e-07,5000,1.0,1,0.1,1000,9000,0.3,0,1000,,
universal,near_duplicate,10000,10000,1.0,3,2,0.01777791699714726,1.7777916997147258e-06,0.008568874996853992,1.7137749993707985e-06,5539,1.1078,3,0.1,967,9033,0.31144823004794875,33,1000,2.305843009213694e+18,"[[1199085610155232937, 1617812241682181496], [268989063807004320, 875226211544593835], [667698580330647039, 518091674429352682]]"
fixed,near_duplicate,10000,10000,1.0,1,3,0.006738291998772183,6.738291998772184e-07,0.0033606249999138527,6.721249999827705e-07,5000,1.0,1,0.1,1000,9000,0.3,0,1000,,
universal,near_duplicate,10000,10000,1.0,3,3,0.017767125002137618,1.7767125002137618e-06,0.00889833300243481,1.779666600486962e-06,8127,1.6254,5,0.1,820,9180,0.372827037646145,180,1000,2.305843009213694e+18,"[[963130306873368709, 594124941275654819], [699113413627218811, 49790444920847614], [1116618126344352917, 264798812748597129]]"
fixed,near_duplicate,10000,10000,1.0,1,4,0.006741207998857135,6.741207998857135e-07,0.003366249999089632,6.732499998179264e-07,5000,1.0,1,0.1,1000,9000,0.3,0,1000,,
universal,near_duplicate,10000,10000,1.0,3,4,0.017493707997346064,1.7493707997346065e-06,0.008603375001257518,1.7206750002515036e-06,5494,1.0988,2,0.1,968,9032,0.31048349392520047,32,1000,2.305843009213694e+18,"[[176127807941085543, 92145436972157049], [1353304280071655414, 2046636642761636536], [1463118878522575776, 350413271360474182]]"
fixed,near_duplicate,10000,10000,1.0,1,5,0.006740124998032115,6.740124998032115e-07,0.003369957998074824,6.739915996149648e-07,5000,1.0,1,0.0999,999,9001,0.2998666203497815,0,999,,
universal,near_duplicate,10000,10000,1.0,3,5,0.017579540999577148,1.7579540999577147e-06,0.008706208001967752,1.7412416003935504e-06,5535,1.107,2,0.0999,960,9040,0.3126019673642506,39,999,2.305843009213694e+18,"[[144173240364996770, 1276607102766329742], [1316153465216681486, 593588258721341972], [891339916669062610, 1419387771326649839]]"
fixed,near_duplicate,10000,10000,1.0,1,6,0.006841916001576465,6.841916001576465e-07,0.003345583001646446,6.691166003292892e-07,5000,1.0,1,0.1,1000,9000,0.3,0,1000,,
universal,near_duplicate,10000,10000,1.0,3,6,0.01774637499693199,1.7746374996931992e-06,0.008650499999930616,1.7300999999861232e-06,5460,1.092,2,0.1,968,9032,0.31048349392520047,32,1000,2.305843009213694e+18,"[[727386515324539458, 1284136067485901726], [1233138577490571038, 1828907452299493987], [1165171476919621068, 1646066583754636611]]"
fixed,near_duplicate,10000,10000,1.0,1,7,0.006823874999099644,6.823874999099644e-07,0.0033516660005261656,6.703332001052332e-07,5000,1.0,1,0.1,1000,9000,0.3,0,1000,,
universal,near_duplicate,10000,10000,1.0,3,7,0.017560625001351582,1.7560625001351582e-06,0.008617458002845524,1.7234916005691048e-06,5497,1.0994,2,0.1,960,9040,0.31304951684997057,40,1000,2.305843009213694e+18,"[[793970665397899006, 2152094108188559335], [745929175751854539, 1278256298576207987], [1862522474300937406, 1567653588555493210]]"
fixed,near_duplicate,10000,10000,1.0,1,8,0.006774375000532018,6.774375000532018e-07,0.0034167080011684448,6.83341600233689e-07,5000,1.0,1,0.1,1000,9000,0.3,0,1000,,
universal,near_duplicate,10000,10000,1.0,3,8,0.017862917000456946,1.7862917000456946e-06,0.008815125002001878,1.7630250004003755e-06,6268,1.2536,3,0.1,939,9061,0.3212475680841802,61,1000,2.305843009213694e+18,"[[1973099216186019426, 839551891445904909], [2054075847285760178, 1596895736779450158], [1768356806526079850, 761040643918656312]]"
fixed,near_duplicate,10000,10000,1.0,1,9,0.006857958000182407,6.857958000182407e-07,0.003329375002067536,6.658750004135072e-07,5000,1.0,1,0.1,1000,9000,0.3,0,1000,,
universal,near_duplicate,10000,10000,1.0,3,9,0.01767791699967347,1.767791699967347e-06,0.008715707997907884,1.743141599581577e-06,5491,1.0982,2,0.1,971,9029,0.3095157508108432,29,1000,2.305843009213694e+18,"[[1933427113282973200, 1273492775044695229], [567420718719220919, 2291110579130834537], [1919842552580472723, 589921478534064354]]"
fixed,near_duplicate,10000,10000,1.0,1,10,0.006807207999372622,6.807207999372622e-07,0.003375707998202415,6.75141599640483e-07,5000,1.0,1,0.1,1000,9000,0.3,0,1000,,
universal,near_duplicate,10000,10000,1.0,3,10,0.017883958000311395,1.7883958000311396e-06,0.008746958999836352,1.7493917999672703e-06,5534,1.1068,2,0.1,966,9034,0.3111269837220809,34,1000,2.305843009213694e+18,"[[618696799174358726, 2029214271970554437], [1181946042011416434, 1971785935387254006], [855518877651879508, 78523067754061221]]"
fixed,near_duplicate,10000,10000,1.0,1,11,0.006779208000807557,6.779208000807558e-07,0.0033076660001825076,6.615332000365015e-07,5000,1.0,1,0.1,1000,9000,0.3,0,1000,,
universal,near_duplicate,10000,10000,1.0,3,11,0.017266000002564397,1.7266000002564398e-06,0.00862937500278349,1.725875000556698e-06,5500,1.1,3,0.1,972,9028,0.3095157508108432,28,1000,2.305843009213694e+18,"[[1967359095987829717, 498185230560009946], [1157680175712590001, 1113020793331031894], [1655376568515428791, 831730782862272696]]"
fixed,near_duplicate,10000,10000,1.0,1,12,0.0068257910024840385,6.825791002484039e-07,0.003353749998495914,6.707499996991828e-07,5000,1.0,1,0.1,1000,9000,0.3,0,1000,,
universal,near_duplicate,10000,10000,1.0,3,12,0.017249667002033675,1.7249667002033674e-06,0.008727582997380523,1.7455165994761045e-06,5538,1.1076,2,0.1,969,9031,0.3101612483854165,31,1000,2.305843009213694e+18,"[[2258536001366688123, 1012121370449003109], [686970057059376321, 2051824648104402063], [1124175962628406669, 504983195232581899]]"
fixed,near_duplicate,10000,10000,1.0,1,13,0.006854250001197215,6.854250001197215e-07,0.0033332080020045396,6.666416004009079e-07,5000,1.0,1,0.1,1000,9000,0.3,0,1000,,
universal,near_duplicate,10000,10000,1.0,3,13,0.017733958000462735,1.7733958000462735e-06,0.00863125000250875,1.7262500005017501e-06,5766,1.1532,3,0.1,945,9055,0.31843366656181316,55,1000,2.305843009213694e+18,"[[2277903568736387890, 452514279465990313], [2303280692498563247, 697951185415921787], [183691764838410618, 423743168849403417]]"
fixed,near_duplicate,10000,10000,1.0,1,14,0.006831999999121763,6.831999999121763e-07,0.0033994170007645153,6.798834001529031e-07,5000,1.0,1,0.1,1000,9000,0.3,0,1000,,
universal,near_duplicate,10000,10000,1.0,3,14,0.017440416999306763,1.7440416999306763e-06,0.00856283400207758,1.7125668004155158e-06,5457,1.0914,2,0.1,964,9036,0.3117691453623979,36,1000,2.305843009213694e+18,"[[1956076132499880650, 26508845497723367], [1505952038662606745, 694384076709536977], [1251442079079685814, 2146666122401106131]]"
fixed,near_duplicate,10000,10000,1.0,1,15,0.00678275000245776,6.78275000245776e-07,0.0033975839978666045,6.795167995733209e-07,5000,1.0,1,0.1,1000,9000,0.3,0,1000,,
universal,near_duplicate,10000,10000,1.0,3,15,0.017541417000757065,1.7541417000757065e-06,0.008687124998687068,1.7374249997374136e-06,5579,1.1158,3,0.1,968,9032,0.31080540535840107,32,1000,2.305843009213694e+18,"[[847978861133403702, 1395714462194184430], [518482636670340538, 740682746084312398], [1100716632290196263, 2269261073193213249]]"
fixed,near_duplicate,10000,10000,1.0,1,16,0.006817207999120001,6.817207999120001e-07,0.00334554200162529,6.691084003250581e-07,5000,1.0,1,0.1,1000,9000,0.3,0,1000,,
universal,near_duplicate,10000,10000,1.0,3,16,0.01752137500079698,1.752137500079698e-06,0.00869754200175521,1.739508400351042e-06,5499,1.0998,2,0.1,976,9024,0.30789608636681304,24,1000,2.305843009213694e+18,"[[454612962106966139, 1702438209959121919], [2265420330264173236, 463866247378689703], [443667755326800348, 934787930118675060]]"
fixed,near_duplicate,10000,10000,1.0,1,17,0.00688304199866252,6.88304199866252e-07,0.0033642500020505395,6.728500004101079e-07,5000,1.0,1,0.1,1000,9000,0.3,0,1000,,
universal,near_duplicate,10000,10000,1.0,3,17,0.01762237500224728,1.7622375002247281e-06,0.008649874998809537,1.7299749997619074e-06,5513,1.1026,2,0.1,961,9039,0.31272991542223777,39,1000,2.305843009213694e+18,"[[195095767942445094, 1500048066919629750], [1059562453095694534, 313986444720046481], [691564608163384468, 53651072377497930]]"
fixed,near_duplicate,10000,10000,1.0,1,18,0.006816790999437217,6.816790999437217e-07,0.0033952920020965394,6.790584004193078e-07,5000,1.0,1,0.1,1000,9000,0.3,0,1000,,
universal,near_duplicate,10000,10000,1.0,3,18,0.017544207999890205,1.7544207999890205e-06,0.008595999999670312,1.7191999999340623e-06,5508,1.1016,3,0.1,962,9038,0.31272991542223777,38,1000,2.305843009213694e+18,"[[653524007492807808, 355415340864572460], [529539352426941228, 1114891161808553618], [2041277660056489008, 2248875904457507991]]"
fixed,near_duplicate,10000,10000,1.0,1,19,0.006867667001642985,6.867667001642985e-07,0.00400291599726188,8.00583199452376e-07,5000,1.0,1,0.1,1000,9000,0.3,0,1000,,
universal,near_duplicate,10000,10000,1.0,3,19,0.020191083000099752,2.0191083000099754e-06,0.015295707999030128,3.0591415998060254e-06,5518,1.1036,2,0.1,972,9028,0.30919249667480614,28,1000,2.305843009213694e+18,"[[418983635330710152, 499844581152741729], [2091481658804620576, 676363097439722673], [1853845312400714918, 63921434307813850]]"
fixed,near_duplicate,10000,10000,1.0,1,20,0.007387541998468805,7.387541998468805e-07,0.0038314589983201586,7.662917996640317e-07,5000,1.0,1,0.1,1000,9000,0.3,0,1000,,
universal,near_duplicate,10000,10000,1.0,3,20,0.020657582997955615,2.0657582997955615e-06,0.009409874997800216,1.8819749995600431e-06,5632,1.1264,3,0.1,937,9063,0.32155870381627055,63,1000,2.305843009213694e+18,"[[1326467972949138173, 150235521510768009], [1878749678761878296, 2057856258604839518], [714528426559143356, 1546845777023972402]]"
fixed,near_duplicate,10000,10000,1.0,1,21,0.006959833001019433,6.959833001019433e-07,0.00342741699932958,6.85483399865916e-07,5000,1.0,1,0.1,1000,9000,0.3,0,1000,,
universal,near_duplicate,10000,10000,1.0,3,21,0.017642458999034716,1.7642458999034715e-06,0.008561041999200825,1.712208399840165e-06,5488,1.0976,2,0.1,967,9033,0.31080540535840107,33,1000,2.305843009213694e+18,"[[1024322815512585445, 2145571529822921201], [583220317473756343, 1521440433806999588], [891688296819238137, 181082232511610579]]"
fixed,near_duplicate,10000,10000,1.0,1,22,0.006797165999159915,6.797165999159915e-07,0.0033180419995915145,6.636083999183029e-07,5000,1.0,1,0.1,1000,9000,0.3,0,1000,,
universal,near_duplicate,10000,10000,1.0,3,22,0.01751000000149361,1.7510000001493608e-06,0.008693416999449255,1.7386833998898509e-06,5678,1.1356,2,0.1,956,9044,0.31432467291003424,44,1000,2.305843009213694e+18,"[[287886780813115929, 1413457234261051687], [1236295213923302512, 1583790892526252416], [469264712334336849, 619461346342472605]]"
fixed,near_duplicate,10000,10000,1.0,1,23,0.006765082998754224,6.765082998754224e-07,0.0034016249992419034,6.803249998483807e-07,5000,1.0,1,0.1,1000,9000,0.3,0,1000,,
universal,near_duplicate,10000,10000,1.0,3,23,0.018104250000760658,1.8104250000760658e-06,0.008738124997762498,1.7476249995524994e-06,5540,1.108,3,0.1,961,9039,0.31336879231984793,39,1000,2.305843009213694e+18,"[[666030003530279332, 1185754838603315180], [507164280403988863, 1057119984642882112], [1021713661893975990, 2137083730657759889]]"
fixed,near_duplicate,10000,10000,1.0,1,24,0.006820042002800619,6.820042002800619e-07,0.0033517499978188425,6.703499995637685e-07,5000,1.0,1,0.1,1000,9000,0.3,0,1000,,
universal,near_duplicate,10000,10000,1.0,3,24,0.017534374997921987,1.7534374997921986e-06,0.00876583299759659,1.7531665995193179e-06,5483,1.0966,2,0.1,962,9038,0.31240998703626616,38,1000,2.305843009213694e+18,"[[719391770955253926, 2130106160647316609], [1814591772010625413, 678012837864961736], [2256121436648175771, 1806161501175307684]]"
fixed,near_duplicate,10000,10000,1.0,1,25,0.00687350000225706,6.87350000225706e-07,0.0034428330000082497,6.885666000016499e-07,5000,1.0,1,0.1,1000,9000,0.3,0,1000,,
universal,near_duplicate,10000,10000,1.0,3,25,0.017662250000284985,1.7662250000284984e-06,0.008612582998466678,1.7225165996933356e-06,5438,1.0876,3,0.1,970,9030,0.3101612483854165,30,1000,2.305843009213694e+18,"[[267692963849940753, 941673545738002381], [1078297968137412989, 615313745506248579], [1375102846946731697, 1124764272089465404]]"
fixed,near_duplicate,10000,10000,1.0,1,26,0.0067877499968744814,6.787749996874481e-07,0.0033243329999095295,6.648665999819058e-07,5000,1.0,1,0.1,1000,9000,0.3,0,1000,,
universal,near_duplicate,10000,10000,1.0,3,26,0.017844666999735637,1.7844666999735636e-06,0.008736790998227661,1.7473581996455324e-06,5632,1.1264,3,0.1,941,9059,0.3196873472629156,59,1000,2.305843009213694e+18,"[[1075367493781816306, 1590101887495472611], [1902892487837865007, 1154722482783782897], [1398969667391390162, 561164263128564704]]"
fixed,near_duplicate,10000,10000,1.0,1,27,0.006718749998981366,6.718749998981366e-07,0.0033778329998312984,6.755665999662597e-07,5000,1.0,1,0.1,1000,9000,0.3,0,1000,,
universal,near_duplicate,10000,10000,1.0,3,27,0.017783125000278233,1.7783125000278233e-06,0.008669875001942273,1.7339750003884546e-06,6201,1.2402,3,0.1,918,9082,0.32710854467592254,82,1000,2.305843009213694e+18,"[[86018572855962195, 1847883699258444581], [153743650771889609, 794633789185287595], [2121092647333014343, 2013162642849706046]]"
fixed,near_duplicate,10000,10000,1.0,1,28,0.006778458999178838,6.778458999178838e-07,0.0033089999997173436,6.617999999434688e-07,5000,1.0,1,0.1,1000,9000,0.3,0,1000,,
universal,near_duplicate,10000,10000,1.0,3,28,0.01745650000157184,1.7456500001571839e-06,0.008675959001266165,1.735191800253233e-06,5534,1.1068,2,0.1,961,9039,0.31272991542223777,39,1000,2.305843009213694e+18,"[[273089160051860230, 1621121173616640907], [1037773347474994553, 742865219208374151], [246540013351488701, 1890370731478794172]]"
fixed,near_duplicate,10000,10000,1.0,1,29,0.0068424589990172535,6.842458999017253e-07,0.003293916000984609,6.587832001969218e-07,5000,1.0,1,0.1,1000,9000,0.3,0,1000,,
universal,near_duplicate,10000,10000,1.0,3,29,0.01781449999907636,1.781449999907636e-06,0.00867025000115973,1.734050000231946e-06,5571,1.1142,2,0.1,954,9046,0.31496031496047244,46,1000,2.305843009213694e+18,"[[1172432318357405658, 1841538480035479711], [610889197299678937, 356910957590253921], [1744744512350649053, 459482189801702091]]"
fixed,uniform,10000,5000,2.0,1,0,0.012802833000023384,1.2802833000023383e-06,0.003801667000516318,7.603334001032636e-07,9446,1.8892,8,1.9006,4300,700,1.313742607971592,5203,9503,,
universal,uniform,10000,5000,2.0,3,0,0.024575790997914737,2.4575790997914736e-06,0.009466957999393344,1.8933915998786689e-06,19782,3.9564,9,1.9006,4180,820,1.4575045934747513,5323,9503,2.305843009213694e+18,"[[256711980439665054, 1709899044117486289], [564682175042572888, 321752549611034334], [236337776990707882, 1707863537360842093]]"
fixed,uniform,10000,5000,2.0,1,1,0.012837542002671398,1.2837542002671398e-06,0.0037035419991298113,7.407083998259623e-07,9465,1.893,8,1.904,4335,665,1.3056737724255627,5185,9520,,
universal,uniform,10000,5000,2.0,3,1,0.024452041001495672,2.4452041001495673e-06,0.009540042003209237,1.9080084006418474e-06,18713,3.7426,8,1.904,4281,719,1.3696656526320574,5239,9520,2.305843009213694e+18,"[[659665203979258006, 1758630025113616856], [2212240429613108902, 852878681887507335], [1610489816920689347, 222016741360720591]]"
fixed,uniform,10000,5000,2.0,1,2,0.012826040998334065,1.2826040998334065e-06,0.0037111669989826623,7.422333997965325e-07,9553,1.9106,7,1.9076,4296,704,1.3214621598819998,5242,9538,,
universal,uniform,10000,5000,2.0,3,2,0.024389207999774953,2.4389207999774953e-06,0.009427334000065457,1.8854668000130914e-06,19170,3.834,9,1.9076,4277,723,1.3593609675137799,5261,9538,2.305843009213694e+18,"[[1199085610155232937, 1617812241682181496], [268989063807004320, 875226211544593835], [667698580330647039, 518091674429352682]]"
fixed,uniform,10000,5000,2.0,1,3,0.012698542002908653,1.2698542002908652e-06,0.0038054159995226655,7.610831999045331e-07,9500,1.9,9,1.8936,4313,687,1.305173950092477,5155,9468,,
universal,uniform,10000,5000,2.0,3,3,0.024551165999582736,2.4551165999582735e-06,0.009455874998820946,1.8911749997641891e-06,18509,3.7018,8,1.8936,4252,748,1.3621596969518661,5216,9468,2.305843009213694e+18,"[[963130306873368709, 594124941275654819], [699113413627218811, 49790444920847614], [1116618126344352917, 264798812748597129]]"
fixed,uniform,10000,5000,2.0,1,4,0.012791000001016073,1.2791000001016073e-06,0.0037941669979772996,7.588333995954599e-07,9435,1.887,7,1.9026,4345,655,1.3163256587942058,5168,9513,,
universal,uniform,10000,5000,2.0,3,4,0.024415500000031898,2.44155000000319e-06,0.009510790998319862,1.9021581996639725e-06,19107,3.8214,8,1.9026,4263,737,1.3648125292508124,5250,9513,2.305843009213694e+18,"[[176127807941085543, 92145436972157049], [1353304280071655414, 2046636642761636536], [1463118878522575776, 350413271360474182]]"
fixed,uniform,10000,5000,2.0,1,5,0.012771042001986643,1.2771042001986644e-06,0.0037762499996460974,7.552499999292195e-07,9334,1.8668,8,1.8996,4329,671,1.3132858942362855,5169,9498,,
universal,uniform,10000,5000,2.0,3,5,0.024631000000226777,2.463100000022678e-06,0.009433916999114444,1.8867833998228888e-06,18779,3.7558,8,1.8996,4274,726,1.3511179963274857,5224,9498,2.305843009213694e+18,"[[144173240364996770, 1276607102766329742], [1316153465216681486, 593588258721341972], [891339916669062610, 1419387771326649839]]"
fixed,uniform,10000,5000,2.0,1,6,0.012648666997847613,1.2648666997847614e-06,0.0037596250003844034,7.519250000768806e-07,9598,1.9196,8,1.8974,4294,706,1.3268282631900785,5193,9487,,
universal,uniform,10000,5000,2.0,3,6,0.02429941599984886,2.4299415999848863e-06,0.009379582999827107,1.8759165999654216e-06,18880,3.776,11,1.8974,4283,717,1.3519146570697427,5204,9487,2.305843009213694e+18,"[[727386515324539458, 1284136067485901726], [1233138577490571038, 1828907452299493987], [1165171476919621068, 1646066583754636611]]"
fixed,uniform,10000,5000,2.0,1,7,0.012779124997905456,1.2779124997905456e-06,0.0037096669984748587,7.419333996949718e-07,9478,1.8956,8,1.8998,4354,646,1.3000615216211886,5145,9499,,
universal,uniform,10000,5000,2.0,3,7,0.024717583997698966,2.471758399769897e-06,0.009475999999267515,1.895199999853503e-06,19085,3.817,8,1.8998,4272,728,1.3659282411605669,5227,9499,2.305843009213694e+18,"[[793970665397899006, 2152094108188559335], [745929175751854539, 1278256298576207987], [1862522474300937406, 1567653588555493210]]"
fixed,uniform,10000,5000,2.0,1,8,0.012816832997486927,1.2816832997486927e-06,0.0036829159980698023,7.365831996139605e-07,9644,1.9288,8,1.9024,4278,722,1.3416684538290375,5234,9512,,
universal,uniform,10000,5000,2.0,3,8,0.02458837500307709,2.458837500307709e-06,0.009436374999495456,1.8872749998990911e-06,19102,3.8204,8,1.9024,4271,729,1.3507310020873882,5241,9512,2.305843009213694e+18,"[[1973099216186019426, 839551891445904909], [2054075847285760178, 1596895736779450158], [1768356806526079850, 761040643918656312]]"
fixed,uniform,10000,5000,2.0,1,9,0.012729958001727937,1.2729958001727936e-06,0.003773750002437737,7.547500004875474e-07,9611,1.9222,8,1.903,4289,711,1.3325130393358258,5226,9515,,
universal,uniform,10000,5000,2.0,3,9,0.024561541998991743,2.4561541998991745e-06,0.009535208999295719,1.9070417998591438e-06,19035,3.807,8,1.903,4248,752,1.3849155208892707,5267,9515,2.305843009213694e+18,"[[1933427113282973200, 1273492775044695229], [567420718719220919, 2291110579130834537], [1919842552580472723, 589921478534064354]]"
fixed,uniform,10000,5000,2.0,1,10,0.012726207998639438,1.2726207998639438e-06,0.0035906250013795216,7.181250002759043e-07,9313,1.8626,8,1.8972,4336,664,1.305309220070095,5150,9486,,
universal,uniform,10000,5000,2.0,3,10,0.024644291999720735,2.4644291999720734e-06,0.009525999998004409,1.9051999996008817e-06,18878,3.7756,8,1.8972,4278,722,1.3649293608095623,5208,9486,2.305843009213694e+18,"[[618696799174358726, 2029214271970554437], [1181946042011416434, 1971785935387254006], [855518877651879508, 78523067754061221]]"
fixed,uniform,10000,5000,2.0,1,11,0.012812667002435774,1.2812667002435773e-06,0.003646708999440307,7.293417998880614e-07,9603,1.9206,8,1.9,4338,662,1.3033802208104894,5162,9500,,
universal,uniform,10000,5000,2.0,3,11,0.024442334000923438,2.444233400092344e-06,0.009357375001854962,1.8714750003709923e-06,18979,3.7958,8,1.9,4276,724,1.3696714934611145,5224,9500,2.305843009213694e+18,"[[1967359095987829717, 498185230560009946], [1157680175712590001, 1113020793331031894], [1655376568515428791, 831730782862272696]]"
fixed,uniform,10000,5000,2.0,1,12,0.012742124999931548,1.2742124999931547e-06,0.003681166999740526,7.362333999481052e-07,9383,1.8766,8,1.9006,4312,688,1.3024283627132818,5191,9503,,
universal,uniform,10000,5000,2.0,3,12,0.024549167002987815,2.4549167002987816e-06,0.009629125001083594,1.9258250002167188e-06,19153,3.8306,8,1.9006,4273,727,1.3491922175879907,5230,9503,2.305843009213694e+18,"[[2258536001366688123, 1012121370449003109], [686970057059376321, 2051824648104402063], [1124175962628406669, 504983195232581899]]"
fixed,uniform,10000,5000,2.0,1,13,0.012991999999940163,1.2991999999940163e-06,0.003739125000720378,7.478250001440756e-07,9317,1.8634,7,1.9064,4356,644,1.2882697854098728,5176,9532,,
universal,uniform,10000,5000,2.0,3,13,0.024461708002490923,2.4461708002490924e-06,0.009437125001568347,1.8874250003136694e-06,18701,3.7402,8,1.9064,4291,709,1.3521978553451415,5241,9532,2.305843009213694e+18,"[[2277903568736387890, 452514279465990313], [2303280692498563247, 697951185415921787], [183691764838410618, 423743168849403417]]"
fixed,uniform,10000,5000,2.0,1,14,0.012707917001534952,1.2707917001534952e-06,0.0037374999992607627,7.474999998521526e-07,9461,1.8922,8,1.8992,4346,654,1.3036254676861756,5150,9496,,
universal,uniform,10000,5000,2.0,3,14,0.02467212500050664,2.467212500050664e-06,0.00946124999973108,1.8922499999462161e-06,19005,3.801,8,1.8992,4272,728,1.3569964480425143,5224,9496,2.305843009213694e+18,"[[1956076132499880650, 26508845497723367], [1505952038662606745, 694384076709536977], [1251442079079685814, 2146666122401106131]]"
fixed,uniform,10000,5000,2.0,1,15,0.0127646660002938,1.2764666000293801e-06,0.0036603750013455283,7.320750002691056e-07,9596,1.9192,10,1.9102,4296,704,1.3454129328945816,5255,9551,,
universal,uniform,10000,5000,2.0,3,15,0.02445866700145416,2.445866700145416e-06,0.00946341600138112,1.892683200276224e-06,19223,3.8446,9,1.9102,4302,698,1.359314518424636,5249,9551,2.305843009213694e+18,"[[847978861133403702, 1395714462194184430], [518482636670340538, 740682746084312398], [1100716632290196263, 2269261073193213249]]"
fixed,uniform,10000,5000,2.0,1,16,0.012773792001098627,1.2773792001098627e-06,0.0035969160016975366,7.193832003395073e-07,9421,1.8842,8,1.8994,4318,682,1.3093813959270997,5179,9497,,
universal,uniform,10000,5000,2.0,3,16,0.024565249997976935,2.4565249997976935e-06,0.009674749999248888,1.934949999849778e-06,19207,3.8414,10,1.8994,4274,726,1.3607643587337228,5223,9497,2.305843009213694e+18,"[[454612962106966139, 1702438209959121919], [2265420330264173236, 463866247378689703], [443667755326800348, 934787930118675060]]"
fixed,uniform,10000,5000,2.0,1,17,0.01272354200045811,1.2723542000458111e-06,0.003661999999167165,7.32399999833433e-07,9391,1.8782,8,1.9094,4337,663,1.2915075067532515,5210,9547,,
universal,uniform,10000,5000,2.0,3,17,0.024689709000085713,2.4689709000085714e-06,0.009495958001934923,1.8991916003869846e-06,18932,3.7864,8,1.9094,4271,729,1.36205419862794,5276,9547,2.305843009213694e+18,"[[195095767942445094, 1500048066919629750], [1059562453095694534, 313986444720046481], [691564608163384468, 53651072377497930]]"
fixed,uniform,10000,5000,2.0,1,18,0.012701125000603497,1.2701125000603498e-06,0.0037236669995763805,7.447333999152761e-07,9412,1.8824,8,1.8976,4361,639,1.2897729412574912,5127,9488,,
universal,uniform,10000,5000,2.0,3,18,0.024492707998433616,2.4492707998433615e-06,0.009616041999834124,1.9232083999668247e-06,19081,3.8162,9,1.8976,4240,760,1.3659847144093524,5248,9488,2.305843009213694e+18,"[[653524007492807808, 355415340864572460], [529539352426941228, 1114891161808553618], [2041277660056489008, 2248875904457507991]]"
fixed,uniform,10000,5000,2.0,1,19,0.012696000001596985,1.2696000001596986e-06,0.0036320839972177055,7.264167994435411e-07,9481,1.8962,7,1.9032,4352,648,1.2963910521135202,5164,9516,,
universal,uniform,10000,5000,2.0,3,19,0.024377541998546803,2.43775419985468e-06,0.009476082999753999,1.8952165999507996e-06,19139,3.8278,9,1.9032,4252,748,1.3911972397902463,5264,9516,2.305843009213694e+18,"[[418983635330710152, 499844581152741729], [2091481658804620576, 676363097439722673], [1853845312400714918, 63921434307813850]]"
fixed,uniform,10000,5000,2.0,1,20,0.012745416999678127,1.2745416999678126e-06,0.003753999997570645,7.507999995141291e-07,9534,1.9068,8,1.8976,4325,675,1.3248072463569935,5163,9488,,
universal,uniform,10000,5000,2.0,3,20,0.024553082999773324,2.455308299977332e-06,0.009480374999839114,1.8960749999678228e-06,18902,3.7804,8,1.8976,4296,704,1.334434052323306,5192,9488,2.305843009213694e+18,"[[1326467972949138173, 150235521510768009], [1878749678761878296, 2057856258604839518], [714528426559143356, 1546845777023972402]]"
fixed,uniform,10000,5000,2.0,1,21,0.012599833997228416,1.2599833997228416e-06,0.003754499997739913,7.508999995479825e-07,9420,1.884,9,1.8998,4284,716,1.3328765734305634,5215,9499,,
universal,uniform,10000,5000,2.0,3,21,0.024363624997931765,2.4363624997931766e-06,0.009410167000169167,1.8820334000338334e-06,18653,3.7306,8,1.8998,4316,684,1.335724507523913,5183,9499,2.305843009213694e+18,"[[1024322815512585445, 2145571529822921201], [583220317473756343, 1521440433806999588], [891688296819238137, 181082232511610579]]"
fixed,uniform,10000,5000,2.0,1,22,0.013028334000409814,1.3028334000409814e-06,0.0037479999991774093,7.495999998354818e-07,9564,1.9128,8,1.9022,4310,690,1.3179662969894184,5201,9511,,
universal,uniform,10000,5000,2.0,3,22,0.024924624998675426,2.4924624998675425e-06,0.009646833001170307,1.9293666002340615e-06,19278,3.8556,9,1.9022,4301,699,1.356257777857882,5210,9511,2.305843009213694e+18,"[[287886780813115929, 1413457234261051687], [1236295213923302512, 1583790892526252416], [469264712334336849, 619461346342472605]]"
fixed,uniform,10000,5000,2.0,1,23,0.012840250001318054,1.2840250001318055e-06,0.003868040999805089,7.736081999610178e-07,9522,1.9044,8,1.9066,4306,694,1.3266033468976324,5227,9533,,
universal,uniform,10000,5000,2.0,3,23,0.024747167000896297,2.47471670008963e-06,0.009764708000147948,1.9529416000295895e-06,23817,4.7634,11,1.9066,4045,955,1.6207024526420635,5488,9533,2.305843009213694e+18,"[[666030003530279332, 1185754838603315180], [507164280403988863, 1057119984642882112], [1021713661893975990, 2137083730657759889]]"
fixed,uniform,10000,5000,2.0,1,24,0.012769666998792673,1.2769666998792672e-06,0.003778749996854458,7.557499993708916e-07,9456,1.8912,7,1.9078,4325,675,1.3055646900862476,5214,9539,,
universal,uniform,10000,5000,2.0,3,24,0.02470016599909286,2.470016599909286e-06,0.009532916999887675,1.906583399977535e-06,19175,3.835,8,1.9078,4300,700,1.3556176304548417,5239,9539,2.305843009213694e+18,"[[719391770955253926, 2130106160647316609], [1814591772010625413, 678012837864961736], [2256121436648175771, 1806161501175307684]]"
fixed,uniform,10000,5000,2.0,1,25,0.012934000002132962,1.2934000002132962e-06,0.0037314159999368712,7.462831999873742e-07,9619,1.9238,8,1.8974,4321,679,1.3239611927847432,5166,9487,,
universal,uniform,10000,5000,2.0,3,25,0.024576209001679672,2.457620900167967e-06,0.009479083000769606,1.8958166001539211e-06,19069,3.8138,9,1.8974,4263,737,1.4004546547460934,5224,9487,2.305843009213694e+18,"[[267692963849940753, 941673545738002381], [1078297968137412989, 615313745506248579], [1375102846946731697, 1124764272089465404]]"
fixed,uniform,10000,5000,2.0,1,26,0.01283220800178242,1.283220800178242e-06,0.003851500001474051,7.703000002948102e-07,9565,1.913,10,1.9016,4319,681,1.3225420371390846,5189,9508,,
universal,uniform,10000,5000,2.0,3,26,0.02452304100006586,2.452304100006586e-06,0.009615499999199528,1.9230999998399055e-06,19415,3.883,8,1.9016,4224,776,1.3767779196370051,5284,9508,2.305843009213694e+18,"[[1075367493781816306, 1590101887495472611], [1902892487837865007, 1154722482783782897], [1398969667391390162, 561164263128564704]]"
fixed,uniform,10000,5000,2.0,1,27,0.012892417002149159,1.289241700214916e-06,0.0037712079974880908,7.542415994976181e-07,9547,1.9094,8,1.9068,4330,670,1.3116835593999034,5204,9534,,
universal,uniform,10000,5000,2.0,3,27,0.025060874999326188,2.506087499932619e-06,0.00991187500039814,1.982375000079628e-06,24855,4.971,14,1.9068,4026,974,1.6322113098493098,5508,9534,2.305843009213694e+18,"[[86018572855962195, 1847883699258444581], [153743650771889609, 794633789185287595], [2121092647333014343, 2013162642849706046]]"
fixed,uniform,10000,5000,2.0,1,28,0.012778166001226055,1.2778166001226054e-06,0.003718542000569869,7.437084001139737e-07,9471,1.8942,9,1.9036,4319,681,1.3137378125029362,5199,9518,,
universal,uniform,10000,5000,2.0,3,28,0.024435000002995366,2.4435000002995367e-06,0.009512790998996934,1.9025581997993868e-06,18796,3.7592,8,1.9036,4319,681,1.3432449664897315,5199,9518,2.305843009213694e+18,"[[273089160051860230, 1621121173616640907], [1037773347474994553, 742865219208374151], [246540013351488701, 1890370731478794172]]"
fixed,uniform,10000,5000,2.0,1,29,0.012743457999022212,1.2743457999022212e-06,0.0037302910022845026,7.460582004569005e-07,9435,1.887,8,1.8982,4324,676,1.3111204216241923,5167,9491,,
universal,uniform,10000,5000,2.0,3,29,0.024458915999275632,2.445891599927563e-06,0.009563415998854907,1.9126831997709813e-06,19167,3.8334,9,1.8982,4287,713,1.352418855236794,5204,9491,2.305843009213694e+18,"[[1172432318357405658, 1841538480035479711], [610889197299678937, 356910957590253921], [1744744512350649053, 459482189801702091]]"
fixed,sorted,10000,5000,2.0,1,0,0.012876832999609178,1.2876832999609179e-06,0.003771499999857042,7.542999999714084e-07,7499,1.4998,2,2.0,5000,0,0.0,5000,10000,,
universal,sorted,10000,5000,2.0,3,0,0.0252252079990285,2.52252079990285e-06,0.009547042001941008,1.909408400388202e-06,19986,3.9972,8,2.0,4350,650,1.388668426947196,5650,10000,2.305843009213694e+18,"[[256711980439665054, 1709899044117486289], [564682175042572888, 321752549611034334], [236337776990707882, 1707863537360842093]]"
fixed,sorted,10000,5000,2.0,1,1,0.0128621670010034,1.28621670010034e-06,0.0037982909998390824,7.596581999678165e-07,7525,1.505,2,2.0,5000,0,0.0,5000,10000,,
universal,sorted,10000,5000,2.0,3,1,0.024840707999828737,2.484070799982874e-06,0.00951770799656515,1.90354159931303e-06,18338,3.6676,7,2.0,4441,559,1.2690153663372246,5559,10000,2.305843009213694e+18,"[[659665203979258006, 1758630025113616856], [2212240429613108902, 852878681887507335], [1610489816920689347, 222016741360720591]]"
fixed,sorted,10000,5000,2.0,1,2,0.013027334000071278,1.3027334000071279e-06,0.0035739590020966716,7.147918004193343e-07,7478,1.4956,2,2.0,5000,0,0.0,5000,10000,,
universal,sorted,10000,5000,2.0,3,2,0.024899957999878097,2.48999579998781e-06,0.009402540999872144,1.8805081999744288e-06,18377,3.6754,7,2.0,4497,503,1.2414507642270796,5503,10000,2.305843009213694e+18,"[[1199085610155232937, 1617812241682181496], [268989063807004320, 875226211544593835], [667698580330647039, 518091674429352682]]"
fixed,sorted,10000,5000,2.0,1,3,0.012880458998552058,1.2880458998552057e-06,0.0035731669995584525,7.146333999116905e-07,7518,1.5036,2,2.0,5000,0,0.0,5000,10000,,
universal,sorted,10000,5000,2.0,3,3,0.02531749999980093,2.531749999980093e-06,0.010098333001224091,2.0196666002448182e-06,28706,5.7412,14,2.0,4050,950,2.098952119511067,5950,10000,2.305843009213694e+18,"[[963130306873368709, 594124941275654819], [699113413627218811, 49790444920847614], [1116618126344352917, 264798812748597129]]"
fixed,sorted,10000,5000,2.0,1,4,0.012882166000053985,1.2882166000053984e-06,0.0035903749994758982,7.180749998951797e-07,7519,1.5038,2,2.0,5000,0,0.0,5000,10000,,
universal,sorted,10000,5000,2.0,3,4,0.0248370410008647,2.4837041000864703e-06,0.009420040998520562,1.8840081997041125e-06,18451,3.6902,8,2.0,4495,505,1.2310970717209915,5505,10000,2.305843009213694e+18,"[[176127807941085543, 92145436972157049], [1353304280071655414, 2046636642761636536], [1463118878522575776, 350413271360474182]]"
fixed,sorted,10000,5000,2.0,1,5,0.01285920900045312,1.285920900045312e-06,0.0036028750000696164,7.205750000139233e-07,7461,1.4922,2,2.0,5000,0,0.0,5000,10000,,
universal,sorted,10000,5000,2.0,3,5,0.024933332999353297,2.49333329993533e-06,0.00944704100038507,1.889408200077014e-06,17646,3.5292,6,2.0,4520,480,1.1907980517283356,5480,10000,2.305843009213694e+18,"[[144173240364996770, 1276607102766329742], [1316153465216681486, 593588258721341972], [891339916669062610, 1419387771326649839]]"
fixed,sorted,10000,5000,2.0,1,6,0.01295024999853922,1.2950249998539221e-06,0.00368170799993095,7.363415999861899e-07,7480,1.496,2,2.0,5000,0,0.0,5000,10000,,
universal,sorted,10000,5000,2.0,3,6,0.024927166999987094,2.4927166999987094e-06,0.00950616700356477,1.901233400712954e-06,18572,3.7144,7,2.0,4477,523,1.235637487291479,5523,10000,2.305843009213694e+18,"[[727386515324539458, 1284136067485901726], [1233138577490571038, 1828907452299493987], [1165171476919621068, 1646066583754636611]]"
fixed,sorted,10000,5000,2.0,1,7,0.012857333000283688,1.2857333000283687e-06,0.003601332999096485,7.202665998192969e-07,7504,1.5008,2,2.0,5000,0,0.0,5000,10000,,
universal,sorted,10000,5000,2.0,3,7,0.024824707998050144,2.482470799805014e-06,0.0094647090008948,1.89294180017896e-06,18218,3.6436,7,2.0,4493,507,1.2367699866992246,5507,10000,2.305843009213694e+18,"[[793970665397899006, 2152094108188559335], [745929175751854539, 1278256298576207987], [1862522474300937406, 1567653588555493210]]"
fixed,sorted,10000,5000,2.0,1,8,0.012914499999169493,1.2914499999169494e-06,0.003713459002028685,7.42691800405737e-07,7491,1.4982,2,2.0,5000,0,0.0,5000,10000,,
universal,sorted,10000,5000,2.0,3,8,0.025201083997671958,2.5201083997671957e-06,0.009597624997695675,1.919524999539135e-06,19389,3.8778,7,2.0,4462,538,1.2636455199145051,5538,10000,2.305843009213694e+18,"[[1973099216186019426, 839551891445904909], [2054075847285760178, 1596895736779450158], [1768356806526079850, 761040643918656312]]"
fixed,sorted,10000,5000,2.0,1,9,0.012817000002542045,1.2817000002542045e-06,0.00355012499858276,7.10024999716552e-07,7516,1.5032,2,2.0,5000,0,0.0,5000,10000,,
universal,sorted,10000,5000,2.0,3,9,0.025074958000914194,2.5074958000914196e-06,0.009676541998487664,1.935308399697533e-06,19858,3.9716,9,2.0,4378,622,1.3405968819895113,5622,10000,2.305843009213694e+18,"[[1933427113282973200, 1273492775044695229], [567420718719220919, 2291110579130834537], [1919842552580472723, 589921478534064354]]"
fixed,sorted,10000,5000,2.0,1,10,0.012971874999493593,1.2971874999493593e-06,0.0036113749993091915,7.222749998618383e-07,7450,1.49,2,2.0,5000,0,0.0,5000,10000,,
universal,sorted,10000,5000,2.0,3,10,0.02508516699890606,2.508516699890606e-06,0.009583040999132209,1.9166081998264418e-06,18841,3.7682,8,2.0,4356,644,1.3611759621738844,5644,10000,2.305843009213694e+18,"[[618696799174358726, 2029214271970554437], [1181946042011416434, 1971785935387254006], [855518877651879508, 78523067754061221]]"
fixed,sorted,10000,5000,2.0,1,11,0.012910166999063222,1.2910166999063222e-06,0.0035200839993194677,7.040167998638936e-07,7532,1.5064,2,2.0,5000,0,0.0,5000,10000,,
universal,sorted,10000,5000,2.0,3,11,0.02472120799939148,2.472120799939148e-06,0.009567541997967055,1.913508399593411e-06,18330,3.666,7,2.0,4490,510,1.2340178280721879,5510,10000,2.305843009213694e+18,"[[1967359095987829717, 498185230560009946], [1157680175712590001, 1113020793331031894], [1655376568515428791, 831730782862272696]]"
fixed,sorted,10000,5000,2.0,1,12,0.012983874999918044,1.2983874999918044e-06,0.0036500839996733703,7.30016799934674e-07,7457,1.4914,2,2.0,5000,0,0.0,5000,10000,,
universal,sorted,10000,5000,2.0,3,12,0.025023541998962173,2.502354199896217e-06,0.009674791999714216,1.934958399942843e-06,21063,4.2126,9,2.0,4207,793,1.5057224179774968,5793,10000,2.305843009213694e+18,"[[2258536001366688123, 1012121370449003109], [686970057059376321, 2051824648104402063], [1124175962628406669, 504983195232581899]]"
fixed,sorted,10000,5000,2.0,1,13,0.012891999998828396,1.2891999998828395e-06,0.003585540998756187,7.171081997512374e-07,7411,1.4822,2,2.0,5000,0,0.0,5000,10000,,
universal,sorted,10000,5000,2.0,3,13,0.024900958000216633,2.4900958000216634e-06,0.009580624999216525,1.916124999843305e-06,20466,4.0932,8,2.0,4244,756,1.45657131648265,5756,10000,2.305843009213694e+18,"[[2277903568736387890, 452514279465990313], [2303280692498563247, 697951185415921787], [183691764838410618, 423743168849403417]]"
fixed,sorted,10000,5000,2.0,1,14,0.012911792000522837,1.2911792000522837e-06,0.0036091250003664754,7.218250000732951e-07,7513,1.5026,2,2.0,5000,0,0.0,5000,10000,,
universal,sorted,10000,5000,2.0,3,14,0.025023165999300545,2.5023165999300544e-06,0.009568125002260786,1.913625000452157e-06,18430,3.686,7,2.0,4516,484,1.2249081598226048,5484,10000,2.305843009213694e+18,"[[1956076132499880650, 26508845497723367], [1505952038662606745, 694384076709536977], [1251442079079685814, 2146666122401106131]]"
fixed,sorted,10000,5000,2.0,1,15,0.01288991700130282,1.288991700130282e-06,0.0035874999994121026,7.174999998824205e-07,7515,1.503,2,2.0,5000,0,0.0,5000,10000,,
universal,sorted,10000,5000,2.0,3,15,0.024972207997052465,2.4972207997052466e-06,0.009416167002200382,1.8832334004400765e-06,18631,3.7262,8,2.0,4433,567,1.2867012085173466,5567,10000,2.305843009213694e+18,"[[847978861133403702, 1395714462194184430], [518482636670340538, 740682746084312398], [1100716632290196263, 2269261073193213249]]"
fixed,sorted,10000,5000,2.0,1,16,0.012943624999024905,1.2943624999024906e-06,0.0036140000011073425,7.228000002214685e-07,7477,1.4954,2,2.0,5000,0,0.0,5000,10000,,
universal,sorted,10000,5000,2.0,3,16,0.024822874998790212,2.482287499879021e-06,0.009553166997648077,1.9106333995296155e-06,17887,3.5774,7,2.0,4497,503,1.2119405926034494,5503,10000,2.305843009213694e+18,"[[454612962106966139, 1702438209959121919], [2265420330264173236, 463866247378689703], [443667755326800348, 934787930118675060]]"
fixed,sorted,10000,5000,2.0,1,17,0.012890624999272404,1.2890624999272405e-06,0.003526707998389611,7.053415996779223e-07,7538,1.5076,2,2.0,5000,0,0.0,5000,10000,,
universal,sorted,10000,5000,2.0,3,17,0.02504895799938822,2.504895799938822e-06,0.009444834002351854,1.8889668004703708e-06,17931,3.5862,6,2.0,4524,476,1.1852425912023243,5476,10000,2.305843009213694e+18,"[[195095767942445094, 1500048066919629750], [1059562453095694534, 313986444720046481], [691564608163384468, 53651072377497930]]"
fixed,sorted,10000,5000,2.0,1,18,0.013172374998248415,1.3172374998248416e-06,0.003572500001610024,7.145000003220048e-07,7559,1.5118,2,2.0,5000,0,0.0,5000,10000,,
universal,sorted,10000,5000,2.0,3,18,0.025333625002531335,2.5333625002531333e-06,0.00959283300107927,1.918566600215854e-06,20015,4.003,9,2.0,4228,772,1.5320574401764446,5772,10000,2.305843009213694e+18,"[[653524007492807808, 355415340864572460], [529539352426941228, 1114891161808553618], [2041277660056489008, 2248875904457507991]]"
fixed,sorted,10000,5000,2.0,1,19,0.01287045899880468,1.287045899880468e-06,0.003626417001214577,7.252834002429154e-07,7550,1.51,2,2.0,5000,0,0.0,5000,10000,,
universal,sorted,10000,5000,2.0,3,19,0.024945332999777747,2.494533299977775e-06,0.00942708300135564,1.885416600271128e-06,18225,3.645,7,2.0,4521,479,1.22343777937417,5479,10000,2.305843009213694e+18,"[[418983635330710152, 499844581152741729], [2091481658804620576, 676363097439722673], [1853845312400714918, 63921434307813850]]"
fixed,sorted,10000,5000,2.0,1,20,0.012842875003116205,1.2842875003116206e-06,0.0035627910001494456,7.125582000298891e-07,7473,1.4946,2,2.0,5000,0,0.0,5000,10000,,
universal,sorted,10000,5000,2.0,3,20,0.025262999999540625,2.5262999999540627e-06,0.00971604200094589,1.943208400189178e-06,20476,4.0952,10,2.0,4175,825,1.5026643005009468,5825,10000,2.305843009213694e+18,"[[1326467972949138173, 150235521510768009], [1878749678761878296, 2057856258604839518], [714528426559143356, 1546845777023972402]]"
fixed,sorted,10000,5000,2.0,1,21,0.012782999998307787,1.2782999998307786e-06,0.003625541001383681,7.251082002767362e-07,7520,1.504,2,2.0,5000,0,0.0,5000,10000,,
universal,sorted,10000,5000,2.0,3,21,0.0247100419983326,2.47100419983326e-06,0.0094070000013744,1.8814000002748799e-06,18228,3.6456,8,2.0,4444,556,1.2745195173083854,5556,10000,2.305843009213694e+18,"[[1024322815512585445, 2145571529822921201], [583220317473756343, 1521440433806999588], [891688296819238137, 181082232511610579]]"
fixed,sorted,10000,5000,2.0,1,22,0.012858750000305008,1.2858750000305008e-06,0.0035915000007662456,7.183000001532491e-07,7521,1.5042,2,2.0,5000,0,0.0,5000,10000,,
universal,sorted,10000,5000,2.0,3,22,0.025175583999953233,2.5175583999953232e-06,0.009717166998598259,1.943433399719652e-06,21693,4.3386,9,2.0,4305,695,1.4434680460612905,5695,10000,2.305843009213694e+18,"[[287886780813115929, 1413457234261051687], [1236295213923302512, 1583790892526252416], [469264712334336849, 619461346342472605]]"
fixed,sorted,10000,5000,2.0,1,23,0.012804541998775676,1.2804541998775677e-06,0.0035852920009347145,7.170584001869429e-07,7501,1.5002,2,2.0,5000,0,0.0,5000,10000,,
universal,sorted,10000,5000,2.0,3,23,0.02517295800134889,2.5172958001348888e-06,0.009864125000603963,1.9728250001207924e-06,25704,5.1408,10,2.0,4170,830,1.67594749321093,5830,10000,2.305843009213694e+18,"[[666030003530279332, 1185754838603315180], [507164280403988863, 1057119984642882112], [1021713661893975990, 2137083730657759889]]"
fixed,sorted,10000,5000,2.0,1,24,0.012871709001046838,1.2871709001046838e-06,0.0035705410009541083,7.141082001908217e-07,7470,1.494,2,2.0,5000,0,0.0,5000,10000,,
universal,sorted,10000,5000,2.0,3,24,0.024817249999614432,2.4817249999614434e-06,0.009490666998317465,1.898133399663493e-06,19041,3.8082,7,2.0,4448,552,1.2989226304903614,5552,10000,2.305843009213694e+18,"[[719391770955253926, 2130106160647316609], [1814591772010625413, 678012837864961736], [2256121436648175771, 1806161501175307684]]"
fixed,sorted,10000,5000,2.0,1,25,0.012871541999629699,1.2871541999629699e-06,0.0035983339985250495,7.196667997050099e-07,7528,1.5056,2,2.0,5000,0,0.0,5000,10000,,
universal,sorted,10000,5000,2.0,3,25,0.024962833998870337,2.496283399887034e-06,0.009503166998911183,1.9006333997822366e-06,18862,3.7724,8,2.0,4325,675,1.3676256797823008,5675,10000,2.305843009213694e+18,"[[267692963849940753, 941673545738002381], [1078297968137412989, 615313745506248579], [1375102846946731697, 1124764272089465404]]"
fixed,sorted,10000,5000,2.0,1,26,0.01291874999878928,1.291874999878928e-06,0.003501541999867186,7.003083999734372e-07,7545,1.509,2,2.0,5000,0,0.0,5000,10000,,
universal,sorted,10000,5000,2.0,3,26,0.024957500001619337,2.495750000161934e-06,0.0095797499998298,1.91594999996596e-06,17934,3.5868,7,2.0,4551,449,1.20797350964332,5449,10000,2.305843009213694e+18,"[[1075367493781816306, 1590101887495472611], [1902892487837865007, 1154722482783782897], [1398969667391390162, 561164263128564704]]"
fixed,sorted,10000,5000,2.0,1,27,0.012842874999478227,1.2842874999478227e-06,0.003610625000874279,7.221250001748559e-07,7529,1.5058,2,2.0,5000,0,0.0,5000,10000,,
universal,sorted,10000,5000,2.0,3,27,0.02534491600090405,2.534491600090405e-06,0.009974374999728752,1.9948749999457506e-06,27529,5.5058,9,2.0,4218,782,1.711724276862369,5782,10000,2.305843009213694e+18,"[[86018572855962195, 1847883699258444581], [153743650771889609, 794633789185287595], [2121092647333014343, 2013162642849706046]]"
fixed,sorted,10000,5000,2.0,1,28,0.012822458000300685,1.2822458000300685e-06,0.003582291999919107,7.164583999838215e-07,7510,1.502,2,2.0,5000,0,0.0,5000,10000,,
universal,sorted,10000,5000,2.0,3,28,0.024891916997148655,2.4891916997148656e-06,0.009398958001838764,1.879791600367753e-06,17871,3.5742,8,2.0,4500,500,1.2294714311442947,5500,10000,2.305843009213694e+18,"[[273089160051860230, 1621121173616640907], [1037773347474994553, 742865219208374151], [246540013351488701, 1890370731478794172]]"
fixed,sorted,10000,5000,2.0,1,29,0.012862083000072744,1.2862083000072744e-06,0.0034775000021909364,6.955000004381872e-07,7440,1.488,2,2.0,5000,0,0.0,5000,10000,,
universal,sorted,10000,5000,2.0,3,29,0.02488091700070072,2.488091700070072e-06,0.009661749998485902,1.9323499996971804e-06,18440,3.688,7,2.0,4541,459,1.19565881421081,5459,10000,2.305843009213694e+18,"[[1172432318357405658, 1841538480035479711], [610889197299678937, 356910957590253921], [1744744512350649053, 459482189801702091]]"
fixed,adversarial,10000,5000,2.0,1,0,0.34197120899989386,3.4197120899989386e-05,1.464557250001235,0.000292911450000247,25065234,5013.0468,10000,2.0,1,4999,141.40721339450826,9999,10000,,
universal,adversarial,10000,5000,2.0,3,0,0.02527537499918253,2.5275374999182533e-06,0.009571917002176633,1.914383400435327e-06,17714,3.5428,6,2.0,4529,471,1.1901260437449472,5471,10000,2.305843009213694e+18,"[[256711980439665054, 1709899044117486289], [564682175042572888, 321752549611034334], [236337776990707882, 1707863537360842093]]"
fixed,adversarial,10000,5000,2.0,1,1,0.34391716699974495,3.43917166999745e-05,1.4636695420012984,0.0002927339084002597,25038251,5007.6502,10000,2.0,1,4999,141.40721339450826,9999,10000,,
universal,adversarial,10000,5000,2.0,3,1,0.024904542002332164,2.4904542002332166e-06,0.009856291999312816,1.9712583998625633e-06,19625,3.925,7,2.0,4396,604,1.3255942063844426,5604,10000,2.305843009213694e+18,"[[659665203979258006, 1758630025113616856], [2212240429613108902, 852878681887507335], [1610489816920689347, 222016741360720591]]"
fixed,adversarial,10000,5000,2.0,1,2,0.3427620410002419,3.427620410002419e-05,1.4395857080016867,0.00028791714160033736,24997385,4999.477,10000,2.0,1,4999,141.40721339450826,9999,10000,,
universal,adversarial,10000,5000,2.0,3,2,0.02485754199733492,2.485754199733492e-06,0.009778458999790018,1.9556917999580038e-06,20213,4.0426,8,2.0,4344,656,1.4181678320988669,5656,10000,2.305843009213694e+18,"[[1199085610155232937, 1617812241682181496], [268989063807004320, 875226211544593835], [667698580330647039, 518091674429352682]]"
fixed,adversarial,10000,5000,2.0,1,3,0.3441783749985916,3.441783749985916e-05,1.4432976659991255,0.0002886595331998251,24999873,4999.9746,10000,2.0,1,4999,141.40721339450826,9999,10000,,
universal,adversarial,10000,5000,2.0,3,3,0.024899332998757018,2.489933299875702e-06,0.009765375001734355,1.953075000346871e-06,17589,3.5178,7,2.0,4541,459,1.1926441212700458,5459,10000,2.305843009213694e+18,"[[963130306873368709, 594124941275654819], [699113413627218811, 49790444920847614], [1116618126344352917, 264798812748597129]]"
fixed,adversarial,10000,5000,2.0,1,4,0.34162020800067694,3.416202080006769e-05,1.4547051669978828,0.0002909410333995766,25210272,5042.0544,10000,2.0,1,4999,141.40721339450826,9999,10000,,
universal,adversarial,10000,5000,2.0,3,4,0.025302624999312684,2.5302624999312684e-06,0.009898291998979403,1.9796583997958805e-06,18315,3.663,7,2.0,4523,477,1.2190159966136622,5477,10000,2.305843009213694e+18,"[[176127807941085543, 92145436972157049], [1353304280071655414, 2046636642761636536], [1463118878522575776, 350413271360474182]]"
fixed,adversarial,10000,5000,2.0,1,5,0.34612475000176346,3.4612475000176345e-05,1.4973293330003798,0.000299465866600076,24761707,4952.3414,10000,2.0,1,4999,141.40721339450826,9999,10000,,
universal,adversarial,10000,5000,2.0,3,5,0.025161457997455727,2.5161457997455725e-06,0.009833459000219591,1.9666918000439183e-06,17754,3.5508,6,2.0,4548,452,1.1879393923933999,5452,10000,2.305843009213694e+18,"[[144173240364996770, 1276607102766329742], [1316153465216681486, 593588258721341972], [891339916669062610, 1419387771326649839]]"
fixed,adversarial,10000,5000,2.0,1,6,0.3503722499990545,3.503722499990545e-05,1.4553963340003975,0.0002910792668000795,25075838,5015.1676,10000,2.0,1,4999,141.40721339450826,9999,10000,,
universal,adversarial,10000,5000,2.0,3,6,0.025136084001132986,2.5136084001132986e-06,0.00981191599930753,1.962383199861506e-06,19392,3.8784,7,2.0,4334,666,1.3792751719653333,5666,10000,2.305843009213694e+18,"[[727386515324539458, 1284136067485901726], [1233138577490571038, 1828907452299493987], [1165171476919621068, 1646066583754636611]]"
fixed,adversarial,10000,5000,2.0,1,7,0.3430465829987952,3.430465829987952e-05,1.3998388749969308,0.00027996777499938617,25003343,5000.6686,10000,2.0,1,4999,141.40721339450826,9999,10000,,
universal,adversarial,10000,5000,2.0,3,7,0.02616029199998593,2.616029199998593e-06,0.011088082999776816,2.2176165999553633e-06,40173,8.0346,15,2.0,3774,1226,2.3363218956299665,6226,10000,2.305843009213694e+18,"[[793970665397899006, 2152094108188559335], [745929175751854539, 1278256298576207987], [1862522474300937406, 1567653588555493210]]"
fixed,adversarial,10000,5000,2.0,1,8,0.34459970900206827,3.4459970900206826e-05,1.4825762500004203,0.0002965152500000841,24955414,4991.0828,10000,2.0,1,4999,141.40721339450826,9999,10000,,
universal,adversarial,10000,5000,2.0,3,8,0.02512854200176662,2.512854200176662e-06,0.009518667000520509,1.9037334001041017e-06,18475,3.695,7,2.0,4379,621,1.3444701558606647,5621,10000,2.305843009213694e+18,"[[1973099216186019426, 839551891445904909], [2054075847285760178, 1596895736779450158], [1768356806526079850, 761040643918656312]]"
fixed,adversarial,10000,5000,2.0,1,9,0.34552579099909053,3.4552579099909055e-05,1.7041400420021091,0.00034082800840042185,25084442,5016.8884,10000,2.0,1,4999,141.40721339450826,9999,10000,,
universal,adversarial,10000,5000,2.0,3,9,0.0247466250002617,2.47466250002617e-06,0.009792791002837475,1.958558200567495e-06,19192,3.8384,9,2.0,4238,762,1.5479018056711478,5762,10000,2.305843009213694e+18,"[[1933427113282973200, 1273492775044695229], [567420718719220919, 2291110579130834537], [1919842552580472723, 589921478534064354]]"
fixed,adversarial,10000,5000,2.0,1,10,0.34964566599956015,3.496456659995601e-05,1.4402123750005558,0.00028804247500011115,24717651,4943.5302,10000,2.0,1,4999,141.40721339450826,9999,10000,,
universal,adversarial,10000,5000,2.0,3,10,0.025671874998806743,2.5671874998806744e-06,0.009945958001480903,1.9891916002961807e-06,19623,3.9246,8,2.0,4366,634,1.3704014010500718,5634,10000,2.305843009213694e+18,"[[618696799174358726, 2029214271970554437], [1181946042011416434, 1971785935387254006], [855518877651879508, 78523067754061221]]"
fixed,adversarial,10000,5000,2.0,1,11,0.39455316699968535,3.945531669996854e-05,1.4089767089972156,0.00028179534179944313,25101968,5020.3936,10000,2.0,1,4999,141.40721339450826,9999,10000,,
universal,adversarial,10000,5000,2.0,3,11,0.02536070799760637,2.536070799760637e-06,0.009571832997607999,1.9143665995216e-06,18758,3.7516,7,2.0,4452,548,1.2804686642007292,5548,10000,2.305843009213694e+18,"[[1967359095987829717, 498185230560009946], [1157680175712590001, 1113020793331031894], [1655376568515428791, 831730782862272696]]"
fixed,adversarial,10000,5000,2.0,1,12,0.3417297919986595,3.417297919986595e-05,1.4285877920010535,0.0002857175584002107,24764253,4952.8506,10000,2.0,1,4999,141.40721339450826,9999,10000,,
universal,adversarial,10000,5000,2.0,3,12,0.02479808299904107,2.479808299904107e-06,0.009678417001850903,1.935683400370181e-06,17847,3.5694,7,2.0,4543,457,1.1918053532351665,5457,10000,2.305843009213694e+18,"[[2258536001366688123, 1012121370449003109], [686970057059376321, 2051824648104402063], [1124175962628406669, 504983195232581899]]"
fixed,adversarial,10000,5000,2.0,1,13,0.34205495799687924,3.420549579968792e-05,1.422885584001051,0.0002845771168002102,24695031,4939.0062,10000,2.0,1,4999,141.40721339450826,9999,10000,,
universal,adversarial,10000,5000,2.0,3,13,0.024902666002162732,2.4902666002162734e-06,0.009651583000959363,1.9303166001918725e-06,17857,3.5714,6,2.0,4526,474,1.2074767078498865,5474,10000,2.305843009213694e+18,"[[2277903568736387890, 452514279465990313], [2303280692498563247, 697951185415921787], [183691764838410618, 423743168849403417]]"
fixed,adversarial,10000,5000,2.0,1,14,0.34387683300155913,3.438768330015591e-05,1.468214500000613,0.0002936429000001226,25343526,5068.7052,10000,2.0,1,4999,141.40721339450826,9999,10000,,
universal,adversarial,10000,5000,2.0,3,14,0.025121457998466212,2.512145799846621e-06,0.00966162500117207,1.932325000234414e-06,18043,3.6086,7,2.0,4474,526,1.2593649193144931,5526,10000,2.305843009213694e+18,"[[1956076132499880650, 26508845497723367], [1505952038662606745, 694384076709536977], [1251442079079685814, 2146666122401106131]]"
fixed,adversarial,10000,5000,2.0,1,15,0.34459208300177124,3.4459208300177125e-05,1.472726583997428,0.0002945453167994856,25202685,5040.537,10000,2.0,1,4999,141.40721339450826,9999,10000,,
universal,adversarial,10000,5000,2.0,3,15,0.024901291999412933,2.490129199941293e-06,0.009696625002106884,1.9393250004213767e-06,21164,4.2328,8,2.0,4368,632,1.3856406460551018,5632,10000,2.305843009213694e+18,"[[847978861133403702, 1395714462194184430], [518482636670340538, 740682746084312398], [1100716632290196263, 2269261073193213249]]"
fixed,adversarial,10000,5000,2.0,1,16,0.3426787909993436,3.4267879099934364e-05,1.4380377499983297,0.00028760754999966593,24851031,4970.2062,10000,2.0,1,4999,141.40721339450826,9999,10000,,
universal,adversarial,10000,5000,2.0,3,16,0.024988832999952137,2.4988832999952137e-06,0.009685624998382991,1.9371249996765983e-06,18828,3.7656,7,2.0,4454,546,1.2771844032871682,5546,10000,2.305843009213694e+18,"[[454612962106966139, 1702438209959121919], [2265420330264173236, 463866247378689703], [443667755326800348, 934787930118675060]]"
fixed,adversarial,10000,5000,2.0,1,17,0.3436449590008124,3.436449590008124e-05,1.4970906249982363,0.00029941812499964727,25060643,5012.1286,10000,2.0,1,4999,141.40721339450826,9999,10000,,
universal,adversarial,10000,5000,2.0,3,17,0.024943458000052487,2.4943458000052487e-06,0.009560374997818144,1.9120749995636288e-06,18039,3.6078,7,2.0,4512,488,1.2004998958767135,5488,10000,2.305843009213694e+18,"[[195095767942445094, 1500048066919629750], [1059562453095694534, 313986444720046481], [691564608163384468, 53651072377497930]]"
fixed,adversarial,10000,5000,2.0,1,18,0.3429246250016149,3.429246250016149e-05,1.457288375000644,0.00029145767500012883,25195517,5039.1034,10000,2.0,1,4999,141.40721339450826,9999,10000,,
universal,adversarial,10000,5000,2.0,3,18,0.02516220899997279,2.516220899997279e-06,0.009832125000684755,1.966425000136951e-06,22013,4.4026,9,2.0,4228,772,1.6,5772,10000,2.305843009213694e+18,"[[653524007492807808, 355415340864572460], [529539352426941228, 1114891161808553618], [2041277660056489008, 2248875904457507991]]"
fixed,adversarial,10000,5000,2.0,1,19,0.34274691700193216,3.4274691700193214e-05,1.4201660409999022,0.0002840332081999804,25249053,5049.8106,10000,2.0,1,4999,141.40721339450826,9999,10000,,
universal,adversarial,10000,5000,2.0,3,19,0.02552879200084135,2.552879200084135e-06,0.009826541998336324,1.9653083996672647e-06,21704,4.3408,14,2.0,4096,904,2.113575170179665,5904,10000,2.305843009213694e+18,"[[418983635330710152, 499844581152741729], [2091481658804620576, 676363097439722673], [1853845312400714918, 63921434307813850]]"
fixed,adversarial,10000,5000,2.0,1,20,0.34213420800006134,3.4213420800006134e-05,1.4179778340003395,0.0002835955668000679,24620279,4924.0558,10000,2.0,1,4999,141.40721339450826,9999,10000,,
universal,adversarial,10000,5000,2.0,3,20,0.025252415998693323,2.525241599869332e-06,0.009792958000616636,1.9585916001233274e-06,18295,3.659,8,2.0,4392,608,1.3231779925618472,5608,10000,2.305843009213694e+18,"[[1326467972949138173, 150235521510768009], [1878749678761878296, 2057856258604839518], [714528426559143356, 1546845777023972402]]"
fixed,adversarial,10000,5000,2.0,1,21,0.3438765840000997,3.438765840000997e-05,1.4762235839989444,0.00029524471679978886,25141648,5028.3296,10000,2.0,1,4999,141.40721339450826,9999,10000,,
universal,adversarial,10000,5000,2.0,3,21,0.02453533300285926,2.453533300285926e-06,0.009599709002941381,1.9199418005882763e-06,17594,3.5188,6,2.0,4508,492,1.206482490548454,5492,10000,2.305843009213694e+18,"[[1024322815512585445, 2145571529822921201], [583220317473756343, 1521440433806999588], [891688296819238137, 181082232511610579]]"
fixed,adversarial,10000,5000,2.0,1,22,0.34492800000225543,3.4492800000225544e-05,1.4911883329987177,0.00029823766659974353,25162588,5032.5176,10000,2.0,1,4999,141.40721339450826,9999,10000,,
universal,adversarial,10000,5000,2.0,3,22,0.02579666699966765,2.579666699966765e-06,0.009866083000815706,1.973216600163141e-06,18584,3.7168,7,2.0,4475,525,1.2534751692793917,5525,10000,2.305843009213694e+18,"[[287886780813115929, 1413457234261051687], [1236295213923302512, 1583790892526252416], [469264712334336849, 619461346342472605]]"
fixed,adversarial,10000,5000,2.0,1,23,0.3443130409978039,3.4431304099780394e-05,1.3946040840019123,0.0002789208168003825,24862582,4972.5164,10000,2.0,1,4999,141.40721339450826,9999,10000,,
universal,adversarial,10000,5000,2.0,3,23,0.025229957998817554,2.5229957998817553e-06,0.009689874998002779,1.9379749996005556e-06,19071,3.8142,8,2.0,4307,693,1.3859292911256331,5693,10000,2.305843009213694e+18,"[[666030003530279332, 1185754838603315180], [507164280403988863, 1057119984642882112], [1021713661893975990, 2137083730657759889]]"
fixed,adversarial,10000,5000,2.0,1,24,0.3427592080006434,3.427592080006434e-05,1.470060542000283,0.0002940121084000566,24821022,4964.2044,10000,2.0,1,4999,141.40721339450826,9999,10000,,
universal,adversarial,10000,5000,2.0,3,24,0.025215082998329308,2.5215082998329308e-06,0.009864374998869607,1.9728749997739215e-06,20092,4.0184,11,2.0,4085,915,1.8035520508152794,5915,10000,2.305843009213694e+18,"[[719391770955253926, 2130106160647316609], [1814591772010625413, 678012837864961736], [2256121436648175771, 1806161501175307684]]"
fixed,adversarial,10000,5000,2.0,1,25,0.3445367919994169,3.445367919994169e-05,1.4554440840001917,0.0002910888168000383,25117102,5023.4204,10000,2.0,1,4999,141.40721339450826,9999,10000,,
universal,adversarial,10000,5000,2.0,3,25,0.024660040999151533,2.4660040999151534e-06,0.009484375001193257,1.8968750002386515e-06,17929,3.5858,8,2.0,4515,485,1.2155657119218195,5485,10000,2.305843009213694e+18,"[[267692963849940753, 941673545738002381], [1078297968137412989, 615313745506248579], [1375102846946731697, 1124764272089465404]]"
fixed,adversarial,10000,5000,2.0,1,26,0.34428345800188254,3.442834580018825e-05,1.46079170899975,0.00029215834179995,25253982,5050.7964,10000,2.0,1,4999,141.40721339450826,9999,10000,,
universal,adversarial,10000,5000,2.0,3,26,0.02514583399897674,2.514583399897674e-06,0.009779750002053333,1.955950000410667e-06,20268,4.0536,9,2.0,4318,682,1.4615060725156088,5682,10000,2.305843009213694e+18,"[[1075367493781816306, 1590101887495472611], [1902892487837865007, 1154722482783782897], [1398969667391390162, 561164263128564704]]"
fixed,adversarial,10000,5000,2.0,1,27,0.34360137499970733,3.4360137499970736e-05,1.4697937080018164,0.0002939587416003633,25155403,5031.0806,10000,2.0,1,4999,141.40721339450826,9999,10000,,
universal,adversarial,10000,5000,2.0,3,27,0.024862583999492927,2.4862583999492925e-06,0.009788708997803042,1.9577417995606084e-06,18942,3.7884,7,2.0,4471,529,1.2642784503423286,5529,10000,2.305843009213694e+18,"[[86018572855962195, 1847883699258444581], [153743650771889609, 794633789185287595], [2121092647333014343, 2013162642849706046]]"
fixed,adversarial,10000,5000,2.0,1,28,0.3441834170007496,3.441834170007496e-05,1.4575149589982175,0.0002915029917996435,25157767,5031.5534,10000,2.0,1,4999,141.40721339450826,9999,10000,,
universal,adversarial,10000,5000,2.0,3,28,0.025091791998420376,2.5091791998420377e-06,0.009786874998098938,1.9573749996197877e-06,19348,3.8696,10,2.0,4373,627,1.3704014010500718,5627,10000,2.305843009213694e+18,"[[273089160051860230, 1621121173616640907], [1037773347474994553, 742865219208374151], [246540013351488701, 1890370731478794172]]"
fixed,adversarial,10000,5000,2.0,1,29,0.3451237500012212,3.451237500012212e-05,1.4428333750001912,0.0002885666750000382,24803583,4960.7166,10000,2.0,1,4999,141.40721339450826,9999,10000,,
universal,adversarial,10000,5000,2.0,3,29,0.02510062499641208,2.510062499641208e-06,0.009785791997273918,1.9571583994547835e-06,18341,3.6682,7,2.0,4421,579,1.3085870242364472,5579,10000,2.305843009213694e+18,"[[1172432318357405658, 1841538480035479711], [610889197299678937, 356910957590253921], [1744744512350649053, 459482189801702091]]"
fixed,near_duplicate,10000,5000,2.0,1,0,0.0067499169999791775,6.749916999979177e-07,0.0033073330014303792,6.614666002860759e-07,5000,1.0,1,0.2,1000,4000,0.4,0,1000,,
universal,near_duplicate,10000,5000,2.0,3,0,0.01723679100177833,1.723679100177833e-06,0.00865745900227921,1.7314918004558422e-06,6169,1.2338,3,0.2,929,4071,0.43451121964800865,71,1000,2.305843009213694e+18,"[[256711980439665054, 1709899044117486289], [564682175042572888, 321752549611034334], [236337776990707882, 1707863537360842093]]"
fixed,near_duplicate,10000,5000,2.0,1,1,0.006726292001985712,6.726292001985712e-07,0.0032861250001587905,6.572250000317581e-07,5000,1.0,1,0.2,1000,4000,0.4,0,1000,,
universal,near_duplicate,10000,5000,2.0,3,1,0.017320708000625018,1.7320708000625018e-06,0.008714333001989871,1.7428666003979742e-06,6075,1.215,3,0.2,937,4063,0.43081318457076034,63,1000,2.305843009213694e+18,"[[659665203979258006, 1758630025113616856], [2212240429613108902, 852878681887507335], [1610489816920689347, 222016741360720591]]"
fixed,near_duplicate,10000,5000,2.0,1,2,0.006811625000409549,6.81162500040955e-07,0.0032574590004514903,6.514918000902981e-07,5000,1.0,1,0.2,1000,4000,0.4,0,1000,,
universal,near_duplicate,10000,5000,2.0,3,2,0.01720233300147811,1.720233300147811e-06,0.008636416001536418,1.7272832003072837e-06,6024,1.2048,3,0.2,943,4057,0.428485705712571,57,1000,2.305843009213694e+18,"[[1199085610155232937, 1617812241682181496], [268989063807004320, 875226211544593835], [667698580330647039, 518091674429352682]]"
fixed,near_duplicate,10000,5000,2.0,1,3,0.006731207999109756,6.731207999109756e-07,0.003354208001837833,6.708416003675666e-07,5000,1.0,1,0.2,1000,4000,0.4,0,1000,,
universal,near_duplicate,10000,5000,2.0,3,3,0.017541459001222393,1.7541459001222393e-06,0.008871791000274243,1.7743582000548487e-06,8690,1.738,5,0.2,795,4205,0.5249761899362675,205,1000,2.305843009213694e+18,"[[963130306873368709, 594124941275654819], [699113413627218811, 49790444920847614], [1116618126344352917, 264798812748597129]]"
fixed,near_duplicate,10000,5000,2.0,1,4,0.006787000002077548,6.787000002077548e-07,0.0037381250003818423,7.476250000763685e-07,5000,1.0,1,0.2,1000,4000,0.4,0,1000,,
universal,near_duplicate,10000,5000,2.0,3,4,0.017548542000440648,1.7548542000440648e-06,0.011280041999270907,2.2560083998541812e-06,6048,1.2096,3,0.2,921,4079,0.4395452195167182,79,1000,2.305843009213694e+18,"[[176127807941085543, 92145436972157049], [1353304280071655414, 2046636642761636536], [1463118878522575776, 350413271360474182]]"
fixed,near_duplicate,10000,5000,2.0,1,5,0.006778833998396294,6.778833998396294e-07,0.004390750000311527,8.781500000623055e-07,5000,1.0,1,0.1998,999,4001,0.3998499218456845,0,999,,
universal,near_duplicate,10000,5000,2.0,3,5,0.018296375001227716,1.8296375001227716e-06,0.01057583399961004,2.115166799922008e-06,5998,1.1996,3,0.1998,933,4067,0.43298956107509107,66,999,2.305843009213694e+18,"[[144173240364996770, 1276607102766329742], [1316153465216681486, 593588258721341972], [891339916669062610, 1419387771326649839]]"
fixed,near_duplicate,10000,5000,2.0,1,6,0.006798791997425724,6.798791997425724e-07,0.0034909999994852114,6.981999998970422e-07,5000,1.0,1,0.2,1000,4000,0.4,0,1000,,
universal,near_duplicate,10000,5000,2.0,3,6,0.01796995800032164,1.7969958000321639e-06,0.008878749998984858,1.7757499997969716e-06,6685,1.337,3,0.2,884,4116,0.4578209256903839,116,1000,2.305843009213694e+18,"[[727386515324539458, 1284136067485901726], [1233138577490571038, 1828907452299493987], [1165171476919621068, 1646066583754636611]]"
fixed,near_duplicate,10000,5000,2.0,1,7,0.006818041998485569,6.818041998485569e-07,0.0033398750019841827,6.679750003968366e-07,5000,1.0,1,0.2,1000,4000,0.4,0,1000,,
universal,near_duplicate,10000,5000,2.0,3,7,0.017639624998992076,1.7639624998992076e-06,0.008728332999453414,1.7456665998906828e-06,5924,1.1848,3,0.2,928,4072,0.4349712634186309,72,1000,2.305843009213694e+18,"[[793970665397899006, 2152094108188559335], [745929175751854539, 1278256298576207987], [1862522474300937406, 1567653588555493210]]"
fixed,near_duplicate,10000,5000,2.0,1,8,0.0067917499982286245,6.791749998228625e-07,0.003326750000269385,6.65350000053877e-07,5000,1.0,1,0.2,1000,4000,0.4,0,1000,,
universal,near_duplicate,10000,5000,2.0,3,8,0.01804729200011934,1.8047292000119342e-06,0.009098416001506848,1.8196832003013696e-06,8253,1.6506,4,0.2,877,4123,0.466476151587624,123,1000,2.305843009213694e+18,"[[1973099216186019426, 839551891445904909], [2054075847285760178, 1596895736779450158], [1768356806526079850, 761040643918656312]]"
fixed,near_duplicate,10000,5000,2.0,1,9,0.006772415999876102,6.772415999876102e-07,0.003280500000983011,6.561000001966022e-07,5000,1.0,1,0.2,1000,4000,0.4,0,1000,,
universal,near_duplicate,10000,5000,2.0,3,9,0.017642082999373088,1.7642082999373088e-06,0.008793500001047505,1.758700000209501e-06,6053,1.2106,2,0.2,927,4073,0.4349712634186309,73,1000,2.305843009213694e+18,"[[1933427113282973200, 1273492775044695229], [567420718719220919, 2291110579130834537], [1919842552580472723, 589921478534064354]]"
fixed,near_duplicate,10000,5000,2.0,1,10,0.006763999997929204,6.763999997929205e-07,0.003342166997754248,6.684333995508496e-07,5000,1.0,1,0.2,1000,4000,0.4,0,1000,,
universal,near_duplicate,10000,5000,2.0,3,10,0.017400582997652236,1.7400582997652236e-06,0.008804583998426097,1.7609167996852194e-06,6045,1.209,3,0.2,931,4069,0.4340506882842141,69,1000,2.305843009213694e+18,"[[618696799174358726, 2029214271970554437], [1181946042011416434, 1971785935387254006], [855518877651879508, 78523067754061221]]"
fixed,near_duplicate,10000,5000,2.0,1,11,0.006775207999453414,6.775207999453414e-07,0.0033064169983845204,6.612833996769041e-07,5000,1.0,1,0.2,1000,4000,0.4,0,1000,,
universal,near_duplicate,10000,5000,2.0,3,11,0.01762629200311494,1.7626292003114942e-06,0.008613375001004897,1.7226750002009795e-06,6141,1.2282,3,0.2,914,4086,0.4427188724235731,86,1000,2.305843009213694e+18,"[[1967359095987829717, 498185230560009946], [1157680175712590001, 1113020793331031894], [1655376568515428791, 831730782862272696]]"
fixed,near_duplicate,10000,5000,2.0,1,12,0.006768958002794534,6.768958002794534e-07,0.00335787499716389,6.71574999432778e-07,5000,1.0,1,0.2,1000,4000,0.4,0,1000,,
universal,near_duplicate,10000,5000,2.0,3,12,0.017516708001494408,1.7516708001494408e-06,0.008722165999643039,1.7444331999286077e-06,6127,1.2254,3,0.2,931,4069,0.433589667773576,69,1000,2.305843009213694e+18,"[[2258536001366688123, 1012121370449003109], [686970057059376321, 2051824648104402063], [1124175962628406669, 504983195232581899]]"
fixed,near_duplicate,10000,5000,2.0,1,13,0.006756041999324225,6.756041999324225e-07,0.0032951670000329614,6.590334000065922e-07,5000,1.0,1,0.2,1000,4000,0.4,0,1000,,
universal,near_duplicate,10000,5000,2.0,3,13,0.017357875000016065,1.7357875000016065e-06,0.008732874997804174,1.7465749995608349e-06,6264,1.2528,3,0.2,913,4087,0.4422668877499196,87,1000,2.305843009213694e+18,"[[2277903568736387890, 452514279465990313], [2303280692498563247, 697951185415921787], [183691764838410618, 423743168849403417]]"
fixed,near_duplicate,10000,5000,2.0,1,14,0.006792708001739811,6.792708001739812e-07,0.0033540410004206933,6.708082000841386e-07,5000,1.0,1,0.2,1000,4000,0.4,0,1000,,
universal,near_duplicate,10000,5000,2.0,3,14,0.01782200000161538,1.782200000161538e-06,0.008685291999427136,1.7370583998854273e-06,6076,1.2152,3,0.2,920,4080,0.44,80,1000,2.305843009213694e+18,"[[1956076132499880650, 26508845497723367], [1505952038662606745, 694384076709536977], [1251442079079685814, 2146666122401106131]]"
fixed,near_duplicate,10000,5000,2.0,1,15,0.006749792002665345,6.749792002665344e-07,0.0033499999990453944,6.699999998090789e-07,5000,1.0,1,0.2,1000,4000,0.4,0,1000,,
universal,near_duplicate,10000,5000,2.0,3,15,0.01751995799713768,1.751995799713768e-06,0.008738583001104416,1.7477166002208832e-06,6690,1.338,3,0.2,912,4088,0.44452221541785736,88,1000,2.305843009213694e+18,"[[847978861133403702, 1395714462194184430], [518482636670340538, 740682746084312398], [1100716632290196263, 2269261073193213249]]"
fixed,near_duplicate,10000,5000,2.0,1,16,0.006717000000207918,6.717000000207918e-07,0.0032542919980187435,6.508583996037487e-07,5000,1.0,1,0.2,1000,4000,0.4,0,1000,,
universal,near_duplicate,10000,5000,2.0,3,16,0.017578125,1.7578125e-06,0.00876599999901373,1.753199999802746e-06,5912,1.1824,3,0.2,945,4055,0.4270831300812524,55,1000,2.305843009213694e+18,"[[454612962106966139, 1702438209959121919], [2265420330264173236, 463866247378689703], [443667755326800348, 934787930118675060]]"
fixed,near_duplicate,10000,5000,2.0,1,17,0.006799792001402238,6.799792001402239e-07,0.0033337079985358287,6.667415997071657e-07,5000,1.0,1,0.2,1000,4000,0.4,0,1000,,
universal,near_duplicate,10000,5000,2.0,3,17,0.017740708000928862,1.774070800092886e-06,0.008776709000812843,1.7553418001625687e-06,6001,1.2002,3,0.2,933,4067,0.43266615305567874,67,1000,2.305843009213694e+18,"[[195095767942445094, 1500048066919629750], [1059562453095694534, 313986444720046481], [691564608163384468, 53651072377497930]]"
fixed,near_duplicate,10000,5000,2.0,1,18,0.006737125000654487,6.737125000654487e-07,0.0033666249983070884,6.733249996614177e-07,5000,1.0,1,0.2,1000,4000,0.4,0,1000,,
universal,near_duplicate,10000,5000,2.0,3,18,0.01764329200159409,1.764329200159409e-06,0.00874462499996298,1.748924999992596e-06,6198,1.2396,3,0.2,911,4089,0.44452221541785736,89,1000,2.305843009213694e+18,"[[653524007492807808, 355415340864572460], [529539352426941228, 1114891161808553618], [2041277660056489008, 2248875904457507991]]"
fixed,near_duplicate,10000,5000,2.0,1,19,0.006759667001460912,6.759667001460911e-07,0.003430375003517838,6.860750007035676e-07,5000,1.0,1,0.2,1000,4000,0.4,0,1000,,
universal,near_duplicate,10000,5000,2.0,3,19,0.017874915996799245,1.7874915996799245e-06,0.00872966699898825,1.74593339979765e-06,6136,1.2272,3,0.2,919,4081,0.4404543109109048,81,1000,2.305843009213694e+18,"[[418983635330710152, 499844581152741729], [2091481658804620576, 676363097439722673], [1853845312400714918, 63921434307813850]]"
fixed,near_duplicate,10000,5000,2.0,1,20,0.006786082998587517,6.786082998587517e-07,0.0032927920001384337,6.585584000276868e-07,5000,1.0,1,0.2,1000,4000,0.4,0,1000,,
universal,near_duplicate,10000,5000,2.0,3,20,0.01766624999800115,1.7666249998001148e-06,0.008740332999877864,1.7480665999755729e-06,6545,1.309,4,0.2,848,4152,0.4874423042781576,152,1000,2.305843009213694e+18,"[[1326467972949138173, 150235521510768009], [1878749678761878296, 2057856258604839518], [714528426559143356, 1546845777023972402]]"
fixed,near_duplicate,10000,5000,2.0,1,21,0.006777875001716893,6.777875001716893e-07,0.0033193339986610226,6.638667997322046e-07,5000,1.0,1,0.2,1000,4000,0.4,0,1000,,
universal,near_duplicate,10000,5000,2.0,3,21,0.017687833002128173,1.7687833002128173e-06,0.008786709000560222,1.7573418001120444e-06,6319,1.2638,3,0.2,924,4076,0.4386342439892262,76,1000,2.305843009213694e+18,"[[1024322815512585445, 2145571529822921201], [583220317473756343, 1521440433806999588], [891688296819238137, 181082232511610579]]"
fixed,near_duplicate,10000,5000,2.0,1,22,0.006828790999861667,6.828790999861667e-07,0.003344791999552399,6.689583999104798e-07,5000,1.0,1,0.2,1000,4000,0.4,0,1000,,
universal,near_duplicate,10000,5000,2.0,3,22,0.01768883299882873,1.768883299882873e-06,0.008893333997548325,1.778666799509665e-06,6947,1.3894,4,0.2,879,4121,0.4634652090502587,121,1000,2.305843009213694e+18,"[[287886780813115929, 1413457234261051687], [1236295213923302512, 1583790892526252416], [469264712334336849, 619461346342472605]]"
fixed,near_duplicate,10000,5000,2.0,1,23,0.006742792000295594,6.742792000295594e-07,0.003337165999255376,6.674331998510752e-07,5000,1.0,1,0.2,1000,4000,0.4,0,1000,,
universal,near_duplicate,10000,5000,2.0,3,23,0.017784374998882413,1.7784374998882413e-06,0.008647082999232225,1.729416599846445e-06,6037,1.2074,3,0.2,922,4078,0.4381780460041329,78,1000,2.305843009213694e+18,"[[666030003530279332, 1185754838603315180], [507164280403988863, 1057119984642882112], [1021713661893975990, 2137083730657759889]]"
fixed,near_duplicate,10000,5000,2.0,1,24,0.006774582998332335,6.774582998332335e-07,0.003355000000738073,6.710000001476147e-07,5000,1.0,1,0.2,1000,4000,0.4,0,1000,,
universal,near_duplicate,10000,5000,2.0,3,24,0.017649291999987327,1.7649291999987327e-06,0.00872325000091223,1.7446500001824461e-06,6098,1.2196,3,0.2,920,4080,0.4386342439892262,80,1000,2.305843009213694e+18,"[[719391770955253926, 2130106160647316609], [1814591772010625413, 678012837864961736], [2256121436648175771, 1806161501175307684]]"
fixed,near_duplicate,10000,5000,2.0,1,25,0.006813625001086621,6.81362500108662e-07,0.0032891250011743978,6.578250002348795e-07,5000,1.0,1,0.2,1000,4000,0.4,0,1000,,
universal,near_duplicate,10000,5000,2.0,3,25,0.017596417001186637,1.7596417001186637e-06,0.008686207998835016,1.7372415997670033e-06,5896,1.1792,3,0.2,942,4058,0.42941821107167777,58,1000,2.305843009213694e+18,"[[267692963849940753, 941673545738002381], [1078297968137412989, 615313745506248579], [1375102846946731697, 1124764272089465404]]"
fixed,near_duplicate,10000,5000,2.0,1,26,0.006707291002385318,6.707291002385319e-07,0.0033175839998875745,6.635167999775149e-07,5000,1.0,1,0.2,1000,4000,0.4,0,1000,,
universal,near_duplicate,10000,5000,2.0,3,26,0.017492625000159023,1.7492625000159022e-06,0.008885082999768201,1.7770165999536402e-06,6302,1.2604,3,0.2,891,4109,0.4538722287164087,109,1000,2.305843009213694e+18,"[[1075367493781816306, 1590101887495472611], [1902892487837865007, 1154722482783782897], [1398969667391390162, 561164263128564704]]"
fixed,near_duplicate,10000,5000,2.0,1,27,0.006817249999585329,6.817249999585329e-07,0.0033565000012458768,6.713000002491753e-07,5000,1.0,1,0.2,1000,4000,0.4,0,1000,,
universal,near_duplicate,10000,5000,2.0,3,27,0.01799837499856949,1.7998374998569488e-06,0.00877549999859184,1.755099999718368e-06,6594,1.3188,3,0.2,892,4108,0.452990066116245,108,1000,2.305843009213694e+18,"[[86018572855962195, 1847883699258444581], [153743650771889609, 794633789185287595], [2121092647333014343, 2013162642849706046]]"
fixed,near_duplicate,10000,5000,2.0,1,28,0.006751042001269525,6.751042001269524e-07,0.0033579170012671966,6.715834002534393e-07,5000,1.0,1,0.2,1000,4000,0.4,0,1000,,
universal,near_duplicate,10000,5000,2.0,3,28,0.017737999998644227,1.7737999998644227e-06,0.00880591700115474,1.7611834002309479e-06,6053,1.2106,3,0.2,927,4073,0.4354308211415448,73,1000,2.305843009213694e+18,"[[273089160051860230, 1621121173616640907], [1037773347474994553, 742865219208374151], [246540013351488701, 1890370731478794172]]"
fixed,near_duplicate,10000,5000,2.0,1,29,0.006818374997237697,6.818374997237697e-07,0.0033488750013930257,6.697750002786051e-07,5000,1.0,1,0.2,1000,4000,0.4,0,1000,,
universal,near_duplicate,10000,5000,2.0,3,29,0.017773415998817654,1.7773415998817655e-06,0.008761665998463286,1.7523331996926571e-06,6248,1.2496,3,0.2,915,4085,0.4409081537009721,85,1000,2.305843009213694e+18,"[[1172432318357405658, 1841538480035479711], [610889197299678937, 356910957590253921], [1744744512350649053, 459482189801702091]]"
